[?2026h[run] jevcode resuming 20260920-053858-sg4lrqn5 | step 0/– starting
[?25l────────────────────────────────────────────────────────────────────────────────────────────────────────────────────────














step 0/–  ⠋ starting
[?2026l[?2026h[2K[1A[2K[1A[2K[1A[2K[1A[2K[1A[2K[1A[2K[1A[2K[1A[2K[1A[2K[1A[2K[1A[2K[1A[2K[1A[2K[1A[2K[1A[2K[1A[2K[G[run] start 20260920-053858-sg4lrqn5 mode=jev-on resumed from step 2 task: Add a one-line docstring to every function in
 calc/core.py, then run the tests.
[run] ready 20260920-053858-sg4lrqn5 step 2/40 (resumed)
[run] resumed at step 3
────────────────────────────────────────────────────────────────────────────────────────────────────────────────────────














step 2/40  ⠋ starting
[?2026l[?2026h[2K[1A[2K[1A[2K[1A[2K[1A[2K[1A[2K[1A[2K[1A[2K[1A[2K[1A[2K[1A[2K[1A[2K[1A[2K[1A[2K[1A[2K[1A[2K[1A[2K[G────────────────────────────────────────────────────────────────────────────────────────────────────────────────────────














step 2/40  ⠙ starting
[?2026l[?2026h[2K[1A[2K[1A[2K[1A[2K[1A[2K[1A[2K[1A[2K[1A[2K[1A[2K[1A[2K[1A[2K[1A[2K[1A[2K[1A[2K[1A[2K[1A[2K[1A[2K[G────────────────────────────────────────────────────────────────────────────────────────────────────────────────────────














step 2/40  ⠹ starting
[?2026l[?2026h[2K[1A[2K[1A[2K[1A[2K[1A[2K[1A[2K[1A[2K[1A[2K[1A[2K[1A[2K[1A[2K[1A[2K[1A[2K[1A[2K[1A[2K[1A[2K[1A[2K[G[step 3] intent=investigate p=0.54 c=0.45 (jev answered edit)
────────────────────────────────────────────────────────────────────────────────────────────────────────────────────────


s3 intent intent choice=edit p=0.54 c=0.45 [fallback]
s3 intent can_investigate noul=0.22 p=0.22 c=0.56 derived
s3 intent can_edit noul=0.46 p=0.46 c=0.08 derived
s3 intent can_verify noul=0.44 p=0.44 c=0.12 derived
s3 intent can_fix_environment noul=0.03 p=0.03 c=0.94 derived
s3 intent can_finish noul=0.21 p=0.21 c=0.58 derived
s3 intent plan_still_valid noul=0.20 p=0.20 c=0.60 derived





step 2/40  ⠹ intent  wall 18m20s/30m  tokens gen 7.8k jev 18.5k  cost gen $0.024 jev $0.001 / cap $2.000
[?2026l[?2026h[2K[1A[2K[1A[2K[1A[2K[1A[2K[1A[2K[1A[2K[1A[2K[1A[2K[1A[2K[1A[2K[1A[2K[1A[2K[1A[2K[1A[2K[1A[2K[1A[2K[G────────────────────────────────────────────────────────────────────────────────────────────────────────────────────────


s3 intent intent choice=edit p=0.54 c=0.45 [fallback]
s3 intent can_investigate noul=0.22 p=0.22 c=0.56 derived
s3 intent can_edit noul=0.46 p=0.46 c=0.08 derived
s3 intent can_verify noul=0.44 p=0.44 c=0.12 derived
s3 intent can_fix_environment noul=0.03 p=0.03 c=0.94 derived
s3 intent can_finish noul=0.21 p=0.21 c=0.58 derived
s3 intent plan_still_valid noul=0.20 p=0.20 c=0.60 derived





step 2/40  ⠸ intent  wall 18m20s/30m  tokens gen 7.8k jev 18.5k  cost gen $0.024 jev $0.001 / cap $2.000
[?2026l[?2026h[2K[1A[2K[1A[2K[1A[2K[1A[2K[1A[2K[1A[2K[1A[2K[1A[2K[1A[2K[1A[2K[1A[2K[1A[2K[1A[2K[1A[2K[1A[2K[1A[2K[G────────────────────────────────────────────────────────────────────────────────────────────────────────────────────────


s3 intent intent choice=edit p=0.54 c=0.45 [fallback]
s3 intent can_investigate noul=0.22 p=0.22 c=0.56 derived
s3 intent can_edit noul=0.46 p=0.46 c=0.08 derived
s3 intent can_verify noul=0.44 p=0.44 c=0.12 derived
s3 intent can_fix_environment noul=0.03 p=0.03 c=0.94 derived
s3 intent can_finish noul=0.21 p=0.21 c=0.58 derived
s3 intent plan_still_valid noul=0.20 p=0.20 c=0.60 derived





step 2/40  ⠼ intent  wall 18m20s/30m  tokens gen 7.8k jev 18.5k  cost gen $0.024 jev $0.001 / cap $2.000
[?2026l[?2026h[2K[1A[2K[1A[2K[1A[2K[1A[2K[1A[2K[1A[2K[1A[2K[1A[2K[1A[2K[1A[2K[1A[2K[1A[2K[1A[2K[1A[2K[1A[2K[1A[2K[G────────────────────────────────────────────────────────────────────────────────────────────────────────────────────────


s3 intent intent choice=edit p=0.54 c=0.45 [fallback]
s3 intent can_investigate noul=0.22 p=0.22 c=0.56 derived
s3 intent can_edit noul=0.46 p=0.46 c=0.08 derived
s3 intent can_verify noul=0.44 p=0.44 c=0.12 derived
s3 intent can_fix_environment noul=0.03 p=0.03 c=0.94 derived
s3 intent can_finish noul=0.21 p=0.21 c=0.58 derived
s3 intent plan_still_valid noul=0.20 p=0.20 c=0.60 derived





step 2/40  ⠴ intent  wall 18m20s/30m  tokens gen 7.8k jev 18.5k  cost gen $0.024 jev $0.001 / cap $2.000
[?2026l[?2026h[2K[1A[2K[1A[2K[1A[2K[1A[2K[1A[2K[1A[2K[1A[2K[1A[2K[1A[2K[1A[2K[1A[2K[1A[2K[1A[2K[1A[2K[1A[2K[1A[2K[G────────────────────────────────────────────────────────────────────────────────────────────────────────────────────────


s3 intent can_verify noul=0.44 p=0.44 c=0.12 derived
s3 intent can_fix_environment noul=0.03 p=0.03 c=0.94 derived
s3 intent can_finish noul=0.21 p=0.21 c=0.58 derived
s3 intent plan_still_valid noul=0.20 p=0.20 c=0.60 derived
s3 context show:calc/core.py noul=0.85 p=0.85 c=0.70 derived
s3 context show:calc/__init__.py noul=0.07 p=0.07 c=0.86 derived
s3 context show:hypothesis/__init__.py noul=0.04 p=0.04 c=0.92 derived
s3 context show:hypothesis/strategies.py noul=0.04 p=0.04 c=0.92 derived
s3 context show:notes.txt noul=0.08 p=0.08 c=0.84 derived
s3 context show:pytest.ini noul=0.09 p=0.09 c=0.82 derived
s3 context show:README.md noul=0.04 p=0.04 c=0.92 derived
s3 context show:tests/test_core.py noul=0.39 p=0.39 c=0.22 derived
step 2/40  ⠴ intent  wall 18m20s/30m  tokens gen 7.8k jev 18.5k  cost gen $0.024 jev $0.001 / cap $2.000
[?2026l[?2026h[2K[1A[2K[1A[2K[1A[2K[1A[2K[1A[2K[1A[2K[1A[2K[1A[2K[1A[2K[1A[2K[1A[2K[1A[2K[1A[2K[1A[2K[1A[2K[1A[2K[G[step 3] context 1 files 1.1kB of 8 candidates: calc/core.py
────────────────────────────────────────────────────────────────────────────────────────────────────────────────────────


s3 intent can_verify noul=0.44 p=0.44 c=0.12 derived
s3 intent can_fix_environment noul=0.03 p=0.03 c=0.94 derived
s3 intent can_finish noul=0.21 p=0.21 c=0.58 derived
s3 intent plan_still_valid noul=0.20 p=0.20 c=0.60 derived
s3 context show:calc/core.py noul=0.85 p=0.85 c=0.70 derived
s3 context show:calc/__init__.py noul=0.07 p=0.07 c=0.86 derived
s3 context show:hypothesis/__init__.py noul=0.04 p=0.04 c=0.92 derived
s3 context show:hypothesis/strategies.py noul=0.04 p=0.04 c=0.92 derived
s3 context show:notes.txt noul=0.08 p=0.08 c=0.84 derived
s3 context show:pytest.ini noul=0.09 p=0.09 c=0.82 derived
s3 context show:README.md noul=0.04 p=0.04 c=0.92 derived
s3 context show:tests/test_core.py noul=0.39 p=0.39 c=0.22 derived
step 2/40  ⠴ context  wall 18m21s/30m  tokens gen 7.8k jev 20.6k  cost gen $0.024 jev $0.001 / cap $2.000
[?2026l[?2026h[2K[1A[2K[1A[2K[1A[2K[1A[2K[1A[2K[1A[2K[1A[2K[1A[2K[1A[2K[1A[2K[1A[2K[1A[2K[1A[2K[1A[2K[1A[2K[1A[2K[G────────────────────────────────────────────────────────────────────────────────────────────────────────────────────────


s3 intent can_verify noul=0.44 p=0.44 c=0.12 derived
s3 intent can_fix_environment noul=0.03 p=0.03 c=0.94 derived
s3 intent can_finish noul=0.21 p=0.21 c=0.58 derived
s3 intent plan_still_valid noul=0.20 p=0.20 c=0.60 derived
s3 context show:calc/core.py noul=0.85 p=0.85 c=0.70 derived
s3 context show:calc/__init__.py noul=0.07 p=0.07 c=0.86 derived
s3 context show:hypothesis/__init__.py noul=0.04 p=0.04 c=0.92 derived
s3 context show:hypothesis/strategies.py noul=0.04 p=0.04 c=0.92 derived
s3 context show:notes.txt noul=0.08 p=0.08 c=0.84 derived
s3 context show:pytest.ini noul=0.09 p=0.09 c=0.82 derived
s3 context show:README.md noul=0.04 p=0.04 c=0.92 derived
s3 context show:tests/test_core.py noul=0.39 p=0.39 c=0.22 derived
step 2/40  ⠦ context  wall 18m21s/30m  tokens gen 7.8k jev 20.6k  cost gen $0.024 jev $0.001 / cap $2.000
[?2026l[?2026h[2K[1A[2K[1A[2K[1A[2K[1A[2K[1A[2K[1A[2K[1A[2K[1A[2K[1A[2K[1A[2K[1A[2K[1A[2K[1A[2K[1A[2K[1A[2K[1A[2K[G────────────────────────────────────────────────────────────────────────────────────────────────────────────────────────


s3 intent can_verify noul=0.44 p=0.44 c=0.12 derived
s3 intent can_fix_environment noul=0.03 p=0.03 c=0.94 derived
s3 intent can_finish noul=0.21 p=0.21 c=0.58 derived
s3 intent plan_still_valid noul=0.20 p=0.20 c=0.60 derived
s3 context show:calc/core.py noul=0.85 p=0.85 c=0.70 derived
s3 context show:calc/__init__.py noul=0.07 p=0.07 c=0.86 derived
s3 context show:hypothesis/__init__.py noul=0.04 p=0.04 c=0.92 derived
s3 context show:hypothesis/strategies.py noul=0.04 p=0.04 c=0.92 derived
s3 context show:notes.txt noul=0.08 p=0.08 c=0.84 derived
s3 context show:pytest.ini noul=0.09 p=0.09 c=0.82 derived
s3 context show:README.md noul=0.04 p=0.04 c=0.92 derived
s3 context show:tests/test_core.py noul=0.39 p=0.39 c=0.22 derived
step 2/40  ⠧ context  wall 18m21s/30m  tokens gen 7.8k jev 20.6k  cost gen $0.024 jev $0.001 / cap $2.000
[?2026l[?2026h[2K[1A[2K[1A[2K[1A[2K[1A[2K[1A[2K[1A[2K[1A[2K[1A[2K[1A[2K[1A[2K[1A[2K[1A[2K[1A[2K[1A[2K[1A[2K[1A[2K[G────────────────────────────────────────────────────────────────────────────────────────────────────────────────────────


s3 intent can_verify noul=0.44 p=0.44 c=0.12 derived
s3 intent can_fix_environment noul=0.03 p=0.03 c=0.94 derived
s3 intent can_finish noul=0.21 p=0.21 c=0.58 derived
s3 intent plan_still_valid noul=0.20 p=0.20 c=0.60 derived
s3 context show:calc/core.py noul=0.85 p=0.85 c=0.70 derived
s3 context show:calc/__init__.py noul=0.07 p=0.07 c=0.86 derived
s3 context show:hypothesis/__init__.py noul=0.04 p=0.04 c=0.92 derived
s3 context show:hypothesis/strategies.py noul=0.04 p=0.04 c=0.92 derived
s3 context show:notes.txt noul=0.08 p=0.08 c=0.84 derived
s3 context show:pytest.ini noul=0.09 p=0.09 c=0.82 derived
s3 context show:README.md noul=0.04 p=0.04 c=0.92 derived
s3 context show:tests/test_core.py noul=0.39 p=0.39 c=0.22 derived
step 2/40  ⠇ context  wall 18m21s/30m  tokens gen 7.8k jev 20.6k  cost gen $0.024 jev $0.001 / cap $2.000
[?2026l[?2026h[2K[1A[2K[1A[2K[1A[2K[1A[2K[1A[2K[1A[2K[1A[2K[1A[2K[1A[2K[1A[2K[1A[2K[1A[2K[1A[2K[1A[2K[1A[2K[1A[2K[G────────────────────────────────────────────────────────────────────────────────────────────────────────────────────────


s3 intent can_verify noul=0.44 p=0.44 c=0.12 derived
s3 intent can_fix_environment noul=0.03 p=0.03 c=0.94 derived
s3 intent can_finish noul=0.21 p=0.21 c=0.58 derived
s3 intent plan_still_valid noul=0.20 p=0.20 c=0.60 derived
s3 context show:calc/core.py noul=0.85 p=0.85 c=0.70 derived
s3 context show:calc/__init__.py noul=0.07 p=0.07 c=0.86 derived
s3 context show:hypothesis/__init__.py noul=0.04 p=0.04 c=0.92 derived
s3 context show:hypothesis/strategies.py noul=0.04 p=0.04 c=0.92 derived
s3 context show:notes.txt noul=0.08 p=0.08 c=0.84 derived
s3 context show:pytest.ini noul=0.09 p=0.09 c=0.82 derived
s3 context show:README.md noul=0.04 p=0.04 c=0.92 derived
s3 context show:tests/test_core.py noul=0.39 p=0.39 c=0.22 derived
step 2/40  ⠏ context  wall 18m21s/30m  tokens gen 7.8k jev 20.6k  cost gen $0.024 jev $0.001 / cap $2.000
[?2026l[?2026h[2K[1A[2K[1A[2K[1A[2K[1A[2K[1A[2K[1A[2K[1A[2K[1A[2K[1A[2K[1A[2K[1A[2K[1A[2K[1A[2K[1A[2K[1A[2K[1A[2K[G────────────────────────────────────────────────────────────────────────────────────────────────────────────────────────


s3 intent can_verify noul=0.44 p=0.44 c=0.12 derived
s3 intent can_fix_environment noul=0.03 p=0.03 c=0.94 derived
s3 intent can_finish noul=0.21 p=0.21 c=0.58 derived
s3 intent plan_still_valid noul=0.20 p=0.20 c=0.60 derived
s3 context show:calc/core.py noul=0.85 p=0.85 c=0.70 derived
s3 context show:calc/__init__.py noul=0.07 p=0.07 c=0.86 derived
s3 context show:hypothesis/__init__.py noul=0.04 p=0.04 c=0.92 derived
s3 context show:hypothesis/strategies.py noul=0.04 p=0.04 c=0.92 derived
s3 context show:notes.txt noul=0.08 p=0.08 c=0.84 derived
s3 context show:pytest.ini noul=0.09 p=0.09 c=0.82 derived
s3 context show:README.md noul=0.04 p=0.04 c=0.92 derived
s3 context show:tests/test_core.py noul=0.39 p=0.39 c=0.22 derived
step 2/40  ⠋ context  wall 18m21s/30m  tokens gen 7.8k jev 20.6k  cost gen $0.024 jev $0.001 / cap $2.000
[?2026l[?2026h[2K[1A[2K[1A[2K[1A[2K[1A[2K[1A[2K[1A[2K[1A[2K[1A[2K[1A[2K[1A[2K[1A[2K[1A[2K[1A[2K[1A[2K[1A[2K[1A[2K[G────────────────────────────────────────────────────────────────────────────────────────────────────────────────────────


s3 intent can_verify noul=0.44 p=0.44 c=0.12 derived
s3 intent can_fix_environment noul=0.03 p=0.03 c=0.94 derived
s3 intent can_finish noul=0.21 p=0.21 c=0.58 derived
s3 intent plan_still_valid noul=0.20 p=0.20 c=0.60 derived
s3 context show:calc/core.py noul=0.85 p=0.85 c=0.70 derived
s3 context show:calc/__init__.py noul=0.07 p=0.07 c=0.86 derived
s3 context show:hypothesis/__init__.py noul=0.04 p=0.04 c=0.92 derived
s3 context show:hypothesis/strategies.py noul=0.04 p=0.04 c=0.92 derived
s3 context show:notes.txt noul=0.08 p=0.08 c=0.84 derived
s3 context show:pytest.ini noul=0.09 p=0.09 c=0.82 derived
s3 context show:README.md noul=0.04 p=0.04 c=0.92 derived
s3 context show:tests/test_core.py noul=0.39 p=0.39 c=0.22 derived
step 2/40  ⠙ context  wall 18m21s/30m  tokens gen 7.8k jev 20.6k  cost gen $0.024 jev $0.001 / cap $2.000
[?2026l[?2026h[2K[1A[2K[1A[2K[1A[2K[1A[2K[1A[2K[1A[2K[1A[2K[1A[2K[1A[2K[1A[2K[1A[2K[1A[2K[1A[2K[1A[2K[1A[2K[1A[2K[G────────────────────────────────────────────────────────────────────────────────────────────────────────────────────────


s3 intent can_verify noul=0.44 p=0.44 c=0.12 derived
s3 intent can_fix_environment noul=0.03 p=0.03 c=0.94 derived
s3 intent can_finish noul=0.21 p=0.21 c=0.58 derived
s3 intent plan_still_valid noul=0.20 p=0.20 c=0.60 derived
s3 context show:calc/core.py noul=0.85 p=0.85 c=0.70 derived
s3 context show:calc/__init__.py noul=0.07 p=0.07 c=0.86 derived
s3 context show:hypothesis/__init__.py noul=0.04 p=0.04 c=0.92 derived
s3 context show:hypothesis/strategies.py noul=0.04 p=0.04 c=0.92 derived
s3 context show:notes.txt noul=0.08 p=0.08 c=0.84 derived
s3 context show:pytest.ini noul=0.09 p=0.09 c=0.82 derived
s3 context show:README.md noul=0.04 p=0.04 c=0.92 derived
s3 context show:tests/test_core.py noul=0.39 p=0.39 c=0.22 derived
step 2/40  ⠹ context  wall 18m21s/30m  tokens gen 7.8k jev 20.6k  cost gen $0.024 jev $0.001 / cap $2.000
[?2026l[?2026h[2K[1A[2K[1A[2K[1A[2K[1A[2K[1A[2K[1A[2K[1A[2K[1A[2K[1A[2K[1A[2K[1A[2K[1A[2K[1A[2K[1A[2K[1A[2K[1A[2K[G────────────────────────────────────────────────────────────────────────────────────────────────────────────────────────


s3 intent can_verify noul=0.44 p=0.44 c=0.12 derived
s3 intent can_fix_environment noul=0.03 p=0.03 c=0.94 derived
s3 intent can_finish noul=0.21 p=0.21 c=0.58 derived
s3 intent plan_still_valid noul=0.20 p=0.20 c=0.60 derived
s3 context show:calc/core.py noul=0.85 p=0.85 c=0.70 derived
s3 context show:calc/__init__.py noul=0.07 p=0.07 c=0.86 derived
s3 context show:hypothesis/__init__.py noul=0.04 p=0.04 c=0.92 derived
s3 context show:hypothesis/strategies.py noul=0.04 p=0.04 c=0.92 derived
s3 context show:notes.txt noul=0.08 p=0.08 c=0.84 derived
s3 context show:pytest.ini noul=0.09 p=0.09 c=0.82 derived
s3 context show:README.md noul=0.04 p=0.04 c=0.92 derived
s3 context show:tests/test_core.py noul=0.39 p=0.39 c=0.22 derived
step 2/40  ⠸ context  wall 18m21s/30m  tokens gen 7.8k jev 20.6k  cost gen $0.024 jev $0.001 / cap $2.000
[?2026l[?2026h[2K[1A[2K[1A[2K[1A[2K[1A[2K[1A[2K[1A[2K[1A[2K[1A[2K[1A[2K[1A[2K[1A[2K[1A[2K[1A[2K[1A[2K[1A[2K[1A[2K[G────────────────────────────────────────────────────────────────────────────────────────────────────────────────────────


s3 intent can_verify noul=0.44 p=0.44 c=0.12 derived
s3 intent can_fix_environment noul=0.03 p=0.03 c=0.94 derived
s3 intent can_finish noul=0.21 p=0.21 c=0.58 derived
s3 intent plan_still_valid noul=0.20 p=0.20 c=0.60 derived
s3 context show:calc/core.py noul=0.85 p=0.85 c=0.70 derived
s3 context show:calc/__init__.py noul=0.07 p=0.07 c=0.86 derived
s3 context show:hypothesis/__init__.py noul=0.04 p=0.04 c=0.92 derived
s3 context show:hypothesis/strategies.py noul=0.04 p=0.04 c=0.92 derived
s3 context show:notes.txt noul=0.08 p=0.08 c=0.84 derived
s3 context show:pytest.ini noul=0.09 p=0.09 c=0.82 derived
s3 context show:README.md noul=0.04 p=0.04 c=0.92 derived
s3 context show:tests/test_core.py noul=0.39 p=0.39 c=0.22 derived
step 2/40  ⠼ context  wall 18m21s/30m  tokens gen 7.8k jev 20.6k  cost gen $0.024 jev $0.001 / cap $2.000
[?2026l[?2026h[2K[1A[2K[1A[2K[1A[2K[1A[2K[1A[2K[1A[2K[1A[2K[1A[2K[1A[2K[1A[2K[1A[2K[1A[2K[1A[2K[1A[2K[1A[2K[1A[2K[G────────────────────────────────────────────────────────────────────────────────────────────────────────────────────────


s3 intent can_verify noul=0.44 p=0.44 c=0.12 derived
s3 intent can_fix_environment noul=0.03 p=0.03 c=0.94 derived
s3 intent can_finish noul=0.21 p=0.21 c=0.58 derived
s3 intent plan_still_valid noul=0.20 p=0.20 c=0.60 derived
s3 context show:calc/core.py noul=0.85 p=0.85 c=0.70 derived
s3 context show:calc/__init__.py noul=0.07 p=0.07 c=0.86 derived
s3 context show:hypothesis/__init__.py noul=0.04 p=0.04 c=0.92 derived
s3 context show:hypothesis/strategies.py noul=0.04 p=0.04 c=0.92 derived
s3 context show:notes.txt noul=0.08 p=0.08 c=0.84 derived
s3 context show:pytest.ini noul=0.09 p=0.09 c=0.82 derived
s3 context show:README.md noul=0.04 p=0.04 c=0.92 derived
s3 context show:tests/test_core.py noul=0.39 p=0.39 c=0.22 derived
step 2/40  ⠴ context  wall 18m21s/30m  tokens gen 7.8k jev 20.6k  cost gen $0.024 jev $0.001 / cap $2.000
[?2026l[?2026h[2K[1A[2K[1A[2K[1A[2K[1A[2K[1A[2K[1A[2K[1A[2K[1A[2K[1A[2K[1A[2K[1A[2K[1A[2K[1A[2K[1A[2K[1A[2K[1A[2K[G────────────────────────────────────────────────────────────────────────────────────────────────────────────────────────


s3 intent can_verify noul=0.44 p=0.44 c=0.12 derived
s3 intent can_fix_environment noul=0.03 p=0.03 c=0.94 derived
s3 intent can_finish noul=0.21 p=0.21 c=0.58 derived
s3 intent plan_still_valid noul=0.20 p=0.20 c=0.60 derived
s3 context show:calc/core.py noul=0.85 p=0.85 c=0.70 derived
s3 context show:calc/__init__.py noul=0.07 p=0.07 c=0.86 derived
s3 context show:hypothesis/__init__.py noul=0.04 p=0.04 c=0.92 derived
s3 context show:hypothesis/strategies.py noul=0.04 p=0.04 c=0.92 derived
s3 context show:notes.txt noul=0.08 p=0.08 c=0.84 derived
s3 context show:pytest.ini noul=0.09 p=0.09 c=0.82 derived
s3 context show:README.md noul=0.04 p=0.04 c=0.92 derived
s3 context show:tests/test_core.py noul=0.39 p=0.39 c=0.22 derived
step 2/40  ⠦ context  wall 18m21s/30m  tokens gen 7.8k jev 20.6k  cost gen $0.024 jev $0.001 / cap $2.000
[?2026l[?2026h[2K[1A[2K[1A[2K[1A[2K[1A[2K[1A[2K[1A[2K[1A[2K[1A[2K[1A[2K[1A[2K[1A[2K[1A[2K[1A[2K[1A[2K[1A[2K[1A[2K[G────────────────────────────────────────────────────────────────────────────────────────────────────────────────────────


s3 intent can_verify noul=0.44 p=0.44 c=0.12 derived
s3 intent can_fix_environment noul=0.03 p=0.03 c=0.94 derived
s3 intent can_finish noul=0.21 p=0.21 c=0.58 derived
s3 intent plan_still_valid noul=0.20 p=0.20 c=0.60 derived
s3 context show:calc/core.py noul=0.85 p=0.85 c=0.70 derived
s3 context show:calc/__init__.py noul=0.07 p=0.07 c=0.86 derived
s3 context show:hypothesis/__init__.py noul=0.04 p=0.04 c=0.92 derived
s3 context show:hypothesis/strategies.py noul=0.04 p=0.04 c=0.92 derived
s3 context show:notes.txt noul=0.08 p=0.08 c=0.84 derived
s3 context show:pytest.ini noul=0.09 p=0.09 c=0.82 derived
s3 context show:README.md noul=0.04 p=0.04 c=0.92 derived
s3 context show:tests/test_core.py noul=0.39 p=0.39 c=0.22 derived
step 2/40  ⠧ context  wall 18m21s/30m  tokens gen 7.8k jev 20.6k  cost gen $0.024 jev $0.001 / cap $2.000
[?2026l[?2026h[2K[1A[2K[1A[2K[1A[2K[1A[2K[1A[2K[1A[2K[1A[2K[1A[2K[1A[2K[1A[2K[1A[2K[1A[2K[1A[2K[1A[2K[1A[2K[1A[2K[G────────────────────────────────────────────────────────────────────────────────────────────────────────────────────────


s3 intent can_verify noul=0.44 p=0.44 c=0.12 derived
s3 intent can_fix_environment noul=0.03 p=0.03 c=0.94 derived
s3 intent can_finish noul=0.21 p=0.21 c=0.58 derived
s3 intent plan_still_valid noul=0.20 p=0.20 c=0.60 derived
s3 context show:calc/core.py noul=0.85 p=0.85 c=0.70 derived
s3 context show:calc/__init__.py noul=0.07 p=0.07 c=0.86 derived
s3 context show:hypothesis/__init__.py noul=0.04 p=0.04 c=0.92 derived
s3 context show:hypothesis/strategies.py noul=0.04 p=0.04 c=0.92 derived
s3 context show:notes.txt noul=0.08 p=0.08 c=0.84 derived
s3 context show:pytest.ini noul=0.09 p=0.09 c=0.82 derived
s3 context show:README.md noul=0.04 p=0.04 c=0.92 derived
s3 context show:tests/test_core.py noul=0.39 p=0.39 c=0.22 derived
step 2/40  ⠇ context  wall 18m21s/30m  tokens gen 7.8k jev 20.6k  cost gen $0.024 jev $0.001 / cap $2.000
[?2026l[?2026h[2K[1A[2K[1A[2K[1A[2K[1A[2K[1A[2K[1A[2K[1A[2K[1A[2K[1A[2K[1A[2K[1A[2K[1A[2K[1A[2K[1A[2K[1A[2K[1A[2K[G────────────────────────────────────────────────────────────────────────────────────────────────────────────────────────
streaming action… 118 chars

s3 intent can_verify noul=0.44 p=0.44 c=0.12 derived
s3 intent can_fix_environment noul=0.03 p=0.03 c=0.94 derived
s3 intent can_finish noul=0.21 p=0.21 c=0.58 derived
s3 intent plan_still_valid noul=0.20 p=0.20 c=0.60 derived
s3 context show:calc/core.py noul=0.85 p=0.85 c=0.70 derived
s3 context show:calc/__init__.py noul=0.07 p=0.07 c=0.86 derived
s3 context show:hypothesis/__init__.py noul=0.04 p=0.04 c=0.92 derived
s3 context show:hypothesis/strategies.py noul=0.04 p=0.04 c=0.92 derived
s3 context show:notes.txt noul=0.08 p=0.08 c=0.84 derived
s3 context show:pytest.ini noul=0.09 p=0.09 c=0.82 derived
s3 context show:README.md noul=0.04 p=0.04 c=0.92 derived
s3 context show:tests/test_core.py noul=0.39 p=0.39 c=0.22 derived
step 2/40  ⠇ context  wall 18m21s/30m  tokens gen 7.8k jev 20.6k  cost gen $0.024 jev $0.001 / cap $2.000
[?2026l[?2026h[2K[1A[2K[1A[2K[1A[2K[1A[2K[1A[2K[1A[2K[1A[2K[1A[2K[1A[2K[1A[2K[1A[2K[1A[2K[1A[2K[1A[2K[1A[2K[1A[2K[G────────────────────────────────────────────────────────────────────────────────────────────────────────────────────────
streaming action… 137 chars

s3 intent can_verify noul=0.44 p=0.44 c=0.12 derived
s3 intent can_fix_environment noul=0.03 p=0.03 c=0.94 derived
s3 intent can_finish noul=0.21 p=0.21 c=0.58 derived
s3 intent plan_still_valid noul=0.20 p=0.20 c=0.60 derived
s3 context show:calc/core.py noul=0.85 p=0.85 c=0.70 derived
s3 context show:calc/__init__.py noul=0.07 p=0.07 c=0.86 derived
s3 context show:hypothesis/__init__.py noul=0.04 p=0.04 c=0.92 derived
s3 context show:hypothesis/strategies.py noul=0.04 p=0.04 c=0.92 derived
s3 context show:notes.txt noul=0.08 p=0.08 c=0.84 derived
s3 context show:pytest.ini noul=0.09 p=0.09 c=0.82 derived
s3 context show:README.md noul=0.04 p=0.04 c=0.92 derived
s3 context show:tests/test_core.py noul=0.39 p=0.39 c=0.22 derived
step 2/40  ⠇ context  wall 18m21s/30m  tokens gen 7.8k jev 20.6k  cost gen $0.024 jev $0.001 / cap $2.000
[?2026l[?2026h[2K[1A[2K[1A[2K[1A[2K[1A[2K[1A[2K[1A[2K[1A[2K[1A[2K[1A[2K[1A[2K[1A[2K[1A[2K[1A[2K[1A[2K[1A[2K[1A[2K[G────────────────────────────────────────────────────────────────────────────────────────────────────────────────────────
streaming action… 137 chars

s3 intent can_verify noul=0.44 p=0.44 c=0.12 derived
s3 intent can_fix_environment noul=0.03 p=0.03 c=0.94 derived
s3 intent can_finish noul=0.21 p=0.21 c=0.58 derived
s3 intent plan_still_valid noul=0.20 p=0.20 c=0.60 derived
s3 context show:calc/core.py noul=0.85 p=0.85 c=0.70 derived
s3 context show:calc/__init__.py noul=0.07 p=0.07 c=0.86 derived
s3 context show:hypothesis/__init__.py noul=0.04 p=0.04 c=0.92 derived
s3 context show:hypothesis/strategies.py noul=0.04 p=0.04 c=0.92 derived
s3 context show:notes.txt noul=0.08 p=0.08 c=0.84 derived
s3 context show:pytest.ini noul=0.09 p=0.09 c=0.82 derived
s3 context show:README.md noul=0.04 p=0.04 c=0.92 derived
s3 context show:tests/test_core.py noul=0.39 p=0.39 c=0.22 derived
step 2/40  ⠏ context  wall 18m21s/30m  tokens gen 7.8k jev 20.6k  cost gen $0.024 jev $0.001 / cap $2.000
[?2026l[?2026h[2K[1A[2K[1A[2K[1A[2K[1A[2K[1A[2K[1A[2K[1A[2K[1A[2K[1A[2K[1A[2K[1A[2K[1A[2K[1A[2K[1A[2K[1A[2K[1A[2K[G────────────────────────────────────────────────────────────────────────────────────────────────────────────────────────
streaming action… 160 chars

s3 intent can_verify noul=0.44 p=0.44 c=0.12 derived
s3 intent can_fix_environment noul=0.03 p=0.03 c=0.94 derived
s3 intent can_finish noul=0.21 p=0.21 c=0.58 derived
s3 intent plan_still_valid noul=0.20 p=0.20 c=0.60 derived
s3 context show:calc/core.py noul=0.85 p=0.85 c=0.70 derived
s3 context show:calc/__init__.py noul=0.07 p=0.07 c=0.86 derived
s3 context show:hypothesis/__init__.py noul=0.04 p=0.04 c=0.92 derived
s3 context show:hypothesis/strategies.py noul=0.04 p=0.04 c=0.92 derived
s3 context show:notes.txt noul=0.08 p=0.08 c=0.84 derived
s3 context show:pytest.ini noul=0.09 p=0.09 c=0.82 derived
s3 context show:README.md noul=0.04 p=0.04 c=0.92 derived
s3 context show:tests/test_core.py noul=0.39 p=0.39 c=0.22 derived
step 2/40  ⠏ context  wall 18m21s/30m  tokens gen 7.8k jev 20.6k  cost gen $0.024 jev $0.001 / cap $2.000
[?2026l[?2026h[2K[1A[2K[1A[2K[1A[2K[1A[2K[1A[2K[1A[2K[1A[2K[1A[2K[1A[2K[1A[2K[1A[2K[1A[2K[1A[2K[1A[2K[1A[2K[1A[2K[G────────────────────────────────────────────────────────────────────────────────────────────────────────────────────────
streaming action… 160 chars

s3 intent can_verify noul=0.44 p=0.44 c=0.12 derived
s3 intent can_fix_environment noul=0.03 p=0.03 c=0.94 derived
s3 intent can_finish noul=0.21 p=0.21 c=0.58 derived
s3 intent plan_still_valid noul=0.20 p=0.20 c=0.60 derived
s3 context show:calc/core.py noul=0.85 p=0.85 c=0.70 derived
s3 context show:calc/__init__.py noul=0.07 p=0.07 c=0.86 derived
s3 context show:hypothesis/__init__.py noul=0.04 p=0.04 c=0.92 derived
s3 context show:hypothesis/strategies.py noul=0.04 p=0.04 c=0.92 derived
s3 context show:notes.txt noul=0.08 p=0.08 c=0.84 derived
s3 context show:pytest.ini noul=0.09 p=0.09 c=0.82 derived
s3 context show:README.md noul=0.04 p=0.04 c=0.92 derived
s3 context show:tests/test_core.py noul=0.39 p=0.39 c=0.22 derived
step 2/40  ⠋ context  wall 18m21s/30m  tokens gen 7.8k jev 20.6k  cost gen $0.024 jev $0.001 / cap $2.000
[?2026l[?2026h[2K[1A[2K[1A[2K[1A[2K[1A[2K[1A[2K[1A[2K[1A[2K[1A[2K[1A[2K[1A[2K[1A[2K[1A[2K[1A[2K[1A[2K[1A[2K[1A[2K[G────────────────────────────────────────────────────────────────────────────────────────────────────────────────────────
streaming action… 176 chars

s3 intent can_verify noul=0.44 p=0.44 c=0.12 derived
s3 intent can_fix_environment noul=0.03 p=0.03 c=0.94 derived
s3 intent can_finish noul=0.21 p=0.21 c=0.58 derived
s3 intent plan_still_valid noul=0.20 p=0.20 c=0.60 derived
s3 context show:calc/core.py noul=0.85 p=0.85 c=0.70 derived
s3 context show:calc/__init__.py noul=0.07 p=0.07 c=0.86 derived
s3 context show:hypothesis/__init__.py noul=0.04 p=0.04 c=0.92 derived
s3 context show:hypothesis/strategies.py noul=0.04 p=0.04 c=0.92 derived
s3 context show:notes.txt noul=0.08 p=0.08 c=0.84 derived
s3 context show:pytest.ini noul=0.09 p=0.09 c=0.82 derived
s3 context show:README.md noul=0.04 p=0.04 c=0.92 derived
s3 context show:tests/test_core.py noul=0.39 p=0.39 c=0.22 derived
step 2/40  ⠋ context  wall 18m21s/30m  tokens gen 7.8k jev 20.6k  cost gen $0.024 jev $0.001 / cap $2.000
[?2026l[?2026h[2K[1A[2K[1A[2K[1A[2K[1A[2K[1A[2K[1A[2K[1A[2K[1A[2K[1A[2K[1A[2K[1A[2K[1A[2K[1A[2K[1A[2K[1A[2K[1A[2K[G────────────────────────────────────────────────────────────────────────────────────────────────────────────────────────
streaming action… 176 chars

s3 intent can_verify noul=0.44 p=0.44 c=0.12 derived
s3 intent can_fix_environment noul=0.03 p=0.03 c=0.94 derived
s3 intent can_finish noul=0.21 p=0.21 c=0.58 derived
s3 intent plan_still_valid noul=0.20 p=0.20 c=0.60 derived
s3 context show:calc/core.py noul=0.85 p=0.85 c=0.70 derived
s3 context show:calc/__init__.py noul=0.07 p=0.07 c=0.86 derived
s3 context show:hypothesis/__init__.py noul=0.04 p=0.04 c=0.92 derived
s3 context show:hypothesis/strategies.py noul=0.04 p=0.04 c=0.92 derived
s3 context show:notes.txt noul=0.08 p=0.08 c=0.84 derived
s3 context show:pytest.ini noul=0.09 p=0.09 c=0.82 derived
s3 context show:README.md noul=0.04 p=0.04 c=0.92 derived
s3 context show:tests/test_core.py noul=0.39 p=0.39 c=0.22 derived
step 2/40  ⠙ context  wall 18m21s/30m  tokens gen 7.8k jev 20.6k  cost gen $0.024 jev $0.001 / cap $2.000
[?2026l[?2026h[2K[1A[2K[1A[2K[1A[2K[1A[2K[1A[2K[1A[2K[1A[2K[1A[2K[1A[2K[1A[2K[1A[2K[1A[2K[1A[2K[1A[2K[1A[2K[1A[2K[G────────────────────────────────────────────────────────────────────────────────────────────────────────────────────────
streaming action… 186 chars

s3 intent can_verify noul=0.44 p=0.44 c=0.12 derived
s3 intent can_fix_environment noul=0.03 p=0.03 c=0.94 derived
s3 intent can_finish noul=0.21 p=0.21 c=0.58 derived
s3 intent plan_still_valid noul=0.20 p=0.20 c=0.60 derived
s3 context show:calc/core.py noul=0.85 p=0.85 c=0.70 derived
s3 context show:calc/__init__.py noul=0.07 p=0.07 c=0.86 derived
s3 context show:hypothesis/__init__.py noul=0.04 p=0.04 c=0.92 derived
s3 context show:hypothesis/strategies.py noul=0.04 p=0.04 c=0.92 derived
s3 context show:notes.txt noul=0.08 p=0.08 c=0.84 derived
s3 context show:pytest.ini noul=0.09 p=0.09 c=0.82 derived
s3 context show:README.md noul=0.04 p=0.04 c=0.92 derived
s3 context show:tests/test_core.py noul=0.39 p=0.39 c=0.22 derived
step 2/40  ⠙ context  wall 18m21s/30m  tokens gen 7.8k jev 20.6k  cost gen $0.024 jev $0.001 / cap $2.000
[?2026l[?2026h[2K[1A[2K[1A[2K[1A[2K[1A[2K[1A[2K[1A[2K[1A[2K[1A[2K[1A[2K[1A[2K[1A[2K[1A[2K[1A[2K[1A[2K[1A[2K[1A[2K[G────────────────────────────────────────────────────────────────────────────────────────────────────────────────────────
streaming action… 186 chars

s3 intent can_verify noul=0.44 p=0.44 c=0.12 derived
s3 intent can_fix_environment noul=0.03 p=0.03 c=0.94 derived
s3 intent can_finish noul=0.21 p=0.21 c=0.58 derived
s3 intent plan_still_valid noul=0.20 p=0.20 c=0.60 derived
s3 context show:calc/core.py noul=0.85 p=0.85 c=0.70 derived
s3 context show:calc/__init__.py noul=0.07 p=0.07 c=0.86 derived
s3 context show:hypothesis/__init__.py noul=0.04 p=0.04 c=0.92 derived
s3 context show:hypothesis/strategies.py noul=0.04 p=0.04 c=0.92 derived
s3 context show:notes.txt noul=0.08 p=0.08 c=0.84 derived
s3 context show:pytest.ini noul=0.09 p=0.09 c=0.82 derived
s3 context show:README.md noul=0.04 p=0.04 c=0.92 derived
s3 context show:tests/test_core.py noul=0.39 p=0.39 c=0.22 derived
step 2/40  ⠹ context  wall 18m21s/30m  tokens gen 7.8k jev 20.6k  cost gen $0.024 jev $0.001 / cap $2.000
[?2026l[?2026h[2K[1A[2K[1A[2K[1A[2K[1A[2K[1A[2K[1A[2K[1A[2K[1A[2K[1A[2K[1A[2K[1A[2K[1A[2K[1A[2K[1A[2K[1A[2K[1A[2K[G────────────────────────────────────────────────────────────────────────────────────────────────────────────────────────
streaming action… 209 chars

s3 intent can_verify noul=0.44 p=0.44 c=0.12 derived
s3 intent can_fix_environment noul=0.03 p=0.03 c=0.94 derived
s3 intent can_finish noul=0.21 p=0.21 c=0.58 derived
s3 intent plan_still_valid noul=0.20 p=0.20 c=0.60 derived
s3 context show:calc/core.py noul=0.85 p=0.85 c=0.70 derived
s3 context show:calc/__init__.py noul=0.07 p=0.07 c=0.86 derived
s3 context show:hypothesis/__init__.py noul=0.04 p=0.04 c=0.92 derived
s3 context show:hypothesis/strategies.py noul=0.04 p=0.04 c=0.92 derived
s3 context show:notes.txt noul=0.08 p=0.08 c=0.84 derived
s3 context show:pytest.ini noul=0.09 p=0.09 c=0.82 derived
s3 context show:README.md noul=0.04 p=0.04 c=0.92 derived
s3 context show:tests/test_core.py noul=0.39 p=0.39 c=0.22 derived
step 2/40  ⠹ context  wall 18m21s/30m  tokens gen 7.8k jev 20.6k  cost gen $0.024 jev $0.001 / cap $2.000
[?2026l[?2026h[2K[1A[2K[1A[2K[1A[2K[1A[2K[1A[2K[1A[2K[1A[2K[1A[2K[1A[2K[1A[2K[1A[2K[1A[2K[1A[2K[1A[2K[1A[2K[1A[2K[G────────────────────────────────────────────────────────────────────────────────────────────────────────────────────────
streaming action… 229 chars

s3 intent can_verify noul=0.44 p=0.44 c=0.12 derived
s3 intent can_fix_environment noul=0.03 p=0.03 c=0.94 derived
s3 intent can_finish noul=0.21 p=0.21 c=0.58 derived
s3 intent plan_still_valid noul=0.20 p=0.20 c=0.60 derived
s3 context show:calc/core.py noul=0.85 p=0.85 c=0.70 derived
s3 context show:calc/__init__.py noul=0.07 p=0.07 c=0.86 derived
s3 context show:hypothesis/__init__.py noul=0.04 p=0.04 c=0.92 derived
s3 context show:hypothesis/strategies.py noul=0.04 p=0.04 c=0.92 derived
s3 context show:notes.txt noul=0.08 p=0.08 c=0.84 derived
s3 context show:pytest.ini noul=0.09 p=0.09 c=0.82 derived
s3 context show:README.md noul=0.04 p=0.04 c=0.92 derived
s3 context show:tests/test_core.py noul=0.39 p=0.39 c=0.22 derived
step 2/40  ⠹ context  wall 18m21s/30m  tokens gen 7.8k jev 20.6k  cost gen $0.024 jev $0.001 / cap $2.000
[?2026l[?2026h[2K[1A[2K[1A[2K[1A[2K[1A[2K[1A[2K[1A[2K[1A[2K[1A[2K[1A[2K[1A[2K[1A[2K[1A[2K[1A[2K[1A[2K[1A[2K[1A[2K[G────────────────────────────────────────────────────────────────────────────────────────────────────────────────────────
streaming action… 229 chars

s3 intent can_verify noul=0.44 p=0.44 c=0.12 derived
s3 intent can_fix_environment noul=0.03 p=0.03 c=0.94 derived
s3 intent can_finish noul=0.21 p=0.21 c=0.58 derived
s3 intent plan_still_valid noul=0.20 p=0.20 c=0.60 derived
s3 context show:calc/core.py noul=0.85 p=0.85 c=0.70 derived
s3 context show:calc/__init__.py noul=0.07 p=0.07 c=0.86 derived
s3 context show:hypothesis/__init__.py noul=0.04 p=0.04 c=0.92 derived
s3 context show:hypothesis/strategies.py noul=0.04 p=0.04 c=0.92 derived
s3 context show:notes.txt noul=0.08 p=0.08 c=0.84 derived
s3 context show:pytest.ini noul=0.09 p=0.09 c=0.82 derived
s3 context show:README.md noul=0.04 p=0.04 c=0.92 derived
s3 context show:tests/test_core.py noul=0.39 p=0.39 c=0.22 derived
step 2/40  ⠸ context  wall 18m21s/30m  tokens gen 7.8k jev 20.6k  cost gen $0.024 jev $0.001 / cap $2.000
[?2026l[?2026h[2K[1A[2K[1A[2K[1A[2K[1A[2K[1A[2K[1A[2K[1A[2K[1A[2K[1A[2K[1A[2K[1A[2K[1A[2K[1A[2K[1A[2K[1A[2K[1A[2K[G────────────────────────────────────────────────────────────────────────────────────────────────────────────────────────
streaming action… 248 chars

s3 intent can_verify noul=0.44 p=0.44 c=0.12 derived
s3 intent can_fix_environment noul=0.03 p=0.03 c=0.94 derived
s3 intent can_finish noul=0.21 p=0.21 c=0.58 derived
s3 intent plan_still_valid noul=0.20 p=0.20 c=0.60 derived
s3 context show:calc/core.py noul=0.85 p=0.85 c=0.70 derived
s3 context show:calc/__init__.py noul=0.07 p=0.07 c=0.86 derived
s3 context show:hypothesis/__init__.py noul=0.04 p=0.04 c=0.92 derived
s3 context show:hypothesis/strategies.py noul=0.04 p=0.04 c=0.92 derived
s3 context show:notes.txt noul=0.08 p=0.08 c=0.84 derived
s3 context show:pytest.ini noul=0.09 p=0.09 c=0.82 derived
s3 context show:README.md noul=0.04 p=0.04 c=0.92 derived
s3 context show:tests/test_core.py noul=0.39 p=0.39 c=0.22 derived
step 2/40  ⠸ context  wall 18m21s/30m  tokens gen 7.8k jev 20.6k  cost gen $0.024 jev $0.001 / cap $2.000
[?2026l[?2026h[2K[1A[2K[1A[2K[1A[2K[1A[2K[1A[2K[1A[2K[1A[2K[1A[2K[1A[2K[1A[2K[1A[2K[1A[2K[1A[2K[1A[2K[1A[2K[1A[2K[G────────────────────────────────────────────────────────────────────────────────────────────────────────────────────────
streaming action… 248 chars

s3 intent can_verify noul=0.44 p=0.44 c=0.12 derived
s3 intent can_fix_environment noul=0.03 p=0.03 c=0.94 derived
s3 intent can_finish noul=0.21 p=0.21 c=0.58 derived
s3 intent plan_still_valid noul=0.20 p=0.20 c=0.60 derived
s3 context show:calc/core.py noul=0.85 p=0.85 c=0.70 derived
s3 context show:calc/__init__.py noul=0.07 p=0.07 c=0.86 derived
s3 context show:hypothesis/__init__.py noul=0.04 p=0.04 c=0.92 derived
s3 context show:hypothesis/strategies.py noul=0.04 p=0.04 c=0.92 derived
s3 context show:notes.txt noul=0.08 p=0.08 c=0.84 derived
s3 context show:pytest.ini noul=0.09 p=0.09 c=0.82 derived
s3 context show:README.md noul=0.04 p=0.04 c=0.92 derived
s3 context show:tests/test_core.py noul=0.39 p=0.39 c=0.22 derived
step 2/40  ⠼ context  wall 18m21s/30m  tokens gen 7.8k jev 20.6k  cost gen $0.024 jev $0.001 / cap $2.000
[?2026l[?2026h[2K[1A[2K[1A[2K[1A[2K[1A[2K[1A[2K[1A[2K[1A[2K[1A[2K[1A[2K[1A[2K[1A[2K[1A[2K[1A[2K[1A[2K[1A[2K[1A[2K[G────────────────────────────────────────────────────────────────────────────────────────────────────────────────────────
streaming action… 299 chars

s3 intent can_verify noul=0.44 p=0.44 c=0.12 derived
s3 intent can_fix_environment noul=0.03 p=0.03 c=0.94 derived
s3 intent can_finish noul=0.21 p=0.21 c=0.58 derived
s3 intent plan_still_valid noul=0.20 p=0.20 c=0.60 derived
s3 context show:calc/core.py noul=0.85 p=0.85 c=0.70 derived
s3 context show:calc/__init__.py noul=0.07 p=0.07 c=0.86 derived
s3 context show:hypothesis/__init__.py noul=0.04 p=0.04 c=0.92 derived
s3 context show:hypothesis/strategies.py noul=0.04 p=0.04 c=0.92 derived
s3 context show:notes.txt noul=0.08 p=0.08 c=0.84 derived
s3 context show:pytest.ini noul=0.09 p=0.09 c=0.82 derived
s3 context show:README.md noul=0.04 p=0.04 c=0.92 derived
s3 context show:tests/test_core.py noul=0.39 p=0.39 c=0.22 derived
step 2/40  ⠼ context  wall 18m21s/30m  tokens gen 7.8k jev 20.6k  cost gen $0.024 jev $0.001 / cap $2.000
[?2026l[?2026h[2K[1A[2K[1A[2K[1A[2K[1A[2K[1A[2K[1A[2K[1A[2K[1A[2K[1A[2K[1A[2K[1A[2K[1A[2K[1A[2K[1A[2K[1A[2K[1A[2K[G────────────────────────────────────────────────────────────────────────────────────────────────────────────────────────
streaming action… 299 chars

s3 intent can_verify noul=0.44 p=0.44 c=0.12 derived
s3 intent can_fix_environment noul=0.03 p=0.03 c=0.94 derived
s3 intent can_finish noul=0.21 p=0.21 c=0.58 derived
s3 intent plan_still_valid noul=0.20 p=0.20 c=0.60 derived
s3 context show:calc/core.py noul=0.85 p=0.85 c=0.70 derived
s3 context show:calc/__init__.py noul=0.07 p=0.07 c=0.86 derived
s3 context show:hypothesis/__init__.py noul=0.04 p=0.04 c=0.92 derived
s3 context show:hypothesis/strategies.py noul=0.04 p=0.04 c=0.92 derived
s3 context show:notes.txt noul=0.08 p=0.08 c=0.84 derived
s3 context show:pytest.ini noul=0.09 p=0.09 c=0.82 derived
s3 context show:README.md noul=0.04 p=0.04 c=0.92 derived
s3 context show:tests/test_core.py noul=0.39 p=0.39 c=0.22 derived
step 2/40  ⠴ context  wall 18m21s/30m  tokens gen 7.8k jev 20.6k  cost gen $0.024 jev $0.001 / cap $2.000
[?2026l[?2026h[2K[1A[2K[1A[2K[1A[2K[1A[2K[1A[2K[1A[2K[1A[2K[1A[2K[1A[2K[1A[2K[1A[2K[1A[2K[1A[2K[1A[2K[1A[2K[1A[2K[G────────────────────────────────────────────────────────────────────────────────────────────────────────────────────────
streaming action… 327 chars

s3 intent can_verify noul=0.44 p=0.44 c=0.12 derived
s3 intent can_fix_environment noul=0.03 p=0.03 c=0.94 derived
s3 intent can_finish noul=0.21 p=0.21 c=0.58 derived
s3 intent plan_still_valid noul=0.20 p=0.20 c=0.60 derived
s3 context show:calc/core.py noul=0.85 p=0.85 c=0.70 derived
s3 context show:calc/__init__.py noul=0.07 p=0.07 c=0.86 derived
s3 context show:hypothesis/__init__.py noul=0.04 p=0.04 c=0.92 derived
s3 context show:hypothesis/strategies.py noul=0.04 p=0.04 c=0.92 derived
s3 context show:notes.txt noul=0.08 p=0.08 c=0.84 derived
s3 context show:pytest.ini noul=0.09 p=0.09 c=0.82 derived
s3 context show:README.md noul=0.04 p=0.04 c=0.92 derived
s3 context show:tests/test_core.py noul=0.39 p=0.39 c=0.22 derived
step 2/40  ⠴ context  wall 18m21s/30m  tokens gen 7.8k jev 20.6k  cost gen $0.024 jev $0.001 / cap $2.000
[?2026l[?2026h[2K[1A[2K[1A[2K[1A[2K[1A[2K[1A[2K[1A[2K[1A[2K[1A[2K[1A[2K[1A[2K[1A[2K[1A[2K[1A[2K[1A[2K[1A[2K[1A[2K[G────────────────────────────────────────────────────────────────────────────────────────────────────────────────────────
streaming action… 354 chars

s3 intent can_verify noul=0.44 p=0.44 c=0.12 derived
s3 intent can_fix_environment noul=0.03 p=0.03 c=0.94 derived
s3 intent can_finish noul=0.21 p=0.21 c=0.58 derived
s3 intent plan_still_valid noul=0.20 p=0.20 c=0.60 derived
s3 context show:calc/core.py noul=0.85 p=0.85 c=0.70 derived
s3 context show:calc/__init__.py noul=0.07 p=0.07 c=0.86 derived
s3 context show:hypothesis/__init__.py noul=0.04 p=0.04 c=0.92 derived
s3 context show:hypothesis/strategies.py noul=0.04 p=0.04 c=0.92 derived
s3 context show:notes.txt noul=0.08 p=0.08 c=0.84 derived
s3 context show:pytest.ini noul=0.09 p=0.09 c=0.82 derived
s3 context show:README.md noul=0.04 p=0.04 c=0.92 derived
s3 context show:tests/test_core.py noul=0.39 p=0.39 c=0.22 derived
step 2/40  ⠴ context  wall 18m21s/30m  tokens gen 7.8k jev 20.6k  cost gen $0.024 jev $0.001 / cap $2.000
[?2026l[?2026h[2K[1A[2K[1A[2K[1A[2K[1A[2K[1A[2K[1A[2K[1A[2K[1A[2K[1A[2K[1A[2K[1A[2K[1A[2K[1A[2K[1A[2K[1A[2K[1A[2K[G────────────────────────────────────────────────────────────────────────────────────────────────────────────────────────
streaming action… 354 chars

s3 intent can_verify noul=0.44 p=0.44 c=0.12 derived
s3 intent can_fix_environment noul=0.03 p=0.03 c=0.94 derived
s3 intent can_finish noul=0.21 p=0.21 c=0.58 derived
s3 intent plan_still_valid noul=0.20 p=0.20 c=0.60 derived
s3 context show:calc/core.py noul=0.85 p=0.85 c=0.70 derived
s3 context show:calc/__init__.py noul=0.07 p=0.07 c=0.86 derived
s3 context show:hypothesis/__init__.py noul=0.04 p=0.04 c=0.92 derived
s3 context show:hypothesis/strategies.py noul=0.04 p=0.04 c=0.92 derived
s3 context show:notes.txt noul=0.08 p=0.08 c=0.84 derived
s3 context show:pytest.ini noul=0.09 p=0.09 c=0.82 derived
s3 context show:README.md noul=0.04 p=0.04 c=0.92 derived
s3 context show:tests/test_core.py noul=0.39 p=0.39 c=0.22 derived
step 2/40  ⠦ context  wall 18m21s/30m  tokens gen 7.8k jev 20.6k  cost gen $0.024 jev $0.001 / cap $2.000
[?2026l[?2026h[2K[1A[2K[1A[2K[1A[2K[1A[2K[1A[2K[1A[2K[1A[2K[1A[2K[1A[2K[1A[2K[1A[2K[1A[2K[1A[2K[1A[2K[1A[2K[1A[2K[G────────────────────────────────────────────────────────────────────────────────────────────────────────────────────────
streaming action… 371 chars

s3 intent can_verify noul=0.44 p=0.44 c=0.12 derived
s3 intent can_fix_environment noul=0.03 p=0.03 c=0.94 derived
s3 intent can_finish noul=0.21 p=0.21 c=0.58 derived
s3 intent plan_still_valid noul=0.20 p=0.20 c=0.60 derived
s3 context show:calc/core.py noul=0.85 p=0.85 c=0.70 derived
s3 context show:calc/__init__.py noul=0.07 p=0.07 c=0.86 derived
s3 context show:hypothesis/__init__.py noul=0.04 p=0.04 c=0.92 derived
s3 context show:hypothesis/strategies.py noul=0.04 p=0.04 c=0.92 derived
s3 context show:notes.txt noul=0.08 p=0.08 c=0.84 derived
s3 context show:pytest.ini noul=0.09 p=0.09 c=0.82 derived
s3 context show:README.md noul=0.04 p=0.04 c=0.92 derived
s3 context show:tests/test_core.py noul=0.39 p=0.39 c=0.22 derived
step 2/40  ⠦ context  wall 18m21s/30m  tokens gen 7.8k jev 20.6k  cost gen $0.024 jev $0.001 / cap $2.000
[?2026l[?2026h[2K[1A[2K[1A[2K[1A[2K[1A[2K[1A[2K[1A[2K[1A[2K[1A[2K[1A[2K[1A[2K[1A[2K[1A[2K[1A[2K[1A[2K[1A[2K[1A[2K[G────────────────────────────────────────────────────────────────────────────────────────────────────────────────────────
streaming action… 371 chars

s3 intent can_verify noul=0.44 p=0.44 c=0.12 derived
s3 intent can_fix_environment noul=0.03 p=0.03 c=0.94 derived
s3 intent can_finish noul=0.21 p=0.21 c=0.58 derived
s3 intent plan_still_valid noul=0.20 p=0.20 c=0.60 derived
s3 context show:calc/core.py noul=0.85 p=0.85 c=0.70 derived
s3 context show:calc/__init__.py noul=0.07 p=0.07 c=0.86 derived
s3 context show:hypothesis/__init__.py noul=0.04 p=0.04 c=0.92 derived
s3 context show:hypothesis/strategies.py noul=0.04 p=0.04 c=0.92 derived
s3 context show:notes.txt noul=0.08 p=0.08 c=0.84 derived
s3 context show:pytest.ini noul=0.09 p=0.09 c=0.82 derived
s3 context show:README.md noul=0.04 p=0.04 c=0.92 derived
s3 context show:tests/test_core.py noul=0.39 p=0.39 c=0.22 derived
step 2/40  ⠧ context  wall 18m21s/30m  tokens gen 7.8k jev 20.6k  cost gen $0.024 jev $0.001 / cap $2.000
[?2026l[?2026h[2K[1A[2K[1A[2K[1A[2K[1A[2K[1A[2K[1A[2K[1A[2K[1A[2K[1A[2K[1A[2K[1A[2K[1A[2K[1A[2K[1A[2K[1A[2K[1A[2K[G────────────────────────────────────────────────────────────────────────────────────────────────────────────────────────
streaming action… 372 chars

s3 intent can_verify noul=0.44 p=0.44 c=0.12 derived
s3 intent can_fix_environment noul=0.03 p=0.03 c=0.94 derived
s3 intent can_finish noul=0.21 p=0.21 c=0.58 derived
s3 intent plan_still_valid noul=0.20 p=0.20 c=0.60 derived
s3 context show:calc/core.py noul=0.85 p=0.85 c=0.70 derived
s3 context show:calc/__init__.py noul=0.07 p=0.07 c=0.86 derived
s3 context show:hypothesis/__init__.py noul=0.04 p=0.04 c=0.92 derived
s3 context show:hypothesis/strategies.py noul=0.04 p=0.04 c=0.92 derived
s3 context show:notes.txt noul=0.08 p=0.08 c=0.84 derived
s3 context show:pytest.ini noul=0.09 p=0.09 c=0.82 derived
s3 context show:README.md noul=0.04 p=0.04 c=0.92 derived
s3 context show:tests/test_core.py noul=0.39 p=0.39 c=0.22 derived
step 2/40  ⠧ context  wall 18m21s/30m  tokens gen 7.8k jev 20.6k  cost gen $0.024 jev $0.001 / cap $2.000
[?2026l[?2026h[2K[1A[2K[1A[2K[1A[2K[1A[2K[1A[2K[1A[2K[1A[2K[1A[2K[1A[2K[1A[2K[1A[2K[1A[2K[1A[2K[1A[2K[1A[2K[1A[2K[G────────────────────────────────────────────────────────────────────────────────────────────────────────────────────────
streaming action… 372 chars

s3 intent can_verify noul=0.44 p=0.44 c=0.12 derived
s3 intent can_fix_environment noul=0.03 p=0.03 c=0.94 derived
s3 intent can_finish noul=0.21 p=0.21 c=0.58 derived
s3 intent plan_still_valid noul=0.20 p=0.20 c=0.60 derived
s3 context show:calc/core.py noul=0.85 p=0.85 c=0.70 derived
s3 context show:calc/__init__.py noul=0.07 p=0.07 c=0.86 derived
s3 context show:hypothesis/__init__.py noul=0.04 p=0.04 c=0.92 derived
s3 context show:hypothesis/strategies.py noul=0.04 p=0.04 c=0.92 derived
s3 context show:notes.txt noul=0.08 p=0.08 c=0.84 derived
s3 context show:pytest.ini noul=0.09 p=0.09 c=0.82 derived
s3 context show:README.md noul=0.04 p=0.04 c=0.92 derived
s3 context show:tests/test_core.py noul=0.39 p=0.39 c=0.22 derived
step 2/40  ⠇ context  wall 18m21s/30m  tokens gen 7.8k jev 20.6k  cost gen $0.024 jev $0.001 / cap $2.000
[?2026l[?2026h[2K[1A[2K[1A[2K[1A[2K[1A[2K[1A[2K[1A[2K[1A[2K[1A[2K[1A[2K[1A[2K[1A[2K[1A[2K[1A[2K[1A[2K[1A[2K[1A[2K[G────────────────────────────────────────────────────────────────────────────────────────────────────────────────────────
streaming action… 372 chars

s3 intent can_verify noul=0.44 p=0.44 c=0.12 derived
s3 intent can_fix_environment noul=0.03 p=0.03 c=0.94 derived
s3 intent can_finish noul=0.21 p=0.21 c=0.58 derived
s3 intent plan_still_valid noul=0.20 p=0.20 c=0.60 derived
s3 context show:calc/core.py noul=0.85 p=0.85 c=0.70 derived
s3 context show:calc/__init__.py noul=0.07 p=0.07 c=0.86 derived
s3 context show:hypothesis/__init__.py noul=0.04 p=0.04 c=0.92 derived
s3 context show:hypothesis/strategies.py noul=0.04 p=0.04 c=0.92 derived
s3 context show:notes.txt noul=0.08 p=0.08 c=0.84 derived
s3 context show:pytest.ini noul=0.09 p=0.09 c=0.82 derived
s3 context show:README.md noul=0.04 p=0.04 c=0.92 derived
s3 context show:tests/test_core.py noul=0.39 p=0.39 c=0.22 derived
step 2/40  ⠏ context  wall 18m21s/30m  tokens gen 7.8k jev 20.6k  cost gen $0.024 jev $0.001 / cap $2.000
[?2026l[?2026h[2K[1A[2K[1A[2K[1A[2K[1A[2K[1A[2K[1A[2K[1A[2K[1A[2K[1A[2K[1A[2K[1A[2K[1A[2K[1A[2K[1A[2K[1A[2K[1A[2K[G[step 3] proposal read calc/core.py: Confirm all functions in calc/core.py already have one-line docstrings by
re-reading the file. | plan done=1 remaining=1 open=0
────────────────────────────────────────────────────────────────────────────────────────────────────────────────────────


s3 intent can_verify noul=0.44 p=0.44 c=0.12 derived
s3 intent can_fix_environment noul=0.03 p=0.03 c=0.94 derived
s3 intent can_finish noul=0.21 p=0.21 c=0.58 derived
s3 intent plan_still_valid noul=0.20 p=0.20 c=0.60 derived
s3 context show:calc/core.py noul=0.85 p=0.85 c=0.70 derived
s3 context show:calc/__init__.py noul=0.07 p=0.07 c=0.86 derived
s3 context show:hypothesis/__init__.py noul=0.04 p=0.04 c=0.92 derived
s3 context show:hypothesis/strategies.py noul=0.04 p=0.04 c=0.92 derived
s3 context show:notes.txt noul=0.08 p=0.08 c=0.84 derived
s3 context show:pytest.ini noul=0.09 p=0.09 c=0.82 derived
s3 context show:README.md noul=0.04 p=0.04 c=0.92 derived
s3 context show:tests/test_core.py noul=0.39 p=0.39 c=0.22 derived
step 2/40  ⠏ propose  wall 18m24s/30m  tokens gen 11.7k jev 20.6k  cost gen $0.033 jev $0.001 / cap $2.000
[?2026l[?2026h[2K[1A[2K[1A[2K[1A[2K[1A[2K[1A[2K[1A[2K[1A[2K[1A[2K[1A[2K[1A[2K[1A[2K[1A[2K[1A[2K[1A[2K[1A[2K[1A[2K[G────────────────────────────────────────────────────────────────────────────────────────────────────────────────────────


s3 intent can_verify noul=0.44 p=0.44 c=0.12 derived
s3 intent can_fix_environment noul=0.03 p=0.03 c=0.94 derived
s3 intent can_finish noul=0.21 p=0.21 c=0.58 derived
s3 intent plan_still_valid noul=0.20 p=0.20 c=0.60 derived
s3 context show:calc/core.py noul=0.85 p=0.85 c=0.70 derived
s3 context show:calc/__init__.py noul=0.07 p=0.07 c=0.86 derived
s3 context show:hypothesis/__init__.py noul=0.04 p=0.04 c=0.92 derived
s3 context show:hypothesis/strategies.py noul=0.04 p=0.04 c=0.92 derived
s3 context show:notes.txt noul=0.08 p=0.08 c=0.84 derived
s3 context show:pytest.ini noul=0.09 p=0.09 c=0.82 derived
s3 context show:README.md noul=0.04 p=0.04 c=0.92 derived
s3 context show:tests/test_core.py noul=0.39 p=0.39 c=0.22 derived
step 2/40  ⠋ propose  wall 18m24s/30m  tokens gen 11.7k jev 20.6k  cost gen $0.033 jev $0.001 / cap $2.000
[?2026l[?2026h[2K[1A[2K[1A[2K[1A[2K[1A[2K[1A[2K[1A[2K[1A[2K[1A[2K[1A[2K[1A[2K[1A[2K[1A[2K[1A[2K[1A[2K[1A[2K[1A[2K[G────────────────────────────────────────────────────────────────────────────────────────────────────────────────────────


s3 intent can_verify noul=0.44 p=0.44 c=0.12 derived
s3 intent can_fix_environment noul=0.03 p=0.03 c=0.94 derived
s3 intent can_finish noul=0.21 p=0.21 c=0.58 derived
s3 intent plan_still_valid noul=0.20 p=0.20 c=0.60 derived
s3 context show:calc/core.py noul=0.85 p=0.85 c=0.70 derived
s3 context show:calc/__init__.py noul=0.07 p=0.07 c=0.86 derived
s3 context show:hypothesis/__init__.py noul=0.04 p=0.04 c=0.92 derived
s3 context show:hypothesis/strategies.py noul=0.04 p=0.04 c=0.92 derived
s3 context show:notes.txt noul=0.08 p=0.08 c=0.84 derived
s3 context show:pytest.ini noul=0.09 p=0.09 c=0.82 derived
s3 context show:README.md noul=0.04 p=0.04 c=0.92 derived
s3 context show:tests/test_core.py noul=0.39 p=0.39 c=0.22 derived
step 2/40  ⠙ propose  wall 18m24s/30m  tokens gen 11.7k jev 20.6k  cost gen $0.033 jev $0.001 / cap $2.000
[?2026l[?2026h[2K[1A[2K[1A[2K[1A[2K[1A[2K[1A[2K[1A[2K[1A[2K[1A[2K[1A[2K[1A[2K[1A[2K[1A[2K[1A[2K[1A[2K[1A[2K[1A[2K[G[step 3] risk=0.15 ok: risk 0.15 (ok) from plan_mismatch: 0.15 probability of level 3 or above; dominant level 0
"matches `intent` and the plan"; Jev confidence 0.30
────────────────────────────────────────────────────────────────────────────────────────────────────────────────────────


s3 context show:calc/__init__.py noul=0.07 p=0.07 c=0.86 derived
s3 context show:hypothesis/__init__.py noul=0.04 p=0.04 c=0.92 derived
s3 context show:hypothesis/strategies.py noul=0.04 p=0.04 c=0.92 derived
s3 context show:notes.txt noul=0.08 p=0.08 c=0.84 derived
s3 context show:pytest.ini noul=0.09 p=0.09 c=0.82 derived
s3 context show:README.md noul=0.04 p=0.04 c=0.92 derived
s3 context show:tests/test_core.py noul=0.39 p=0.39 c=0.22 derived
s3 risk destructive score=0 p=1.00 c=1.00 [ok]
s3 risk out_of_scope score=0.82 p=0.78 c=0.82 [ok]
s3 risk plan_mismatch score=0.84 p=0.58 c=0.30 [ok]
s3 risk irreversible score=0 p=1.00 c=1.00 [ok]
s3 risk matches_intent noul=0.95 p=0.95 c=0.90 derived
step 2/40  ⠙ risk  wall 18m24s/30m  tokens gen 11.7k jev 22.6k  cost gen $0.033 jev $0.001 / cap $2.000
[?2026l[?2026h[2K[1A[2K[1A[2K[1A[2K[1A[2K[1A[2K[1A[2K[1A[2K[1A[2K[1A[2K[1A[2K[1A[2K[1A[2K[1A[2K[1A[2K[1A[2K[1A[2K[G[step 3] outcome executed: read 1 file(s)
────────────────────────────────────────────────────────────────────────────────────────────────────────────────────────


s3 context show:calc/__init__.py noul=0.07 p=0.07 c=0.86 derived
s3 context show:hypothesis/__init__.py noul=0.04 p=0.04 c=0.92 derived
s3 context show:hypothesis/strategies.py noul=0.04 p=0.04 c=0.92 derived
s3 context show:notes.txt noul=0.08 p=0.08 c=0.84 derived
s3 context show:pytest.ini noul=0.09 p=0.09 c=0.82 derived
s3 context show:README.md noul=0.04 p=0.04 c=0.92 derived
s3 context show:tests/test_core.py noul=0.39 p=0.39 c=0.22 derived
s3 risk destructive score=0 p=1.00 c=1.00 [ok]
s3 risk out_of_scope score=0.82 p=0.78 c=0.82 [ok]
s3 risk plan_mismatch score=0.84 p=0.58 c=0.30 [ok]
s3 risk irreversible score=0 p=1.00 c=1.00 [ok]
s3 risk matches_intent noul=0.95 p=0.95 c=0.90 derived
step 2/40  ⠙ execute  wall 18m24s/30m  tokens gen 11.7k jev 22.6k  cost gen $0.033 jev $0.001 / cap $2.000
[?2026l[?2026h[2K[1A[2K[1A[2K[1A[2K[1A[2K[1A[2K[1A[2K[1A[2K[1A[2K[1A[2K[1A[2K[1A[2K[1A[2K[1A[2K[1A[2K[1A[2K[1A[2K[G────────────────────────────────────────────────────────────────────────────────────────────────────────────────────────


s3 context show:calc/__init__.py noul=0.07 p=0.07 c=0.86 derived
s3 context show:hypothesis/__init__.py noul=0.04 p=0.04 c=0.92 derived
s3 context show:hypothesis/strategies.py noul=0.04 p=0.04 c=0.92 derived
s3 context show:notes.txt noul=0.08 p=0.08 c=0.84 derived
s3 context show:pytest.ini noul=0.09 p=0.09 c=0.82 derived
s3 context show:README.md noul=0.04 p=0.04 c=0.92 derived
s3 context show:tests/test_core.py noul=0.39 p=0.39 c=0.22 derived
s3 risk destructive score=0 p=1.00 c=1.00 [ok]
s3 risk out_of_scope score=0.82 p=0.78 c=0.82 [ok]
s3 risk plan_mismatch score=0.84 p=0.58 c=0.30 [ok]
s3 risk irreversible score=0 p=1.00 c=1.00 [ok]
s3 risk matches_intent noul=0.95 p=0.95 c=0.90 derived
step 2/40  ⠹ execute  wall 18m24s/30m  tokens gen 11.7k jev 22.6k  cost gen $0.033 jev $0.001 / cap $2.000
[?2026l[?2026h[2K[1A[2K[1A[2K[1A[2K[1A[2K[1A[2K[1A[2K[1A[2K[1A[2K[1A[2K[1A[2K[1A[2K[1A[2K[1A[2K[1A[2K[1A[2K[1A[2K[G[step 3] judge succeeded=0.85 error_present=0.00 new_info=0.14 tests=none claims=1/1 completion=0.76
[step 3] plan done=1 remaining=4 unverified=1 problems=1
────────────────────────────────────────────────────────────────────────────────────────────────────────────────────────


s3 context show:pytest.ini noul=0.09 p=0.09 c=0.82 derived
s3 context show:README.md noul=0.04 p=0.04 c=0.92 derived
s3 context show:tests/test_core.py noul=0.39 p=0.39 c=0.22 derived
s3 risk destructive score=0 p=1.00 c=1.00 [ok]
s3 risk out_of_scope score=0.82 p=0.78 c=0.82 [ok]
s3 risk plan_mismatch score=0.84 p=0.58 c=0.30 [ok]
s3 risk irreversible score=0 p=1.00 c=1.00 [ok]
s3 risk matches_intent noul=0.95 p=0.95 c=0.90 derived
s3 judge succeeded noul=0.85 p=0.85 c=0.70 derived
s3 judge new_information noul=0.14 p=0.14 c=0.72 derived
s3 judge done_0 noul=0.95 p=0.95 c=0.90 derived
s3 complete task_complete noul=0.76 p=0.76 c=0.52 derived
step 3/40  ⠹ judge  wall 18m24s/30m  tokens gen 11.7k jev 25.5k  cost gen $0.033 jev $0.001 / cap $2.000
[?2026l[?2026h[2K[1A[2K[1A[2K[1A[2K[1A[2K[1A[2K[1A[2K[1A[2K[1A[2K[1A[2K[1A[2K[1A[2K[1A[2K[1A[2K[1A[2K[1A[2K[1A[2K[G────────────────────────────────────────────────────────────────────────────────────────────────────────────────────────


s3 context show:pytest.ini noul=0.09 p=0.09 c=0.82 derived
s3 context show:README.md noul=0.04 p=0.04 c=0.92 derived
s3 context show:tests/test_core.py noul=0.39 p=0.39 c=0.22 derived
s3 risk destructive score=0 p=1.00 c=1.00 [ok]
s3 risk out_of_scope score=0.82 p=0.78 c=0.82 [ok]
s3 risk plan_mismatch score=0.84 p=0.58 c=0.30 [ok]
s3 risk irreversible score=0 p=1.00 c=1.00 [ok]
s3 risk matches_intent noul=0.95 p=0.95 c=0.90 derived
s3 judge succeeded noul=0.85 p=0.85 c=0.70 derived
s3 judge new_information noul=0.14 p=0.14 c=0.72 derived
s3 judge done_0 noul=0.95 p=0.95 c=0.90 derived
s3 complete task_complete noul=0.76 p=0.76 c=0.52 derived
step 3/40  ⠸ judge  wall 18m24s/30m  tokens gen 11.7k jev 25.5k  cost gen $0.033 jev $0.001 / cap $2.000
[?2026l[?2026h[2K[1A[2K[1A[2K[1A[2K[1A[2K[1A[2K[1A[2K[1A[2K[1A[2K[1A[2K[1A[2K[1A[2K[1A[2K[1A[2K[1A[2K[1A[2K[1A[2K[G[step 4] intent=investigate p=0.57 c=0.48 (jev answered finish)
────────────────────────────────────────────────────────────────────────────────────────────────────────────────────────


s3 risk matches_intent noul=0.95 p=0.95 c=0.90 derived
s3 judge succeeded noul=0.85 p=0.85 c=0.70 derived
s3 judge new_information noul=0.14 p=0.14 c=0.72 derived
s3 judge done_0 noul=0.95 p=0.95 c=0.90 derived
s3 complete task_complete noul=0.76 p=0.76 c=0.52 derived
s4 intent intent choice=finish p=0.57 c=0.48 [fallback]
s4 intent can_investigate noul=0.33 p=0.33 c=0.34 derived
s4 intent can_edit noul=0.15 p=0.15 c=0.70 derived
s4 intent can_verify noul=0.25 p=0.25 c=0.50 derived
s4 intent can_fix_environment noul=0.02 p=0.02 c=0.96 derived
s4 intent can_finish noul=0.45 p=0.45 c=0.10 derived
s4 intent plan_still_valid noul=0.24 p=0.24 c=0.52 derived
step 3/40  ⠸ intent  wall 18m24s/30m  tokens gen 11.7k jev 28.5k  cost gen $0.033 jev $0.001 / cap $2.000
[?2026l[?2026h[2K[1A[2K[1A[2K[1A[2K[1A[2K[1A[2K[1A[2K[1A[2K[1A[2K[1A[2K[1A[2K[1A[2K[1A[2K[1A[2K[1A[2K[1A[2K[1A[2K[G────────────────────────────────────────────────────────────────────────────────────────────────────────────────────────


s3 risk matches_intent noul=0.95 p=0.95 c=0.90 derived
s3 judge succeeded noul=0.85 p=0.85 c=0.70 derived
s3 judge new_information noul=0.14 p=0.14 c=0.72 derived
s3 judge done_0 noul=0.95 p=0.95 c=0.90 derived
s3 complete task_complete noul=0.76 p=0.76 c=0.52 derived
s4 intent intent choice=finish p=0.57 c=0.48 [fallback]
s4 intent can_investigate noul=0.33 p=0.33 c=0.34 derived
s4 intent can_edit noul=0.15 p=0.15 c=0.70 derived
s4 intent can_verify noul=0.25 p=0.25 c=0.50 derived
s4 intent can_fix_environment noul=0.02 p=0.02 c=0.96 derived
s4 intent can_finish noul=0.45 p=0.45 c=0.10 derived
s4 intent plan_still_valid noul=0.24 p=0.24 c=0.52 derived
step 3/40  ⠼ intent  wall 18m24s/30m  tokens gen 11.7k jev 28.5k  cost gen $0.033 jev $0.001 / cap $2.000
[?2026l[?2026h[2K[1A[2K[1A[2K[1A[2K[1A[2K[1A[2K[1A[2K[1A[2K[1A[2K[1A[2K[1A[2K[1A[2K[1A[2K[1A[2K[1A[2K[1A[2K[1A[2K[G────────────────────────────────────────────────────────────────────────────────────────────────────────────────────────


s3 risk matches_intent noul=0.95 p=0.95 c=0.90 derived
s3 judge succeeded noul=0.85 p=0.85 c=0.70 derived
s3 judge new_information noul=0.14 p=0.14 c=0.72 derived
s3 judge done_0 noul=0.95 p=0.95 c=0.90 derived
s3 complete task_complete noul=0.76 p=0.76 c=0.52 derived
s4 intent intent choice=finish p=0.57 c=0.48 [fallback]
s4 intent can_investigate noul=0.33 p=0.33 c=0.34 derived
s4 intent can_edit noul=0.15 p=0.15 c=0.70 derived
s4 intent can_verify noul=0.25 p=0.25 c=0.50 derived
s4 intent can_fix_environment noul=0.02 p=0.02 c=0.96 derived
s4 intent can_finish noul=0.45 p=0.45 c=0.10 derived
s4 intent plan_still_valid noul=0.24 p=0.24 c=0.52 derived
step 3/40  ⠴ intent  wall 18m24s/30m  tokens gen 11.7k jev 28.5k  cost gen $0.033 jev $0.001 / cap $2.000
[?2026l[?2026h[2K[1A[2K[1A[2K[1A[2K[1A[2K[1A[2K[1A[2K[1A[2K[1A[2K[1A[2K[1A[2K[1A[2K[1A[2K[1A[2K[1A[2K[1A[2K[1A[2K[G────────────────────────────────────────────────────────────────────────────────────────────────────────────────────────


s4 intent can_verify noul=0.25 p=0.25 c=0.50 derived
s4 intent can_fix_environment noul=0.02 p=0.02 c=0.96 derived
s4 intent can_finish noul=0.45 p=0.45 c=0.10 derived
s4 intent plan_still_valid noul=0.24 p=0.24 c=0.52 derived
s4 context show:calc/core.py noul=0.90 p=0.90 c=0.80 derived
s4 context show:calc/__init__.py noul=0.07 p=0.07 c=0.86 derived
s4 context show:hypothesis/__init__.py noul=0.04 p=0.04 c=0.92 derived
s4 context show:hypothesis/strategies.py noul=0.04 p=0.04 c=0.92 derived
s4 context show:notes.txt noul=0.07 p=0.07 c=0.86 derived
s4 context show:pytest.ini noul=0.07 p=0.07 c=0.86 derived
s4 context show:README.md noul=0.04 p=0.04 c=0.92 derived
s4 context show:tests/test_core.py noul=0.34 p=0.34 c=0.32 derived
step 3/40  ⠴ intent  wall 18m24s/30m  tokens gen 11.7k jev 28.5k  cost gen $0.033 jev $0.001 / cap $2.000
[?2026l[?2026h[2K[1A[2K[1A[2K[1A[2K[1A[2K[1A[2K[1A[2K[1A[2K[1A[2K[1A[2K[1A[2K[1A[2K[1A[2K[1A[2K[1A[2K[1A[2K[1A[2K[G[step 4] context 1 files 1.1kB of 8 candidates: calc/core.py
────────────────────────────────────────────────────────────────────────────────────────────────────────────────────────


s4 intent can_verify noul=0.25 p=0.25 c=0.50 derived
s4 intent can_fix_environment noul=0.02 p=0.02 c=0.96 derived
s4 intent can_finish noul=0.45 p=0.45 c=0.10 derived
s4 intent plan_still_valid noul=0.24 p=0.24 c=0.52 derived
s4 context show:calc/core.py noul=0.90 p=0.90 c=0.80 derived
s4 context show:calc/__init__.py noul=0.07 p=0.07 c=0.86 derived
s4 context show:hypothesis/__init__.py noul=0.04 p=0.04 c=0.92 derived
s4 context show:hypothesis/strategies.py noul=0.04 p=0.04 c=0.92 derived
s4 context show:notes.txt noul=0.07 p=0.07 c=0.86 derived
s4 context show:pytest.ini noul=0.07 p=0.07 c=0.86 derived
s4 context show:README.md noul=0.04 p=0.04 c=0.92 derived
s4 context show:tests/test_core.py noul=0.34 p=0.34 c=0.32 derived
step 3/40  ⠴ context  wall 18m24s/30m  tokens gen 11.7k jev 31.1k  cost gen $0.033 jev $0.001 / cap $2.000
[?2026l[?2026h[2K[1A[2K[1A[2K[1A[2K[1A[2K[1A[2K[1A[2K[1A[2K[1A[2K[1A[2K[1A[2K[1A[2K[1A[2K[1A[2K[1A[2K[1A[2K[1A[2K[G────────────────────────────────────────────────────────────────────────────────────────────────────────────────────────


s4 intent can_verify noul=0.25 p=0.25 c=0.50 derived
s4 intent can_fix_environment noul=0.02 p=0.02 c=0.96 derived
s4 intent can_finish noul=0.45 p=0.45 c=0.10 derived
s4 intent plan_still_valid noul=0.24 p=0.24 c=0.52 derived
s4 context show:calc/core.py noul=0.90 p=0.90 c=0.80 derived
s4 context show:calc/__init__.py noul=0.07 p=0.07 c=0.86 derived
s4 context show:hypothesis/__init__.py noul=0.04 p=0.04 c=0.92 derived
s4 context show:hypothesis/strategies.py noul=0.04 p=0.04 c=0.92 derived
s4 context show:notes.txt noul=0.07 p=0.07 c=0.86 derived
s4 context show:pytest.ini noul=0.07 p=0.07 c=0.86 derived
s4 context show:README.md noul=0.04 p=0.04 c=0.92 derived
s4 context show:tests/test_core.py noul=0.34 p=0.34 c=0.32 derived
step 3/40  ⠦ context  wall 18m24s/30m  tokens gen 11.7k jev 31.1k  cost gen $0.033 jev $0.001 / cap $2.000
[?2026l[?2026h[2K[1A[2K[1A[2K[1A[2K[1A[2K[1A[2K[1A[2K[1A[2K[1A[2K[1A[2K[1A[2K[1A[2K[1A[2K[1A[2K[1A[2K[1A[2K[1A[2K[G────────────────────────────────────────────────────────────────────────────────────────────────────────────────────────


s4 intent can_verify noul=0.25 p=0.25 c=0.50 derived
s4 intent can_fix_environment noul=0.02 p=0.02 c=0.96 derived
s4 intent can_finish noul=0.45 p=0.45 c=0.10 derived
s4 intent plan_still_valid noul=0.24 p=0.24 c=0.52 derived
s4 context show:calc/core.py noul=0.90 p=0.90 c=0.80 derived
s4 context show:calc/__init__.py noul=0.07 p=0.07 c=0.86 derived
s4 context show:hypothesis/__init__.py noul=0.04 p=0.04 c=0.92 derived
s4 context show:hypothesis/strategies.py noul=0.04 p=0.04 c=0.92 derived
s4 context show:notes.txt noul=0.07 p=0.07 c=0.86 derived
s4 context show:pytest.ini noul=0.07 p=0.07 c=0.86 derived
s4 context show:README.md noul=0.04 p=0.04 c=0.92 derived
s4 context show:tests/test_core.py noul=0.34 p=0.34 c=0.32 derived
step 3/40  ⠧ context  wall 18m24s/30m  tokens gen 11.7k jev 31.1k  cost gen $0.033 jev $0.001 / cap $2.000
[?2026l[?2026h[2K[1A[2K[1A[2K[1A[2K[1A[2K[1A[2K[1A[2K[1A[2K[1A[2K[1A[2K[1A[2K[1A[2K[1A[2K[1A[2K[1A[2K[1A[2K[1A[2K[G────────────────────────────────────────────────────────────────────────────────────────────────────────────────────────


s4 intent can_verify noul=0.25 p=0.25 c=0.50 derived
s4 intent can_fix_environment noul=0.02 p=0.02 c=0.96 derived
s4 intent can_finish noul=0.45 p=0.45 c=0.10 derived
s4 intent plan_still_valid noul=0.24 p=0.24 c=0.52 derived
s4 context show:calc/core.py noul=0.90 p=0.90 c=0.80 derived
s4 context show:calc/__init__.py noul=0.07 p=0.07 c=0.86 derived
s4 context show:hypothesis/__init__.py noul=0.04 p=0.04 c=0.92 derived
s4 context show:hypothesis/strategies.py noul=0.04 p=0.04 c=0.92 derived
s4 context show:notes.txt noul=0.07 p=0.07 c=0.86 derived
s4 context show:pytest.ini noul=0.07 p=0.07 c=0.86 derived
s4 context show:README.md noul=0.04 p=0.04 c=0.92 derived
s4 context show:tests/test_core.py noul=0.34 p=0.34 c=0.32 derived
step 3/40  ⠇ context  wall 18m24s/30m  tokens gen 11.7k jev 31.1k  cost gen $0.033 jev $0.001 / cap $2.000
[?2026l[?2026h[2K[1A[2K[1A[2K[1A[2K[1A[2K[1A[2K[1A[2K[1A[2K[1A[2K[1A[2K[1A[2K[1A[2K[1A[2K[1A[2K[1A[2K[1A[2K[1A[2K[G────────────────────────────────────────────────────────────────────────────────────────────────────────────────────────


s4 intent can_verify noul=0.25 p=0.25 c=0.50 derived
s4 intent can_fix_environment noul=0.02 p=0.02 c=0.96 derived
s4 intent can_finish noul=0.45 p=0.45 c=0.10 derived
s4 intent plan_still_valid noul=0.24 p=0.24 c=0.52 derived
s4 context show:calc/core.py noul=0.90 p=0.90 c=0.80 derived
s4 context show:calc/__init__.py noul=0.07 p=0.07 c=0.86 derived
s4 context show:hypothesis/__init__.py noul=0.04 p=0.04 c=0.92 derived
s4 context show:hypothesis/strategies.py noul=0.04 p=0.04 c=0.92 derived
s4 context show:notes.txt noul=0.07 p=0.07 c=0.86 derived
s4 context show:pytest.ini noul=0.07 p=0.07 c=0.86 derived
s4 context show:README.md noul=0.04 p=0.04 c=0.92 derived
s4 context show:tests/test_core.py noul=0.34 p=0.34 c=0.32 derived
step 3/40  ⠏ context  wall 18m24s/30m  tokens gen 11.7k jev 31.1k  cost gen $0.033 jev $0.001 / cap $2.000
[?2026l[?2026h[2K[1A[2K[1A[2K[1A[2K[1A[2K[1A[2K[1A[2K[1A[2K[1A[2K[1A[2K[1A[2K[1A[2K[1A[2K[1A[2K[1A[2K[1A[2K[1A[2K[G────────────────────────────────────────────────────────────────────────────────────────────────────────────────────────


s4 intent can_verify noul=0.25 p=0.25 c=0.50 derived
s4 intent can_fix_environment noul=0.02 p=0.02 c=0.96 derived
s4 intent can_finish noul=0.45 p=0.45 c=0.10 derived
s4 intent plan_still_valid noul=0.24 p=0.24 c=0.52 derived
s4 context show:calc/core.py noul=0.90 p=0.90 c=0.80 derived
s4 context show:calc/__init__.py noul=0.07 p=0.07 c=0.86 derived
s4 context show:hypothesis/__init__.py noul=0.04 p=0.04 c=0.92 derived
s4 context show:hypothesis/strategies.py noul=0.04 p=0.04 c=0.92 derived
s4 context show:notes.txt noul=0.07 p=0.07 c=0.86 derived
s4 context show:pytest.ini noul=0.07 p=0.07 c=0.86 derived
s4 context show:README.md noul=0.04 p=0.04 c=0.92 derived
s4 context show:tests/test_core.py noul=0.34 p=0.34 c=0.32 derived
step 3/40  ⠋ context  wall 18m24s/30m  tokens gen 11.7k jev 31.1k  cost gen $0.033 jev $0.001 / cap $2.000
[?2026l[?2026h[2K[1A[2K[1A[2K[1A[2K[1A[2K[1A[2K[1A[2K[1A[2K[1A[2K[1A[2K[1A[2K[1A[2K[1A[2K[1A[2K[1A[2K[1A[2K[1A[2K[G────────────────────────────────────────────────────────────────────────────────────────────────────────────────────────


s4 intent can_verify noul=0.25 p=0.25 c=0.50 derived
s4 intent can_fix_environment noul=0.02 p=0.02 c=0.96 derived
s4 intent can_finish noul=0.45 p=0.45 c=0.10 derived
s4 intent plan_still_valid noul=0.24 p=0.24 c=0.52 derived
s4 context show:calc/core.py noul=0.90 p=0.90 c=0.80 derived
s4 context show:calc/__init__.py noul=0.07 p=0.07 c=0.86 derived
s4 context show:hypothesis/__init__.py noul=0.04 p=0.04 c=0.92 derived
s4 context show:hypothesis/strategies.py noul=0.04 p=0.04 c=0.92 derived
s4 context show:notes.txt noul=0.07 p=0.07 c=0.86 derived
s4 context show:pytest.ini noul=0.07 p=0.07 c=0.86 derived
s4 context show:README.md noul=0.04 p=0.04 c=0.92 derived
s4 context show:tests/test_core.py noul=0.34 p=0.34 c=0.32 derived
step 3/40  ⠙ context  wall 18m24s/30m  tokens gen 11.7k jev 31.1k  cost gen $0.033 jev $0.001 / cap $2.000
[?2026l[?2026h[2K[1A[2K[1A[2K[1A[2K[1A[2K[1A[2K[1A[2K[1A[2K[1A[2K[1A[2K[1A[2K[1A[2K[1A[2K[1A[2K[1A[2K[1A[2K[1A[2K[G────────────────────────────────────────────────────────────────────────────────────────────────────────────────────────


s4 intent can_verify noul=0.25 p=0.25 c=0.50 derived
s4 intent can_fix_environment noul=0.02 p=0.02 c=0.96 derived
s4 intent can_finish noul=0.45 p=0.45 c=0.10 derived
s4 intent plan_still_valid noul=0.24 p=0.24 c=0.52 derived
s4 context show:calc/core.py noul=0.90 p=0.90 c=0.80 derived
s4 context show:calc/__init__.py noul=0.07 p=0.07 c=0.86 derived
s4 context show:hypothesis/__init__.py noul=0.04 p=0.04 c=0.92 derived
s4 context show:hypothesis/strategies.py noul=0.04 p=0.04 c=0.92 derived
s4 context show:notes.txt noul=0.07 p=0.07 c=0.86 derived
s4 context show:pytest.ini noul=0.07 p=0.07 c=0.86 derived
s4 context show:README.md noul=0.04 p=0.04 c=0.92 derived
s4 context show:tests/test_core.py noul=0.34 p=0.34 c=0.32 derived
step 3/40  ⠹ context  wall 18m24s/30m  tokens gen 11.7k jev 31.1k  cost gen $0.033 jev $0.001 / cap $2.000
[?2026l[?2026h[2K[1A[2K[1A[2K[1A[2K[1A[2K[1A[2K[1A[2K[1A[2K[1A[2K[1A[2K[1A[2K[1A[2K[1A[2K[1A[2K[1A[2K[1A[2K[1A[2K[G────────────────────────────────────────────────────────────────────────────────────────────────────────────────────────


s4 intent can_verify noul=0.25 p=0.25 c=0.50 derived
s4 intent can_fix_environment noul=0.02 p=0.02 c=0.96 derived
s4 intent can_finish noul=0.45 p=0.45 c=0.10 derived
s4 intent plan_still_valid noul=0.24 p=0.24 c=0.52 derived
s4 context show:calc/core.py noul=0.90 p=0.90 c=0.80 derived
s4 context show:calc/__init__.py noul=0.07 p=0.07 c=0.86 derived
s4 context show:hypothesis/__init__.py noul=0.04 p=0.04 c=0.92 derived
s4 context show:hypothesis/strategies.py noul=0.04 p=0.04 c=0.92 derived
s4 context show:notes.txt noul=0.07 p=0.07 c=0.86 derived
s4 context show:pytest.ini noul=0.07 p=0.07 c=0.86 derived
s4 context show:README.md noul=0.04 p=0.04 c=0.92 derived
s4 context show:tests/test_core.py noul=0.34 p=0.34 c=0.32 derived
step 3/40  ⠸ context  wall 18m24s/30m  tokens gen 11.7k jev 31.1k  cost gen $0.033 jev $0.001 / cap $2.000
[?2026l[?2026h[2K[1A[2K[1A[2K[1A[2K[1A[2K[1A[2K[1A[2K[1A[2K[1A[2K[1A[2K[1A[2K[1A[2K[1A[2K[1A[2K[1A[2K[1A[2K[1A[2K[G────────────────────────────────────────────────────────────────────────────────────────────────────────────────────────


s4 intent can_verify noul=0.25 p=0.25 c=0.50 derived
s4 intent can_fix_environment noul=0.02 p=0.02 c=0.96 derived
s4 intent can_finish noul=0.45 p=0.45 c=0.10 derived
s4 intent plan_still_valid noul=0.24 p=0.24 c=0.52 derived
s4 context show:calc/core.py noul=0.90 p=0.90 c=0.80 derived
s4 context show:calc/__init__.py noul=0.07 p=0.07 c=0.86 derived
s4 context show:hypothesis/__init__.py noul=0.04 p=0.04 c=0.92 derived
s4 context show:hypothesis/strategies.py noul=0.04 p=0.04 c=0.92 derived
s4 context show:notes.txt noul=0.07 p=0.07 c=0.86 derived
s4 context show:pytest.ini noul=0.07 p=0.07 c=0.86 derived
s4 context show:README.md noul=0.04 p=0.04 c=0.92 derived
s4 context show:tests/test_core.py noul=0.34 p=0.34 c=0.32 derived
step 3/40  ⠼ context  wall 18m24s/30m  tokens gen 11.7k jev 31.1k  cost gen $0.033 jev $0.001 / cap $2.000
[?2026l[?2026h[2K[1A[2K[1A[2K[1A[2K[1A[2K[1A[2K[1A[2K[1A[2K[1A[2K[1A[2K[1A[2K[1A[2K[1A[2K[1A[2K[1A[2K[1A[2K[1A[2K[G────────────────────────────────────────────────────────────────────────────────────────────────────────────────────────


s4 intent can_verify noul=0.25 p=0.25 c=0.50 derived
s4 intent can_fix_environment noul=0.02 p=0.02 c=0.96 derived
s4 intent can_finish noul=0.45 p=0.45 c=0.10 derived
s4 intent plan_still_valid noul=0.24 p=0.24 c=0.52 derived
s4 context show:calc/core.py noul=0.90 p=0.90 c=0.80 derived
s4 context show:calc/__init__.py noul=0.07 p=0.07 c=0.86 derived
s4 context show:hypothesis/__init__.py noul=0.04 p=0.04 c=0.92 derived
s4 context show:hypothesis/strategies.py noul=0.04 p=0.04 c=0.92 derived
s4 context show:notes.txt noul=0.07 p=0.07 c=0.86 derived
s4 context show:pytest.ini noul=0.07 p=0.07 c=0.86 derived
s4 context show:README.md noul=0.04 p=0.04 c=0.92 derived
s4 context show:tests/test_core.py noul=0.34 p=0.34 c=0.32 derived
step 3/40  ⠴ context  wall 18m24s/30m  tokens gen 11.7k jev 31.1k  cost gen $0.033 jev $0.001 / cap $2.000
[?2026l[?2026h[2K[1A[2K[1A[2K[1A[2K[1A[2K[1A[2K[1A[2K[1A[2K[1A[2K[1A[2K[1A[2K[1A[2K[1A[2K[1A[2K[1A[2K[1A[2K[1A[2K[G────────────────────────────────────────────────────────────────────────────────────────────────────────────────────────


s4 intent can_verify noul=0.25 p=0.25 c=0.50 derived
s4 intent can_fix_environment noul=0.02 p=0.02 c=0.96 derived
s4 intent can_finish noul=0.45 p=0.45 c=0.10 derived
s4 intent plan_still_valid noul=0.24 p=0.24 c=0.52 derived
s4 context show:calc/core.py noul=0.90 p=0.90 c=0.80 derived
s4 context show:calc/__init__.py noul=0.07 p=0.07 c=0.86 derived
s4 context show:hypothesis/__init__.py noul=0.04 p=0.04 c=0.92 derived
s4 context show:hypothesis/strategies.py noul=0.04 p=0.04 c=0.92 derived
s4 context show:notes.txt noul=0.07 p=0.07 c=0.86 derived
s4 context show:pytest.ini noul=0.07 p=0.07 c=0.86 derived
s4 context show:README.md noul=0.04 p=0.04 c=0.92 derived
s4 context show:tests/test_core.py noul=0.34 p=0.34 c=0.32 derived
step 3/40  ⠦ context  wall 18m24s/30m  tokens gen 11.7k jev 31.1k  cost gen $0.033 jev $0.001 / cap $2.000
[?2026l[?2026h[2K[1A[2K[1A[2K[1A[2K[1A[2K[1A[2K[1A[2K[1A[2K[1A[2K[1A[2K[1A[2K[1A[2K[1A[2K[1A[2K[1A[2K[1A[2K[1A[2K[G────────────────────────────────────────────────────────────────────────────────────────────────────────────────────────


s4 intent can_verify noul=0.25 p=0.25 c=0.50 derived
s4 intent can_fix_environment noul=0.02 p=0.02 c=0.96 derived
s4 intent can_finish noul=0.45 p=0.45 c=0.10 derived
s4 intent plan_still_valid noul=0.24 p=0.24 c=0.52 derived
s4 context show:calc/core.py noul=0.90 p=0.90 c=0.80 derived
s4 context show:calc/__init__.py noul=0.07 p=0.07 c=0.86 derived
s4 context show:hypothesis/__init__.py noul=0.04 p=0.04 c=0.92 derived
s4 context show:hypothesis/strategies.py noul=0.04 p=0.04 c=0.92 derived
s4 context show:notes.txt noul=0.07 p=0.07 c=0.86 derived
s4 context show:pytest.ini noul=0.07 p=0.07 c=0.86 derived
s4 context show:README.md noul=0.04 p=0.04 c=0.92 derived
s4 context show:tests/test_core.py noul=0.34 p=0.34 c=0.32 derived
step 3/40  ⠧ context  wall 18m24s/30m  tokens gen 11.7k jev 31.1k  cost gen $0.033 jev $0.001 / cap $2.000
[?2026l[?2026h[2K[1A[2K[1A[2K[1A[2K[1A[2K[1A[2K[1A[2K[1A[2K[1A[2K[1A[2K[1A[2K[1A[2K[1A[2K[1A[2K[1A[2K[1A[2K[1A[2K[G────────────────────────────────────────────────────────────────────────────────────────────────────────────────────────


s4 intent can_verify noul=0.25 p=0.25 c=0.50 derived
s4 intent can_fix_environment noul=0.02 p=0.02 c=0.96 derived
s4 intent can_finish noul=0.45 p=0.45 c=0.10 derived
s4 intent plan_still_valid noul=0.24 p=0.24 c=0.52 derived
s4 context show:calc/core.py noul=0.90 p=0.90 c=0.80 derived
s4 context show:calc/__init__.py noul=0.07 p=0.07 c=0.86 derived
s4 context show:hypothesis/__init__.py noul=0.04 p=0.04 c=0.92 derived
s4 context show:hypothesis/strategies.py noul=0.04 p=0.04 c=0.92 derived
s4 context show:notes.txt noul=0.07 p=0.07 c=0.86 derived
s4 context show:pytest.ini noul=0.07 p=0.07 c=0.86 derived
s4 context show:README.md noul=0.04 p=0.04 c=0.92 derived
s4 context show:tests/test_core.py noul=0.34 p=0.34 c=0.32 derived
step 3/40  ⠇ context  wall 18m24s/30m  tokens gen 11.7k jev 31.1k  cost gen $0.033 jev $0.001 / cap $2.000
[?2026l[?2026h[2K[1A[2K[1A[2K[1A[2K[1A[2K[1A[2K[1A[2K[1A[2K[1A[2K[1A[2K[1A[2K[1A[2K[1A[2K[1A[2K[1A[2K[1A[2K[1A[2K[G────────────────────────────────────────────────────────────────────────────────────────────────────────────────────────


s4 intent can_verify noul=0.25 p=0.25 c=0.50 derived
s4 intent can_fix_environment noul=0.02 p=0.02 c=0.96 derived
s4 intent can_finish noul=0.45 p=0.45 c=0.10 derived
s4 intent plan_still_valid noul=0.24 p=0.24 c=0.52 derived
s4 context show:calc/core.py noul=0.90 p=0.90 c=0.80 derived
s4 context show:calc/__init__.py noul=0.07 p=0.07 c=0.86 derived
s4 context show:hypothesis/__init__.py noul=0.04 p=0.04 c=0.92 derived
s4 context show:hypothesis/strategies.py noul=0.04 p=0.04 c=0.92 derived
s4 context show:notes.txt noul=0.07 p=0.07 c=0.86 derived
s4 context show:pytest.ini noul=0.07 p=0.07 c=0.86 derived
s4 context show:README.md noul=0.04 p=0.04 c=0.92 derived
s4 context show:tests/test_core.py noul=0.34 p=0.34 c=0.32 derived
step 3/40  ⠏ context  wall 18m24s/30m  tokens gen 11.7k jev 31.1k  cost gen $0.033 jev $0.001 / cap $2.000
[?2026l[?2026h[2K[1A[2K[1A[2K[1A[2K[1A[2K[1A[2K[1A[2K[1A[2K[1A[2K[1A[2K[1A[2K[1A[2K[1A[2K[1A[2K[1A[2K[1A[2K[1A[2K[G────────────────────────────────────────────────────────────────────────────────────────────────────────────────────────
streaming action… 103 chars

s4 intent can_verify noul=0.25 p=0.25 c=0.50 derived
s4 intent can_fix_environment noul=0.02 p=0.02 c=0.96 derived
s4 intent can_finish noul=0.45 p=0.45 c=0.10 derived
s4 intent plan_still_valid noul=0.24 p=0.24 c=0.52 derived
s4 context show:calc/core.py noul=0.90 p=0.90 c=0.80 derived
s4 context show:calc/__init__.py noul=0.07 p=0.07 c=0.86 derived
s4 context show:hypothesis/__init__.py noul=0.04 p=0.04 c=0.92 derived
s4 context show:hypothesis/strategies.py noul=0.04 p=0.04 c=0.92 derived
s4 context show:notes.txt noul=0.07 p=0.07 c=0.86 derived
s4 context show:pytest.ini noul=0.07 p=0.07 c=0.86 derived
s4 context show:README.md noul=0.04 p=0.04 c=0.92 derived
s4 context show:tests/test_core.py noul=0.34 p=0.34 c=0.32 derived
step 3/40  ⠏ context  wall 18m24s/30m  tokens gen 11.7k jev 31.1k  cost gen $0.033 jev $0.001 / cap $2.000
[?2026l[?2026h[2K[1A[2K[1A[2K[1A[2K[1A[2K[1A[2K[1A[2K[1A[2K[1A[2K[1A[2K[1A[2K[1A[2K[1A[2K[1A[2K[1A[2K[1A[2K[1A[2K[G────────────────────────────────────────────────────────────────────────────────────────────────────────────────────────
streaming action… 103 chars

s4 intent can_verify noul=0.25 p=0.25 c=0.50 derived
s4 intent can_fix_environment noul=0.02 p=0.02 c=0.96 derived
s4 intent can_finish noul=0.45 p=0.45 c=0.10 derived
s4 intent plan_still_valid noul=0.24 p=0.24 c=0.52 derived
s4 context show:calc/core.py noul=0.90 p=0.90 c=0.80 derived
s4 context show:calc/__init__.py noul=0.07 p=0.07 c=0.86 derived
s4 context show:hypothesis/__init__.py noul=0.04 p=0.04 c=0.92 derived
s4 context show:hypothesis/strategies.py noul=0.04 p=0.04 c=0.92 derived
s4 context show:notes.txt noul=0.07 p=0.07 c=0.86 derived
s4 context show:pytest.ini noul=0.07 p=0.07 c=0.86 derived
s4 context show:README.md noul=0.04 p=0.04 c=0.92 derived
s4 context show:tests/test_core.py noul=0.34 p=0.34 c=0.32 derived
step 3/40  ⠋ context  wall 18m24s/30m  tokens gen 11.7k jev 31.1k  cost gen $0.033 jev $0.001 / cap $2.000
[?2026l[?2026h[2K[1A[2K[1A[2K[1A[2K[1A[2K[1A[2K[1A[2K[1A[2K[1A[2K[1A[2K[1A[2K[1A[2K[1A[2K[1A[2K[1A[2K[1A[2K[1A[2K[G────────────────────────────────────────────────────────────────────────────────────────────────────────────────────────
streaming action… 103 chars

s4 intent can_verify noul=0.25 p=0.25 c=0.50 derived
s4 intent can_fix_environment noul=0.02 p=0.02 c=0.96 derived
s4 intent can_finish noul=0.45 p=0.45 c=0.10 derived
s4 intent plan_still_valid noul=0.24 p=0.24 c=0.52 derived
s4 context show:calc/core.py noul=0.90 p=0.90 c=0.80 derived
s4 context show:calc/__init__.py noul=0.07 p=0.07 c=0.86 derived
s4 context show:hypothesis/__init__.py noul=0.04 p=0.04 c=0.92 derived
s4 context show:hypothesis/strategies.py noul=0.04 p=0.04 c=0.92 derived
s4 context show:notes.txt noul=0.07 p=0.07 c=0.86 derived
s4 context show:pytest.ini noul=0.07 p=0.07 c=0.86 derived
s4 context show:README.md noul=0.04 p=0.04 c=0.92 derived
s4 context show:tests/test_core.py noul=0.34 p=0.34 c=0.32 derived
step 3/40  ⠙ context  wall 18m24s/30m  tokens gen 11.7k jev 31.1k  cost gen $0.033 jev $0.001 / cap $2.000
[?2026l[?2026h[2K[1A[2K[1A[2K[1A[2K[1A[2K[1A[2K[1A[2K[1A[2K[1A[2K[1A[2K[1A[2K[1A[2K[1A[2K[1A[2K[1A[2K[1A[2K[1A[2K[G────────────────────────────────────────────────────────────────────────────────────────────────────────────────────────
streaming action… 103 chars

s4 intent can_verify noul=0.25 p=0.25 c=0.50 derived
s4 intent can_fix_environment noul=0.02 p=0.02 c=0.96 derived
s4 intent can_finish noul=0.45 p=0.45 c=0.10 derived
s4 intent plan_still_valid noul=0.24 p=0.24 c=0.52 derived
s4 context show:calc/core.py noul=0.90 p=0.90 c=0.80 derived
s4 context show:calc/__init__.py noul=0.07 p=0.07 c=0.86 derived
s4 context show:hypothesis/__init__.py noul=0.04 p=0.04 c=0.92 derived
s4 context show:hypothesis/strategies.py noul=0.04 p=0.04 c=0.92 derived
s4 context show:notes.txt noul=0.07 p=0.07 c=0.86 derived
s4 context show:pytest.ini noul=0.07 p=0.07 c=0.86 derived
s4 context show:README.md noul=0.04 p=0.04 c=0.92 derived
s4 context show:tests/test_core.py noul=0.34 p=0.34 c=0.32 derived
step 3/40  ⠹ context  wall 18m24s/30m  tokens gen 11.7k jev 31.1k  cost gen $0.033 jev $0.001 / cap $2.000
[?2026l[?2026h[2K[1A[2K[1A[2K[1A[2K[1A[2K[1A[2K[1A[2K[1A[2K[1A[2K[1A[2K[1A[2K[1A[2K[1A[2K[1A[2K[1A[2K[1A[2K[1A[2K[G────────────────────────────────────────────────────────────────────────────────────────────────────────────────────────
streaming action… 155 chars

s4 intent can_verify noul=0.25 p=0.25 c=0.50 derived
s4 intent can_fix_environment noul=0.02 p=0.02 c=0.96 derived
s4 intent can_finish noul=0.45 p=0.45 c=0.10 derived
s4 intent plan_still_valid noul=0.24 p=0.24 c=0.52 derived
s4 context show:calc/core.py noul=0.90 p=0.90 c=0.80 derived
s4 context show:calc/__init__.py noul=0.07 p=0.07 c=0.86 derived
s4 context show:hypothesis/__init__.py noul=0.04 p=0.04 c=0.92 derived
s4 context show:hypothesis/strategies.py noul=0.04 p=0.04 c=0.92 derived
s4 context show:notes.txt noul=0.07 p=0.07 c=0.86 derived
s4 context show:pytest.ini noul=0.07 p=0.07 c=0.86 derived
s4 context show:README.md noul=0.04 p=0.04 c=0.92 derived
s4 context show:tests/test_core.py noul=0.34 p=0.34 c=0.32 derived
step 3/40  ⠹ context  wall 18m24s/30m  tokens gen 11.7k jev 31.1k  cost gen $0.033 jev $0.001 / cap $2.000
[?2026l[?2026h[2K[1A[2K[1A[2K[1A[2K[1A[2K[1A[2K[1A[2K[1A[2K[1A[2K[1A[2K[1A[2K[1A[2K[1A[2K[1A[2K[1A[2K[1A[2K[1A[2K[G────────────────────────────────────────────────────────────────────────────────────────────────────────────────────────
streaming action… 176 chars

s4 intent can_verify noul=0.25 p=0.25 c=0.50 derived
s4 intent can_fix_environment noul=0.02 p=0.02 c=0.96 derived
s4 intent can_finish noul=0.45 p=0.45 c=0.10 derived
s4 intent plan_still_valid noul=0.24 p=0.24 c=0.52 derived
s4 context show:calc/core.py noul=0.90 p=0.90 c=0.80 derived
s4 context show:calc/__init__.py noul=0.07 p=0.07 c=0.86 derived
s4 context show:hypothesis/__init__.py noul=0.04 p=0.04 c=0.92 derived
s4 context show:hypothesis/strategies.py noul=0.04 p=0.04 c=0.92 derived
s4 context show:notes.txt noul=0.07 p=0.07 c=0.86 derived
s4 context show:pytest.ini noul=0.07 p=0.07 c=0.86 derived
s4 context show:README.md noul=0.04 p=0.04 c=0.92 derived
s4 context show:tests/test_core.py noul=0.34 p=0.34 c=0.32 derived
step 3/40  ⠹ context  wall 18m24s/30m  tokens gen 11.7k jev 31.1k  cost gen $0.033 jev $0.001 / cap $2.000
[?2026l[?2026h[2K[1A[2K[1A[2K[1A[2K[1A[2K[1A[2K[1A[2K[1A[2K[1A[2K[1A[2K[1A[2K[1A[2K[1A[2K[1A[2K[1A[2K[1A[2K[1A[2K[G────────────────────────────────────────────────────────────────────────────────────────────────────────────────────────
streaming action… 176 chars

s4 intent can_verify noul=0.25 p=0.25 c=0.50 derived
s4 intent can_fix_environment noul=0.02 p=0.02 c=0.96 derived
s4 intent can_finish noul=0.45 p=0.45 c=0.10 derived
s4 intent plan_still_valid noul=0.24 p=0.24 c=0.52 derived
s4 context show:calc/core.py noul=0.90 p=0.90 c=0.80 derived
s4 context show:calc/__init__.py noul=0.07 p=0.07 c=0.86 derived
s4 context show:hypothesis/__init__.py noul=0.04 p=0.04 c=0.92 derived
s4 context show:hypothesis/strategies.py noul=0.04 p=0.04 c=0.92 derived
s4 context show:notes.txt noul=0.07 p=0.07 c=0.86 derived
s4 context show:pytest.ini noul=0.07 p=0.07 c=0.86 derived
s4 context show:README.md noul=0.04 p=0.04 c=0.92 derived
s4 context show:tests/test_core.py noul=0.34 p=0.34 c=0.32 derived
step 3/40  ⠸ context  wall 18m24s/30m  tokens gen 11.7k jev 31.1k  cost gen $0.033 jev $0.001 / cap $2.000
[?2026l[?2026h[2K[1A[2K[1A[2K[1A[2K[1A[2K[1A[2K[1A[2K[1A[2K[1A[2K[1A[2K[1A[2K[1A[2K[1A[2K[1A[2K[1A[2K[1A[2K[1A[2K[G────────────────────────────────────────────────────────────────────────────────────────────────────────────────────────
streaming action… 203 chars

s4 intent can_verify noul=0.25 p=0.25 c=0.50 derived
s4 intent can_fix_environment noul=0.02 p=0.02 c=0.96 derived
s4 intent can_finish noul=0.45 p=0.45 c=0.10 derived
s4 intent plan_still_valid noul=0.24 p=0.24 c=0.52 derived
s4 context show:calc/core.py noul=0.90 p=0.90 c=0.80 derived
s4 context show:calc/__init__.py noul=0.07 p=0.07 c=0.86 derived
s4 context show:hypothesis/__init__.py noul=0.04 p=0.04 c=0.92 derived
s4 context show:hypothesis/strategies.py noul=0.04 p=0.04 c=0.92 derived
s4 context show:notes.txt noul=0.07 p=0.07 c=0.86 derived
s4 context show:pytest.ini noul=0.07 p=0.07 c=0.86 derived
s4 context show:README.md noul=0.04 p=0.04 c=0.92 derived
s4 context show:tests/test_core.py noul=0.34 p=0.34 c=0.32 derived
step 3/40  ⠸ context  wall 18m24s/30m  tokens gen 11.7k jev 31.1k  cost gen $0.033 jev $0.001 / cap $2.000
[?2026l[?2026h[2K[1A[2K[1A[2K[1A[2K[1A[2K[1A[2K[1A[2K[1A[2K[1A[2K[1A[2K[1A[2K[1A[2K[1A[2K[1A[2K[1A[2K[1A[2K[1A[2K[G────────────────────────────────────────────────────────────────────────────────────────────────────────────────────────
streaming action… 203 chars

s4 intent can_verify noul=0.25 p=0.25 c=0.50 derived
s4 intent can_fix_environment noul=0.02 p=0.02 c=0.96 derived
s4 intent can_finish noul=0.45 p=0.45 c=0.10 derived
s4 intent plan_still_valid noul=0.24 p=0.24 c=0.52 derived
s4 context show:calc/core.py noul=0.90 p=0.90 c=0.80 derived
s4 context show:calc/__init__.py noul=0.07 p=0.07 c=0.86 derived
s4 context show:hypothesis/__init__.py noul=0.04 p=0.04 c=0.92 derived
s4 context show:hypothesis/strategies.py noul=0.04 p=0.04 c=0.92 derived
s4 context show:notes.txt noul=0.07 p=0.07 c=0.86 derived
s4 context show:pytest.ini noul=0.07 p=0.07 c=0.86 derived
s4 context show:README.md noul=0.04 p=0.04 c=0.92 derived
s4 context show:tests/test_core.py noul=0.34 p=0.34 c=0.32 derived
step 3/40  ⠼ context  wall 18m24s/30m  tokens gen 11.7k jev 31.1k  cost gen $0.033 jev $0.001 / cap $2.000
[?2026l[?2026h[2K[1A[2K[1A[2K[1A[2K[1A[2K[1A[2K[1A[2K[1A[2K[1A[2K[1A[2K[1A[2K[1A[2K[1A[2K[1A[2K[1A[2K[1A[2K[1A[2K[G────────────────────────────────────────────────────────────────────────────────────────────────────────────────────────
streaming action… 229 chars

s4 intent can_verify noul=0.25 p=0.25 c=0.50 derived
s4 intent can_fix_environment noul=0.02 p=0.02 c=0.96 derived
s4 intent can_finish noul=0.45 p=0.45 c=0.10 derived
s4 intent plan_still_valid noul=0.24 p=0.24 c=0.52 derived
s4 context show:calc/core.py noul=0.90 p=0.90 c=0.80 derived
s4 context show:calc/__init__.py noul=0.07 p=0.07 c=0.86 derived
s4 context show:hypothesis/__init__.py noul=0.04 p=0.04 c=0.92 derived
s4 context show:hypothesis/strategies.py noul=0.04 p=0.04 c=0.92 derived
s4 context show:notes.txt noul=0.07 p=0.07 c=0.86 derived
s4 context show:pytest.ini noul=0.07 p=0.07 c=0.86 derived
s4 context show:README.md noul=0.04 p=0.04 c=0.92 derived
s4 context show:tests/test_core.py noul=0.34 p=0.34 c=0.32 derived
step 3/40  ⠼ context  wall 18m24s/30m  tokens gen 11.7k jev 31.1k  cost gen $0.033 jev $0.001 / cap $2.000
[?2026l[?2026h[2K[1A[2K[1A[2K[1A[2K[1A[2K[1A[2K[1A[2K[1A[2K[1A[2K[1A[2K[1A[2K[1A[2K[1A[2K[1A[2K[1A[2K[1A[2K[1A[2K[G────────────────────────────────────────────────────────────────────────────────────────────────────────────────────────
streaming action… 230 chars

s4 intent can_verify noul=0.25 p=0.25 c=0.50 derived
s4 intent can_fix_environment noul=0.02 p=0.02 c=0.96 derived
s4 intent can_finish noul=0.45 p=0.45 c=0.10 derived
s4 intent plan_still_valid noul=0.24 p=0.24 c=0.52 derived
s4 context show:calc/core.py noul=0.90 p=0.90 c=0.80 derived
s4 context show:calc/__init__.py noul=0.07 p=0.07 c=0.86 derived
s4 context show:hypothesis/__init__.py noul=0.04 p=0.04 c=0.92 derived
s4 context show:hypothesis/strategies.py noul=0.04 p=0.04 c=0.92 derived
s4 context show:notes.txt noul=0.07 p=0.07 c=0.86 derived
s4 context show:pytest.ini noul=0.07 p=0.07 c=0.86 derived
s4 context show:README.md noul=0.04 p=0.04 c=0.92 derived
s4 context show:tests/test_core.py noul=0.34 p=0.34 c=0.32 derived
step 3/40  ⠼ context  wall 18m24s/30m  tokens gen 11.7k jev 31.1k  cost gen $0.033 jev $0.001 / cap $2.000
[?2026l[?2026h[2K[1A[2K[1A[2K[1A[2K[1A[2K[1A[2K[1A[2K[1A[2K[1A[2K[1A[2K[1A[2K[1A[2K[1A[2K[1A[2K[1A[2K[1A[2K[1A[2K[G────────────────────────────────────────────────────────────────────────────────────────────────────────────────────────
streaming action… 230 chars

s4 intent can_verify noul=0.25 p=0.25 c=0.50 derived
s4 intent can_fix_environment noul=0.02 p=0.02 c=0.96 derived
s4 intent can_finish noul=0.45 p=0.45 c=0.10 derived
s4 intent plan_still_valid noul=0.24 p=0.24 c=0.52 derived
s4 context show:calc/core.py noul=0.90 p=0.90 c=0.80 derived
s4 context show:calc/__init__.py noul=0.07 p=0.07 c=0.86 derived
s4 context show:hypothesis/__init__.py noul=0.04 p=0.04 c=0.92 derived
s4 context show:hypothesis/strategies.py noul=0.04 p=0.04 c=0.92 derived
s4 context show:notes.txt noul=0.07 p=0.07 c=0.86 derived
s4 context show:pytest.ini noul=0.07 p=0.07 c=0.86 derived
s4 context show:README.md noul=0.04 p=0.04 c=0.92 derived
s4 context show:tests/test_core.py noul=0.34 p=0.34 c=0.32 derived
step 3/40  ⠴ context  wall 18m24s/30m  tokens gen 11.7k jev 31.1k  cost gen $0.033 jev $0.001 / cap $2.000
[?2026l[?2026h[2K[1A[2K[1A[2K[1A[2K[1A[2K[1A[2K[1A[2K[1A[2K[1A[2K[1A[2K[1A[2K[1A[2K[1A[2K[1A[2K[1A[2K[1A[2K[1A[2K[G────────────────────────────────────────────────────────────────────────────────────────────────────────────────────────
streaming action… 230 chars

s4 intent can_verify noul=0.25 p=0.25 c=0.50 derived
s4 intent can_fix_environment noul=0.02 p=0.02 c=0.96 derived
s4 intent can_finish noul=0.45 p=0.45 c=0.10 derived
s4 intent plan_still_valid noul=0.24 p=0.24 c=0.52 derived
s4 context show:calc/core.py noul=0.90 p=0.90 c=0.80 derived
s4 context show:calc/__init__.py noul=0.07 p=0.07 c=0.86 derived
s4 context show:hypothesis/__init__.py noul=0.04 p=0.04 c=0.92 derived
s4 context show:hypothesis/strategies.py noul=0.04 p=0.04 c=0.92 derived
s4 context show:notes.txt noul=0.07 p=0.07 c=0.86 derived
s4 context show:pytest.ini noul=0.07 p=0.07 c=0.86 derived
s4 context show:README.md noul=0.04 p=0.04 c=0.92 derived
s4 context show:tests/test_core.py noul=0.34 p=0.34 c=0.32 derived
step 3/40  ⠦ context  wall 18m24s/30m  tokens gen 11.7k jev 31.1k  cost gen $0.033 jev $0.001 / cap $2.000
[?2026l[?2026h[2K[1A[2K[1A[2K[1A[2K[1A[2K[1A[2K[1A[2K[1A[2K[1A[2K[1A[2K[1A[2K[1A[2K[1A[2K[1A[2K[1A[2K[1A[2K[1A[2K[G────────────────────────────────────────────────────────────────────────────────────────────────────────────────────────
streaming action… 230 chars

s4 intent can_verify noul=0.25 p=0.25 c=0.50 derived
s4 intent can_fix_environment noul=0.02 p=0.02 c=0.96 derived
s4 intent can_finish noul=0.45 p=0.45 c=0.10 derived
s4 intent plan_still_valid noul=0.24 p=0.24 c=0.52 derived
s4 context show:calc/core.py noul=0.90 p=0.90 c=0.80 derived
s4 context show:calc/__init__.py noul=0.07 p=0.07 c=0.86 derived
s4 context show:hypothesis/__init__.py noul=0.04 p=0.04 c=0.92 derived
s4 context show:hypothesis/strategies.py noul=0.04 p=0.04 c=0.92 derived
s4 context show:notes.txt noul=0.07 p=0.07 c=0.86 derived
s4 context show:pytest.ini noul=0.07 p=0.07 c=0.86 derived
s4 context show:README.md noul=0.04 p=0.04 c=0.92 derived
s4 context show:tests/test_core.py noul=0.34 p=0.34 c=0.32 derived
step 3/40  ⠧ context  wall 18m24s/30m  tokens gen 11.7k jev 31.1k  cost gen $0.033 jev $0.001 / cap $2.000
[?2026l[?2026h[2K[1A[2K[1A[2K[1A[2K[1A[2K[1A[2K[1A[2K[1A[2K[1A[2K[1A[2K[1A[2K[1A[2K[1A[2K[1A[2K[1A[2K[1A[2K[1A[2K[G────────────────────────────────────────────────────────────────────────────────────────────────────────────────────────
streaming action… 239 chars

s4 intent can_verify noul=0.25 p=0.25 c=0.50 derived
s4 intent can_fix_environment noul=0.02 p=0.02 c=0.96 derived
s4 intent can_finish noul=0.45 p=0.45 c=0.10 derived
s4 intent plan_still_valid noul=0.24 p=0.24 c=0.52 derived
s4 context show:calc/core.py noul=0.90 p=0.90 c=0.80 derived
s4 context show:calc/__init__.py noul=0.07 p=0.07 c=0.86 derived
s4 context show:hypothesis/__init__.py noul=0.04 p=0.04 c=0.92 derived
s4 context show:hypothesis/strategies.py noul=0.04 p=0.04 c=0.92 derived
s4 context show:notes.txt noul=0.07 p=0.07 c=0.86 derived
s4 context show:pytest.ini noul=0.07 p=0.07 c=0.86 derived
s4 context show:README.md noul=0.04 p=0.04 c=0.92 derived
s4 context show:tests/test_core.py noul=0.34 p=0.34 c=0.32 derived
step 3/40  ⠧ context  wall 18m24s/30m  tokens gen 11.7k jev 31.1k  cost gen $0.033 jev $0.001 / cap $2.000
[?2026l[?2026h[2K[1A[2K[1A[2K[1A[2K[1A[2K[1A[2K[1A[2K[1A[2K[1A[2K[1A[2K[1A[2K[1A[2K[1A[2K[1A[2K[1A[2K[1A[2K[1A[2K[G────────────────────────────────────────────────────────────────────────────────────────────────────────────────────────
streaming action… 239 chars

s4 intent can_verify noul=0.25 p=0.25 c=0.50 derived
s4 intent can_fix_environment noul=0.02 p=0.02 c=0.96 derived
s4 intent can_finish noul=0.45 p=0.45 c=0.10 derived
s4 intent plan_still_valid noul=0.24 p=0.24 c=0.52 derived
s4 context show:calc/core.py noul=0.90 p=0.90 c=0.80 derived
s4 context show:calc/__init__.py noul=0.07 p=0.07 c=0.86 derived
s4 context show:hypothesis/__init__.py noul=0.04 p=0.04 c=0.92 derived
s4 context show:hypothesis/strategies.py noul=0.04 p=0.04 c=0.92 derived
s4 context show:notes.txt noul=0.07 p=0.07 c=0.86 derived
s4 context show:pytest.ini noul=0.07 p=0.07 c=0.86 derived
s4 context show:README.md noul=0.04 p=0.04 c=0.92 derived
s4 context show:tests/test_core.py noul=0.34 p=0.34 c=0.32 derived
step 3/40  ⠇ context  wall 18m24s/30m  tokens gen 11.7k jev 31.1k  cost gen $0.033 jev $0.001 / cap $2.000
[?2026l[?2026h[2K[1A[2K[1A[2K[1A[2K[1A[2K[1A[2K[1A[2K[1A[2K[1A[2K[1A[2K[1A[2K[1A[2K[1A[2K[1A[2K[1A[2K[1A[2K[1A[2K[G────────────────────────────────────────────────────────────────────────────────────────────────────────────────────────
streaming action… 345 chars

s4 intent can_verify noul=0.25 p=0.25 c=0.50 derived
s4 intent can_fix_environment noul=0.02 p=0.02 c=0.96 derived
s4 intent can_finish noul=0.45 p=0.45 c=0.10 derived
s4 intent plan_still_valid noul=0.24 p=0.24 c=0.52 derived
s4 context show:calc/core.py noul=0.90 p=0.90 c=0.80 derived
s4 context show:calc/__init__.py noul=0.07 p=0.07 c=0.86 derived
s4 context show:hypothesis/__init__.py noul=0.04 p=0.04 c=0.92 derived
s4 context show:hypothesis/strategies.py noul=0.04 p=0.04 c=0.92 derived
s4 context show:notes.txt noul=0.07 p=0.07 c=0.86 derived
s4 context show:pytest.ini noul=0.07 p=0.07 c=0.86 derived
s4 context show:README.md noul=0.04 p=0.04 c=0.92 derived
s4 context show:tests/test_core.py noul=0.34 p=0.34 c=0.32 derived
step 3/40  ⠇ context  wall 18m24s/30m  tokens gen 11.7k jev 31.1k  cost gen $0.033 jev $0.001 / cap $2.000
[?2026l[?2026h[2K[1A[2K[1A[2K[1A[2K[1A[2K[1A[2K[1A[2K[1A[2K[1A[2K[1A[2K[1A[2K[1A[2K[1A[2K[1A[2K[1A[2K[1A[2K[1A[2K[G────────────────────────────────────────────────────────────────────────────────────────────────────────────────────────
streaming action… 345 chars

s4 intent can_verify noul=0.25 p=0.25 c=0.50 derived
s4 intent can_fix_environment noul=0.02 p=0.02 c=0.96 derived
s4 intent can_finish noul=0.45 p=0.45 c=0.10 derived
s4 intent plan_still_valid noul=0.24 p=0.24 c=0.52 derived
s4 context show:calc/core.py noul=0.90 p=0.90 c=0.80 derived
s4 context show:calc/__init__.py noul=0.07 p=0.07 c=0.86 derived
s4 context show:hypothesis/__init__.py noul=0.04 p=0.04 c=0.92 derived
s4 context show:hypothesis/strategies.py noul=0.04 p=0.04 c=0.92 derived
s4 context show:notes.txt noul=0.07 p=0.07 c=0.86 derived
s4 context show:pytest.ini noul=0.07 p=0.07 c=0.86 derived
s4 context show:README.md noul=0.04 p=0.04 c=0.92 derived
s4 context show:tests/test_core.py noul=0.34 p=0.34 c=0.32 derived
step 3/40  ⠏ context  wall 18m24s/30m  tokens gen 11.7k jev 31.1k  cost gen $0.033 jev $0.001 / cap $2.000
[?2026l[?2026h[2K[1A[2K[1A[2K[1A[2K[1A[2K[1A[2K[1A[2K[1A[2K[1A[2K[1A[2K[1A[2K[1A[2K[1A[2K[1A[2K[1A[2K[1A[2K[1A[2K[G────────────────────────────────────────────────────────────────────────────────────────────────────────────────────────
streaming action… 345 chars

s4 intent can_verify noul=0.25 p=0.25 c=0.50 derived
s4 intent can_fix_environment noul=0.02 p=0.02 c=0.96 derived
s4 intent can_finish noul=0.45 p=0.45 c=0.10 derived
s4 intent plan_still_valid noul=0.24 p=0.24 c=0.52 derived
s4 context show:calc/core.py noul=0.90 p=0.90 c=0.80 derived
s4 context show:calc/__init__.py noul=0.07 p=0.07 c=0.86 derived
s4 context show:hypothesis/__init__.py noul=0.04 p=0.04 c=0.92 derived
s4 context show:hypothesis/strategies.py noul=0.04 p=0.04 c=0.92 derived
s4 context show:notes.txt noul=0.07 p=0.07 c=0.86 derived
s4 context show:pytest.ini noul=0.07 p=0.07 c=0.86 derived
s4 context show:README.md noul=0.04 p=0.04 c=0.92 derived
s4 context show:tests/test_core.py noul=0.34 p=0.34 c=0.32 derived
step 3/40  ⠋ context  wall 18m24s/30m  tokens gen 11.7k jev 31.1k  cost gen $0.033 jev $0.001 / cap $2.000
[?2026l[?2026h[2K[1A[2K[1A[2K[1A[2K[1A[2K[1A[2K[1A[2K[1A[2K[1A[2K[1A[2K[1A[2K[1A[2K[1A[2K[1A[2K[1A[2K[1A[2K[1A[2K[G────────────────────────────────────────────────────────────────────────────────────────────────────────────────────────
streaming action… 427 chars

s4 intent can_verify noul=0.25 p=0.25 c=0.50 derived
s4 intent can_fix_environment noul=0.02 p=0.02 c=0.96 derived
s4 intent can_finish noul=0.45 p=0.45 c=0.10 derived
s4 intent plan_still_valid noul=0.24 p=0.24 c=0.52 derived
s4 context show:calc/core.py noul=0.90 p=0.90 c=0.80 derived
s4 context show:calc/__init__.py noul=0.07 p=0.07 c=0.86 derived
s4 context show:hypothesis/__init__.py noul=0.04 p=0.04 c=0.92 derived
s4 context show:hypothesis/strategies.py noul=0.04 p=0.04 c=0.92 derived
s4 context show:notes.txt noul=0.07 p=0.07 c=0.86 derived
s4 context show:pytest.ini noul=0.07 p=0.07 c=0.86 derived
s4 context show:README.md noul=0.04 p=0.04 c=0.92 derived
s4 context show:tests/test_core.py noul=0.34 p=0.34 c=0.32 derived
step 3/40  ⠋ context  wall 18m24s/30m  tokens gen 11.7k jev 31.1k  cost gen $0.033 jev $0.001 / cap $2.000
[?2026l[?2026h[2K[1A[2K[1A[2K[1A[2K[1A[2K[1A[2K[1A[2K[1A[2K[1A[2K[1A[2K[1A[2K[1A[2K[1A[2K[1A[2K[1A[2K[1A[2K[1A[2K[G────────────────────────────────────────────────────────────────────────────────────────────────────────────────────────
streaming action… 427 chars

s4 intent can_verify noul=0.25 p=0.25 c=0.50 derived
s4 intent can_fix_environment noul=0.02 p=0.02 c=0.96 derived
s4 intent can_finish noul=0.45 p=0.45 c=0.10 derived
s4 intent plan_still_valid noul=0.24 p=0.24 c=0.52 derived
s4 context show:calc/core.py noul=0.90 p=0.90 c=0.80 derived
s4 context show:calc/__init__.py noul=0.07 p=0.07 c=0.86 derived
s4 context show:hypothesis/__init__.py noul=0.04 p=0.04 c=0.92 derived
s4 context show:hypothesis/strategies.py noul=0.04 p=0.04 c=0.92 derived
s4 context show:notes.txt noul=0.07 p=0.07 c=0.86 derived
s4 context show:pytest.ini noul=0.07 p=0.07 c=0.86 derived
s4 context show:README.md noul=0.04 p=0.04 c=0.92 derived
s4 context show:tests/test_core.py noul=0.34 p=0.34 c=0.32 derived
step 3/40  ⠙ context  wall 18m24s/30m  tokens gen 11.7k jev 31.1k  cost gen $0.033 jev $0.001 / cap $2.000
[?2026l[?2026h[2K[1A[2K[1A[2K[1A[2K[1A[2K[1A[2K[1A[2K[1A[2K[1A[2K[1A[2K[1A[2K[1A[2K[1A[2K[1A[2K[1A[2K[1A[2K[1A[2K[G────────────────────────────────────────────────────────────────────────────────────────────────────────────────────────
streaming action… 452 chars

s4 intent can_verify noul=0.25 p=0.25 c=0.50 derived
s4 intent can_fix_environment noul=0.02 p=0.02 c=0.96 derived
s4 intent can_finish noul=0.45 p=0.45 c=0.10 derived
s4 intent plan_still_valid noul=0.24 p=0.24 c=0.52 derived
s4 context show:calc/core.py noul=0.90 p=0.90 c=0.80 derived
s4 context show:calc/__init__.py noul=0.07 p=0.07 c=0.86 derived
s4 context show:hypothesis/__init__.py noul=0.04 p=0.04 c=0.92 derived
s4 context show:hypothesis/strategies.py noul=0.04 p=0.04 c=0.92 derived
s4 context show:notes.txt noul=0.07 p=0.07 c=0.86 derived
s4 context show:pytest.ini noul=0.07 p=0.07 c=0.86 derived
s4 context show:README.md noul=0.04 p=0.04 c=0.92 derived
s4 context show:tests/test_core.py noul=0.34 p=0.34 c=0.32 derived
step 3/40  ⠙ context  wall 18m24s/30m  tokens gen 11.7k jev 31.1k  cost gen $0.033 jev $0.001 / cap $2.000
[?2026l[?2026h[2K[1A[2K[1A[2K[1A[2K[1A[2K[1A[2K[1A[2K[1A[2K[1A[2K[1A[2K[1A[2K[1A[2K[1A[2K[1A[2K[1A[2K[1A[2K[1A[2K[G────────────────────────────────────────────────────────────────────────────────────────────────────────────────────────
streaming action… 462 chars

s4 intent can_verify noul=0.25 p=0.25 c=0.50 derived
s4 intent can_fix_environment noul=0.02 p=0.02 c=0.96 derived
s4 intent can_finish noul=0.45 p=0.45 c=0.10 derived
s4 intent plan_still_valid noul=0.24 p=0.24 c=0.52 derived
s4 context show:calc/core.py noul=0.90 p=0.90 c=0.80 derived
s4 context show:calc/__init__.py noul=0.07 p=0.07 c=0.86 derived
s4 context show:hypothesis/__init__.py noul=0.04 p=0.04 c=0.92 derived
s4 context show:hypothesis/strategies.py noul=0.04 p=0.04 c=0.92 derived
s4 context show:notes.txt noul=0.07 p=0.07 c=0.86 derived
s4 context show:pytest.ini noul=0.07 p=0.07 c=0.86 derived
s4 context show:README.md noul=0.04 p=0.04 c=0.92 derived
s4 context show:tests/test_core.py noul=0.34 p=0.34 c=0.32 derived
step 3/40  ⠙ context  wall 18m24s/30m  tokens gen 11.7k jev 31.1k  cost gen $0.033 jev $0.001 / cap $2.000
[?2026l[?2026h[2K[1A[2K[1A[2K[1A[2K[1A[2K[1A[2K[1A[2K[1A[2K[1A[2K[1A[2K[1A[2K[1A[2K[1A[2K[1A[2K[1A[2K[1A[2K[1A[2K[G────────────────────────────────────────────────────────────────────────────────────────────────────────────────────────
streaming action… 462 chars

s4 intent can_verify noul=0.25 p=0.25 c=0.50 derived
s4 intent can_fix_environment noul=0.02 p=0.02 c=0.96 derived
s4 intent can_finish noul=0.45 p=0.45 c=0.10 derived
s4 intent plan_still_valid noul=0.24 p=0.24 c=0.52 derived
s4 context show:calc/core.py noul=0.90 p=0.90 c=0.80 derived
s4 context show:calc/__init__.py noul=0.07 p=0.07 c=0.86 derived
s4 context show:hypothesis/__init__.py noul=0.04 p=0.04 c=0.92 derived
s4 context show:hypothesis/strategies.py noul=0.04 p=0.04 c=0.92 derived
s4 context show:notes.txt noul=0.07 p=0.07 c=0.86 derived
s4 context show:pytest.ini noul=0.07 p=0.07 c=0.86 derived
s4 context show:README.md noul=0.04 p=0.04 c=0.92 derived
s4 context show:tests/test_core.py noul=0.34 p=0.34 c=0.32 derived
step 3/40  ⠹ context  wall 18m24s/30m  tokens gen 11.7k jev 31.1k  cost gen $0.033 jev $0.001 / cap $2.000
[?2026l[?2026h[2K[1A[2K[1A[2K[1A[2K[1A[2K[1A[2K[1A[2K[1A[2K[1A[2K[1A[2K[1A[2K[1A[2K[1A[2K[1A[2K[1A[2K[1A[2K[1A[2K[G────────────────────────────────────────────────────────────────────────────────────────────────────────────────────────
streaming action… 463 chars

s4 intent can_verify noul=0.25 p=0.25 c=0.50 derived
s4 intent can_fix_environment noul=0.02 p=0.02 c=0.96 derived
s4 intent can_finish noul=0.45 p=0.45 c=0.10 derived
s4 intent plan_still_valid noul=0.24 p=0.24 c=0.52 derived
s4 context show:calc/core.py noul=0.90 p=0.90 c=0.80 derived
s4 context show:calc/__init__.py noul=0.07 p=0.07 c=0.86 derived
s4 context show:hypothesis/__init__.py noul=0.04 p=0.04 c=0.92 derived
s4 context show:hypothesis/strategies.py noul=0.04 p=0.04 c=0.92 derived
s4 context show:notes.txt noul=0.07 p=0.07 c=0.86 derived
s4 context show:pytest.ini noul=0.07 p=0.07 c=0.86 derived
s4 context show:README.md noul=0.04 p=0.04 c=0.92 derived
s4 context show:tests/test_core.py noul=0.34 p=0.34 c=0.32 derived
step 3/40  ⠹ context  wall 18m24s/30m  tokens gen 11.7k jev 31.1k  cost gen $0.033 jev $0.001 / cap $2.000
[?2026l[?2026h[2K[1A[2K[1A[2K[1A[2K[1A[2K[1A[2K[1A[2K[1A[2K[1A[2K[1A[2K[1A[2K[1A[2K[1A[2K[1A[2K[1A[2K[1A[2K[1A[2K[G────────────────────────────────────────────────────────────────────────────────────────────────────────────────────────
streaming action… 463 chars

s4 intent can_verify noul=0.25 p=0.25 c=0.50 derived
s4 intent can_fix_environment noul=0.02 p=0.02 c=0.96 derived
s4 intent can_finish noul=0.45 p=0.45 c=0.10 derived
s4 intent plan_still_valid noul=0.24 p=0.24 c=0.52 derived
s4 context show:calc/core.py noul=0.90 p=0.90 c=0.80 derived
s4 context show:calc/__init__.py noul=0.07 p=0.07 c=0.86 derived
s4 context show:hypothesis/__init__.py noul=0.04 p=0.04 c=0.92 derived
s4 context show:hypothesis/strategies.py noul=0.04 p=0.04 c=0.92 derived
s4 context show:notes.txt noul=0.07 p=0.07 c=0.86 derived
s4 context show:pytest.ini noul=0.07 p=0.07 c=0.86 derived
s4 context show:README.md noul=0.04 p=0.04 c=0.92 derived
s4 context show:tests/test_core.py noul=0.34 p=0.34 c=0.32 derived
step 3/40  ⠸ context  wall 18m24s/30m  tokens gen 11.7k jev 31.1k  cost gen $0.033 jev $0.001 / cap $2.000
[?2026l[?2026h[2K[1A[2K[1A[2K[1A[2K[1A[2K[1A[2K[1A[2K[1A[2K[1A[2K[1A[2K[1A[2K[1A[2K[1A[2K[1A[2K[1A[2K[1A[2K[1A[2K[G[step 4] proposal run $ pytest -q: Confirm tests still pass after verifying all four functions already have one-line
docstrings. | plan done=2 remaining=1 open=0
pytest -q
────────────────────────────────────────────────────────────────────────────────────────────────────────────────────────


s4 intent can_verify noul=0.25 p=0.25 c=0.50 derived
s4 intent can_fix_environment noul=0.02 p=0.02 c=0.96 derived
s4 intent can_finish noul=0.45 p=0.45 c=0.10 derived
s4 intent plan_still_valid noul=0.24 p=0.24 c=0.52 derived
s4 context show:calc/core.py noul=0.90 p=0.90 c=0.80 derived
s4 context show:calc/__init__.py noul=0.07 p=0.07 c=0.86 derived
s4 context show:hypothesis/__init__.py noul=0.04 p=0.04 c=0.92 derived
s4 context show:hypothesis/strategies.py noul=0.04 p=0.04 c=0.92 derived
s4 context show:notes.txt noul=0.07 p=0.07 c=0.86 derived
s4 context show:pytest.ini noul=0.07 p=0.07 c=0.86 derived
s4 context show:README.md noul=0.04 p=0.04 c=0.92 derived
s4 context show:tests/test_core.py noul=0.34 p=0.34 c=0.32 derived
step 3/40  ⠸ propose  wall 18m28s/30m  tokens gen 16.1k jev 31.1k  cost gen $0.044 jev $0.001 / cap $2.000
[?2026l[?2026h[2K[1A[2K[1A[2K[1A[2K[1A[2K[1A[2K[1A[2K[1A[2K[1A[2K[1A[2K[1A[2K[1A[2K[1A[2K[1A[2K[1A[2K[1A[2K[1A[2K[G────────────────────────────────────────────────────────────────────────────────────────────────────────────────────────


s4 intent can_verify noul=0.25 p=0.25 c=0.50 derived
s4 intent can_fix_environment noul=0.02 p=0.02 c=0.96 derived
s4 intent can_finish noul=0.45 p=0.45 c=0.10 derived
s4 intent plan_still_valid noul=0.24 p=0.24 c=0.52 derived
s4 context show:calc/core.py noul=0.90 p=0.90 c=0.80 derived
s4 context show:calc/__init__.py noul=0.07 p=0.07 c=0.86 derived
s4 context show:hypothesis/__init__.py noul=0.04 p=0.04 c=0.92 derived
s4 context show:hypothesis/strategies.py noul=0.04 p=0.04 c=0.92 derived
s4 context show:notes.txt noul=0.07 p=0.07 c=0.86 derived
s4 context show:pytest.ini noul=0.07 p=0.07 c=0.86 derived
s4 context show:README.md noul=0.04 p=0.04 c=0.92 derived
s4 context show:tests/test_core.py noul=0.34 p=0.34 c=0.32 derived
step 3/40  ⠼ propose  wall 18m28s/30m  tokens gen 16.1k jev 31.1k  cost gen $0.044 jev $0.001 / cap $2.000
[?2026l[?2026h[2K[1A[2K[1A[2K[1A[2K[1A[2K[1A[2K[1A[2K[1A[2K[1A[2K[1A[2K[1A[2K[1A[2K[1A[2K[1A[2K[1A[2K[1A[2K[1A[2K[G────────────────────────────────────────────────────────────────────────────────────────────────────────────────────────


s4 intent can_verify noul=0.25 p=0.25 c=0.50 derived
s4 intent can_fix_environment noul=0.02 p=0.02 c=0.96 derived
s4 intent can_finish noul=0.45 p=0.45 c=0.10 derived
s4 intent plan_still_valid noul=0.24 p=0.24 c=0.52 derived
s4 context show:calc/core.py noul=0.90 p=0.90 c=0.80 derived
s4 context show:calc/__init__.py noul=0.07 p=0.07 c=0.86 derived
s4 context show:hypothesis/__init__.py noul=0.04 p=0.04 c=0.92 derived
s4 context show:hypothesis/strategies.py noul=0.04 p=0.04 c=0.92 derived
s4 context show:notes.txt noul=0.07 p=0.07 c=0.86 derived
s4 context show:pytest.ini noul=0.07 p=0.07 c=0.86 derived
s4 context show:README.md noul=0.04 p=0.04 c=0.92 derived
s4 context show:tests/test_core.py noul=0.34 p=0.34 c=0.32 derived
step 3/40  ⠴ propose  wall 18m28s/30m  tokens gen 16.1k jev 31.1k  cost gen $0.044 jev $0.001 / cap $2.000
[?2026l[?2026h[2K[1A[2K[1A[2K[1A[2K[1A[2K[1A[2K[1A[2K[1A[2K[1A[2K[1A[2K[1A[2K[1A[2K[1A[2K[1A[2K[1A[2K[1A[2K[1A[2K[G[step 4] risk=0.53 review: risk 0.53 (review) from plan_mismatch: 0.53 probability of level 3 or above; dominant level 3
 "ignores the plan's open problems, or claims completion (`done`) while `plan.remaining` is non-empty"; Jev confidence
0.00
────────────────────────────────────────────────────────────────────────────────────────────────────────────────────────


s4 context show:calc/__init__.py noul=0.07 p=0.07 c=0.86 derived
s4 context show:hypothesis/__init__.py noul=0.04 p=0.04 c=0.92 derived
s4 context show:hypothesis/strategies.py noul=0.04 p=0.04 c=0.92 derived
s4 context show:notes.txt noul=0.07 p=0.07 c=0.86 derived
s4 context show:pytest.ini noul=0.07 p=0.07 c=0.86 derived
s4 context show:README.md noul=0.04 p=0.04 c=0.92 derived
s4 context show:tests/test_core.py noul=0.34 p=0.34 c=0.32 derived
s4 risk destructive score=0.01 p=1.00 c=1.00 [review]
s4 risk out_of_scope score=0.36 p=0.71 c=0.69 [review]
s4 risk plan_mismatch score=2.09 p=0.39 c=0.00 [review]
s4 risk irreversible score=0 p=1.00 c=1.00 [review]
s4 risk matches_intent noul=0.52 p=0.52 c=0.04 derived
confirm 20260920-053858-sg4lrqn5:4 step 4: Confirm tests still pass after verifying all four functions already have one…
action: run $ pytest -q
destructive L0 p=1.00 r=0.00 c=1.00 | out_of_scope L0 p=0.71 r=0.01 c=0.69
plan_mismatch L3 p=0.39 r=0.53 c=0.00 | irreversible L0 p=1.00 r=0.00 c=1.00
reason: risk=0.53 risk 0.53 (review) from plan_mismatch: 0.53 probability of level 3 or above; dominant level 3 "ignore…
[y] approve  [n] decline
  pytest -q
step 3/40  ⠴ risk  wall 18m28s/30m  tokens gen 16.1k jev 33.7k  cost gen $0.044 jev $0.0
<<demo: answered y>>
01 / cap $2.000
[?2026l[?2026h[2K[1A[2K[1A[2K[1A[2K[1A[2K[1A[2K[1A[2K[1A[2K[1A[2K[1A[2K[1A[2K[1A[2K[1A[2K[1A[2K[1A[2K[1A[2K[1A[2K[1A[2K[1A[2K[1A[2K[1A[2K[1A[2K[1A[2K[1A[2K[G────────────────────────────────────────────────────────────────────────────────────────────────────────────────────────


s4 context show:calc/__init__.py noul=0.07 p=0.07 c=0.86 derived
s4 context show:hypothesis/__init__.py noul=0.04 p=0.04 c=0.92 derived
s4 context show:hypothesis/strategies.py noul=0.04 p=0.04 c=0.92 derived
s4 context show:notes.txt noul=0.07 p=0.07 c=0.86 derived
s4 context show:pytest.ini noul=0.07 p=0.07 c=0.86 derived
s4 context show:README.md noul=0.04 p=0.04 c=0.92 derived
s4 context show:tests/test_core.py noul=0.34 p=0.34 c=0.32 derived
s4 risk destructive score=0.01 p=1.00 c=1.00 [review]
s4 risk out_of_scope score=0.36 p=0.71 c=0.69 [review]
s4 risk plan_mismatch score=2.09 p=0.39 c=0.00 [review]
s4 risk irreversible score=0 p=1.00 c=1.00 [review]
s4 risk matches_intent noul=0.52 p=0.52 c=0.04 derived
confirm 20260920-053858-sg4lrqn5:4 step 4: Confirm tests still pass after verifying all four functions already have one…
action: run $ pytest -q
destructive L0 p=1.00 r=0.00 c=1.00 | out_of_scope L0 p=0.71 r=0.01 c=0.69
plan_mismatch L3 p=0.39 r=0.53 c=0.00 | irreversible L0 p=1.00 r=0.00 c=1.00
reason: risk=0.53 risk 0.53 (review) from plan_mismatch: 0.53 probability of level 3 or above; dominant level 3 "ignore…
[y] approve  [n] decline
  pytest -q
step 3/40  ⠦ risk  wall 18m28s/30m  tokens gen 16.1k jev 33.7k  cost gen $0.044 jev $0.001 / cap $2.000

<<demo: answered y>>
[?2026l[?2026h[2K[1A[2K[1A[2K[1A[2K[1A[2K[1A[2K[1A[2K[1A[2K[1A[2K[1A[2K[1A[2K[1A[2K[1A[2K[1A[2K[1A[2K[1A[2K[1A[2K[1A[2K[1A[2K[1A[2K[1A[2K[1A[2K[1A[2K[1A[2K[G[step 4] confirm 20260920-053858-sg4lrqn5:4 approved
────────────────────────────────────────────────────────────────────────────────────────────────────────────────────────


s4 context show:calc/__init__.py noul=0.07 p=0.07 c=0.86 derived
s4 context show:hypothesis/__init__.py noul=0.04 p=0.04 c=0.92 derived
s4 context show:hypothesis/strategies.py noul=0.04 p=0.04 c=0.92 derived
s4 context show:notes.txt noul=0.07 p=0.07 c=0.86 derived
s4 context show:pytest.ini noul=0.07 p=0.07 c=0.86 derived
s4 context show:README.md noul=0.04 p=0.04 c=0.92 derived
s4 context show:tests/test_core.py noul=0.34 p=0.34 c=0.32 derived
s4 risk destructive score=0.01 p=1.00 c=1.00 [review]
s4 risk out_of_scope score=0.36 p=0.71 c=0.69 [review]
s4 risk plan_mismatch score=2.09 p=0.39 c=0.00 [review]
s4 risk irreversible score=0 p=1.00 c=1.00 [review]
s4 risk matches_intent noul=0.52 p=0.52 c=0.04 derived
step 3/40  ⠧ risk  wall 18m28s/30m  tokens gen 16.1k jev 33.7k  cost gen $0.044 jev $0.001 / cap $2.000
[?2026l[?2026h[2K[1A[2K[1A[2K[1A[2K[1A[2K[1A[2K[1A[2K[1A[2K[1A[2K[1A[2K[1A[2K[1A[2K[1A[2K[1A[2K[1A[2K[1A[2K[1A[2K[G────────────────────────────────────────────────────────────────────────────────────────────────────────────────────────


s4 context show:calc/__init__.py noul=0.07 p=0.07 c=0.86 derived
s4 context show:hypothesis/__init__.py noul=0.04 p=0.04 c=0.92 derived
s4 context show:hypothesis/strategies.py noul=0.04 p=0.04 c=0.92 derived
s4 context show:notes.txt noul=0.07 p=0.07 c=0.86 derived
s4 context show:pytest.ini noul=0.07 p=0.07 c=0.86 derived
s4 context show:README.md noul=0.04 p=0.04 c=0.92 derived
s4 context show:tests/test_core.py noul=0.34 p=0.34 c=0.32 derived
s4 risk destructive score=0.01 p=1.00 c=1.00 [review]
s4 risk out_of_scope score=0.36 p=0.71 c=0.69 [review]
s4 risk plan_mismatch score=2.09 p=0.39 c=0.00 [review]
s4 risk irreversible score=0 p=1.00 c=1.00 [review]
s4 risk matches_intent noul=0.52 p=0.52 c=0.04 derived
step 3/40  ⠇ risk  wall 18m28s/30m  tokens gen 16.1k jev 33.7k  cost gen $0.044 jev $0.001 / cap $2.000
[?2026l[?2026h[2K[1A[2K[1A[2K[1A[2K[1A[2K[1A[2K[1A[2K[1A[2K[1A[2K[1A[2K[1A[2K[1A[2K[1A[2K[1A[2K[1A[2K[1A[2K[1A[2K[G────────────────────────────────────────────────────────────────────────────────────────────────────────────────────────


s4 context show:calc/__init__.py noul=0.07 p=0.07 c=0.86 derived
s4 context show:hypothesis/__init__.py noul=0.04 p=0.04 c=0.92 derived
s4 context show:hypothesis/strategies.py noul=0.04 p=0.04 c=0.92 derived
s4 context show:notes.txt noul=0.07 p=0.07 c=0.86 derived
s4 context show:pytest.ini noul=0.07 p=0.07 c=0.86 derived
s4 context show:README.md noul=0.04 p=0.04 c=0.92 derived
s4 context show:tests/test_core.py noul=0.34 p=0.34 c=0.32 derived
s4 risk destructive score=0.01 p=1.00 c=1.00 [review]
s4 risk out_of_scope score=0.36 p=0.71 c=0.69 [review]
s4 risk plan_mismatch score=2.09 p=0.39 c=0.00 [review]
s4 risk irreversible score=0 p=1.00 c=1.00 [review]
s4 risk matches_intent noul=0.52 p=0.52 c=0.04 derived
step 3/40  ⠏ risk  wall 18m28s/30m  tokens gen 16.1k jev 33.7k  cost gen $0.044 jev $0.001 / cap $2.000
[?2026l[?2026h[2K[1A[2K[1A[2K[1A[2K[1A[2K[1A[2K[1A[2K[1A[2K[1A[2K[1A[2K[1A[2K[1A[2K[1A[2K[1A[2K[1A[2K[1A[2K[1A[2K[G[step 4] outcome executed: exit 0 (exit 0, 151ms)
────────────────────────────────────────────────────────────────────────────────────────────────────────────────────────


s4 context show:calc/__init__.py noul=0.07 p=0.07 c=0.86 derived
s4 context show:hypothesis/__init__.py noul=0.04 p=0.04 c=0.92 derived
s4 context show:hypothesis/strategies.py noul=0.04 p=0.04 c=0.92 derived
s4 context show:notes.txt noul=0.07 p=0.07 c=0.86 derived
s4 context show:pytest.ini noul=0.07 p=0.07 c=0.86 derived
s4 context show:README.md noul=0.04 p=0.04 c=0.92 derived
s4 context show:tests/test_core.py noul=0.34 p=0.34 c=0.32 derived
s4 risk destructive score=0.01 p=1.00 c=1.00 [review]
s4 risk out_of_scope score=0.36 p=0.71 c=0.69 [review]
s4 risk plan_mismatch score=2.09 p=0.39 c=0.00 [review]
s4 risk irreversible score=0 p=1.00 c=1.00 [review]
s4 risk matches_intent noul=0.52 p=0.52 c=0.04 derived
step 3/40  ⠏ execute  wall 18m31s/30m  tokens gen 16.1k jev 33.7k  cost gen $0.044 jev $0.001 / cap $2.000
[?2026l[?2026h[2K[1A[2K[1A[2K[1A[2K[1A[2K[1A[2K[1A[2K[1A[2K[1A[2K[1A[2K[1A[2K[1A[2K[1A[2K[1A[2K[1A[2K[1A[2K[1A[2K[G────────────────────────────────────────────────────────────────────────────────────────────────────────────────────────


s4 context show:calc/__init__.py noul=0.07 p=0.07 c=0.86 derived
s4 context show:hypothesis/__init__.py noul=0.04 p=0.04 c=0.92 derived
s4 context show:hypothesis/strategies.py noul=0.04 p=0.04 c=0.92 derived
s4 context show:notes.txt noul=0.07 p=0.07 c=0.86 derived
s4 context show:pytest.ini noul=0.07 p=0.07 c=0.86 derived
s4 context show:README.md noul=0.04 p=0.04 c=0.92 derived
s4 context show:tests/test_core.py noul=0.34 p=0.34 c=0.32 derived
s4 risk destructive score=0.01 p=1.00 c=1.00 [review]
s4 risk out_of_scope score=0.36 p=0.71 c=0.69 [review]
s4 risk plan_mismatch score=2.09 p=0.39 c=0.00 [review]
s4 risk irreversible score=0 p=1.00 c=1.00 [review]
s4 risk matches_intent noul=0.52 p=0.52 c=0.04 derived
step 3/40  ⠋ execute  wall 18m31s/30m  tokens gen 16.1k jev 33.7k  cost gen $0.044 jev $0.001 / cap $2.000
[?2026l[?2026h[2K[1A[2K[1A[2K[1A[2K[1A[2K[1A[2K[1A[2K[1A[2K[1A[2K[1A[2K[1A[2K[1A[2K[1A[2K[1A[2K[1A[2K[1A[2K[1A[2K[G────────────────────────────────────────────────────────────────────────────────────────────────────────────────────────


s4 context show:calc/__init__.py noul=0.07 p=0.07 c=0.86 derived
s4 context show:hypothesis/__init__.py noul=0.04 p=0.04 c=0.92 derived
s4 context show:hypothesis/strategies.py noul=0.04 p=0.04 c=0.92 derived
s4 context show:notes.txt noul=0.07 p=0.07 c=0.86 derived
s4 context show:pytest.ini noul=0.07 p=0.07 c=0.86 derived
s4 context show:README.md noul=0.04 p=0.04 c=0.92 derived
s4 context show:tests/test_core.py noul=0.34 p=0.34 c=0.32 derived
s4 risk destructive score=0.01 p=1.00 c=1.00 [review]
s4 risk out_of_scope score=0.36 p=0.71 c=0.69 [review]
s4 risk plan_mismatch score=2.09 p=0.39 c=0.00 [review]
s4 risk irreversible score=0 p=1.00 c=1.00 [review]
s4 risk matches_intent noul=0.52 p=0.52 c=0.04 derived
step 3/40  ⠙ execute  wall 18m31s/30m  tokens gen 16.1k jev 33.7k  cost gen $0.044 jev $0.001 / cap $2.000
[?2026l[?2026h[2K[1A[2K[1A[2K[1A[2K[1A[2K[1A[2K[1A[2K[1A[2K[1A[2K[1A[2K[1A[2K[1A[2K[1A[2K[1A[2K[1A[2K[1A[2K[1A[2K[G[step 4] judge succeeded=0.55 error_present=0.04 new_info=0.05 tests=8p/0f/0e pass claims=2/2 completion=0.79
[step 4] plan done=3 remaining=5 unverified=1 problems=1
────────────────────────────────────────────────────────────────────────────────────────────────────────────────────────


s4 context show:tests/test_core.py noul=0.34 p=0.34 c=0.32 derived
s4 risk destructive score=0.01 p=1.00 c=1.00 [review]
s4 risk out_of_scope score=0.36 p=0.71 c=0.69 [review]
s4 risk plan_mismatch score=2.09 p=0.39 c=0.00 [review]
s4 risk irreversible score=0 p=1.00 c=1.00 [review]
s4 risk matches_intent noul=0.52 p=0.52 c=0.04 derived
s4 judge succeeded noul=0.55 p=0.55 c=0.10 derived
s4 judge error_present noul=0.04 p=0.04 c=0.92 derived
s4 judge new_information noul=0.05 p=0.05 c=0.90 derived
s4 judge done_0 noul=0.96 p=0.96 c=0.92 derived
s4 judge done_1 noul=0.81 p=0.81 c=0.62 derived
s4 complete task_complete noul=0.79 p=0.79 c=0.58 derived
step 4/40  ⠙ judge  wall 18m31s/30m  tokens gen 16.1k jev 37.2k  cost gen $0.044 jev $0.001 / cap $2.000
[?2026l[?2026h[2K[1A[2K[1A[2K[1A[2K[1A[2K[1A[2K[1A[2K[1A[2K[1A[2K[1A[2K[1A[2K[1A[2K[1A[2K[1A[2K[1A[2K[1A[2K[1A[2K[G────────────────────────────────────────────────────────────────────────────────────────────────────────────────────────


s4 context show:tests/test_core.py noul=0.34 p=0.34 c=0.32 derived
s4 risk destructive score=0.01 p=1.00 c=1.00 [review]
s4 risk out_of_scope score=0.36 p=0.71 c=0.69 [review]
s4 risk plan_mismatch score=2.09 p=0.39 c=0.00 [review]
s4 risk irreversible score=0 p=1.00 c=1.00 [review]
s4 risk matches_intent noul=0.52 p=0.52 c=0.04 derived
s4 judge succeeded noul=0.55 p=0.55 c=0.10 derived
s4 judge error_present noul=0.04 p=0.04 c=0.92 derived
s4 judge new_information noul=0.05 p=0.05 c=0.90 derived
s4 judge done_0 noul=0.96 p=0.96 c=0.92 derived
s4 judge done_1 noul=0.81 p=0.81 c=0.62 derived
s4 complete task_complete noul=0.79 p=0.79 c=0.58 derived
step 4/40  ⠹ judge  wall 18m31s/30m  tokens gen 16.1k jev 37.2k  cost gen $0.044 jev $0.001 / cap $2.000
[?2026l[?2026h[2K[1A[2K[1A[2K[1A[2K[1A[2K[1A[2K[1A[2K[1A[2K[1A[2K[1A[2K[1A[2K[1A[2K[1A[2K[1A[2K[1A[2K[1A[2K[1A[2K[G[step 5] intent=finish p=0.91 c=0.89
────────────────────────────────────────────────────────────────────────────────────────────────────────────────────────


s4 judge error_present noul=0.04 p=0.04 c=0.92 derived
s4 judge new_information noul=0.05 p=0.05 c=0.90 derived
s4 judge done_0 noul=0.96 p=0.96 c=0.92 derived
s4 judge done_1 noul=0.81 p=0.81 c=0.62 derived
s4 complete task_complete noul=0.79 p=0.79 c=0.58 derived
s5 intent intent choice=finish p=0.91 c=0.89 [chosen]
s5 intent can_investigate noul=0.15 p=0.15 c=0.70 derived
s5 intent can_edit noul=0.12 p=0.12 c=0.76 derived
s5 intent can_verify noul=0.23 p=0.23 c=0.54 derived
s5 intent can_fix_environment noul=0.02 p=0.02 c=0.96 derived
s5 intent can_finish noul=0.54 p=0.54 c=0.08 derived
s5 intent plan_still_valid noul=0.11 p=0.11 c=0.78 derived
step 4/40  ⠹ intent  wall 18m31s/30m  tokens gen 16.1k jev 40.7k  cost gen $0.044 jev $0.002 / cap $2.000
[?2026l[?2026h[2K[1A[2K[1A[2K[1A[2K[1A[2K[1A[2K[1A[2K[1A[2K[1A[2K[1A[2K[1A[2K[1A[2K[1A[2K[1A[2K[1A[2K[1A[2K[1A[2K[G────────────────────────────────────────────────────────────────────────────────────────────────────────────────────────


s4 judge error_present noul=0.04 p=0.04 c=0.92 derived
s4 judge new_information noul=0.05 p=0.05 c=0.90 derived
s4 judge done_0 noul=0.96 p=0.96 c=0.92 derived
s4 judge done_1 noul=0.81 p=0.81 c=0.62 derived
s4 complete task_complete noul=0.79 p=0.79 c=0.58 derived
s5 intent intent choice=finish p=0.91 c=0.89 [chosen]
s5 intent can_investigate noul=0.15 p=0.15 c=0.70 derived
s5 intent can_edit noul=0.12 p=0.12 c=0.76 derived
s5 intent can_verify noul=0.23 p=0.23 c=0.54 derived
s5 intent can_fix_environment noul=0.02 p=0.02 c=0.96 derived
s5 intent can_finish noul=0.54 p=0.54 c=0.08 derived
s5 intent plan_still_valid noul=0.11 p=0.11 c=0.78 derived
step 4/40  ⠸ intent  wall 18m31s/30m  tokens gen 16.1k jev 40.7k  cost gen $0.044 jev $0.002 / cap $2.000
[?2026l[?2026h[2K[1A[2K[1A[2K[1A[2K[1A[2K[1A[2K[1A[2K[1A[2K[1A[2K[1A[2K[1A[2K[1A[2K[1A[2K[1A[2K[1A[2K[1A[2K[1A[2K[G────────────────────────────────────────────────────────────────────────────────────────────────────────────────────────


s4 judge error_present noul=0.04 p=0.04 c=0.92 derived
s4 judge new_information noul=0.05 p=0.05 c=0.90 derived
s4 judge done_0 noul=0.96 p=0.96 c=0.92 derived
s4 judge done_1 noul=0.81 p=0.81 c=0.62 derived
s4 complete task_complete noul=0.79 p=0.79 c=0.58 derived
s5 intent intent choice=finish p=0.91 c=0.89 [chosen]
s5 intent can_investigate noul=0.15 p=0.15 c=0.70 derived
s5 intent can_edit noul=0.12 p=0.12 c=0.76 derived
s5 intent can_verify noul=0.23 p=0.23 c=0.54 derived
s5 intent can_fix_environment noul=0.02 p=0.02 c=0.96 derived
s5 intent can_finish noul=0.54 p=0.54 c=0.08 derived
s5 intent plan_still_valid noul=0.11 p=0.11 c=0.78 derived
step 4/40  ⠼ intent  wall 18m31s/30m  tokens gen 16.1k jev 40.7k  cost gen $0.044 jev $0.002 / cap $2.000
[?2026l[?2026h[2K[1A[2K[1A[2K[1A[2K[1A[2K[1A[2K[1A[2K[1A[2K[1A[2K[1A[2K[1A[2K[1A[2K[1A[2K[1A[2K[1A[2K[1A[2K[1A[2K[G────────────────────────────────────────────────────────────────────────────────────────────────────────────────────────


s4 judge error_present noul=0.04 p=0.04 c=0.92 derived
s4 judge new_information noul=0.05 p=0.05 c=0.90 derived
s4 judge done_0 noul=0.96 p=0.96 c=0.92 derived
s4 judge done_1 noul=0.81 p=0.81 c=0.62 derived
s4 complete task_complete noul=0.79 p=0.79 c=0.58 derived
s5 intent intent choice=finish p=0.91 c=0.89 [chosen]
s5 intent can_investigate noul=0.15 p=0.15 c=0.70 derived
s5 intent can_edit noul=0.12 p=0.12 c=0.76 derived
s5 intent can_verify noul=0.23 p=0.23 c=0.54 derived
s5 intent can_fix_environment noul=0.02 p=0.02 c=0.96 derived
s5 intent can_finish noul=0.54 p=0.54 c=0.08 derived
s5 intent plan_still_valid noul=0.11 p=0.11 c=0.78 derived
step 4/40  ⠴ intent  wall 18m31s/30m  tokens gen 16.1k jev 40.7k  cost gen $0.044 jev $0.002 / cap $2.000
[?2026l[?2026h[2K[1A[2K[1A[2K[1A[2K[1A[2K[1A[2K[1A[2K[1A[2K[1A[2K[1A[2K[1A[2K[1A[2K[1A[2K[1A[2K[1A[2K[1A[2K[1A[2K[G[step 5] context 0 files 0B of 8 candidates:
────────────────────────────────────────────────────────────────────────────────────────────────────────────────────────


s5 intent can_verify noul=0.23 p=0.23 c=0.54 derived
s5 intent can_fix_environment noul=0.02 p=0.02 c=0.96 derived
s5 intent can_finish noul=0.54 p=0.54 c=0.08 derived
s5 intent plan_still_valid noul=0.11 p=0.11 c=0.78 derived
s5 context show:calc/core.py noul=0.46 p=0.46 c=0.08 derived
s5 context show:calc/__init__.py noul=0.06 p=0.06 c=0.88 derived
s5 context show:hypothesis/__init__.py noul=0.04 p=0.04 c=0.92 derived
s5 context show:hypothesis/strategies.py noul=0.04 p=0.04 c=0.92 derived
s5 context show:notes.txt noul=0.06 p=0.06 c=0.88 derived
s5 context show:pytest.ini noul=0.06 p=0.06 c=0.88 derived
s5 context show:README.md noul=0.04 p=0.04 c=0.92 derived
s5 context show:tests/test_core.py noul=0.20 p=0.20 c=0.60 derived
step 4/40  ⠴ context  wall 18m31s/30m  tokens gen 16.1k jev 43.8k  cost gen $0.044 jev $0.002 / cap $2.000
[?2026l[?2026h[2K[1A[2K[1A[2K[1A[2K[1A[2K[1A[2K[1A[2K[1A[2K[1A[2K[1A[2K[1A[2K[1A[2K[1A[2K[1A[2K[1A[2K[1A[2K[1A[2K[G────────────────────────────────────────────────────────────────────────────────────────────────────────────────────────


s5 intent can_verify noul=0.23 p=0.23 c=0.54 derived
s5 intent can_fix_environment noul=0.02 p=0.02 c=0.96 derived
s5 intent can_finish noul=0.54 p=0.54 c=0.08 derived
s5 intent plan_still_valid noul=0.11 p=0.11 c=0.78 derived
s5 context show:calc/core.py noul=0.46 p=0.46 c=0.08 derived
s5 context show:calc/__init__.py noul=0.06 p=0.06 c=0.88 derived
s5 context show:hypothesis/__init__.py noul=0.04 p=0.04 c=0.92 derived
s5 context show:hypothesis/strategies.py noul=0.04 p=0.04 c=0.92 derived
s5 context show:notes.txt noul=0.06 p=0.06 c=0.88 derived
s5 context show:pytest.ini noul=0.06 p=0.06 c=0.88 derived
s5 context show:README.md noul=0.04 p=0.04 c=0.92 derived
s5 context show:tests/test_core.py noul=0.20 p=0.20 c=0.60 derived
step 4/40  ⠦ context  wall 18m31s/30m  tokens gen 16.1k jev 43.8k  cost gen $0.044 jev $0.002 / cap $2.000
[?2026l[?2026h[2K[1A[2K[1A[2K[1A[2K[1A[2K[1A[2K[1A[2K[1A[2K[1A[2K[1A[2K[1A[2K[1A[2K[1A[2K[1A[2K[1A[2K[1A[2K[1A[2K[G────────────────────────────────────────────────────────────────────────────────────────────────────────────────────────


s5 intent can_verify noul=0.23 p=0.23 c=0.54 derived
s5 intent can_fix_environment noul=0.02 p=0.02 c=0.96 derived
s5 intent can_finish noul=0.54 p=0.54 c=0.08 derived
s5 intent plan_still_valid noul=0.11 p=0.11 c=0.78 derived
s5 context show:calc/core.py noul=0.46 p=0.46 c=0.08 derived
s5 context show:calc/__init__.py noul=0.06 p=0.06 c=0.88 derived
s5 context show:hypothesis/__init__.py noul=0.04 p=0.04 c=0.92 derived
s5 context show:hypothesis/strategies.py noul=0.04 p=0.04 c=0.92 derived
s5 context show:notes.txt noul=0.06 p=0.06 c=0.88 derived
s5 context show:pytest.ini noul=0.06 p=0.06 c=0.88 derived
s5 context show:README.md noul=0.04 p=0.04 c=0.92 derived
s5 context show:tests/test_core.py noul=0.20 p=0.20 c=0.60 derived
step 4/40  ⠧ context  wall 18m31s/30m  tokens gen 16.1k jev 43.8k  cost gen $0.044 jev $0.002 / cap $2.000
[?2026l[?2026h[2K[1A[2K[1A[2K[1A[2K[1A[2K[1A[2K[1A[2K[1A[2K[1A[2K[1A[2K[1A[2K[1A[2K[1A[2K[1A[2K[1A[2K[1A[2K[1A[2K[G────────────────────────────────────────────────────────────────────────────────────────────────────────────────────────


s5 intent can_verify noul=0.23 p=0.23 c=0.54 derived
s5 intent can_fix_environment noul=0.02 p=0.02 c=0.96 derived
s5 intent can_finish noul=0.54 p=0.54 c=0.08 derived
s5 intent plan_still_valid noul=0.11 p=0.11 c=0.78 derived
s5 context show:calc/core.py noul=0.46 p=0.46 c=0.08 derived
s5 context show:calc/__init__.py noul=0.06 p=0.06 c=0.88 derived
s5 context show:hypothesis/__init__.py noul=0.04 p=0.04 c=0.92 derived
s5 context show:hypothesis/strategies.py noul=0.04 p=0.04 c=0.92 derived
s5 context show:notes.txt noul=0.06 p=0.06 c=0.88 derived
s5 context show:pytest.ini noul=0.06 p=0.06 c=0.88 derived
s5 context show:README.md noul=0.04 p=0.04 c=0.92 derived
s5 context show:tests/test_core.py noul=0.20 p=0.20 c=0.60 derived
step 4/40  ⠇ context  wall 18m31s/30m  tokens gen 16.1k jev 43.8k  cost gen $0.044 jev $0.002 / cap $2.000
[?2026l[?2026h[2K[1A[2K[1A[2K[1A[2K[1A[2K[1A[2K[1A[2K[1A[2K[1A[2K[1A[2K[1A[2K[1A[2K[1A[2K[1A[2K[1A[2K[1A[2K[1A[2K[G────────────────────────────────────────────────────────────────────────────────────────────────────────────────────────


s5 intent can_verify noul=0.23 p=0.23 c=0.54 derived
s5 intent can_fix_environment noul=0.02 p=0.02 c=0.96 derived
s5 intent can_finish noul=0.54 p=0.54 c=0.08 derived
s5 intent plan_still_valid noul=0.11 p=0.11 c=0.78 derived
s5 context show:calc/core.py noul=0.46 p=0.46 c=0.08 derived
s5 context show:calc/__init__.py noul=0.06 p=0.06 c=0.88 derived
s5 context show:hypothesis/__init__.py noul=0.04 p=0.04 c=0.92 derived
s5 context show:hypothesis/strategies.py noul=0.04 p=0.04 c=0.92 derived
s5 context show:notes.txt noul=0.06 p=0.06 c=0.88 derived
s5 context show:pytest.ini noul=0.06 p=0.06 c=0.88 derived
s5 context show:README.md noul=0.04 p=0.04 c=0.92 derived
s5 context show:tests/test_core.py noul=0.20 p=0.20 c=0.60 derived
step 4/40  ⠏ context  wall 18m31s/30m  tokens gen 16.1k jev 43.8k  cost gen $0.044 jev $0.002 / cap $2.000
[?2026l[?2026h[2K[1A[2K[1A[2K[1A[2K[1A[2K[1A[2K[1A[2K[1A[2K[1A[2K[1A[2K[1A[2K[1A[2K[1A[2K[1A[2K[1A[2K[1A[2K[1A[2K[G────────────────────────────────────────────────────────────────────────────────────────────────────────────────────────


s5 intent can_verify noul=0.23 p=0.23 c=0.54 derived
s5 intent can_fix_environment noul=0.02 p=0.02 c=0.96 derived
s5 intent can_finish noul=0.54 p=0.54 c=0.08 derived
s5 intent plan_still_valid noul=0.11 p=0.11 c=0.78 derived
s5 context show:calc/core.py noul=0.46 p=0.46 c=0.08 derived
s5 context show:calc/__init__.py noul=0.06 p=0.06 c=0.88 derived
s5 context show:hypothesis/__init__.py noul=0.04 p=0.04 c=0.92 derived
s5 context show:hypothesis/strategies.py noul=0.04 p=0.04 c=0.92 derived
s5 context show:notes.txt noul=0.06 p=0.06 c=0.88 derived
s5 context show:pytest.ini noul=0.06 p=0.06 c=0.88 derived
s5 context show:README.md noul=0.04 p=0.04 c=0.92 derived
s5 context show:tests/test_core.py noul=0.20 p=0.20 c=0.60 derived
step 4/40  ⠋ context  wall 18m31s/30m  tokens gen 16.1k jev 43.8k  cost gen $0.044 jev $0.002 / cap $2.000
[?2026l[?2026h[2K[1A[2K[1A[2K[1A[2K[1A[2K[1A[2K[1A[2K[1A[2K[1A[2K[1A[2K[1A[2K[1A[2K[1A[2K[1A[2K[1A[2K[1A[2K[1A[2K[G────────────────────────────────────────────────────────────────────────────────────────────────────────────────────────


s5 intent can_verify noul=0.23 p=0.23 c=0.54 derived
s5 intent can_fix_environment noul=0.02 p=0.02 c=0.96 derived
s5 intent can_finish noul=0.54 p=0.54 c=0.08 derived
s5 intent plan_still_valid noul=0.11 p=0.11 c=0.78 derived
s5 context show:calc/core.py noul=0.46 p=0.46 c=0.08 derived
s5 context show:calc/__init__.py noul=0.06 p=0.06 c=0.88 derived
s5 context show:hypothesis/__init__.py noul=0.04 p=0.04 c=0.92 derived
s5 context show:hypothesis/strategies.py noul=0.04 p=0.04 c=0.92 derived
s5 context show:notes.txt noul=0.06 p=0.06 c=0.88 derived
s5 context show:pytest.ini noul=0.06 p=0.06 c=0.88 derived
s5 context show:README.md noul=0.04 p=0.04 c=0.92 derived
s5 context show:tests/test_core.py noul=0.20 p=0.20 c=0.60 derived
step 4/40  ⠙ context  wall 18m31s/30m  tokens gen 16.1k jev 43.8k  cost gen $0.044 jev $0.002 / cap $2.000
[?2026l[?2026h[2K[1A[2K[1A[2K[1A[2K[1A[2K[1A[2K[1A[2K[1A[2K[1A[2K[1A[2K[1A[2K[1A[2K[1A[2K[1A[2K[1A[2K[1A[2K[1A[2K[G────────────────────────────────────────────────────────────────────────────────────────────────────────────────────────


s5 intent can_verify noul=0.23 p=0.23 c=0.54 derived
s5 intent can_fix_environment noul=0.02 p=0.02 c=0.96 derived
s5 intent can_finish noul=0.54 p=0.54 c=0.08 derived
s5 intent plan_still_valid noul=0.11 p=0.11 c=0.78 derived
s5 context show:calc/core.py noul=0.46 p=0.46 c=0.08 derived
s5 context show:calc/__init__.py noul=0.06 p=0.06 c=0.88 derived
s5 context show:hypothesis/__init__.py noul=0.04 p=0.04 c=0.92 derived
s5 context show:hypothesis/strategies.py noul=0.04 p=0.04 c=0.92 derived
s5 context show:notes.txt noul=0.06 p=0.06 c=0.88 derived
s5 context show:pytest.ini noul=0.06 p=0.06 c=0.88 derived
s5 context show:README.md noul=0.04 p=0.04 c=0.92 derived
s5 context show:tests/test_core.py noul=0.20 p=0.20 c=0.60 derived
step 4/40  ⠹ context  wall 18m31s/30m  tokens gen 16.1k jev 43.8k  cost gen $0.044 jev $0.002 / cap $2.000
[?2026l[?2026h[2K[1A[2K[1A[2K[1A[2K[1A[2K[1A[2K[1A[2K[1A[2K[1A[2K[1A[2K[1A[2K[1A[2K[1A[2K[1A[2K[1A[2K[1A[2K[1A[2K[G────────────────────────────────────────────────────────────────────────────────────────────────────────────────────────


s5 intent can_verify noul=0.23 p=0.23 c=0.54 derived
s5 intent can_fix_environment noul=0.02 p=0.02 c=0.96 derived
s5 intent can_finish noul=0.54 p=0.54 c=0.08 derived
s5 intent plan_still_valid noul=0.11 p=0.11 c=0.78 derived
s5 context show:calc/core.py noul=0.46 p=0.46 c=0.08 derived
s5 context show:calc/__init__.py noul=0.06 p=0.06 c=0.88 derived
s5 context show:hypothesis/__init__.py noul=0.04 p=0.04 c=0.92 derived
s5 context show:hypothesis/strategies.py noul=0.04 p=0.04 c=0.92 derived
s5 context show:notes.txt noul=0.06 p=0.06 c=0.88 derived
s5 context show:pytest.ini noul=0.06 p=0.06 c=0.88 derived
s5 context show:README.md noul=0.04 p=0.04 c=0.92 derived
s5 context show:tests/test_core.py noul=0.20 p=0.20 c=0.60 derived
step 4/40  ⠸ context  wall 18m31s/30m  tokens gen 16.1k jev 43.8k  cost gen $0.044 jev $0.002 / cap $2.000
[?2026l[?2026h[2K[1A[2K[1A[2K[1A[2K[1A[2K[1A[2K[1A[2K[1A[2K[1A[2K[1A[2K[1A[2K[1A[2K[1A[2K[1A[2K[1A[2K[1A[2K[1A[2K[G────────────────────────────────────────────────────────────────────────────────────────────────────────────────────────


s5 intent can_verify noul=0.23 p=0.23 c=0.54 derived
s5 intent can_fix_environment noul=0.02 p=0.02 c=0.96 derived
s5 intent can_finish noul=0.54 p=0.54 c=0.08 derived
s5 intent plan_still_valid noul=0.11 p=0.11 c=0.78 derived
s5 context show:calc/core.py noul=0.46 p=0.46 c=0.08 derived
s5 context show:calc/__init__.py noul=0.06 p=0.06 c=0.88 derived
s5 context show:hypothesis/__init__.py noul=0.04 p=0.04 c=0.92 derived
s5 context show:hypothesis/strategies.py noul=0.04 p=0.04 c=0.92 derived
s5 context show:notes.txt noul=0.06 p=0.06 c=0.88 derived
s5 context show:pytest.ini noul=0.06 p=0.06 c=0.88 derived
s5 context show:README.md noul=0.04 p=0.04 c=0.92 derived
s5 context show:tests/test_core.py noul=0.20 p=0.20 c=0.60 derived
step 4/40  ⠼ context  wall 18m31s/30m  tokens gen 16.1k jev 43.8k  cost gen $0.044 jev $0.002 / cap $2.000
[?2026l[?2026h[2K[1A[2K[1A[2K[1A[2K[1A[2K[1A[2K[1A[2K[1A[2K[1A[2K[1A[2K[1A[2K[1A[2K[1A[2K[1A[2K[1A[2K[1A[2K[1A[2K[G────────────────────────────────────────────────────────────────────────────────────────────────────────────────────────


s5 intent can_verify noul=0.23 p=0.23 c=0.54 derived
s5 intent can_fix_environment noul=0.02 p=0.02 c=0.96 derived
s5 intent can_finish noul=0.54 p=0.54 c=0.08 derived
s5 intent plan_still_valid noul=0.11 p=0.11 c=0.78 derived
s5 context show:calc/core.py noul=0.46 p=0.46 c=0.08 derived
s5 context show:calc/__init__.py noul=0.06 p=0.06 c=0.88 derived
s5 context show:hypothesis/__init__.py noul=0.04 p=0.04 c=0.92 derived
s5 context show:hypothesis/strategies.py noul=0.04 p=0.04 c=0.92 derived
s5 context show:notes.txt noul=0.06 p=0.06 c=0.88 derived
s5 context show:pytest.ini noul=0.06 p=0.06 c=0.88 derived
s5 context show:README.md noul=0.04 p=0.04 c=0.92 derived
s5 context show:tests/test_core.py noul=0.20 p=0.20 c=0.60 derived
step 4/40  ⠴ context  wall 18m31s/30m  tokens gen 16.1k jev 43.8k  cost gen $0.044 jev $0.002 / cap $2.000
[?2026l[?2026h[2K[1A[2K[1A[2K[1A[2K[1A[2K[1A[2K[1A[2K[1A[2K[1A[2K[1A[2K[1A[2K[1A[2K[1A[2K[1A[2K[1A[2K[1A[2K[1A[2K[G────────────────────────────────────────────────────────────────────────────────────────────────────────────────────────


s5 intent can_verify noul=0.23 p=0.23 c=0.54 derived
s5 intent can_fix_environment noul=0.02 p=0.02 c=0.96 derived
s5 intent can_finish noul=0.54 p=0.54 c=0.08 derived
s5 intent plan_still_valid noul=0.11 p=0.11 c=0.78 derived
s5 context show:calc/core.py noul=0.46 p=0.46 c=0.08 derived
s5 context show:calc/__init__.py noul=0.06 p=0.06 c=0.88 derived
s5 context show:hypothesis/__init__.py noul=0.04 p=0.04 c=0.92 derived
s5 context show:hypothesis/strategies.py noul=0.04 p=0.04 c=0.92 derived
s5 context show:notes.txt noul=0.06 p=0.06 c=0.88 derived
s5 context show:pytest.ini noul=0.06 p=0.06 c=0.88 derived
s5 context show:README.md noul=0.04 p=0.04 c=0.92 derived
s5 context show:tests/test_core.py noul=0.20 p=0.20 c=0.60 derived
step 4/40  ⠦ context  wall 18m31s/30m  tokens gen 16.1k jev 43.8k  cost gen $0.044 jev $0.002 / cap $2.000
[?2026l[?2026h[2K[1A[2K[1A[2K[1A[2K[1A[2K[1A[2K[1A[2K[1A[2K[1A[2K[1A[2K[1A[2K[1A[2K[1A[2K[1A[2K[1A[2K[1A[2K[1A[2K[G────────────────────────────────────────────────────────────────────────────────────────────────────────────────────────


s5 intent can_verify noul=0.23 p=0.23 c=0.54 derived
s5 intent can_fix_environment noul=0.02 p=0.02 c=0.96 derived
s5 intent can_finish noul=0.54 p=0.54 c=0.08 derived
s5 intent plan_still_valid noul=0.11 p=0.11 c=0.78 derived
s5 context show:calc/core.py noul=0.46 p=0.46 c=0.08 derived
s5 context show:calc/__init__.py noul=0.06 p=0.06 c=0.88 derived
s5 context show:hypothesis/__init__.py noul=0.04 p=0.04 c=0.92 derived
s5 context show:hypothesis/strategies.py noul=0.04 p=0.04 c=0.92 derived
s5 context show:notes.txt noul=0.06 p=0.06 c=0.88 derived
s5 context show:pytest.ini noul=0.06 p=0.06 c=0.88 derived
s5 context show:README.md noul=0.04 p=0.04 c=0.92 derived
s5 context show:tests/test_core.py noul=0.20 p=0.20 c=0.60 derived
step 4/40  ⠧ context  wall 18m31s/30m  tokens gen 16.1k jev 43.8k  cost gen $0.044 jev $0.002 / cap $2.000
[?2026l[?2026h[2K[1A[2K[1A[2K[1A[2K[1A[2K[1A[2K[1A[2K[1A[2K[1A[2K[1A[2K[1A[2K[1A[2K[1A[2K[1A[2K[1A[2K[1A[2K[1A[2K[G────────────────────────────────────────────────────────────────────────────────────────────────────────────────────────
streaming action… 52 chars

s5 intent can_verify noul=0.23 p=0.23 c=0.54 derived
s5 intent can_fix_environment noul=0.02 p=0.02 c=0.96 derived
s5 intent can_finish noul=0.54 p=0.54 c=0.08 derived
s5 intent plan_still_valid noul=0.11 p=0.11 c=0.78 derived
s5 context show:calc/core.py noul=0.46 p=0.46 c=0.08 derived
s5 context show:calc/__init__.py noul=0.06 p=0.06 c=0.88 derived
s5 context show:hypothesis/__init__.py noul=0.04 p=0.04 c=0.92 derived
s5 context show:hypothesis/strategies.py noul=0.04 p=0.04 c=0.92 derived
s5 context show:notes.txt noul=0.06 p=0.06 c=0.88 derived
s5 context show:pytest.ini noul=0.06 p=0.06 c=0.88 derived
s5 context show:README.md noul=0.04 p=0.04 c=0.92 derived
s5 context show:tests/test_core.py noul=0.20 p=0.20 c=0.60 derived
step 4/40  ⠧ context  wall 18m31s/30m  tokens gen 16.1k jev 43.8k  cost gen $0.044 jev $0.002 / cap $2.000
[?2026l[?2026h[2K[1A[2K[1A[2K[1A[2K[1A[2K[1A[2K[1A[2K[1A[2K[1A[2K[1A[2K[1A[2K[1A[2K[1A[2K[1A[2K[1A[2K[1A[2K[1A[2K[G────────────────────────────────────────────────────────────────────────────────────────────────────────────────────────
streaming action… 52 chars

s5 intent can_verify noul=0.23 p=0.23 c=0.54 derived
s5 intent can_fix_environment noul=0.02 p=0.02 c=0.96 derived
s5 intent can_finish noul=0.54 p=0.54 c=0.08 derived
s5 intent plan_still_valid noul=0.11 p=0.11 c=0.78 derived
s5 context show:calc/core.py noul=0.46 p=0.46 c=0.08 derived
s5 context show:calc/__init__.py noul=0.06 p=0.06 c=0.88 derived
s5 context show:hypothesis/__init__.py noul=0.04 p=0.04 c=0.92 derived
s5 context show:hypothesis/strategies.py noul=0.04 p=0.04 c=0.92 derived
s5 context show:notes.txt noul=0.06 p=0.06 c=0.88 derived
s5 context show:pytest.ini noul=0.06 p=0.06 c=0.88 derived
s5 context show:README.md noul=0.04 p=0.04 c=0.92 derived
s5 context show:tests/test_core.py noul=0.20 p=0.20 c=0.60 derived
step 4/40  ⠇ context  wall 18m31s/30m  tokens gen 16.1k jev 43.8k  cost gen $0.044 jev $0.002 / cap $2.000
[?2026l[?2026h[2K[1A[2K[1A[2K[1A[2K[1A[2K[1A[2K[1A[2K[1A[2K[1A[2K[1A[2K[1A[2K[1A[2K[1A[2K[1A[2K[1A[2K[1A[2K[1A[2K[G────────────────────────────────────────────────────────────────────────────────────────────────────────────────────────
streaming action… 52 chars

s5 intent can_verify noul=0.23 p=0.23 c=0.54 derived
s5 intent can_fix_environment noul=0.02 p=0.02 c=0.96 derived
s5 intent can_finish noul=0.54 p=0.54 c=0.08 derived
s5 intent plan_still_valid noul=0.11 p=0.11 c=0.78 derived
s5 context show:calc/core.py noul=0.46 p=0.46 c=0.08 derived
s5 context show:calc/__init__.py noul=0.06 p=0.06 c=0.88 derived
s5 context show:hypothesis/__init__.py noul=0.04 p=0.04 c=0.92 derived
s5 context show:hypothesis/strategies.py noul=0.04 p=0.04 c=0.92 derived
s5 context show:notes.txt noul=0.06 p=0.06 c=0.88 derived
s5 context show:pytest.ini noul=0.06 p=0.06 c=0.88 derived
s5 context show:README.md noul=0.04 p=0.04 c=0.92 derived
s5 context show:tests/test_core.py noul=0.20 p=0.20 c=0.60 derived
step 4/40  ⠏ context  wall 18m31s/30m  tokens gen 16.1k jev 43.8k  cost gen $0.044 jev $0.002 / cap $2.000
[?2026l[?2026h[2K[1A[2K[1A[2K[1A[2K[1A[2K[1A[2K[1A[2K[1A[2K[1A[2K[1A[2K[1A[2K[1A[2K[1A[2K[1A[2K[1A[2K[1A[2K[1A[2K[G────────────────────────────────────────────────────────────────────────────────────────────────────────────────────────
streaming action… 100 chars

s5 intent can_verify noul=0.23 p=0.23 c=0.54 derived
s5 intent can_fix_environment noul=0.02 p=0.02 c=0.96 derived
s5 intent can_finish noul=0.54 p=0.54 c=0.08 derived
s5 intent plan_still_valid noul=0.11 p=0.11 c=0.78 derived
s5 context show:calc/core.py noul=0.46 p=0.46 c=0.08 derived
s5 context show:calc/__init__.py noul=0.06 p=0.06 c=0.88 derived
s5 context show:hypothesis/__init__.py noul=0.04 p=0.04 c=0.92 derived
s5 context show:hypothesis/strategies.py noul=0.04 p=0.04 c=0.92 derived
s5 context show:notes.txt noul=0.06 p=0.06 c=0.88 derived
s5 context show:pytest.ini noul=0.06 p=0.06 c=0.88 derived
s5 context show:README.md noul=0.04 p=0.04 c=0.92 derived
s5 context show:tests/test_core.py noul=0.20 p=0.20 c=0.60 derived
step 4/40  ⠏ context  wall 18m31s/30m  tokens gen 16.1k jev 43.8k  cost gen $0.044 jev $0.002 / cap $2.000
[?2026l[?2026h[2K[1A[2K[1A[2K[1A[2K[1A[2K[1A[2K[1A[2K[1A[2K[1A[2K[1A[2K[1A[2K[1A[2K[1A[2K[1A[2K[1A[2K[1A[2K[1A[2K[G────────────────────────────────────────────────────────────────────────────────────────────────────────────────────────
streaming action… 100 chars

s5 intent can_verify noul=0.23 p=0.23 c=0.54 derived
s5 intent can_fix_environment noul=0.02 p=0.02 c=0.96 derived
s5 intent can_finish noul=0.54 p=0.54 c=0.08 derived
s5 intent plan_still_valid noul=0.11 p=0.11 c=0.78 derived
s5 context show:calc/core.py noul=0.46 p=0.46 c=0.08 derived
s5 context show:calc/__init__.py noul=0.06 p=0.06 c=0.88 derived
s5 context show:hypothesis/__init__.py noul=0.04 p=0.04 c=0.92 derived
s5 context show:hypothesis/strategies.py noul=0.04 p=0.04 c=0.92 derived
s5 context show:notes.txt noul=0.06 p=0.06 c=0.88 derived
s5 context show:pytest.ini noul=0.06 p=0.06 c=0.88 derived
s5 context show:README.md noul=0.04 p=0.04 c=0.92 derived
s5 context show:tests/test_core.py noul=0.20 p=0.20 c=0.60 derived
step 4/40  ⠋ context  wall 18m31s/30m  tokens gen 16.1k jev 43.8k  cost gen $0.044 jev $0.002 / cap $2.000
[?2026l[?2026h[2K[1A[2K[1A[2K[1A[2K[1A[2K[1A[2K[1A[2K[1A[2K[1A[2K[1A[2K[1A[2K[1A[2K[1A[2K[1A[2K[1A[2K[1A[2K[1A[2K[G────────────────────────────────────────────────────────────────────────────────────────────────────────────────────────
streaming action… 149 chars

s5 intent can_verify noul=0.23 p=0.23 c=0.54 derived
s5 intent can_fix_environment noul=0.02 p=0.02 c=0.96 derived
s5 intent can_finish noul=0.54 p=0.54 c=0.08 derived
s5 intent plan_still_valid noul=0.11 p=0.11 c=0.78 derived
s5 context show:calc/core.py noul=0.46 p=0.46 c=0.08 derived
s5 context show:calc/__init__.py noul=0.06 p=0.06 c=0.88 derived
s5 context show:hypothesis/__init__.py noul=0.04 p=0.04 c=0.92 derived
s5 context show:hypothesis/strategies.py noul=0.04 p=0.04 c=0.92 derived
s5 context show:notes.txt noul=0.06 p=0.06 c=0.88 derived
s5 context show:pytest.ini noul=0.06 p=0.06 c=0.88 derived
s5 context show:README.md noul=0.04 p=0.04 c=0.92 derived
s5 context show:tests/test_core.py noul=0.20 p=0.20 c=0.60 derived
step 4/40  ⠋ context  wall 18m31s/30m  tokens gen 16.1k jev 43.8k  cost gen $0.044 jev $0.002 / cap $2.000
[?2026l[?2026h[2K[1A[2K[1A[2K[1A[2K[1A[2K[1A[2K[1A[2K[1A[2K[1A[2K[1A[2K[1A[2K[1A[2K[1A[2K[1A[2K[1A[2K[1A[2K[1A[2K[G────────────────────────────────────────────────────────────────────────────────────────────────────────────────────────
streaming action… 183 chars

s5 intent can_verify noul=0.23 p=0.23 c=0.54 derived
s5 intent can_fix_environment noul=0.02 p=0.02 c=0.96 derived
s5 intent can_finish noul=0.54 p=0.54 c=0.08 derived
s5 intent plan_still_valid noul=0.11 p=0.11 c=0.78 derived
s5 context show:calc/core.py noul=0.46 p=0.46 c=0.08 derived
s5 context show:calc/__init__.py noul=0.06 p=0.06 c=0.88 derived
s5 context show:hypothesis/__init__.py noul=0.04 p=0.04 c=0.92 derived
s5 context show:hypothesis/strategies.py noul=0.04 p=0.04 c=0.92 derived
s5 context show:notes.txt noul=0.06 p=0.06 c=0.88 derived
s5 context show:pytest.ini noul=0.06 p=0.06 c=0.88 derived
s5 context show:README.md noul=0.04 p=0.04 c=0.92 derived
s5 context show:tests/test_core.py noul=0.20 p=0.20 c=0.60 derived
step 4/40  ⠋ context  wall 18m31s/30m  tokens gen 16.1k jev 43.8k  cost gen $0.044 jev $0.002 / cap $2.000
[?2026l[?2026h[2K[1A[2K[1A[2K[1A[2K[1A[2K[1A[2K[1A[2K[1A[2K[1A[2K[1A[2K[1A[2K[1A[2K[1A[2K[1A[2K[1A[2K[1A[2K[1A[2K[G────────────────────────────────────────────────────────────────────────────────────────────────────────────────────────
streaming action… 183 chars

s5 intent can_verify noul=0.23 p=0.23 c=0.54 derived
s5 intent can_fix_environment noul=0.02 p=0.02 c=0.96 derived
s5 intent can_finish noul=0.54 p=0.54 c=0.08 derived
s5 intent plan_still_valid noul=0.11 p=0.11 c=0.78 derived
s5 context show:calc/core.py noul=0.46 p=0.46 c=0.08 derived
s5 context show:calc/__init__.py noul=0.06 p=0.06 c=0.88 derived
s5 context show:hypothesis/__init__.py noul=0.04 p=0.04 c=0.92 derived
s5 context show:hypothesis/strategies.py noul=0.04 p=0.04 c=0.92 derived
s5 context show:notes.txt noul=0.06 p=0.06 c=0.88 derived
s5 context show:pytest.ini noul=0.06 p=0.06 c=0.88 derived
s5 context show:README.md noul=0.04 p=0.04 c=0.92 derived
s5 context show:tests/test_core.py noul=0.20 p=0.20 c=0.60 derived
step 4/40  ⠙ context  wall 18m31s/30m  tokens gen 16.1k jev 43.8k  cost gen $0.044 jev $0.002 / cap $2.000
[?2026l[?2026h[2K[1A[2K[1A[2K[1A[2K[1A[2K[1A[2K[1A[2K[1A[2K[1A[2K[1A[2K[1A[2K[1A[2K[1A[2K[1A[2K[1A[2K[1A[2K[1A[2K[G────────────────────────────────────────────────────────────────────────────────────────────────────────────────────────
streaming action… 211 chars

s5 intent can_verify noul=0.23 p=0.23 c=0.54 derived
s5 intent can_fix_environment noul=0.02 p=0.02 c=0.96 derived
s5 intent can_finish noul=0.54 p=0.54 c=0.08 derived
s5 intent plan_still_valid noul=0.11 p=0.11 c=0.78 derived
s5 context show:calc/core.py noul=0.46 p=0.46 c=0.08 derived
s5 context show:calc/__init__.py noul=0.06 p=0.06 c=0.88 derived
s5 context show:hypothesis/__init__.py noul=0.04 p=0.04 c=0.92 derived
s5 context show:hypothesis/strategies.py noul=0.04 p=0.04 c=0.92 derived
s5 context show:notes.txt noul=0.06 p=0.06 c=0.88 derived
s5 context show:pytest.ini noul=0.06 p=0.06 c=0.88 derived
s5 context show:README.md noul=0.04 p=0.04 c=0.92 derived
s5 context show:tests/test_core.py noul=0.20 p=0.20 c=0.60 derived
step 4/40  ⠙ context  wall 18m31s/30m  tokens gen 16.1k jev 43.8k  cost gen $0.044 jev $0.002 / cap $2.000
[?2026l[?2026h[2K[1A[2K[1A[2K[1A[2K[1A[2K[1A[2K[1A[2K[1A[2K[1A[2K[1A[2K[1A[2K[1A[2K[1A[2K[1A[2K[1A[2K[1A[2K[1A[2K[G────────────────────────────────────────────────────────────────────────────────────────────────────────────────────────
streaming action… 211 chars

s5 intent can_verify noul=0.23 p=0.23 c=0.54 derived
s5 intent can_fix_environment noul=0.02 p=0.02 c=0.96 derived
s5 intent can_finish noul=0.54 p=0.54 c=0.08 derived
s5 intent plan_still_valid noul=0.11 p=0.11 c=0.78 derived
s5 context show:calc/core.py noul=0.46 p=0.46 c=0.08 derived
s5 context show:calc/__init__.py noul=0.06 p=0.06 c=0.88 derived
s5 context show:hypothesis/__init__.py noul=0.04 p=0.04 c=0.92 derived
s5 context show:hypothesis/strategies.py noul=0.04 p=0.04 c=0.92 derived
s5 context show:notes.txt noul=0.06 p=0.06 c=0.88 derived
s5 context show:pytest.ini noul=0.06 p=0.06 c=0.88 derived
s5 context show:README.md noul=0.04 p=0.04 c=0.92 derived
s5 context show:tests/test_core.py noul=0.20 p=0.20 c=0.60 derived
step 4/40  ⠹ context  wall 18m31s/30m  tokens gen 16.1k jev 43.8k  cost gen $0.044 jev $0.002 / cap $2.000
[?2026l[?2026h[2K[1A[2K[1A[2K[1A[2K[1A[2K[1A[2K[1A[2K[1A[2K[1A[2K[1A[2K[1A[2K[1A[2K[1A[2K[1A[2K[1A[2K[1A[2K[1A[2K[G────────────────────────────────────────────────────────────────────────────────────────────────────────────────────────
streaming action… 236 chars

s5 intent can_verify noul=0.23 p=0.23 c=0.54 derived
s5 intent can_fix_environment noul=0.02 p=0.02 c=0.96 derived
s5 intent can_finish noul=0.54 p=0.54 c=0.08 derived
s5 intent plan_still_valid noul=0.11 p=0.11 c=0.78 derived
s5 context show:calc/core.py noul=0.46 p=0.46 c=0.08 derived
s5 context show:calc/__init__.py noul=0.06 p=0.06 c=0.88 derived
s5 context show:hypothesis/__init__.py noul=0.04 p=0.04 c=0.92 derived
s5 context show:hypothesis/strategies.py noul=0.04 p=0.04 c=0.92 derived
s5 context show:notes.txt noul=0.06 p=0.06 c=0.88 derived
s5 context show:pytest.ini noul=0.06 p=0.06 c=0.88 derived
s5 context show:README.md noul=0.04 p=0.04 c=0.92 derived
s5 context show:tests/test_core.py noul=0.20 p=0.20 c=0.60 derived
step 4/40  ⠹ context  wall 18m31s/30m  tokens gen 16.1k jev 43.8k  cost gen $0.044 jev $0.002 / cap $2.000
[?2026l[?2026h[2K[1A[2K[1A[2K[1A[2K[1A[2K[1A[2K[1A[2K[1A[2K[1A[2K[1A[2K[1A[2K[1A[2K[1A[2K[1A[2K[1A[2K[1A[2K[1A[2K[G────────────────────────────────────────────────────────────────────────────────────────────────────────────────────────
streaming action… 236 chars

s5 intent can_verify noul=0.23 p=0.23 c=0.54 derived
s5 intent can_fix_environment noul=0.02 p=0.02 c=0.96 derived
s5 intent can_finish noul=0.54 p=0.54 c=0.08 derived
s5 intent plan_still_valid noul=0.11 p=0.11 c=0.78 derived
s5 context show:calc/core.py noul=0.46 p=0.46 c=0.08 derived
s5 context show:calc/__init__.py noul=0.06 p=0.06 c=0.88 derived
s5 context show:hypothesis/__init__.py noul=0.04 p=0.04 c=0.92 derived
s5 context show:hypothesis/strategies.py noul=0.04 p=0.04 c=0.92 derived
s5 context show:notes.txt noul=0.06 p=0.06 c=0.88 derived
s5 context show:pytest.ini noul=0.06 p=0.06 c=0.88 derived
s5 context show:README.md noul=0.04 p=0.04 c=0.92 derived
s5 context show:tests/test_core.py noul=0.20 p=0.20 c=0.60 derived
step 4/40  ⠸ context  wall 18m31s/30m  tokens gen 16.1k jev 43.8k  cost gen $0.044 jev $0.002 / cap $2.000
[?2026l[?2026h[2K[1A[2K[1A[2K[1A[2K[1A[2K[1A[2K[1A[2K[1A[2K[1A[2K[1A[2K[1A[2K[1A[2K[1A[2K[1A[2K[1A[2K[1A[2K[1A[2K[G────────────────────────────────────────────────────────────────────────────────────────────────────────────────────────
streaming action… 254 chars

s5 intent can_verify noul=0.23 p=0.23 c=0.54 derived
s5 intent can_fix_environment noul=0.02 p=0.02 c=0.96 derived
s5 intent can_finish noul=0.54 p=0.54 c=0.08 derived
s5 intent plan_still_valid noul=0.11 p=0.11 c=0.78 derived
s5 context show:calc/core.py noul=0.46 p=0.46 c=0.08 derived
s5 context show:calc/__init__.py noul=0.06 p=0.06 c=0.88 derived
s5 context show:hypothesis/__init__.py noul=0.04 p=0.04 c=0.92 derived
s5 context show:hypothesis/strategies.py noul=0.04 p=0.04 c=0.92 derived
s5 context show:notes.txt noul=0.06 p=0.06 c=0.88 derived
s5 context show:pytest.ini noul=0.06 p=0.06 c=0.88 derived
s5 context show:README.md noul=0.04 p=0.04 c=0.92 derived
s5 context show:tests/test_core.py noul=0.20 p=0.20 c=0.60 derived
step 4/40  ⠸ context  wall 18m31s/30m  tokens gen 16.1k jev 43.8k  cost gen $0.044 jev $0.002 / cap $2.000
[?2026l[?2026h[2K[1A[2K[1A[2K[1A[2K[1A[2K[1A[2K[1A[2K[1A[2K[1A[2K[1A[2K[1A[2K[1A[2K[1A[2K[1A[2K[1A[2K[1A[2K[1A[2K[G────────────────────────────────────────────────────────────────────────────────────────────────────────────────────────
streaming action… 289 chars

s5 intent can_verify noul=0.23 p=0.23 c=0.54 derived
s5 intent can_fix_environment noul=0.02 p=0.02 c=0.96 derived
s5 intent can_finish noul=0.54 p=0.54 c=0.08 derived
s5 intent plan_still_valid noul=0.11 p=0.11 c=0.78 derived
s5 context show:calc/core.py noul=0.46 p=0.46 c=0.08 derived
s5 context show:calc/__init__.py noul=0.06 p=0.06 c=0.88 derived
s5 context show:hypothesis/__init__.py noul=0.04 p=0.04 c=0.92 derived
s5 context show:hypothesis/strategies.py noul=0.04 p=0.04 c=0.92 derived
s5 context show:notes.txt noul=0.06 p=0.06 c=0.88 derived
s5 context show:pytest.ini noul=0.06 p=0.06 c=0.88 derived
s5 context show:README.md noul=0.04 p=0.04 c=0.92 derived
s5 context show:tests/test_core.py noul=0.20 p=0.20 c=0.60 derived
step 4/40  ⠸ context  wall 18m31s/30m  tokens gen 16.1k jev 43.8k  cost gen $0.044 jev $0.002 / cap $2.000
[?2026l[?2026h[2K[1A[2K[1A[2K[1A[2K[1A[2K[1A[2K[1A[2K[1A[2K[1A[2K[1A[2K[1A[2K[1A[2K[1A[2K[1A[2K[1A[2K[1A[2K[1A[2K[G────────────────────────────────────────────────────────────────────────────────────────────────────────────────────────
streaming action… 289 chars

s5 intent can_verify noul=0.23 p=0.23 c=0.54 derived
s5 intent can_fix_environment noul=0.02 p=0.02 c=0.96 derived
s5 intent can_finish noul=0.54 p=0.54 c=0.08 derived
s5 intent plan_still_valid noul=0.11 p=0.11 c=0.78 derived
s5 context show:calc/core.py noul=0.46 p=0.46 c=0.08 derived
s5 context show:calc/__init__.py noul=0.06 p=0.06 c=0.88 derived
s5 context show:hypothesis/__init__.py noul=0.04 p=0.04 c=0.92 derived
s5 context show:hypothesis/strategies.py noul=0.04 p=0.04 c=0.92 derived
s5 context show:notes.txt noul=0.06 p=0.06 c=0.88 derived
s5 context show:pytest.ini noul=0.06 p=0.06 c=0.88 derived
s5 context show:README.md noul=0.04 p=0.04 c=0.92 derived
s5 context show:tests/test_core.py noul=0.20 p=0.20 c=0.60 derived
step 4/40  ⠼ context  wall 18m31s/30m  tokens gen 16.1k jev 43.8k  cost gen $0.044 jev $0.002 / cap $2.000
[?2026l[?2026h[2K[1A[2K[1A[2K[1A[2K[1A[2K[1A[2K[1A[2K[1A[2K[1A[2K[1A[2K[1A[2K[1A[2K[1A[2K[1A[2K[1A[2K[1A[2K[1A[2K[G────────────────────────────────────────────────────────────────────────────────────────────────────────────────────────
streaming action… 302 chars

s5 intent can_verify noul=0.23 p=0.23 c=0.54 derived
s5 intent can_fix_environment noul=0.02 p=0.02 c=0.96 derived
s5 intent can_finish noul=0.54 p=0.54 c=0.08 derived
s5 intent plan_still_valid noul=0.11 p=0.11 c=0.78 derived
s5 context show:calc/core.py noul=0.46 p=0.46 c=0.08 derived
s5 context show:calc/__init__.py noul=0.06 p=0.06 c=0.88 derived
s5 context show:hypothesis/__init__.py noul=0.04 p=0.04 c=0.92 derived
s5 context show:hypothesis/strategies.py noul=0.04 p=0.04 c=0.92 derived
s5 context show:notes.txt noul=0.06 p=0.06 c=0.88 derived
s5 context show:pytest.ini noul=0.06 p=0.06 c=0.88 derived
s5 context show:README.md noul=0.04 p=0.04 c=0.92 derived
s5 context show:tests/test_core.py noul=0.20 p=0.20 c=0.60 derived
step 4/40  ⠼ context  wall 18m31s/30m  tokens gen 16.1k jev 43.8k  cost gen $0.044 jev $0.002 / cap $2.000
[?2026l[?2026h[2K[1A[2K[1A[2K[1A[2K[1A[2K[1A[2K[1A[2K[1A[2K[1A[2K[1A[2K[1A[2K[1A[2K[1A[2K[1A[2K[1A[2K[1A[2K[1A[2K[G────────────────────────────────────────────────────────────────────────────────────────────────────────────────────────
streaming action… 302 chars

s5 intent can_verify noul=0.23 p=0.23 c=0.54 derived
s5 intent can_fix_environment noul=0.02 p=0.02 c=0.96 derived
s5 intent can_finish noul=0.54 p=0.54 c=0.08 derived
s5 intent plan_still_valid noul=0.11 p=0.11 c=0.78 derived
s5 context show:calc/core.py noul=0.46 p=0.46 c=0.08 derived
s5 context show:calc/__init__.py noul=0.06 p=0.06 c=0.88 derived
s5 context show:hypothesis/__init__.py noul=0.04 p=0.04 c=0.92 derived
s5 context show:hypothesis/strategies.py noul=0.04 p=0.04 c=0.92 derived
s5 context show:notes.txt noul=0.06 p=0.06 c=0.88 derived
s5 context show:pytest.ini noul=0.06 p=0.06 c=0.88 derived
s5 context show:README.md noul=0.04 p=0.04 c=0.92 derived
s5 context show:tests/test_core.py noul=0.20 p=0.20 c=0.60 derived
step 4/40  ⠴ context  wall 18m31s/30m  tokens gen 16.1k jev 43.8k  cost gen $0.044 jev $0.002 / cap $2.000
[?2026l[?2026h[2K[1A[2K[1A[2K[1A[2K[1A[2K[1A[2K[1A[2K[1A[2K[1A[2K[1A[2K[1A[2K[1A[2K[1A[2K[1A[2K[1A[2K[1A[2K[1A[2K[G────────────────────────────────────────────────────────────────────────────────────────────────────────────────────────
streaming action… 331 chars

s5 intent can_verify noul=0.23 p=0.23 c=0.54 derived
s5 intent can_fix_environment noul=0.02 p=0.02 c=0.96 derived
s5 intent can_finish noul=0.54 p=0.54 c=0.08 derived
s5 intent plan_still_valid noul=0.11 p=0.11 c=0.78 derived
s5 context show:calc/core.py noul=0.46 p=0.46 c=0.08 derived
s5 context show:calc/__init__.py noul=0.06 p=0.06 c=0.88 derived
s5 context show:hypothesis/__init__.py noul=0.04 p=0.04 c=0.92 derived
s5 context show:hypothesis/strategies.py noul=0.04 p=0.04 c=0.92 derived
s5 context show:notes.txt noul=0.06 p=0.06 c=0.88 derived
s5 context show:pytest.ini noul=0.06 p=0.06 c=0.88 derived
s5 context show:README.md noul=0.04 p=0.04 c=0.92 derived
s5 context show:tests/test_core.py noul=0.20 p=0.20 c=0.60 derived
step 4/40  ⠴ context  wall 18m31s/30m  tokens gen 16.1k jev 43.8k  cost gen $0.044 jev $0.002 / cap $2.000
[?2026l[?2026h[2K[1A[2K[1A[2K[1A[2K[1A[2K[1A[2K[1A[2K[1A[2K[1A[2K[1A[2K[1A[2K[1A[2K[1A[2K[1A[2K[1A[2K[1A[2K[1A[2K[G────────────────────────────────────────────────────────────────────────────────────────────────────────────────────────
streaming action… 352 chars

s5 intent can_verify noul=0.23 p=0.23 c=0.54 derived
s5 intent can_fix_environment noul=0.02 p=0.02 c=0.96 derived
s5 intent can_finish noul=0.54 p=0.54 c=0.08 derived
s5 intent plan_still_valid noul=0.11 p=0.11 c=0.78 derived
s5 context show:calc/core.py noul=0.46 p=0.46 c=0.08 derived
s5 context show:calc/__init__.py noul=0.06 p=0.06 c=0.88 derived
s5 context show:hypothesis/__init__.py noul=0.04 p=0.04 c=0.92 derived
s5 context show:hypothesis/strategies.py noul=0.04 p=0.04 c=0.92 derived
s5 context show:notes.txt noul=0.06 p=0.06 c=0.88 derived
s5 context show:pytest.ini noul=0.06 p=0.06 c=0.88 derived
s5 context show:README.md noul=0.04 p=0.04 c=0.92 derived
s5 context show:tests/test_core.py noul=0.20 p=0.20 c=0.60 derived
step 4/40  ⠴ context  wall 18m31s/30m  tokens gen 16.1k jev 43.8k  cost gen $0.044 jev $0.002 / cap $2.000
[?2026l[?2026h[2K[1A[2K[1A[2K[1A[2K[1A[2K[1A[2K[1A[2K[1A[2K[1A[2K[1A[2K[1A[2K[1A[2K[1A[2K[1A[2K[1A[2K[1A[2K[1A[2K[G────────────────────────────────────────────────────────────────────────────────────────────────────────────────────────
streaming action… 352 chars

s5 intent can_verify noul=0.23 p=0.23 c=0.54 derived
s5 intent can_fix_environment noul=0.02 p=0.02 c=0.96 derived
s5 intent can_finish noul=0.54 p=0.54 c=0.08 derived
s5 intent plan_still_valid noul=0.11 p=0.11 c=0.78 derived
s5 context show:calc/core.py noul=0.46 p=0.46 c=0.08 derived
s5 context show:calc/__init__.py noul=0.06 p=0.06 c=0.88 derived
s5 context show:hypothesis/__init__.py noul=0.04 p=0.04 c=0.92 derived
s5 context show:hypothesis/strategies.py noul=0.04 p=0.04 c=0.92 derived
s5 context show:notes.txt noul=0.06 p=0.06 c=0.88 derived
s5 context show:pytest.ini noul=0.06 p=0.06 c=0.88 derived
s5 context show:README.md noul=0.04 p=0.04 c=0.92 derived
s5 context show:tests/test_core.py noul=0.20 p=0.20 c=0.60 derived
step 4/40  ⠦ context  wall 18m31s/30m  tokens gen 16.1k jev 43.8k  cost gen $0.044 jev $0.002 / cap $2.000
[?2026l[?2026h[2K[1A[2K[1A[2K[1A[2K[1A[2K[1A[2K[1A[2K[1A[2K[1A[2K[1A[2K[1A[2K[1A[2K[1A[2K[1A[2K[1A[2K[1A[2K[1A[2K[G────────────────────────────────────────────────────────────────────────────────────────────────────────────────────────
streaming action… 358 chars

s5 intent can_verify noul=0.23 p=0.23 c=0.54 derived
s5 intent can_fix_environment noul=0.02 p=0.02 c=0.96 derived
s5 intent can_finish noul=0.54 p=0.54 c=0.08 derived
s5 intent plan_still_valid noul=0.11 p=0.11 c=0.78 derived
s5 context show:calc/core.py noul=0.46 p=0.46 c=0.08 derived
s5 context show:calc/__init__.py noul=0.06 p=0.06 c=0.88 derived
s5 context show:hypothesis/__init__.py noul=0.04 p=0.04 c=0.92 derived
s5 context show:hypothesis/strategies.py noul=0.04 p=0.04 c=0.92 derived
s5 context show:notes.txt noul=0.06 p=0.06 c=0.88 derived
s5 context show:pytest.ini noul=0.06 p=0.06 c=0.88 derived
s5 context show:README.md noul=0.04 p=0.04 c=0.92 derived
s5 context show:tests/test_core.py noul=0.20 p=0.20 c=0.60 derived
step 4/40  ⠦ context  wall 18m31s/30m  tokens gen 16.1k jev 43.8k  cost gen $0.044 jev $0.002 / cap $2.000
[?2026l[?2026h[2K[1A[2K[1A[2K[1A[2K[1A[2K[1A[2K[1A[2K[1A[2K[1A[2K[1A[2K[1A[2K[1A[2K[1A[2K[1A[2K[1A[2K[1A[2K[1A[2K[G────────────────────────────────────────────────────────────────────────────────────────────────────────────────────────
streaming action… 358 chars

s5 intent can_verify noul=0.23 p=0.23 c=0.54 derived
s5 intent can_fix_environment noul=0.02 p=0.02 c=0.96 derived
s5 intent can_finish noul=0.54 p=0.54 c=0.08 derived
s5 intent plan_still_valid noul=0.11 p=0.11 c=0.78 derived
s5 context show:calc/core.py noul=0.46 p=0.46 c=0.08 derived
s5 context show:calc/__init__.py noul=0.06 p=0.06 c=0.88 derived
s5 context show:hypothesis/__init__.py noul=0.04 p=0.04 c=0.92 derived
s5 context show:hypothesis/strategies.py noul=0.04 p=0.04 c=0.92 derived
s5 context show:notes.txt noul=0.06 p=0.06 c=0.88 derived
s5 context show:pytest.ini noul=0.06 p=0.06 c=0.88 derived
s5 context show:README.md noul=0.04 p=0.04 c=0.92 derived
s5 context show:tests/test_core.py noul=0.20 p=0.20 c=0.60 derived
step 4/40  ⠧ context  wall 18m31s/30m  tokens gen 16.1k jev 43.8k  cost gen $0.044 jev $0.002 / cap $2.000
[?2026l[?2026h[2K[1A[2K[1A[2K[1A[2K[1A[2K[1A[2K[1A[2K[1A[2K[1A[2K[1A[2K[1A[2K[1A[2K[1A[2K[1A[2K[1A[2K[1A[2K[1A[2K[G────────────────────────────────────────────────────────────────────────────────────────────────────────────────────────
streaming action… 358 chars

s5 intent can_verify noul=0.23 p=0.23 c=0.54 derived
s5 intent can_fix_environment noul=0.02 p=0.02 c=0.96 derived
s5 intent can_finish noul=0.54 p=0.54 c=0.08 derived
s5 intent plan_still_valid noul=0.11 p=0.11 c=0.78 derived
s5 context show:calc/core.py noul=0.46 p=0.46 c=0.08 derived
s5 context show:calc/__init__.py noul=0.06 p=0.06 c=0.88 derived
s5 context show:hypothesis/__init__.py noul=0.04 p=0.04 c=0.92 derived
s5 context show:hypothesis/strategies.py noul=0.04 p=0.04 c=0.92 derived
s5 context show:notes.txt noul=0.06 p=0.06 c=0.88 derived
s5 context show:pytest.ini noul=0.06 p=0.06 c=0.88 derived
s5 context show:README.md noul=0.04 p=0.04 c=0.92 derived
s5 context show:tests/test_core.py noul=0.20 p=0.20 c=0.60 derived
step 4/40  ⠇ context  wall 18m31s/30m  tokens gen 16.1k jev 43.8k  cost gen $0.044 jev $0.002 / cap $2.000
[?2026l[?2026h[2K[1A[2K[1A[2K[1A[2K[1A[2K[1A[2K[1A[2K[1A[2K[1A[2K[1A[2K[1A[2K[1A[2K[1A[2K[1A[2K[1A[2K[1A[2K[1A[2K[G────────────────────────────────────────────────────────────────────────────────────────────────────────────────────────
streaming action… 358 chars

s5 intent can_verify noul=0.23 p=0.23 c=0.54 derived
s5 intent can_fix_environment noul=0.02 p=0.02 c=0.96 derived
s5 intent can_finish noul=0.54 p=0.54 c=0.08 derived
s5 intent plan_still_valid noul=0.11 p=0.11 c=0.78 derived
s5 context show:calc/core.py noul=0.46 p=0.46 c=0.08 derived
s5 context show:calc/__init__.py noul=0.06 p=0.06 c=0.88 derived
s5 context show:hypothesis/__init__.py noul=0.04 p=0.04 c=0.92 derived
s5 context show:hypothesis/strategies.py noul=0.04 p=0.04 c=0.92 derived
s5 context show:notes.txt noul=0.06 p=0.06 c=0.88 derived
s5 context show:pytest.ini noul=0.06 p=0.06 c=0.88 derived
s5 context show:README.md noul=0.04 p=0.04 c=0.92 derived
s5 context show:tests/test_core.py noul=0.20 p=0.20 c=0.60 derived
step 4/40  ⠏ context  wall 18m31s/30m  tokens gen 16.1k jev 43.8k  cost gen $0.044 jev $0.002 / cap $2.000
[?2026l[?2026h[2K[1A[2K[1A[2K[1A[2K[1A[2K[1A[2K[1A[2K[1A[2K[1A[2K[1A[2K[1A[2K[1A[2K[1A[2K[1A[2K[1A[2K[1A[2K[1A[2K[G────────────────────────────────────────────────────────────────────────────────────────────────────────────────────────
streaming action… 358 chars

s5 intent can_verify noul=0.23 p=0.23 c=0.54 derived
s5 intent can_fix_environment noul=0.02 p=0.02 c=0.96 derived
s5 intent can_finish noul=0.54 p=0.54 c=0.08 derived
s5 intent plan_still_valid noul=0.11 p=0.11 c=0.78 derived
s5 context show:calc/core.py noul=0.46 p=0.46 c=0.08 derived
s5 context show:calc/__init__.py noul=0.06 p=0.06 c=0.88 derived
s5 context show:hypothesis/__init__.py noul=0.04 p=0.04 c=0.92 derived
s5 context show:hypothesis/strategies.py noul=0.04 p=0.04 c=0.92 derived
s5 context show:notes.txt noul=0.06 p=0.06 c=0.88 derived
s5 context show:pytest.ini noul=0.06 p=0.06 c=0.88 derived
s5 context show:README.md noul=0.04 p=0.04 c=0.92 derived
s5 context show:tests/test_core.py noul=0.20 p=0.20 c=0.60 derived
step 4/40  ⠋ context  wall 18m31s/30m  tokens gen 16.1k jev 43.8k  cost gen $0.044 jev $0.002 / cap $2.000
[?2026l[?2026h[2K[1A[2K[1A[2K[1A[2K[1A[2K[1A[2K[1A[2K[1A[2K[1A[2K[1A[2K[1A[2K[1A[2K[1A[2K[1A[2K[1A[2K[1A[2K[1A[2K[G────────────────────────────────────────────────────────────────────────────────────────────────────────────────────────
streaming action… 358 chars

s5 intent can_verify noul=0.23 p=0.23 c=0.54 derived
s5 intent can_fix_environment noul=0.02 p=0.02 c=0.96 derived
s5 intent can_finish noul=0.54 p=0.54 c=0.08 derived
s5 intent plan_still_valid noul=0.11 p=0.11 c=0.78 derived
s5 context show:calc/core.py noul=0.46 p=0.46 c=0.08 derived
s5 context show:calc/__init__.py noul=0.06 p=0.06 c=0.88 derived
s5 context show:hypothesis/__init__.py noul=0.04 p=0.04 c=0.92 derived
s5 context show:hypothesis/strategies.py noul=0.04 p=0.04 c=0.92 derived
s5 context show:notes.txt noul=0.06 p=0.06 c=0.88 derived
s5 context show:pytest.ini noul=0.06 p=0.06 c=0.88 derived
s5 context show:README.md noul=0.04 p=0.04 c=0.92 derived
s5 context show:tests/test_core.py noul=0.20 p=0.20 c=0.60 derived
step 4/40  ⠙ context  wall 18m31s/30m  tokens gen 16.1k jev 43.8k  cost gen $0.044 jev $0.002 / cap $2.000
[?2026l[?2026h[2K[1A[2K[1A[2K[1A[2K[1A[2K[1A[2K[1A[2K[1A[2K[1A[2K[1A[2K[1A[2K[1A[2K[1A[2K[1A[2K[1A[2K[1A[2K[1A[2K[G────────────────────────────────────────────────────────────────────────────────────────────────────────────────────────
streaming action… 399 chars

s5 intent can_verify noul=0.23 p=0.23 c=0.54 derived
s5 intent can_fix_environment noul=0.02 p=0.02 c=0.96 derived
s5 intent can_finish noul=0.54 p=0.54 c=0.08 derived
s5 intent plan_still_valid noul=0.11 p=0.11 c=0.78 derived
s5 context show:calc/core.py noul=0.46 p=0.46 c=0.08 derived
s5 context show:calc/__init__.py noul=0.06 p=0.06 c=0.88 derived
s5 context show:hypothesis/__init__.py noul=0.04 p=0.04 c=0.92 derived
s5 context show:hypothesis/strategies.py noul=0.04 p=0.04 c=0.92 derived
s5 context show:notes.txt noul=0.06 p=0.06 c=0.88 derived
s5 context show:pytest.ini noul=0.06 p=0.06 c=0.88 derived
s5 context show:README.md noul=0.04 p=0.04 c=0.92 derived
s5 context show:tests/test_core.py noul=0.20 p=0.20 c=0.60 derived
step 4/40  ⠙ context  wall 18m31s/30m  tokens gen 16.1k jev 43.8k  cost gen $0.044 jev $0.002 / cap $2.000
[?2026l[?2026h[2K[1A[2K[1A[2K[1A[2K[1A[2K[1A[2K[1A[2K[1A[2K[1A[2K[1A[2K[1A[2K[1A[2K[1A[2K[1A[2K[1A[2K[1A[2K[1A[2K[G────────────────────────────────────────────────────────────────────────────────────────────────────────────────────────
streaming action… 519 chars

s5 intent can_verify noul=0.23 p=0.23 c=0.54 derived
s5 intent can_fix_environment noul=0.02 p=0.02 c=0.96 derived
s5 intent can_finish noul=0.54 p=0.54 c=0.08 derived
s5 intent plan_still_valid noul=0.11 p=0.11 c=0.78 derived
s5 context show:calc/core.py noul=0.46 p=0.46 c=0.08 derived
s5 context show:calc/__init__.py noul=0.06 p=0.06 c=0.88 derived
s5 context show:hypothesis/__init__.py noul=0.04 p=0.04 c=0.92 derived
s5 context show:hypothesis/strategies.py noul=0.04 p=0.04 c=0.92 derived
s5 context show:notes.txt noul=0.06 p=0.06 c=0.88 derived
s5 context show:pytest.ini noul=0.06 p=0.06 c=0.88 derived
s5 context show:README.md noul=0.04 p=0.04 c=0.92 derived
s5 context show:tests/test_core.py noul=0.20 p=0.20 c=0.60 derived
step 4/40  ⠙ context  wall 18m31s/30m  tokens gen 16.1k jev 43.8k  cost gen $0.044 jev $0.002 / cap $2.000
[?2026l[?2026h[2K[1A[2K[1A[2K[1A[2K[1A[2K[1A[2K[1A[2K[1A[2K[1A[2K[1A[2K[1A[2K[1A[2K[1A[2K[1A[2K[1A[2K[1A[2K[1A[2K[G────────────────────────────────────────────────────────────────────────────────────────────────────────────────────────
streaming action… 519 chars

s5 intent can_verify noul=0.23 p=0.23 c=0.54 derived
s5 intent can_fix_environment noul=0.02 p=0.02 c=0.96 derived
s5 intent can_finish noul=0.54 p=0.54 c=0.08 derived
s5 intent plan_still_valid noul=0.11 p=0.11 c=0.78 derived
s5 context show:calc/core.py noul=0.46 p=0.46 c=0.08 derived
s5 context show:calc/__init__.py noul=0.06 p=0.06 c=0.88 derived
s5 context show:hypothesis/__init__.py noul=0.04 p=0.04 c=0.92 derived
s5 context show:hypothesis/strategies.py noul=0.04 p=0.04 c=0.92 derived
s5 context show:notes.txt noul=0.06 p=0.06 c=0.88 derived
s5 context show:pytest.ini noul=0.06 p=0.06 c=0.88 derived
s5 context show:README.md noul=0.04 p=0.04 c=0.92 derived
s5 context show:tests/test_core.py noul=0.20 p=0.20 c=0.60 derived
step 4/40  ⠹ context  wall 18m31s/30m  tokens gen 16.1k jev 43.8k  cost gen $0.044 jev $0.002 / cap $2.000
[?2026l[?2026h[2K[1A[2K[1A[2K[1A[2K[1A[2K[1A[2K[1A[2K[1A[2K[1A[2K[1A[2K[1A[2K[1A[2K[1A[2K[1A[2K[1A[2K[1A[2K[1A[2K[G────────────────────────────────────────────────────────────────────────────────────────────────────────────────────────
streaming action… 519 chars

s5 intent can_verify noul=0.23 p=0.23 c=0.54 derived
s5 intent can_fix_environment noul=0.02 p=0.02 c=0.96 derived
s5 intent can_finish noul=0.54 p=0.54 c=0.08 derived
s5 intent plan_still_valid noul=0.11 p=0.11 c=0.78 derived
s5 context show:calc/core.py noul=0.46 p=0.46 c=0.08 derived
s5 context show:calc/__init__.py noul=0.06 p=0.06 c=0.88 derived
s5 context show:hypothesis/__init__.py noul=0.04 p=0.04 c=0.92 derived
s5 context show:hypothesis/strategies.py noul=0.04 p=0.04 c=0.92 derived
s5 context show:notes.txt noul=0.06 p=0.06 c=0.88 derived
s5 context show:pytest.ini noul=0.06 p=0.06 c=0.88 derived
s5 context show:README.md noul=0.04 p=0.04 c=0.92 derived
s5 context show:tests/test_core.py noul=0.20 p=0.20 c=0.60 derived
step 4/40  ⠸ context  wall 18m31s/30m  tokens gen 16.1k jev 43.8k  cost gen $0.044 jev $0.002 / cap $2.000
[?2026l[?2026h[2K[1A[2K[1A[2K[1A[2K[1A[2K[1A[2K[1A[2K[1A[2K[1A[2K[1A[2K[1A[2K[1A[2K[1A[2K[1A[2K[1A[2K[1A[2K[1A[2K[G────────────────────────────────────────────────────────────────────────────────────────────────────────────────────────
streaming action… 579 chars

s5 intent can_verify noul=0.23 p=0.23 c=0.54 derived
s5 intent can_fix_environment noul=0.02 p=0.02 c=0.96 derived
s5 intent can_finish noul=0.54 p=0.54 c=0.08 derived
s5 intent plan_still_valid noul=0.11 p=0.11 c=0.78 derived
s5 context show:calc/core.py noul=0.46 p=0.46 c=0.08 derived
s5 context show:calc/__init__.py noul=0.06 p=0.06 c=0.88 derived
s5 context show:hypothesis/__init__.py noul=0.04 p=0.04 c=0.92 derived
s5 context show:hypothesis/strategies.py noul=0.04 p=0.04 c=0.92 derived
s5 context show:notes.txt noul=0.06 p=0.06 c=0.88 derived
s5 context show:pytest.ini noul=0.06 p=0.06 c=0.88 derived
s5 context show:README.md noul=0.04 p=0.04 c=0.92 derived
s5 context show:tests/test_core.py noul=0.20 p=0.20 c=0.60 derived
step 4/40  ⠸ context  wall 18m31s/30m  tokens gen 16.1k jev 43.8k  cost gen $0.044 jev $0.002 / cap $2.000
[?2026l[?2026h[2K[1A[2K[1A[2K[1A[2K[1A[2K[1A[2K[1A[2K[1A[2K[1A[2K[1A[2K[1A[2K[1A[2K[1A[2K[1A[2K[1A[2K[1A[2K[1A[2K[G────────────────────────────────────────────────────────────────────────────────────────────────────────────────────────
streaming action… 579 chars

s5 intent can_verify noul=0.23 p=0.23 c=0.54 derived
s5 intent can_fix_environment noul=0.02 p=0.02 c=0.96 derived
s5 intent can_finish noul=0.54 p=0.54 c=0.08 derived
s5 intent plan_still_valid noul=0.11 p=0.11 c=0.78 derived
s5 context show:calc/core.py noul=0.46 p=0.46 c=0.08 derived
s5 context show:calc/__init__.py noul=0.06 p=0.06 c=0.88 derived
s5 context show:hypothesis/__init__.py noul=0.04 p=0.04 c=0.92 derived
s5 context show:hypothesis/strategies.py noul=0.04 p=0.04 c=0.92 derived
s5 context show:notes.txt noul=0.06 p=0.06 c=0.88 derived
s5 context show:pytest.ini noul=0.06 p=0.06 c=0.88 derived
s5 context show:README.md noul=0.04 p=0.04 c=0.92 derived
s5 context show:tests/test_core.py noul=0.20 p=0.20 c=0.60 derived
step 4/40  ⠼ context  wall 18m31s/30m  tokens gen 16.1k jev 43.8k  cost gen $0.044 jev $0.002 / cap $2.000
[?2026l[?2026h[2K[1A[2K[1A[2K[1A[2K[1A[2K[1A[2K[1A[2K[1A[2K[1A[2K[1A[2K[1A[2K[1A[2K[1A[2K[1A[2K[1A[2K[1A[2K[1A[2K[G────────────────────────────────────────────────────────────────────────────────────────────────────────────────────────
streaming action… 579 chars

s5 intent can_verify noul=0.23 p=0.23 c=0.54 derived
s5 intent can_fix_environment noul=0.02 p=0.02 c=0.96 derived
s5 intent can_finish noul=0.54 p=0.54 c=0.08 derived
s5 intent plan_still_valid noul=0.11 p=0.11 c=0.78 derived
s5 context show:calc/core.py noul=0.46 p=0.46 c=0.08 derived
s5 context show:calc/__init__.py noul=0.06 p=0.06 c=0.88 derived
s5 context show:hypothesis/__init__.py noul=0.04 p=0.04 c=0.92 derived
s5 context show:hypothesis/strategies.py noul=0.04 p=0.04 c=0.92 derived
s5 context show:notes.txt noul=0.06 p=0.06 c=0.88 derived
s5 context show:pytest.ini noul=0.06 p=0.06 c=0.88 derived
s5 context show:README.md noul=0.04 p=0.04 c=0.92 derived
s5 context show:tests/test_core.py noul=0.20 p=0.20 c=0.60 derived
step 4/40  ⠴ context  wall 18m31s/30m  tokens gen 16.1k jev 43.8k  cost gen $0.044 jev $0.002 / cap $2.000
[?2026l[?2026h[2K[1A[2K[1A[2K[1A[2K[1A[2K[1A[2K[1A[2K[1A[2K[1A[2K[1A[2K[1A[2K[1A[2K[1A[2K[1A[2K[1A[2K[1A[2K[1A[2K[G[step 5] proposal done Added one-line docstrings to all functions in calc/core.py (add, safe_divide, mean,
parse_expression), confirmed via read in step 3. Ran `pytest -q` (step 4) and all 8 tests passed with no
failures/errors, confirming the change is correct and complete.: Confirm completion: docstrings added and tests pass. |
plan done=2 remaining=0 open=0
Added one-line docstrings to all functions in calc/core.py (add, safe_divide, mean, parse_expression), confirmed via
read in step 3. Ran `pytest -q` (step 4) and all 8 tests passed with no failures/errors, confirming the change is
correct and complete.
────────────────────────────────────────────────────────────────────────────────────────────────────────────────────────


s5 intent can_verify noul=0.23 p=0.23 c=0.54 derived
s5 intent can_fix_environment noul=0.02 p=0.02 c=0.96 derived
s5 intent can_finish noul=0.54 p=0.54 c=0.08 derived
s5 intent plan_still_valid noul=0.11 p=0.11 c=0.78 derived
s5 context show:calc/core.py noul=0.46 p=0.46 c=0.08 derived
s5 context show:calc/__init__.py noul=0.06 p=0.06 c=0.88 derived
s5 context show:hypothesis/__init__.py noul=0.04 p=0.04 c=0.92 derived
s5 context show:hypothesis/strategies.py noul=0.04 p=0.04 c=0.92 derived
s5 context show:notes.txt noul=0.06 p=0.06 c=0.88 derived
s5 context show:pytest.ini noul=0.06 p=0.06 c=0.88 derived
s5 context show:README.md noul=0.04 p=0.04 c=0.92 derived
s5 context show:tests/test_core.py noul=0.20 p=0.20 c=0.60 derived
step 4/40  ⠴ propose  wall 18m35s/30m  tokens gen 20.6k jev 43.8k  cost gen $0.055 jev $0.002 / cap $2.000
[?2026l[?2026h[2K[1A[2K[1A[2K[1A[2K[1A[2K[1A[2K[1A[2K[1A[2K[1A[2K[1A[2K[1A[2K[1A[2K[1A[2K[1A[2K[1A[2K[1A[2K[1A[2K[G────────────────────────────────────────────────────────────────────────────────────────────────────────────────────────


s5 intent can_verify noul=0.23 p=0.23 c=0.54 derived
s5 intent can_fix_environment noul=0.02 p=0.02 c=0.96 derived
s5 intent can_finish noul=0.54 p=0.54 c=0.08 derived
s5 intent plan_still_valid noul=0.11 p=0.11 c=0.78 derived
s5 context show:calc/core.py noul=0.46 p=0.46 c=0.08 derived
s5 context show:calc/__init__.py noul=0.06 p=0.06 c=0.88 derived
s5 context show:hypothesis/__init__.py noul=0.04 p=0.04 c=0.92 derived
s5 context show:hypothesis/strategies.py noul=0.04 p=0.04 c=0.92 derived
s5 context show:notes.txt noul=0.06 p=0.06 c=0.88 derived
s5 context show:pytest.ini noul=0.06 p=0.06 c=0.88 derived
s5 context show:README.md noul=0.04 p=0.04 c=0.92 derived
s5 context show:tests/test_core.py noul=0.20 p=0.20 c=0.60 derived
step 4/40  ⠦ propose  wall 18m35s/30m  tokens gen 20.6k jev 43.8k  cost gen $0.055 jev $0.002 / cap $2.000
[?2026l[?2026h[2K[1A[2K[1A[2K[1A[2K[1A[2K[1A[2K[1A[2K[1A[2K[1A[2K[1A[2K[1A[2K[1A[2K[1A[2K[1A[2K[1A[2K[1A[2K[1A[2K[G────────────────────────────────────────────────────────────────────────────────────────────────────────────────────────


s5 intent can_verify noul=0.23 p=0.23 c=0.54 derived
s5 intent can_fix_environment noul=0.02 p=0.02 c=0.96 derived
s5 intent can_finish noul=0.54 p=0.54 c=0.08 derived
s5 intent plan_still_valid noul=0.11 p=0.11 c=0.78 derived
s5 context show:calc/core.py noul=0.46 p=0.46 c=0.08 derived
s5 context show:calc/__init__.py noul=0.06 p=0.06 c=0.88 derived
s5 context show:hypothesis/__init__.py noul=0.04 p=0.04 c=0.92 derived
s5 context show:hypothesis/strategies.py noul=0.04 p=0.04 c=0.92 derived
s5 context show:notes.txt noul=0.06 p=0.06 c=0.88 derived
s5 context show:pytest.ini noul=0.06 p=0.06 c=0.88 derived
s5 context show:README.md noul=0.04 p=0.04 c=0.92 derived
s5 context show:tests/test_core.py noul=0.20 p=0.20 c=0.60 derived
step 4/40  ⠧ propose  wall 18m35s/30m  tokens gen 20.6k jev 43.8k  cost gen $0.055 jev $0.002 / cap $2.000
[?2026l[?2026h[2K[1A[2K[1A[2K[1A[2K[1A[2K[1A[2K[1A[2K[1A[2K[1A[2K[1A[2K[1A[2K[1A[2K[1A[2K[1A[2K[1A[2K[1A[2K[1A[2K[G[step 5] risk=0.24 ok: risk 0.24 (ok) from plan_mismatch: 0.24 probability of level 3 or above; dominant level 0
"matches `intent` and the plan"; Jev confidence 0.28
[step 5] outcome noop: Added one-line docstrings to all functions in calc/core.py (add, safe_divide, mean,
parse_expression), confirmed via read in step 3. Ran `pytest -q` (step 4) and all 8 tests passed with no
failures/errors, confirming the change is correct and complete.
────────────────────────────────────────────────────────────────────────────────────────────────────────────────────────


s5 context show:calc/__init__.py noul=0.06 p=0.06 c=0.88 derived
s5 context show:hypothesis/__init__.py noul=0.04 p=0.04 c=0.92 derived
s5 context show:hypothesis/strategies.py noul=0.04 p=0.04 c=0.92 derived
s5 context show:notes.txt noul=0.06 p=0.06 c=0.88 derived
s5 context show:pytest.ini noul=0.06 p=0.06 c=0.88 derived
s5 context show:README.md noul=0.04 p=0.04 c=0.92 derived
s5 context show:tests/test_core.py noul=0.20 p=0.20 c=0.60 derived
s5 risk destructive score=0.01 p=0.99 c=0.99 [ok]
s5 risk out_of_scope score=0.13 p=0.94 c=0.90 [ok]
s5 risk plan_mismatch score=0.85 p=0.67 c=0.28 [ok]
s5 risk irreversible score=0.02 p=1.00 c=1.00 [ok]
s5 risk matches_intent noul=0.92 p=0.92 c=0.84 derived
step 4/40  ⠧ execute  wall 18m35s/30m  tokens gen 20.6k jev 46.9k  cost gen $0.055 jev $0.002 / cap $2.000
[?2026l[?2026h[2K[1A[2K[1A[2K[1A[2K[1A[2K[1A[2K[1A[2K[1A[2K[1A[2K[1A[2K[1A[2K[1A[2K[1A[2K[1A[2K[1A[2K[1A[2K[1A[2K[G────────────────────────────────────────────────────────────────────────────────────────────────────────────────────────


s5 context show:calc/__init__.py noul=0.06 p=0.06 c=0.88 derived
s5 context show:hypothesis/__init__.py noul=0.04 p=0.04 c=0.92 derived
s5 context show:hypothesis/strategies.py noul=0.04 p=0.04 c=0.92 derived
s5 context show:notes.txt noul=0.06 p=0.06 c=0.88 derived
s5 context show:pytest.ini noul=0.06 p=0.06 c=0.88 derived
s5 context show:README.md noul=0.04 p=0.04 c=0.92 derived
s5 context show:tests/test_core.py noul=0.20 p=0.20 c=0.60 derived
s5 risk destructive score=0.01 p=0.99 c=0.99 [ok]
s5 risk out_of_scope score=0.13 p=0.94 c=0.90 [ok]
s5 risk plan_mismatch score=0.85 p=0.67 c=0.28 [ok]
s5 risk irreversible score=0.02 p=1.00 c=1.00 [ok]
s5 risk matches_intent noul=0.92 p=0.92 c=0.84 derived
step 4/40  ⠇ execute  wall 18m35s/30m  tokens gen 20.6k jev 46.9k  cost gen $0.055 jev $0.002 / cap $2.000
[?2026l[?2026h[2K[1A[2K[1A[2K[1A[2K[1A[2K[1A[2K[1A[2K[1A[2K[1A[2K[1A[2K[1A[2K[1A[2K[1A[2K[1A[2K[1A[2K[1A[2K[1A[2K[G[step 5] judge skipped completion=0.71
[step 5] plan done=3 remaining=7 unverified=1 problems=3 rejected: "Added one-line docstrings to all functions in
calc/core.py (add, safe_divide, m…"; "Ran tests with pytest -q (8 passed, 0 failed, 0 errors) - step 4"
────────────────────────────────────────────────────────────────────────────────────────────────────────────────────────


s5 context show:hypothesis/__init__.py noul=0.04 p=0.04 c=0.92 derived
s5 context show:hypothesis/strategies.py noul=0.04 p=0.04 c=0.92 derived
s5 context show:notes.txt noul=0.06 p=0.06 c=0.88 derived
s5 context show:pytest.ini noul=0.06 p=0.06 c=0.88 derived
s5 context show:README.md noul=0.04 p=0.04 c=0.92 derived
s5 context show:tests/test_core.py noul=0.20 p=0.20 c=0.60 derived
s5 risk destructive score=0.01 p=0.99 c=0.99 [ok]
s5 risk out_of_scope score=0.13 p=0.94 c=0.90 [ok]
s5 risk plan_mismatch score=0.85 p=0.67 c=0.28 [ok]
s5 risk irreversible score=0.02 p=1.00 c=1.00 [ok]
s5 risk matches_intent noul=0.92 p=0.92 c=0.84 derived
s5 complete task_complete noul=0.71 p=0.71 c=0.42 derived
step 5/40  ⠇ judge  wall 18m35s/30m  tokens gen 20.6k jev 49.7k  cost gen $0.055 jev $0.002 / cap $2.000
[?2026l[?2026h[2K[1A[2K[1A[2K[1A[2K[1A[2K[1A[2K[1A[2K[1A[2K[1A[2K[1A[2K[1A[2K[1A[2K[1A[2K[1A[2K[1A[2K[1A[2K[1A[2K[G────────────────────────────────────────────────────────────────────────────────────────────────────────────────────────


s5 context show:hypothesis/__init__.py noul=0.04 p=0.04 c=0.92 derived
s5 context show:hypothesis/strategies.py noul=0.04 p=0.04 c=0.92 derived
s5 context show:notes.txt noul=0.06 p=0.06 c=0.88 derived
s5 context show:pytest.ini noul=0.06 p=0.06 c=0.88 derived
s5 context show:README.md noul=0.04 p=0.04 c=0.92 derived
s5 context show:tests/test_core.py noul=0.20 p=0.20 c=0.60 derived
s5 risk destructive score=0.01 p=0.99 c=0.99 [ok]
s5 risk out_of_scope score=0.13 p=0.94 c=0.90 [ok]
s5 risk plan_mismatch score=0.85 p=0.67 c=0.28 [ok]
s5 risk irreversible score=0.02 p=1.00 c=1.00 [ok]
s5 risk matches_intent noul=0.92 p=0.92 c=0.84 derived
s5 complete task_complete noul=0.71 p=0.71 c=0.42 derived
step 5/40  ⠏ judge  wall 18m35s/30m  tokens gen 20.6k jev 49.7k  cost gen $0.055 jev $0.002 / cap $2.000
[?2026l[?2026h[2K[1A[2K[1A[2K[1A[2K[1A[2K[1A[2K[1A[2K[1A[2K[1A[2K[1A[2K[1A[2K[1A[2K[1A[2K[1A[2K[1A[2K[1A[2K[1A[2K[G[step 6] intent=investigate p=0.49 c=0.39 (jev answered finish)
────────────────────────────────────────────────────────────────────────────────────────────────────────────────────────


s5 risk out_of_scope score=0.13 p=0.94 c=0.90 [ok]
s5 risk plan_mismatch score=0.85 p=0.67 c=0.28 [ok]
s5 risk irreversible score=0.02 p=1.00 c=1.00 [ok]
s5 risk matches_intent noul=0.92 p=0.92 c=0.84 derived
s5 complete task_complete noul=0.71 p=0.71 c=0.42 derived
s6 intent intent choice=finish p=0.49 c=0.39 [fallback]
s6 intent can_investigate noul=0.16 p=0.16 c=0.68 derived
s6 intent can_edit noul=0.18 p=0.18 c=0.64 derived
s6 intent can_verify noul=0.34 p=0.34 c=0.32 derived
s6 intent can_fix_environment noul=0.03 p=0.03 c=0.94 derived
s6 intent can_finish noul=0.26 p=0.26 c=0.48 derived
s6 intent plan_still_valid noul=0.16 p=0.16 c=0.68 derived
step 5/40  ⠏ intent  wall 18m36s/30m  tokens gen 20.6k jev 53.6k  cost gen $0.055 jev $0.002 / cap $2.000
[?2026l[?2026h[2K[1A[2K[1A[2K[1A[2K[1A[2K[1A[2K[1A[2K[1A[2K[1A[2K[1A[2K[1A[2K[1A[2K[1A[2K[1A[2K[1A[2K[1A[2K[1A[2K[G────────────────────────────────────────────────────────────────────────────────────────────────────────────────────────


s5 risk out_of_scope score=0.13 p=0.94 c=0.90 [ok]
s5 risk plan_mismatch score=0.85 p=0.67 c=0.28 [ok]
s5 risk irreversible score=0.02 p=1.00 c=1.00 [ok]
s5 risk matches_intent noul=0.92 p=0.92 c=0.84 derived
s5 complete task_complete noul=0.71 p=0.71 c=0.42 derived
s6 intent intent choice=finish p=0.49 c=0.39 [fallback]
s6 intent can_investigate noul=0.16 p=0.16 c=0.68 derived
s6 intent can_edit noul=0.18 p=0.18 c=0.64 derived
s6 intent can_verify noul=0.34 p=0.34 c=0.32 derived
s6 intent can_fix_environment noul=0.03 p=0.03 c=0.94 derived
s6 intent can_finish noul=0.26 p=0.26 c=0.48 derived
s6 intent plan_still_valid noul=0.16 p=0.16 c=0.68 derived
step 5/40  ⠋ intent  wall 18m36s/30m  tokens gen 20.6k jev 53.6k  cost gen $0.055 jev $0.002 / cap $2.000
[?2026l[?2026h[2K[1A[2K[1A[2K[1A[2K[1A[2K[1A[2K[1A[2K[1A[2K[1A[2K[1A[2K[1A[2K[1A[2K[1A[2K[1A[2K[1A[2K[1A[2K[1A[2K[G────────────────────────────────────────────────────────────────────────────────────────────────────────────────────────


s5 risk out_of_scope score=0.13 p=0.94 c=0.90 [ok]
s5 risk plan_mismatch score=0.85 p=0.67 c=0.28 [ok]
s5 risk irreversible score=0.02 p=1.00 c=1.00 [ok]
s5 risk matches_intent noul=0.92 p=0.92 c=0.84 derived
s5 complete task_complete noul=0.71 p=0.71 c=0.42 derived
s6 intent intent choice=finish p=0.49 c=0.39 [fallback]
s6 intent can_investigate noul=0.16 p=0.16 c=0.68 derived
s6 intent can_edit noul=0.18 p=0.18 c=0.64 derived
s6 intent can_verify noul=0.34 p=0.34 c=0.32 derived
s6 intent can_fix_environment noul=0.03 p=0.03 c=0.94 derived
s6 intent can_finish noul=0.26 p=0.26 c=0.48 derived
s6 intent plan_still_valid noul=0.16 p=0.16 c=0.68 derived
step 5/40  ⠙ intent  wall 18m36s/30m  tokens gen 20.6k jev 53.6k  cost gen $0.055 jev $0.002 / cap $2.000
[?2026l[?2026h[2K[1A[2K[1A[2K[1A[2K[1A[2K[1A[2K[1A[2K[1A[2K[1A[2K[1A[2K[1A[2K[1A[2K[1A[2K[1A[2K[1A[2K[1A[2K[1A[2K[G────────────────────────────────────────────────────────────────────────────────────────────────────────────────────────


s6 intent can_verify noul=0.34 p=0.34 c=0.32 derived
s6 intent can_fix_environment noul=0.03 p=0.03 c=0.94 derived
s6 intent can_finish noul=0.26 p=0.26 c=0.48 derived
s6 intent plan_still_valid noul=0.16 p=0.16 c=0.68 derived
s6 context show:calc/core.py noul=0.82 p=0.82 c=0.64 derived
s6 context show:calc/__init__.py noul=0.06 p=0.06 c=0.88 derived
s6 context show:hypothesis/__init__.py noul=0.04 p=0.04 c=0.92 derived
s6 context show:hypothesis/strategies.py noul=0.04 p=0.04 c=0.92 derived
s6 context show:notes.txt noul=0.07 p=0.07 c=0.86 derived
s6 context show:pytest.ini noul=0.08 p=0.08 c=0.84 derived
s6 context show:README.md noul=0.04 p=0.04 c=0.92 derived
s6 context show:tests/test_core.py noul=0.39 p=0.39 c=0.22 derived
step 5/40  ⠙ intent  wall 18m36s/30m  tokens gen 20.6k jev 53.6k  cost gen $0.055 jev $0.002 / cap $2.000
[?2026l[?2026h[2K[1A[2K[1A[2K[1A[2K[1A[2K[1A[2K[1A[2K[1A[2K[1A[2K[1A[2K[1A[2K[1A[2K[1A[2K[1A[2K[1A[2K[1A[2K[1A[2K[G[step 6] context 1 files 1.1kB of 8 candidates: calc/core.py
────────────────────────────────────────────────────────────────────────────────────────────────────────────────────────


s6 intent can_verify noul=0.34 p=0.34 c=0.32 derived
s6 intent can_fix_environment noul=0.03 p=0.03 c=0.94 derived
s6 intent can_finish noul=0.26 p=0.26 c=0.48 derived
s6 intent plan_still_valid noul=0.16 p=0.16 c=0.68 derived
s6 context show:calc/core.py noul=0.82 p=0.82 c=0.64 derived
s6 context show:calc/__init__.py noul=0.06 p=0.06 c=0.88 derived
s6 context show:hypothesis/__init__.py noul=0.04 p=0.04 c=0.92 derived
s6 context show:hypothesis/strategies.py noul=0.04 p=0.04 c=0.92 derived
s6 context show:notes.txt noul=0.07 p=0.07 c=0.86 derived
s6 context show:pytest.ini noul=0.08 p=0.08 c=0.84 derived
s6 context show:README.md noul=0.04 p=0.04 c=0.92 derived
s6 context show:tests/test_core.py noul=0.39 p=0.39 c=0.22 derived
step 5/40  ⠙ context  wall 18m36s/30m  tokens gen 20.6k jev 57.2k  cost gen $0.055 jev $0.002 / cap $2.000
[?2026l[?2026h[2K[1A[2K[1A[2K[1A[2K[1A[2K[1A[2K[1A[2K[1A[2K[1A[2K[1A[2K[1A[2K[1A[2K[1A[2K[1A[2K[1A[2K[1A[2K[1A[2K[G────────────────────────────────────────────────────────────────────────────────────────────────────────────────────────


s6 intent can_verify noul=0.34 p=0.34 c=0.32 derived
s6 intent can_fix_environment noul=0.03 p=0.03 c=0.94 derived
s6 intent can_finish noul=0.26 p=0.26 c=0.48 derived
s6 intent plan_still_valid noul=0.16 p=0.16 c=0.68 derived
s6 context show:calc/core.py noul=0.82 p=0.82 c=0.64 derived
s6 context show:calc/__init__.py noul=0.06 p=0.06 c=0.88 derived
s6 context show:hypothesis/__init__.py noul=0.04 p=0.04 c=0.92 derived
s6 context show:hypothesis/strategies.py noul=0.04 p=0.04 c=0.92 derived
s6 context show:notes.txt noul=0.07 p=0.07 c=0.86 derived
s6 context show:pytest.ini noul=0.08 p=0.08 c=0.84 derived
s6 context show:README.md noul=0.04 p=0.04 c=0.92 derived
s6 context show:tests/test_core.py noul=0.39 p=0.39 c=0.22 derived
step 5/40  ⠹ context  wall 18m36s/30m  tokens gen 20.6k jev 57.2k  cost gen $0.055 jev $0.002 / cap $2.000
[?2026l[?2026h[2K[1A[2K[1A[2K[1A[2K[1A[2K[1A[2K[1A[2K[1A[2K[1A[2K[1A[2K[1A[2K[1A[2K[1A[2K[1A[2K[1A[2K[1A[2K[1A[2K[G────────────────────────────────────────────────────────────────────────────────────────────────────────────────────────


s6 intent can_verify noul=0.34 p=0.34 c=0.32 derived
s6 intent can_fix_environment noul=0.03 p=0.03 c=0.94 derived
s6 intent can_finish noul=0.26 p=0.26 c=0.48 derived
s6 intent plan_still_valid noul=0.16 p=0.16 c=0.68 derived
s6 context show:calc/core.py noul=0.82 p=0.82 c=0.64 derived
s6 context show:calc/__init__.py noul=0.06 p=0.06 c=0.88 derived
s6 context show:hypothesis/__init__.py noul=0.04 p=0.04 c=0.92 derived
s6 context show:hypothesis/strategies.py noul=0.04 p=0.04 c=0.92 derived
s6 context show:notes.txt noul=0.07 p=0.07 c=0.86 derived
s6 context show:pytest.ini noul=0.08 p=0.08 c=0.84 derived
s6 context show:README.md noul=0.04 p=0.04 c=0.92 derived
s6 context show:tests/test_core.py noul=0.39 p=0.39 c=0.22 derived
step 5/40  ⠸ context  wall 18m36s/30m  tokens gen 20.6k jev 57.2k  cost gen $0.055 jev $0.002 / cap $2.000
[?2026l[?2026h[2K[1A[2K[1A[2K[1A[2K[1A[2K[1A[2K[1A[2K[1A[2K[1A[2K[1A[2K[1A[2K[1A[2K[1A[2K[1A[2K[1A[2K[1A[2K[1A[2K[G────────────────────────────────────────────────────────────────────────────────────────────────────────────────────────


s6 intent can_verify noul=0.34 p=0.34 c=0.32 derived
s6 intent can_fix_environment noul=0.03 p=0.03 c=0.94 derived
s6 intent can_finish noul=0.26 p=0.26 c=0.48 derived
s6 intent plan_still_valid noul=0.16 p=0.16 c=0.68 derived
s6 context show:calc/core.py noul=0.82 p=0.82 c=0.64 derived
s6 context show:calc/__init__.py noul=0.06 p=0.06 c=0.88 derived
s6 context show:hypothesis/__init__.py noul=0.04 p=0.04 c=0.92 derived
s6 context show:hypothesis/strategies.py noul=0.04 p=0.04 c=0.92 derived
s6 context show:notes.txt noul=0.07 p=0.07 c=0.86 derived
s6 context show:pytest.ini noul=0.08 p=0.08 c=0.84 derived
s6 context show:README.md noul=0.04 p=0.04 c=0.92 derived
s6 context show:tests/test_core.py noul=0.39 p=0.39 c=0.22 derived
step 5/40  ⠼ context  wall 18m36s/30m  tokens gen 20.6k jev 57.2k  cost gen $0.055 jev $0.002 / cap $2.000
[?2026l[?2026h[2K[1A[2K[1A[2K[1A[2K[1A[2K[1A[2K[1A[2K[1A[2K[1A[2K[1A[2K[1A[2K[1A[2K[1A[2K[1A[2K[1A[2K[1A[2K[1A[2K[G────────────────────────────────────────────────────────────────────────────────────────────────────────────────────────


s6 intent can_verify noul=0.34 p=0.34 c=0.32 derived
s6 intent can_fix_environment noul=0.03 p=0.03 c=0.94 derived
s6 intent can_finish noul=0.26 p=0.26 c=0.48 derived
s6 intent plan_still_valid noul=0.16 p=0.16 c=0.68 derived
s6 context show:calc/core.py noul=0.82 p=0.82 c=0.64 derived
s6 context show:calc/__init__.py noul=0.06 p=0.06 c=0.88 derived
s6 context show:hypothesis/__init__.py noul=0.04 p=0.04 c=0.92 derived
s6 context show:hypothesis/strategies.py noul=0.04 p=0.04 c=0.92 derived
s6 context show:notes.txt noul=0.07 p=0.07 c=0.86 derived
s6 context show:pytest.ini noul=0.08 p=0.08 c=0.84 derived
s6 context show:README.md noul=0.04 p=0.04 c=0.92 derived
s6 context show:tests/test_core.py noul=0.39 p=0.39 c=0.22 derived
step 5/40  ⠴ context  wall 18m36s/30m  tokens gen 20.6k jev 57.2k  cost gen $0.055 jev $0.002 / cap $2.000
[?2026l[?2026h[2K[1A[2K[1A[2K[1A[2K[1A[2K[1A[2K[1A[2K[1A[2K[1A[2K[1A[2K[1A[2K[1A[2K[1A[2K[1A[2K[1A[2K[1A[2K[1A[2K[G────────────────────────────────────────────────────────────────────────────────────────────────────────────────────────


s6 intent can_verify noul=0.34 p=0.34 c=0.32 derived
s6 intent can_fix_environment noul=0.03 p=0.03 c=0.94 derived
s6 intent can_finish noul=0.26 p=0.26 c=0.48 derived
s6 intent plan_still_valid noul=0.16 p=0.16 c=0.68 derived
s6 context show:calc/core.py noul=0.82 p=0.82 c=0.64 derived
s6 context show:calc/__init__.py noul=0.06 p=0.06 c=0.88 derived
s6 context show:hypothesis/__init__.py noul=0.04 p=0.04 c=0.92 derived
s6 context show:hypothesis/strategies.py noul=0.04 p=0.04 c=0.92 derived
s6 context show:notes.txt noul=0.07 p=0.07 c=0.86 derived
s6 context show:pytest.ini noul=0.08 p=0.08 c=0.84 derived
s6 context show:README.md noul=0.04 p=0.04 c=0.92 derived
s6 context show:tests/test_core.py noul=0.39 p=0.39 c=0.22 derived
step 5/40  ⠦ context  wall 18m36s/30m  tokens gen 20.6k jev 57.2k  cost gen $0.055 jev $0.002 / cap $2.000
[?2026l[?2026h[2K[1A[2K[1A[2K[1A[2K[1A[2K[1A[2K[1A[2K[1A[2K[1A[2K[1A[2K[1A[2K[1A[2K[1A[2K[1A[2K[1A[2K[1A[2K[1A[2K[G────────────────────────────────────────────────────────────────────────────────────────────────────────────────────────


s6 intent can_verify noul=0.34 p=0.34 c=0.32 derived
s6 intent can_fix_environment noul=0.03 p=0.03 c=0.94 derived
s6 intent can_finish noul=0.26 p=0.26 c=0.48 derived
s6 intent plan_still_valid noul=0.16 p=0.16 c=0.68 derived
s6 context show:calc/core.py noul=0.82 p=0.82 c=0.64 derived
s6 context show:calc/__init__.py noul=0.06 p=0.06 c=0.88 derived
s6 context show:hypothesis/__init__.py noul=0.04 p=0.04 c=0.92 derived
s6 context show:hypothesis/strategies.py noul=0.04 p=0.04 c=0.92 derived
s6 context show:notes.txt noul=0.07 p=0.07 c=0.86 derived
s6 context show:pytest.ini noul=0.08 p=0.08 c=0.84 derived
s6 context show:README.md noul=0.04 p=0.04 c=0.92 derived
s6 context show:tests/test_core.py noul=0.39 p=0.39 c=0.22 derived
step 5/40  ⠧ context  wall 18m36s/30m  tokens gen 20.6k jev 57.2k  cost gen $0.055 jev $0.002 / cap $2.000
[?2026l[?2026h[2K[1A[2K[1A[2K[1A[2K[1A[2K[1A[2K[1A[2K[1A[2K[1A[2K[1A[2K[1A[2K[1A[2K[1A[2K[1A[2K[1A[2K[1A[2K[1A[2K[G────────────────────────────────────────────────────────────────────────────────────────────────────────────────────────


s6 intent can_verify noul=0.34 p=0.34 c=0.32 derived
s6 intent can_fix_environment noul=0.03 p=0.03 c=0.94 derived
s6 intent can_finish noul=0.26 p=0.26 c=0.48 derived
s6 intent plan_still_valid noul=0.16 p=0.16 c=0.68 derived
s6 context show:calc/core.py noul=0.82 p=0.82 c=0.64 derived
s6 context show:calc/__init__.py noul=0.06 p=0.06 c=0.88 derived
s6 context show:hypothesis/__init__.py noul=0.04 p=0.04 c=0.92 derived
s6 context show:hypothesis/strategies.py noul=0.04 p=0.04 c=0.92 derived
s6 context show:notes.txt noul=0.07 p=0.07 c=0.86 derived
s6 context show:pytest.ini noul=0.08 p=0.08 c=0.84 derived
s6 context show:README.md noul=0.04 p=0.04 c=0.92 derived
s6 context show:tests/test_core.py noul=0.39 p=0.39 c=0.22 derived
step 5/40  ⠇ context  wall 18m36s/30m  tokens gen 20.6k jev 57.2k  cost gen $0.055 jev $0.002 / cap $2.000
[?2026l[?2026h[2K[1A[2K[1A[2K[1A[2K[1A[2K[1A[2K[1A[2K[1A[2K[1A[2K[1A[2K[1A[2K[1A[2K[1A[2K[1A[2K[1A[2K[1A[2K[1A[2K[G────────────────────────────────────────────────────────────────────────────────────────────────────────────────────────


s6 intent can_verify noul=0.34 p=0.34 c=0.32 derived
s6 intent can_fix_environment noul=0.03 p=0.03 c=0.94 derived
s6 intent can_finish noul=0.26 p=0.26 c=0.48 derived
s6 intent plan_still_valid noul=0.16 p=0.16 c=0.68 derived
s6 context show:calc/core.py noul=0.82 p=0.82 c=0.64 derived
s6 context show:calc/__init__.py noul=0.06 p=0.06 c=0.88 derived
s6 context show:hypothesis/__init__.py noul=0.04 p=0.04 c=0.92 derived
s6 context show:hypothesis/strategies.py noul=0.04 p=0.04 c=0.92 derived
s6 context show:notes.txt noul=0.07 p=0.07 c=0.86 derived
s6 context show:pytest.ini noul=0.08 p=0.08 c=0.84 derived
s6 context show:README.md noul=0.04 p=0.04 c=0.92 derived
s6 context show:tests/test_core.py noul=0.39 p=0.39 c=0.22 derived
step 5/40  ⠏ context  wall 18m36s/30m  tokens gen 20.6k jev 57.2k  cost gen $0.055 jev $0.002 / cap $2.000
[?2026l[?2026h[2K[1A[2K[1A[2K[1A[2K[1A[2K[1A[2K[1A[2K[1A[2K[1A[2K[1A[2K[1A[2K[1A[2K[1A[2K[1A[2K[1A[2K[1A[2K[1A[2K[G────────────────────────────────────────────────────────────────────────────────────────────────────────────────────────


s6 intent can_verify noul=0.34 p=0.34 c=0.32 derived
s6 intent can_fix_environment noul=0.03 p=0.03 c=0.94 derived
s6 intent can_finish noul=0.26 p=0.26 c=0.48 derived
s6 intent plan_still_valid noul=0.16 p=0.16 c=0.68 derived
s6 context show:calc/core.py noul=0.82 p=0.82 c=0.64 derived
s6 context show:calc/__init__.py noul=0.06 p=0.06 c=0.88 derived
s6 context show:hypothesis/__init__.py noul=0.04 p=0.04 c=0.92 derived
s6 context show:hypothesis/strategies.py noul=0.04 p=0.04 c=0.92 derived
s6 context show:notes.txt noul=0.07 p=0.07 c=0.86 derived
s6 context show:pytest.ini noul=0.08 p=0.08 c=0.84 derived
s6 context show:README.md noul=0.04 p=0.04 c=0.92 derived
s6 context show:tests/test_core.py noul=0.39 p=0.39 c=0.22 derived
step 5/40  ⠋ context  wall 18m36s/30m  tokens gen 20.6k jev 57.2k  cost gen $0.055 jev $0.002 / cap $2.000
[?2026l[?2026h[2K[1A[2K[1A[2K[1A[2K[1A[2K[1A[2K[1A[2K[1A[2K[1A[2K[1A[2K[1A[2K[1A[2K[1A[2K[1A[2K[1A[2K[1A[2K[1A[2K[G────────────────────────────────────────────────────────────────────────────────────────────────────────────────────────


s6 intent can_verify noul=0.34 p=0.34 c=0.32 derived
s6 intent can_fix_environment noul=0.03 p=0.03 c=0.94 derived
s6 intent can_finish noul=0.26 p=0.26 c=0.48 derived
s6 intent plan_still_valid noul=0.16 p=0.16 c=0.68 derived
s6 context show:calc/core.py noul=0.82 p=0.82 c=0.64 derived
s6 context show:calc/__init__.py noul=0.06 p=0.06 c=0.88 derived
s6 context show:hypothesis/__init__.py noul=0.04 p=0.04 c=0.92 derived
s6 context show:hypothesis/strategies.py noul=0.04 p=0.04 c=0.92 derived
s6 context show:notes.txt noul=0.07 p=0.07 c=0.86 derived
s6 context show:pytest.ini noul=0.08 p=0.08 c=0.84 derived
s6 context show:README.md noul=0.04 p=0.04 c=0.92 derived
s6 context show:tests/test_core.py noul=0.39 p=0.39 c=0.22 derived
step 5/40  ⠙ context  wall 18m36s/30m  tokens gen 20.6k jev 57.2k  cost gen $0.055 jev $0.002 / cap $2.000
[?2026l[?2026h[2K[1A[2K[1A[2K[1A[2K[1A[2K[1A[2K[1A[2K[1A[2K[1A[2K[1A[2K[1A[2K[1A[2K[1A[2K[1A[2K[1A[2K[1A[2K[1A[2K[G────────────────────────────────────────────────────────────────────────────────────────────────────────────────────────


s6 intent can_verify noul=0.34 p=0.34 c=0.32 derived
s6 intent can_fix_environment noul=0.03 p=0.03 c=0.94 derived
s6 intent can_finish noul=0.26 p=0.26 c=0.48 derived
s6 intent plan_still_valid noul=0.16 p=0.16 c=0.68 derived
s6 context show:calc/core.py noul=0.82 p=0.82 c=0.64 derived
s6 context show:calc/__init__.py noul=0.06 p=0.06 c=0.88 derived
s6 context show:hypothesis/__init__.py noul=0.04 p=0.04 c=0.92 derived
s6 context show:hypothesis/strategies.py noul=0.04 p=0.04 c=0.92 derived
s6 context show:notes.txt noul=0.07 p=0.07 c=0.86 derived
s6 context show:pytest.ini noul=0.08 p=0.08 c=0.84 derived
s6 context show:README.md noul=0.04 p=0.04 c=0.92 derived
s6 context show:tests/test_core.py noul=0.39 p=0.39 c=0.22 derived
step 5/40  ⠹ context  wall 18m36s/30m  tokens gen 20.6k jev 57.2k  cost gen $0.055 jev $0.002 / cap $2.000
[?2026l[?2026h[2K[1A[2K[1A[2K[1A[2K[1A[2K[1A[2K[1A[2K[1A[2K[1A[2K[1A[2K[1A[2K[1A[2K[1A[2K[1A[2K[1A[2K[1A[2K[1A[2K[G────────────────────────────────────────────────────────────────────────────────────────────────────────────────────────


s6 intent can_verify noul=0.34 p=0.34 c=0.32 derived
s6 intent can_fix_environment noul=0.03 p=0.03 c=0.94 derived
s6 intent can_finish noul=0.26 p=0.26 c=0.48 derived
s6 intent plan_still_valid noul=0.16 p=0.16 c=0.68 derived
s6 context show:calc/core.py noul=0.82 p=0.82 c=0.64 derived
s6 context show:calc/__init__.py noul=0.06 p=0.06 c=0.88 derived
s6 context show:hypothesis/__init__.py noul=0.04 p=0.04 c=0.92 derived
s6 context show:hypothesis/strategies.py noul=0.04 p=0.04 c=0.92 derived
s6 context show:notes.txt noul=0.07 p=0.07 c=0.86 derived
s6 context show:pytest.ini noul=0.08 p=0.08 c=0.84 derived
s6 context show:README.md noul=0.04 p=0.04 c=0.92 derived
s6 context show:tests/test_core.py noul=0.39 p=0.39 c=0.22 derived
step 5/40  ⠸ context  wall 18m36s/30m  tokens gen 20.6k jev 57.2k  cost gen $0.055 jev $0.002 / cap $2.000
[?2026l[?2026h[2K[1A[2K[1A[2K[1A[2K[1A[2K[1A[2K[1A[2K[1A[2K[1A[2K[1A[2K[1A[2K[1A[2K[1A[2K[1A[2K[1A[2K[1A[2K[1A[2K[G────────────────────────────────────────────────────────────────────────────────────────────────────────────────────────


s6 intent can_verify noul=0.34 p=0.34 c=0.32 derived
s6 intent can_fix_environment noul=0.03 p=0.03 c=0.94 derived
s6 intent can_finish noul=0.26 p=0.26 c=0.48 derived
s6 intent plan_still_valid noul=0.16 p=0.16 c=0.68 derived
s6 context show:calc/core.py noul=0.82 p=0.82 c=0.64 derived
s6 context show:calc/__init__.py noul=0.06 p=0.06 c=0.88 derived
s6 context show:hypothesis/__init__.py noul=0.04 p=0.04 c=0.92 derived
s6 context show:hypothesis/strategies.py noul=0.04 p=0.04 c=0.92 derived
s6 context show:notes.txt noul=0.07 p=0.07 c=0.86 derived
s6 context show:pytest.ini noul=0.08 p=0.08 c=0.84 derived
s6 context show:README.md noul=0.04 p=0.04 c=0.92 derived
s6 context show:tests/test_core.py noul=0.39 p=0.39 c=0.22 derived
step 5/40  ⠼ context  wall 18m36s/30m  tokens gen 20.6k jev 57.2k  cost gen $0.055 jev $0.002 / cap $2.000
[?2026l[?2026h[2K[1A[2K[1A[2K[1A[2K[1A[2K[1A[2K[1A[2K[1A[2K[1A[2K[1A[2K[1A[2K[1A[2K[1A[2K[1A[2K[1A[2K[1A[2K[1A[2K[G────────────────────────────────────────────────────────────────────────────────────────────────────────────────────────


s6 intent can_verify noul=0.34 p=0.34 c=0.32 derived
s6 intent can_fix_environment noul=0.03 p=0.03 c=0.94 derived
s6 intent can_finish noul=0.26 p=0.26 c=0.48 derived
s6 intent plan_still_valid noul=0.16 p=0.16 c=0.68 derived
s6 context show:calc/core.py noul=0.82 p=0.82 c=0.64 derived
s6 context show:calc/__init__.py noul=0.06 p=0.06 c=0.88 derived
s6 context show:hypothesis/__init__.py noul=0.04 p=0.04 c=0.92 derived
s6 context show:hypothesis/strategies.py noul=0.04 p=0.04 c=0.92 derived
s6 context show:notes.txt noul=0.07 p=0.07 c=0.86 derived
s6 context show:pytest.ini noul=0.08 p=0.08 c=0.84 derived
s6 context show:README.md noul=0.04 p=0.04 c=0.92 derived
s6 context show:tests/test_core.py noul=0.39 p=0.39 c=0.22 derived
step 5/40  ⠴ context  wall 18m36s/30m  tokens gen 20.6k jev 57.2k  cost gen $0.055 jev $0.002 / cap $2.000
[?2026l[?2026h[2K[1A[2K[1A[2K[1A[2K[1A[2K[1A[2K[1A[2K[1A[2K[1A[2K[1A[2K[1A[2K[1A[2K[1A[2K[1A[2K[1A[2K[1A[2K[1A[2K[G────────────────────────────────────────────────────────────────────────────────────────────────────────────────────────
streaming action… 81 chars

s6 intent can_verify noul=0.34 p=0.34 c=0.32 derived
s6 intent can_fix_environment noul=0.03 p=0.03 c=0.94 derived
s6 intent can_finish noul=0.26 p=0.26 c=0.48 derived
s6 intent plan_still_valid noul=0.16 p=0.16 c=0.68 derived
s6 context show:calc/core.py noul=0.82 p=0.82 c=0.64 derived
s6 context show:calc/__init__.py noul=0.06 p=0.06 c=0.88 derived
s6 context show:hypothesis/__init__.py noul=0.04 p=0.04 c=0.92 derived
s6 context show:hypothesis/strategies.py noul=0.04 p=0.04 c=0.92 derived
s6 context show:notes.txt noul=0.07 p=0.07 c=0.86 derived
s6 context show:pytest.ini noul=0.08 p=0.08 c=0.84 derived
s6 context show:README.md noul=0.04 p=0.04 c=0.92 derived
s6 context show:tests/test_core.py noul=0.39 p=0.39 c=0.22 derived
step 5/40  ⠴ context  wall 18m36s/30m  tokens gen 20.6k jev 57.2k  cost gen $0.055 jev $0.002 / cap $2.000
[?2026l[?2026h[2K[1A[2K[1A[2K[1A[2K[1A[2K[1A[2K[1A[2K[1A[2K[1A[2K[1A[2K[1A[2K[1A[2K[1A[2K[1A[2K[1A[2K[1A[2K[1A[2K[G────────────────────────────────────────────────────────────────────────────────────────────────────────────────────────
streaming action… 81 chars

s6 intent can_verify noul=0.34 p=0.34 c=0.32 derived
s6 intent can_fix_environment noul=0.03 p=0.03 c=0.94 derived
s6 intent can_finish noul=0.26 p=0.26 c=0.48 derived
s6 intent plan_still_valid noul=0.16 p=0.16 c=0.68 derived
s6 context show:calc/core.py noul=0.82 p=0.82 c=0.64 derived
s6 context show:calc/__init__.py noul=0.06 p=0.06 c=0.88 derived
s6 context show:hypothesis/__init__.py noul=0.04 p=0.04 c=0.92 derived
s6 context show:hypothesis/strategies.py noul=0.04 p=0.04 c=0.92 derived
s6 context show:notes.txt noul=0.07 p=0.07 c=0.86 derived
s6 context show:pytest.ini noul=0.08 p=0.08 c=0.84 derived
s6 context show:README.md noul=0.04 p=0.04 c=0.92 derived
s6 context show:tests/test_core.py noul=0.39 p=0.39 c=0.22 derived
step 5/40  ⠦ context  wall 18m36s/30m  tokens gen 20.6k jev 57.2k  cost gen $0.055 jev $0.002 / cap $2.000
[?2026l[?2026h[2K[1A[2K[1A[2K[1A[2K[1A[2K[1A[2K[1A[2K[1A[2K[1A[2K[1A[2K[1A[2K[1A[2K[1A[2K[1A[2K[1A[2K[1A[2K[1A[2K[G────────────────────────────────────────────────────────────────────────────────────────────────────────────────────────
streaming action… 111 chars

s6 intent can_verify noul=0.34 p=0.34 c=0.32 derived
s6 intent can_fix_environment noul=0.03 p=0.03 c=0.94 derived
s6 intent can_finish noul=0.26 p=0.26 c=0.48 derived
s6 intent plan_still_valid noul=0.16 p=0.16 c=0.68 derived
s6 context show:calc/core.py noul=0.82 p=0.82 c=0.64 derived
s6 context show:calc/__init__.py noul=0.06 p=0.06 c=0.88 derived
s6 context show:hypothesis/__init__.py noul=0.04 p=0.04 c=0.92 derived
s6 context show:hypothesis/strategies.py noul=0.04 p=0.04 c=0.92 derived
s6 context show:notes.txt noul=0.07 p=0.07 c=0.86 derived
s6 context show:pytest.ini noul=0.08 p=0.08 c=0.84 derived
s6 context show:README.md noul=0.04 p=0.04 c=0.92 derived
s6 context show:tests/test_core.py noul=0.39 p=0.39 c=0.22 derived
step 5/40  ⠦ context  wall 18m36s/30m  tokens gen 20.6k jev 57.2k  cost gen $0.055 jev $0.002 / cap $2.000
[?2026l[?2026h[2K[1A[2K[1A[2K[1A[2K[1A[2K[1A[2K[1A[2K[1A[2K[1A[2K[1A[2K[1A[2K[1A[2K[1A[2K[1A[2K[1A[2K[1A[2K[1A[2K[G────────────────────────────────────────────────────────────────────────────────────────────────────────────────────────
streaming action… 111 chars

s6 intent can_verify noul=0.34 p=0.34 c=0.32 derived
s6 intent can_fix_environment noul=0.03 p=0.03 c=0.94 derived
s6 intent can_finish noul=0.26 p=0.26 c=0.48 derived
s6 intent plan_still_valid noul=0.16 p=0.16 c=0.68 derived
s6 context show:calc/core.py noul=0.82 p=0.82 c=0.64 derived
s6 context show:calc/__init__.py noul=0.06 p=0.06 c=0.88 derived
s6 context show:hypothesis/__init__.py noul=0.04 p=0.04 c=0.92 derived
s6 context show:hypothesis/strategies.py noul=0.04 p=0.04 c=0.92 derived
s6 context show:notes.txt noul=0.07 p=0.07 c=0.86 derived
s6 context show:pytest.ini noul=0.08 p=0.08 c=0.84 derived
s6 context show:README.md noul=0.04 p=0.04 c=0.92 derived
s6 context show:tests/test_core.py noul=0.39 p=0.39 c=0.22 derived
step 5/40  ⠧ context  wall 18m36s/30m  tokens gen 20.6k jev 57.2k  cost gen $0.055 jev $0.002 / cap $2.000
[?2026l[?2026h[2K[1A[2K[1A[2K[1A[2K[1A[2K[1A[2K[1A[2K[1A[2K[1A[2K[1A[2K[1A[2K[1A[2K[1A[2K[1A[2K[1A[2K[1A[2K[1A[2K[G────────────────────────────────────────────────────────────────────────────────────────────────────────────────────────
streaming action… 111 chars

s6 intent can_verify noul=0.34 p=0.34 c=0.32 derived
s6 intent can_fix_environment noul=0.03 p=0.03 c=0.94 derived
s6 intent can_finish noul=0.26 p=0.26 c=0.48 derived
s6 intent plan_still_valid noul=0.16 p=0.16 c=0.68 derived
s6 context show:calc/core.py noul=0.82 p=0.82 c=0.64 derived
s6 context show:calc/__init__.py noul=0.06 p=0.06 c=0.88 derived
s6 context show:hypothesis/__init__.py noul=0.04 p=0.04 c=0.92 derived
s6 context show:hypothesis/strategies.py noul=0.04 p=0.04 c=0.92 derived
s6 context show:notes.txt noul=0.07 p=0.07 c=0.86 derived
s6 context show:pytest.ini noul=0.08 p=0.08 c=0.84 derived
s6 context show:README.md noul=0.04 p=0.04 c=0.92 derived
s6 context show:tests/test_core.py noul=0.39 p=0.39 c=0.22 derived
step 5/40  ⠇ context  wall 18m36s/30m  tokens gen 20.6k jev 57.2k  cost gen $0.055 jev $0.002 / cap $2.000
[?2026l[?2026h[2K[1A[2K[1A[2K[1A[2K[1A[2K[1A[2K[1A[2K[1A[2K[1A[2K[1A[2K[1A[2K[1A[2K[1A[2K[1A[2K[1A[2K[1A[2K[1A[2K[G────────────────────────────────────────────────────────────────────────────────────────────────────────────────────────
streaming action… 193 chars

s6 intent can_verify noul=0.34 p=0.34 c=0.32 derived
s6 intent can_fix_environment noul=0.03 p=0.03 c=0.94 derived
s6 intent can_finish noul=0.26 p=0.26 c=0.48 derived
s6 intent plan_still_valid noul=0.16 p=0.16 c=0.68 derived
s6 context show:calc/core.py noul=0.82 p=0.82 c=0.64 derived
s6 context show:calc/__init__.py noul=0.06 p=0.06 c=0.88 derived
s6 context show:hypothesis/__init__.py noul=0.04 p=0.04 c=0.92 derived
s6 context show:hypothesis/strategies.py noul=0.04 p=0.04 c=0.92 derived
s6 context show:notes.txt noul=0.07 p=0.07 c=0.86 derived
s6 context show:pytest.ini noul=0.08 p=0.08 c=0.84 derived
s6 context show:README.md noul=0.04 p=0.04 c=0.92 derived
s6 context show:tests/test_core.py noul=0.39 p=0.39 c=0.22 derived
step 5/40  ⠇ context  wall 18m36s/30m  tokens gen 20.6k jev 57.2k  cost gen $0.055 jev $0.002 / cap $2.000
[?2026l[?2026h[2K[1A[2K[1A[2K[1A[2K[1A[2K[1A[2K[1A[2K[1A[2K[1A[2K[1A[2K[1A[2K[1A[2K[1A[2K[1A[2K[1A[2K[1A[2K[1A[2K[G────────────────────────────────────────────────────────────────────────────────────────────────────────────────────────
streaming action… 193 chars

s6 intent can_verify noul=0.34 p=0.34 c=0.32 derived
s6 intent can_fix_environment noul=0.03 p=0.03 c=0.94 derived
s6 intent can_finish noul=0.26 p=0.26 c=0.48 derived
s6 intent plan_still_valid noul=0.16 p=0.16 c=0.68 derived
s6 context show:calc/core.py noul=0.82 p=0.82 c=0.64 derived
s6 context show:calc/__init__.py noul=0.06 p=0.06 c=0.88 derived
s6 context show:hypothesis/__init__.py noul=0.04 p=0.04 c=0.92 derived
s6 context show:hypothesis/strategies.py noul=0.04 p=0.04 c=0.92 derived
s6 context show:notes.txt noul=0.07 p=0.07 c=0.86 derived
s6 context show:pytest.ini noul=0.08 p=0.08 c=0.84 derived
s6 context show:README.md noul=0.04 p=0.04 c=0.92 derived
s6 context show:tests/test_core.py noul=0.39 p=0.39 c=0.22 derived
step 5/40  ⠏ context  wall 18m36s/30m  tokens gen 20.6k jev 57.2k  cost gen $0.055 jev $0.002 / cap $2.000
[?2026l[?2026h[2K[1A[2K[1A[2K[1A[2K[1A[2K[1A[2K[1A[2K[1A[2K[1A[2K[1A[2K[1A[2K[1A[2K[1A[2K[1A[2K[1A[2K[1A[2K[1A[2K[G────────────────────────────────────────────────────────────────────────────────────────────────────────────────────────
streaming action… 193 chars

s6 intent can_verify noul=0.34 p=0.34 c=0.32 derived
s6 intent can_fix_environment noul=0.03 p=0.03 c=0.94 derived
s6 intent can_finish noul=0.26 p=0.26 c=0.48 derived
s6 intent plan_still_valid noul=0.16 p=0.16 c=0.68 derived
s6 context show:calc/core.py noul=0.82 p=0.82 c=0.64 derived
s6 context show:calc/__init__.py noul=0.06 p=0.06 c=0.88 derived
s6 context show:hypothesis/__init__.py noul=0.04 p=0.04 c=0.92 derived
s6 context show:hypothesis/strategies.py noul=0.04 p=0.04 c=0.92 derived
s6 context show:notes.txt noul=0.07 p=0.07 c=0.86 derived
s6 context show:pytest.ini noul=0.08 p=0.08 c=0.84 derived
s6 context show:README.md noul=0.04 p=0.04 c=0.92 derived
s6 context show:tests/test_core.py noul=0.39 p=0.39 c=0.22 derived
step 5/40  ⠋ context  wall 18m36s/30m  tokens gen 20.6k jev 57.2k  cost gen $0.055 jev $0.002 / cap $2.000
[?2026l[?2026h[2K[1A[2K[1A[2K[1A[2K[1A[2K[1A[2K[1A[2K[1A[2K[1A[2K[1A[2K[1A[2K[1A[2K[1A[2K[1A[2K[1A[2K[1A[2K[1A[2K[G────────────────────────────────────────────────────────────────────────────────────────────────────────────────────────
streaming action… 193 chars

s6 intent can_verify noul=0.34 p=0.34 c=0.32 derived
s6 intent can_fix_environment noul=0.03 p=0.03 c=0.94 derived
s6 intent can_finish noul=0.26 p=0.26 c=0.48 derived
s6 intent plan_still_valid noul=0.16 p=0.16 c=0.68 derived
s6 context show:calc/core.py noul=0.82 p=0.82 c=0.64 derived
s6 context show:calc/__init__.py noul=0.06 p=0.06 c=0.88 derived
s6 context show:hypothesis/__init__.py noul=0.04 p=0.04 c=0.92 derived
s6 context show:hypothesis/strategies.py noul=0.04 p=0.04 c=0.92 derived
s6 context show:notes.txt noul=0.07 p=0.07 c=0.86 derived
s6 context show:pytest.ini noul=0.08 p=0.08 c=0.84 derived
s6 context show:README.md noul=0.04 p=0.04 c=0.92 derived
s6 context show:tests/test_core.py noul=0.39 p=0.39 c=0.22 derived
step 5/40  ⠙ context  wall 18m36s/30m  tokens gen 20.6k jev 57.2k  cost gen $0.055 jev $0.002 / cap $2.000
[?2026l[?2026h[2K[1A[2K[1A[2K[1A[2K[1A[2K[1A[2K[1A[2K[1A[2K[1A[2K[1A[2K[1A[2K[1A[2K[1A[2K[1A[2K[1A[2K[1A[2K[1A[2K[G────────────────────────────────────────────────────────────────────────────────────────────────────────────────────────
streaming action… 313 chars

s6 intent can_verify noul=0.34 p=0.34 c=0.32 derived
s6 intent can_fix_environment noul=0.03 p=0.03 c=0.94 derived
s6 intent can_finish noul=0.26 p=0.26 c=0.48 derived
s6 intent plan_still_valid noul=0.16 p=0.16 c=0.68 derived
s6 context show:calc/core.py noul=0.82 p=0.82 c=0.64 derived
s6 context show:calc/__init__.py noul=0.06 p=0.06 c=0.88 derived
s6 context show:hypothesis/__init__.py noul=0.04 p=0.04 c=0.92 derived
s6 context show:hypothesis/strategies.py noul=0.04 p=0.04 c=0.92 derived
s6 context show:notes.txt noul=0.07 p=0.07 c=0.86 derived
s6 context show:pytest.ini noul=0.08 p=0.08 c=0.84 derived
s6 context show:README.md noul=0.04 p=0.04 c=0.92 derived
s6 context show:tests/test_core.py noul=0.39 p=0.39 c=0.22 derived
step 5/40  ⠙ context  wall 18m36s/30m  tokens gen 20.6k jev 57.2k  cost gen $0.055 jev $0.002 / cap $2.000
[?2026l[?2026h[2K[1A[2K[1A[2K[1A[2K[1A[2K[1A[2K[1A[2K[1A[2K[1A[2K[1A[2K[1A[2K[1A[2K[1A[2K[1A[2K[1A[2K[1A[2K[1A[2K[G────────────────────────────────────────────────────────────────────────────────────────────────────────────────────────
streaming action… 313 chars

s6 intent can_verify noul=0.34 p=0.34 c=0.32 derived
s6 intent can_fix_environment noul=0.03 p=0.03 c=0.94 derived
s6 intent can_finish noul=0.26 p=0.26 c=0.48 derived
s6 intent plan_still_valid noul=0.16 p=0.16 c=0.68 derived
s6 context show:calc/core.py noul=0.82 p=0.82 c=0.64 derived
s6 context show:calc/__init__.py noul=0.06 p=0.06 c=0.88 derived
s6 context show:hypothesis/__init__.py noul=0.04 p=0.04 c=0.92 derived
s6 context show:hypothesis/strategies.py noul=0.04 p=0.04 c=0.92 derived
s6 context show:notes.txt noul=0.07 p=0.07 c=0.86 derived
s6 context show:pytest.ini noul=0.08 p=0.08 c=0.84 derived
s6 context show:README.md noul=0.04 p=0.04 c=0.92 derived
s6 context show:tests/test_core.py noul=0.39 p=0.39 c=0.22 derived
step 5/40  ⠹ context  wall 18m36s/30m  tokens gen 20.6k jev 57.2k  cost gen $0.055 jev $0.002 / cap $2.000
[?2026l[?2026h[2K[1A[2K[1A[2K[1A[2K[1A[2K[1A[2K[1A[2K[1A[2K[1A[2K[1A[2K[1A[2K[1A[2K[1A[2K[1A[2K[1A[2K[1A[2K[1A[2K[G────────────────────────────────────────────────────────────────────────────────────────────────────────────────────────
streaming action… 336 chars

s6 intent can_verify noul=0.34 p=0.34 c=0.32 derived
s6 intent can_fix_environment noul=0.03 p=0.03 c=0.94 derived
s6 intent can_finish noul=0.26 p=0.26 c=0.48 derived
s6 intent plan_still_valid noul=0.16 p=0.16 c=0.68 derived
s6 context show:calc/core.py noul=0.82 p=0.82 c=0.64 derived
s6 context show:calc/__init__.py noul=0.06 p=0.06 c=0.88 derived
s6 context show:hypothesis/__init__.py noul=0.04 p=0.04 c=0.92 derived
s6 context show:hypothesis/strategies.py noul=0.04 p=0.04 c=0.92 derived
s6 context show:notes.txt noul=0.07 p=0.07 c=0.86 derived
s6 context show:pytest.ini noul=0.08 p=0.08 c=0.84 derived
s6 context show:README.md noul=0.04 p=0.04 c=0.92 derived
s6 context show:tests/test_core.py noul=0.39 p=0.39 c=0.22 derived
step 5/40  ⠹ context  wall 18m36s/30m  tokens gen 20.6k jev 57.2k  cost gen $0.055 jev $0.002 / cap $2.000
[?2026l[?2026h[2K[1A[2K[1A[2K[1A[2K[1A[2K[1A[2K[1A[2K[1A[2K[1A[2K[1A[2K[1A[2K[1A[2K[1A[2K[1A[2K[1A[2K[1A[2K[1A[2K[G────────────────────────────────────────────────────────────────────────────────────────────────────────────────────────
streaming action… 336 chars

s6 intent can_verify noul=0.34 p=0.34 c=0.32 derived
s6 intent can_fix_environment noul=0.03 p=0.03 c=0.94 derived
s6 intent can_finish noul=0.26 p=0.26 c=0.48 derived
s6 intent plan_still_valid noul=0.16 p=0.16 c=0.68 derived
s6 context show:calc/core.py noul=0.82 p=0.82 c=0.64 derived
s6 context show:calc/__init__.py noul=0.06 p=0.06 c=0.88 derived
s6 context show:hypothesis/__init__.py noul=0.04 p=0.04 c=0.92 derived
s6 context show:hypothesis/strategies.py noul=0.04 p=0.04 c=0.92 derived
s6 context show:notes.txt noul=0.07 p=0.07 c=0.86 derived
s6 context show:pytest.ini noul=0.08 p=0.08 c=0.84 derived
s6 context show:README.md noul=0.04 p=0.04 c=0.92 derived
s6 context show:tests/test_core.py noul=0.39 p=0.39 c=0.22 derived
step 5/40  ⠸ context  wall 18m36s/30m  tokens gen 20.6k jev 57.2k  cost gen $0.055 jev $0.002 / cap $2.000
[?2026l[?2026h[2K[1A[2K[1A[2K[1A[2K[1A[2K[1A[2K[1A[2K[1A[2K[1A[2K[1A[2K[1A[2K[1A[2K[1A[2K[1A[2K[1A[2K[1A[2K[1A[2K[G────────────────────────────────────────────────────────────────────────────────────────────────────────────────────────
streaming action… 353 chars

s6 intent can_verify noul=0.34 p=0.34 c=0.32 derived
s6 intent can_fix_environment noul=0.03 p=0.03 c=0.94 derived
s6 intent can_finish noul=0.26 p=0.26 c=0.48 derived
s6 intent plan_still_valid noul=0.16 p=0.16 c=0.68 derived
s6 context show:calc/core.py noul=0.82 p=0.82 c=0.64 derived
s6 context show:calc/__init__.py noul=0.06 p=0.06 c=0.88 derived
s6 context show:hypothesis/__init__.py noul=0.04 p=0.04 c=0.92 derived
s6 context show:hypothesis/strategies.py noul=0.04 p=0.04 c=0.92 derived
s6 context show:notes.txt noul=0.07 p=0.07 c=0.86 derived
s6 context show:pytest.ini noul=0.08 p=0.08 c=0.84 derived
s6 context show:README.md noul=0.04 p=0.04 c=0.92 derived
s6 context show:tests/test_core.py noul=0.39 p=0.39 c=0.22 derived
step 5/40  ⠸ context  wall 18m36s/30m  tokens gen 20.6k jev 57.2k  cost gen $0.055 jev $0.002 / cap $2.000
[?2026l[?2026h[2K[1A[2K[1A[2K[1A[2K[1A[2K[1A[2K[1A[2K[1A[2K[1A[2K[1A[2K[1A[2K[1A[2K[1A[2K[1A[2K[1A[2K[1A[2K[1A[2K[G────────────────────────────────────────────────────────────────────────────────────────────────────────────────────────
streaming action… 382 chars

s6 intent can_verify noul=0.34 p=0.34 c=0.32 derived
s6 intent can_fix_environment noul=0.03 p=0.03 c=0.94 derived
s6 intent can_finish noul=0.26 p=0.26 c=0.48 derived
s6 intent plan_still_valid noul=0.16 p=0.16 c=0.68 derived
s6 context show:calc/core.py noul=0.82 p=0.82 c=0.64 derived
s6 context show:calc/__init__.py noul=0.06 p=0.06 c=0.88 derived
s6 context show:hypothesis/__init__.py noul=0.04 p=0.04 c=0.92 derived
s6 context show:hypothesis/strategies.py noul=0.04 p=0.04 c=0.92 derived
s6 context show:notes.txt noul=0.07 p=0.07 c=0.86 derived
s6 context show:pytest.ini noul=0.08 p=0.08 c=0.84 derived
s6 context show:README.md noul=0.04 p=0.04 c=0.92 derived
s6 context show:tests/test_core.py noul=0.39 p=0.39 c=0.22 derived
step 5/40  ⠸ context  wall 18m36s/30m  tokens gen 20.6k jev 57.2k  cost gen $0.055 jev $0.002 / cap $2.000
[?2026l[?2026h[2K[1A[2K[1A[2K[1A[2K[1A[2K[1A[2K[1A[2K[1A[2K[1A[2K[1A[2K[1A[2K[1A[2K[1A[2K[1A[2K[1A[2K[1A[2K[1A[2K[G────────────────────────────────────────────────────────────────────────────────────────────────────────────────────────
streaming action… 382 chars

s6 intent can_verify noul=0.34 p=0.34 c=0.32 derived
s6 intent can_fix_environment noul=0.03 p=0.03 c=0.94 derived
s6 intent can_finish noul=0.26 p=0.26 c=0.48 derived
s6 intent plan_still_valid noul=0.16 p=0.16 c=0.68 derived
s6 context show:calc/core.py noul=0.82 p=0.82 c=0.64 derived
s6 context show:calc/__init__.py noul=0.06 p=0.06 c=0.88 derived
s6 context show:hypothesis/__init__.py noul=0.04 p=0.04 c=0.92 derived
s6 context show:hypothesis/strategies.py noul=0.04 p=0.04 c=0.92 derived
s6 context show:notes.txt noul=0.07 p=0.07 c=0.86 derived
s6 context show:pytest.ini noul=0.08 p=0.08 c=0.84 derived
s6 context show:README.md noul=0.04 p=0.04 c=0.92 derived
s6 context show:tests/test_core.py noul=0.39 p=0.39 c=0.22 derived
step 5/40  ⠼ context  wall 18m36s/30m  tokens gen 20.6k jev 57.2k  cost gen $0.055 jev $0.002 / cap $2.000
[?2026l[?2026h[2K[1A[2K[1A[2K[1A[2K[1A[2K[1A[2K[1A[2K[1A[2K[1A[2K[1A[2K[1A[2K[1A[2K[1A[2K[1A[2K[1A[2K[1A[2K[1A[2K[G────────────────────────────────────────────────────────────────────────────────────────────────────────────────────────
streaming action… 404 chars

s6 intent can_verify noul=0.34 p=0.34 c=0.32 derived
s6 intent can_fix_environment noul=0.03 p=0.03 c=0.94 derived
s6 intent can_finish noul=0.26 p=0.26 c=0.48 derived
s6 intent plan_still_valid noul=0.16 p=0.16 c=0.68 derived
s6 context show:calc/core.py noul=0.82 p=0.82 c=0.64 derived
s6 context show:calc/__init__.py noul=0.06 p=0.06 c=0.88 derived
s6 context show:hypothesis/__init__.py noul=0.04 p=0.04 c=0.92 derived
s6 context show:hypothesis/strategies.py noul=0.04 p=0.04 c=0.92 derived
s6 context show:notes.txt noul=0.07 p=0.07 c=0.86 derived
s6 context show:pytest.ini noul=0.08 p=0.08 c=0.84 derived
s6 context show:README.md noul=0.04 p=0.04 c=0.92 derived
s6 context show:tests/test_core.py noul=0.39 p=0.39 c=0.22 derived
step 5/40  ⠼ context  wall 18m36s/30m  tokens gen 20.6k jev 57.2k  cost gen $0.055 jev $0.002 / cap $2.000
[?2026l[?2026h[2K[1A[2K[1A[2K[1A[2K[1A[2K[1A[2K[1A[2K[1A[2K[1A[2K[1A[2K[1A[2K[1A[2K[1A[2K[1A[2K[1A[2K[1A[2K[1A[2K[G────────────────────────────────────────────────────────────────────────────────────────────────────────────────────────
streaming action… 404 chars

s6 intent can_verify noul=0.34 p=0.34 c=0.32 derived
s6 intent can_fix_environment noul=0.03 p=0.03 c=0.94 derived
s6 intent can_finish noul=0.26 p=0.26 c=0.48 derived
s6 intent plan_still_valid noul=0.16 p=0.16 c=0.68 derived
s6 context show:calc/core.py noul=0.82 p=0.82 c=0.64 derived
s6 context show:calc/__init__.py noul=0.06 p=0.06 c=0.88 derived
s6 context show:hypothesis/__init__.py noul=0.04 p=0.04 c=0.92 derived
s6 context show:hypothesis/strategies.py noul=0.04 p=0.04 c=0.92 derived
s6 context show:notes.txt noul=0.07 p=0.07 c=0.86 derived
s6 context show:pytest.ini noul=0.08 p=0.08 c=0.84 derived
s6 context show:README.md noul=0.04 p=0.04 c=0.92 derived
s6 context show:tests/test_core.py noul=0.39 p=0.39 c=0.22 derived
step 5/40  ⠴ context  wall 18m36s/30m  tokens gen 20.6k jev 57.2k  cost gen $0.055 jev $0.002 / cap $2.000
[?2026l[?2026h[2K[1A[2K[1A[2K[1A[2K[1A[2K[1A[2K[1A[2K[1A[2K[1A[2K[1A[2K[1A[2K[1A[2K[1A[2K[1A[2K[1A[2K[1A[2K[1A[2K[G────────────────────────────────────────────────────────────────────────────────────────────────────────────────────────
streaming action… 416 chars

s6 intent can_verify noul=0.34 p=0.34 c=0.32 derived
s6 intent can_fix_environment noul=0.03 p=0.03 c=0.94 derived
s6 intent can_finish noul=0.26 p=0.26 c=0.48 derived
s6 intent plan_still_valid noul=0.16 p=0.16 c=0.68 derived
s6 context show:calc/core.py noul=0.82 p=0.82 c=0.64 derived
s6 context show:calc/__init__.py noul=0.06 p=0.06 c=0.88 derived
s6 context show:hypothesis/__init__.py noul=0.04 p=0.04 c=0.92 derived
s6 context show:hypothesis/strategies.py noul=0.04 p=0.04 c=0.92 derived
s6 context show:notes.txt noul=0.07 p=0.07 c=0.86 derived
s6 context show:pytest.ini noul=0.08 p=0.08 c=0.84 derived
s6 context show:README.md noul=0.04 p=0.04 c=0.92 derived
s6 context show:tests/test_core.py noul=0.39 p=0.39 c=0.22 derived
step 5/40  ⠴ context  wall 18m36s/30m  tokens gen 20.6k jev 57.2k  cost gen $0.055 jev $0.002 / cap $2.000
[?2026l[?2026h[2K[1A[2K[1A[2K[1A[2K[1A[2K[1A[2K[1A[2K[1A[2K[1A[2K[1A[2K[1A[2K[1A[2K[1A[2K[1A[2K[1A[2K[1A[2K[1A[2K[G────────────────────────────────────────────────────────────────────────────────────────────────────────────────────────
streaming action… 429 chars

s6 intent can_verify noul=0.34 p=0.34 c=0.32 derived
s6 intent can_fix_environment noul=0.03 p=0.03 c=0.94 derived
s6 intent can_finish noul=0.26 p=0.26 c=0.48 derived
s6 intent plan_still_valid noul=0.16 p=0.16 c=0.68 derived
s6 context show:calc/core.py noul=0.82 p=0.82 c=0.64 derived
s6 context show:calc/__init__.py noul=0.06 p=0.06 c=0.88 derived
s6 context show:hypothesis/__init__.py noul=0.04 p=0.04 c=0.92 derived
s6 context show:hypothesis/strategies.py noul=0.04 p=0.04 c=0.92 derived
s6 context show:notes.txt noul=0.07 p=0.07 c=0.86 derived
s6 context show:pytest.ini noul=0.08 p=0.08 c=0.84 derived
s6 context show:README.md noul=0.04 p=0.04 c=0.92 derived
s6 context show:tests/test_core.py noul=0.39 p=0.39 c=0.22 derived
step 5/40  ⠴ context  wall 18m36s/30m  tokens gen 20.6k jev 57.2k  cost gen $0.055 jev $0.002 / cap $2.000
[?2026l[?2026h[2K[1A[2K[1A[2K[1A[2K[1A[2K[1A[2K[1A[2K[1A[2K[1A[2K[1A[2K[1A[2K[1A[2K[1A[2K[1A[2K[1A[2K[1A[2K[1A[2K[G────────────────────────────────────────────────────────────────────────────────────────────────────────────────────────
streaming action… 429 chars

s6 intent can_verify noul=0.34 p=0.34 c=0.32 derived
s6 intent can_fix_environment noul=0.03 p=0.03 c=0.94 derived
s6 intent can_finish noul=0.26 p=0.26 c=0.48 derived
s6 intent plan_still_valid noul=0.16 p=0.16 c=0.68 derived
s6 context show:calc/core.py noul=0.82 p=0.82 c=0.64 derived
s6 context show:calc/__init__.py noul=0.06 p=0.06 c=0.88 derived
s6 context show:hypothesis/__init__.py noul=0.04 p=0.04 c=0.92 derived
s6 context show:hypothesis/strategies.py noul=0.04 p=0.04 c=0.92 derived
s6 context show:notes.txt noul=0.07 p=0.07 c=0.86 derived
s6 context show:pytest.ini noul=0.08 p=0.08 c=0.84 derived
s6 context show:README.md noul=0.04 p=0.04 c=0.92 derived
s6 context show:tests/test_core.py noul=0.39 p=0.39 c=0.22 derived
step 5/40  ⠦ context  wall 18m36s/30m  tokens gen 20.6k jev 57.2k  cost gen $0.055 jev $0.002 / cap $2.000
[?2026l[?2026h[2K[1A[2K[1A[2K[1A[2K[1A[2K[1A[2K[1A[2K[1A[2K[1A[2K[1A[2K[1A[2K[1A[2K[1A[2K[1A[2K[1A[2K[1A[2K[1A[2K[G────────────────────────────────────────────────────────────────────────────────────────────────────────────────────────
streaming action… 440 chars

s6 intent can_verify noul=0.34 p=0.34 c=0.32 derived
s6 intent can_fix_environment noul=0.03 p=0.03 c=0.94 derived
s6 intent can_finish noul=0.26 p=0.26 c=0.48 derived
s6 intent plan_still_valid noul=0.16 p=0.16 c=0.68 derived
s6 context show:calc/core.py noul=0.82 p=0.82 c=0.64 derived
s6 context show:calc/__init__.py noul=0.06 p=0.06 c=0.88 derived
s6 context show:hypothesis/__init__.py noul=0.04 p=0.04 c=0.92 derived
s6 context show:hypothesis/strategies.py noul=0.04 p=0.04 c=0.92 derived
s6 context show:notes.txt noul=0.07 p=0.07 c=0.86 derived
s6 context show:pytest.ini noul=0.08 p=0.08 c=0.84 derived
s6 context show:README.md noul=0.04 p=0.04 c=0.92 derived
s6 context show:tests/test_core.py noul=0.39 p=0.39 c=0.22 derived
step 5/40  ⠦ context  wall 18m36s/30m  tokens gen 20.6k jev 57.2k  cost gen $0.055 jev $0.002 / cap $2.000
[?2026l[?2026h[2K[1A[2K[1A[2K[1A[2K[1A[2K[1A[2K[1A[2K[1A[2K[1A[2K[1A[2K[1A[2K[1A[2K[1A[2K[1A[2K[1A[2K[1A[2K[1A[2K[G────────────────────────────────────────────────────────────────────────────────────────────────────────────────────────
streaming action… 440 chars

s6 intent can_verify noul=0.34 p=0.34 c=0.32 derived
s6 intent can_fix_environment noul=0.03 p=0.03 c=0.94 derived
s6 intent can_finish noul=0.26 p=0.26 c=0.48 derived
s6 intent plan_still_valid noul=0.16 p=0.16 c=0.68 derived
s6 context show:calc/core.py noul=0.82 p=0.82 c=0.64 derived
s6 context show:calc/__init__.py noul=0.06 p=0.06 c=0.88 derived
s6 context show:hypothesis/__init__.py noul=0.04 p=0.04 c=0.92 derived
s6 context show:hypothesis/strategies.py noul=0.04 p=0.04 c=0.92 derived
s6 context show:notes.txt noul=0.07 p=0.07 c=0.86 derived
s6 context show:pytest.ini noul=0.08 p=0.08 c=0.84 derived
s6 context show:README.md noul=0.04 p=0.04 c=0.92 derived
s6 context show:tests/test_core.py noul=0.39 p=0.39 c=0.22 derived
step 5/40  ⠧ context  wall 18m36s/30m  tokens gen 20.6k jev 57.2k  cost gen $0.055 jev $0.002 / cap $2.000
[?2026l[?2026h[2K[1A[2K[1A[2K[1A[2K[1A[2K[1A[2K[1A[2K[1A[2K[1A[2K[1A[2K[1A[2K[1A[2K[1A[2K[1A[2K[1A[2K[1A[2K[1A[2K[G────────────────────────────────────────────────────────────────────────────────────────────────────────────────────────
streaming action… 477 chars

s6 intent can_verify noul=0.34 p=0.34 c=0.32 derived
s6 intent can_fix_environment noul=0.03 p=0.03 c=0.94 derived
s6 intent can_finish noul=0.26 p=0.26 c=0.48 derived
s6 intent plan_still_valid noul=0.16 p=0.16 c=0.68 derived
s6 context show:calc/core.py noul=0.82 p=0.82 c=0.64 derived
s6 context show:calc/__init__.py noul=0.06 p=0.06 c=0.88 derived
s6 context show:hypothesis/__init__.py noul=0.04 p=0.04 c=0.92 derived
s6 context show:hypothesis/strategies.py noul=0.04 p=0.04 c=0.92 derived
s6 context show:notes.txt noul=0.07 p=0.07 c=0.86 derived
s6 context show:pytest.ini noul=0.08 p=0.08 c=0.84 derived
s6 context show:README.md noul=0.04 p=0.04 c=0.92 derived
s6 context show:tests/test_core.py noul=0.39 p=0.39 c=0.22 derived
step 5/40  ⠧ context  wall 18m36s/30m  tokens gen 20.6k jev 57.2k  cost gen $0.055 jev $0.002 / cap $2.000
[?2026l[?2026h[2K[1A[2K[1A[2K[1A[2K[1A[2K[1A[2K[1A[2K[1A[2K[1A[2K[1A[2K[1A[2K[1A[2K[1A[2K[1A[2K[1A[2K[1A[2K[1A[2K[G────────────────────────────────────────────────────────────────────────────────────────────────────────────────────────
streaming action… 507 chars

s6 intent can_verify noul=0.34 p=0.34 c=0.32 derived
s6 intent can_fix_environment noul=0.03 p=0.03 c=0.94 derived
s6 intent can_finish noul=0.26 p=0.26 c=0.48 derived
s6 intent plan_still_valid noul=0.16 p=0.16 c=0.68 derived
s6 context show:calc/core.py noul=0.82 p=0.82 c=0.64 derived
s6 context show:calc/__init__.py noul=0.06 p=0.06 c=0.88 derived
s6 context show:hypothesis/__init__.py noul=0.04 p=0.04 c=0.92 derived
s6 context show:hypothesis/strategies.py noul=0.04 p=0.04 c=0.92 derived
s6 context show:notes.txt noul=0.07 p=0.07 c=0.86 derived
s6 context show:pytest.ini noul=0.08 p=0.08 c=0.84 derived
s6 context show:README.md noul=0.04 p=0.04 c=0.92 derived
s6 context show:tests/test_core.py noul=0.39 p=0.39 c=0.22 derived
step 5/40  ⠧ context  wall 18m36s/30m  tokens gen 20.6k jev 57.2k  cost gen $0.055 jev $0.002 / cap $2.000
[?2026l[?2026h[2K[1A[2K[1A[2K[1A[2K[1A[2K[1A[2K[1A[2K[1A[2K[1A[2K[1A[2K[1A[2K[1A[2K[1A[2K[1A[2K[1A[2K[1A[2K[1A[2K[G────────────────────────────────────────────────────────────────────────────────────────────────────────────────────────
streaming action… 507 chars

s6 intent can_verify noul=0.34 p=0.34 c=0.32 derived
s6 intent can_fix_environment noul=0.03 p=0.03 c=0.94 derived
s6 intent can_finish noul=0.26 p=0.26 c=0.48 derived
s6 intent plan_still_valid noul=0.16 p=0.16 c=0.68 derived
s6 context show:calc/core.py noul=0.82 p=0.82 c=0.64 derived
s6 context show:calc/__init__.py noul=0.06 p=0.06 c=0.88 derived
s6 context show:hypothesis/__init__.py noul=0.04 p=0.04 c=0.92 derived
s6 context show:hypothesis/strategies.py noul=0.04 p=0.04 c=0.92 derived
s6 context show:notes.txt noul=0.07 p=0.07 c=0.86 derived
s6 context show:pytest.ini noul=0.08 p=0.08 c=0.84 derived
s6 context show:README.md noul=0.04 p=0.04 c=0.92 derived
s6 context show:tests/test_core.py noul=0.39 p=0.39 c=0.22 derived
step 5/40  ⠇ context  wall 18m36s/30m  tokens gen 20.6k jev 57.2k  cost gen $0.055 jev $0.002 / cap $2.000
[?2026l[?2026h[2K[1A[2K[1A[2K[1A[2K[1A[2K[1A[2K[1A[2K[1A[2K[1A[2K[1A[2K[1A[2K[1A[2K[1A[2K[1A[2K[1A[2K[1A[2K[1A[2K[G────────────────────────────────────────────────────────────────────────────────────────────────────────────────────────
streaming action… 518 chars

s6 intent can_verify noul=0.34 p=0.34 c=0.32 derived
s6 intent can_fix_environment noul=0.03 p=0.03 c=0.94 derived
s6 intent can_finish noul=0.26 p=0.26 c=0.48 derived
s6 intent plan_still_valid noul=0.16 p=0.16 c=0.68 derived
s6 context show:calc/core.py noul=0.82 p=0.82 c=0.64 derived
s6 context show:calc/__init__.py noul=0.06 p=0.06 c=0.88 derived
s6 context show:hypothesis/__init__.py noul=0.04 p=0.04 c=0.92 derived
s6 context show:hypothesis/strategies.py noul=0.04 p=0.04 c=0.92 derived
s6 context show:notes.txt noul=0.07 p=0.07 c=0.86 derived
s6 context show:pytest.ini noul=0.08 p=0.08 c=0.84 derived
s6 context show:README.md noul=0.04 p=0.04 c=0.92 derived
s6 context show:tests/test_core.py noul=0.39 p=0.39 c=0.22 derived
step 5/40  ⠇ context  wall 18m36s/30m  tokens gen 20.6k jev 57.2k  cost gen $0.055 jev $0.002 / cap $2.000
[?2026l[?2026h[2K[1A[2K[1A[2K[1A[2K[1A[2K[1A[2K[1A[2K[1A[2K[1A[2K[1A[2K[1A[2K[1A[2K[1A[2K[1A[2K[1A[2K[1A[2K[1A[2K[G────────────────────────────────────────────────────────────────────────────────────────────────────────────────────────
streaming action… 518 chars

s6 intent can_verify noul=0.34 p=0.34 c=0.32 derived
s6 intent can_fix_environment noul=0.03 p=0.03 c=0.94 derived
s6 intent can_finish noul=0.26 p=0.26 c=0.48 derived
s6 intent plan_still_valid noul=0.16 p=0.16 c=0.68 derived
s6 context show:calc/core.py noul=0.82 p=0.82 c=0.64 derived
s6 context show:calc/__init__.py noul=0.06 p=0.06 c=0.88 derived
s6 context show:hypothesis/__init__.py noul=0.04 p=0.04 c=0.92 derived
s6 context show:hypothesis/strategies.py noul=0.04 p=0.04 c=0.92 derived
s6 context show:notes.txt noul=0.07 p=0.07 c=0.86 derived
s6 context show:pytest.ini noul=0.08 p=0.08 c=0.84 derived
s6 context show:README.md noul=0.04 p=0.04 c=0.92 derived
s6 context show:tests/test_core.py noul=0.39 p=0.39 c=0.22 derived
step 5/40  ⠏ context  wall 18m36s/30m  tokens gen 20.6k jev 57.2k  cost gen $0.055 jev $0.002 / cap $2.000
[?2026l[?2026h[2K[1A[2K[1A[2K[1A[2K[1A[2K[1A[2K[1A[2K[1A[2K[1A[2K[1A[2K[1A[2K[1A[2K[1A[2K[1A[2K[1A[2K[1A[2K[1A[2K[G[step 6] proposal run $ pytest -q: Run the test suite once more to provide fresh verification evidence for the completed
 docstring task. | plan done=2 remaining=2 open=0
pytest -q
────────────────────────────────────────────────────────────────────────────────────────────────────────────────────────


s6 intent can_verify noul=0.34 p=0.34 c=0.32 derived
s6 intent can_fix_environment noul=0.03 p=0.03 c=0.94 derived
s6 intent can_finish noul=0.26 p=0.26 c=0.48 derived
s6 intent plan_still_valid noul=0.16 p=0.16 c=0.68 derived
s6 context show:calc/core.py noul=0.82 p=0.82 c=0.64 derived
s6 context show:calc/__init__.py noul=0.06 p=0.06 c=0.88 derived
s6 context show:hypothesis/__init__.py noul=0.04 p=0.04 c=0.92 derived
s6 context show:hypothesis/strategies.py noul=0.04 p=0.04 c=0.92 derived
s6 context show:notes.txt noul=0.07 p=0.07 c=0.86 derived
s6 context show:pytest.ini noul=0.08 p=0.08 c=0.84 derived
s6 context show:README.md noul=0.04 p=0.04 c=0.92 derived
s6 context show:tests/test_core.py noul=0.39 p=0.39 c=0.22 derived
step 5/40  ⠏ propose  wall 18m39s/30m  tokens gen 26.0k jev 57.2k  cost gen $0.068 jev $0.002 / cap $2.000
[?2026l[?2026h[2K[1A[2K[1A[2K[1A[2K[1A[2K[1A[2K[1A[2K[1A[2K[1A[2K[1A[2K[1A[2K[1A[2K[1A[2K[1A[2K[1A[2K[1A[2K[1A[2K[G────────────────────────────────────────────────────────────────────────────────────────────────────────────────────────


s6 intent can_verify noul=0.34 p=0.34 c=0.32 derived
s6 intent can_fix_environment noul=0.03 p=0.03 c=0.94 derived
s6 intent can_finish noul=0.26 p=0.26 c=0.48 derived
s6 intent plan_still_valid noul=0.16 p=0.16 c=0.68 derived
s6 context show:calc/core.py noul=0.82 p=0.82 c=0.64 derived
s6 context show:calc/__init__.py noul=0.06 p=0.06 c=0.88 derived
s6 context show:hypothesis/__init__.py noul=0.04 p=0.04 c=0.92 derived
s6 context show:hypothesis/strategies.py noul=0.04 p=0.04 c=0.92 derived
s6 context show:notes.txt noul=0.07 p=0.07 c=0.86 derived
s6 context show:pytest.ini noul=0.08 p=0.08 c=0.84 derived
s6 context show:README.md noul=0.04 p=0.04 c=0.92 derived
s6 context show:tests/test_core.py noul=0.39 p=0.39 c=0.22 derived
step 5/40  ⠋ propose  wall 18m39s/30m  tokens gen 26.0k jev 57.2k  cost gen $0.068 jev $0.002 / cap $2.000
[?2026l[?2026h[2K[1A[2K[1A[2K[1A[2K[1A[2K[1A[2K[1A[2K[1A[2K[1A[2K[1A[2K[1A[2K[1A[2K[1A[2K[1A[2K[1A[2K[1A[2K[1A[2K[G────────────────────────────────────────────────────────────────────────────────────────────────────────────────────────


s6 intent can_verify noul=0.34 p=0.34 c=0.32 derived
s6 intent can_fix_environment noul=0.03 p=0.03 c=0.94 derived
s6 intent can_finish noul=0.26 p=0.26 c=0.48 derived
s6 intent plan_still_valid noul=0.16 p=0.16 c=0.68 derived
s6 context show:calc/core.py noul=0.82 p=0.82 c=0.64 derived
s6 context show:calc/__init__.py noul=0.06 p=0.06 c=0.88 derived
s6 context show:hypothesis/__init__.py noul=0.04 p=0.04 c=0.92 derived
s6 context show:hypothesis/strategies.py noul=0.04 p=0.04 c=0.92 derived
s6 context show:notes.txt noul=0.07 p=0.07 c=0.86 derived
s6 context show:pytest.ini noul=0.08 p=0.08 c=0.84 derived
s6 context show:README.md noul=0.04 p=0.04 c=0.92 derived
s6 context show:tests/test_core.py noul=0.39 p=0.39 c=0.22 derived
step 5/40  ⠙ propose  wall 18m39s/30m  tokens gen 26.0k jev 57.2k  cost gen $0.068 jev $0.002 / cap $2.000
[?2026l[?2026h[2K[1A[2K[1A[2K[1A[2K[1A[2K[1A[2K[1A[2K[1A[2K[1A[2K[1A[2K[1A[2K[1A[2K[1A[2K[1A[2K[1A[2K[1A[2K[1A[2K[G[step 6] risk=0.22 ok: risk 0.22 (ok) from plan_mismatch: 0.22 probability of level 3 or above; dominant level 0
"matches `intent` and the plan"; Jev confidence 0.15
────────────────────────────────────────────────────────────────────────────────────────────────────────────────────────


s6 context show:calc/__init__.py noul=0.06 p=0.06 c=0.88 derived
s6 context show:hypothesis/__init__.py noul=0.04 p=0.04 c=0.92 derived
s6 context show:hypothesis/strategies.py noul=0.04 p=0.04 c=0.92 derived
s6 context show:notes.txt noul=0.07 p=0.07 c=0.86 derived
s6 context show:pytest.ini noul=0.08 p=0.08 c=0.84 derived
s6 context show:README.md noul=0.04 p=0.04 c=0.92 derived
s6 context show:tests/test_core.py noul=0.39 p=0.39 c=0.22 derived
s6 risk destructive score=0 p=1.00 c=1.00 [ok]
s6 risk out_of_scope score=0.18 p=0.89 c=0.88 [ok]
s6 risk plan_mismatch score=1 p=0.66 c=0.15 [ok]
s6 risk irreversible score=0 p=1.00 c=1.00 [ok]
s6 risk matches_intent noul=0.87 p=0.87 c=0.74 derived
step 5/40  ⠙ risk  wall 18m40s/30m  tokens gen 26.0k jev 60.6k  cost gen $0.068 jev $0.002 / cap $2.000
[?2026l[?2026h[2K[1A[2K[1A[2K[1A[2K[1A[2K[1A[2K[1A[2K[1A[2K[1A[2K[1A[2K[1A[2K[1A[2K[1A[2K[1A[2K[1A[2K[1A[2K[1A[2K[G────────────────────────────────────────────────────────────────────────────────────────────────────────────────────────


s6 context show:calc/__init__.py noul=0.06 p=0.06 c=0.88 derived
s6 context show:hypothesis/__init__.py noul=0.04 p=0.04 c=0.92 derived
s6 context show:hypothesis/strategies.py noul=0.04 p=0.04 c=0.92 derived
s6 context show:notes.txt noul=0.07 p=0.07 c=0.86 derived
s6 context show:pytest.ini noul=0.08 p=0.08 c=0.84 derived
s6 context show:README.md noul=0.04 p=0.04 c=0.92 derived
s6 context show:tests/test_core.py noul=0.39 p=0.39 c=0.22 derived
s6 risk destructive score=0 p=1.00 c=1.00 [ok]
s6 risk out_of_scope score=0.18 p=0.89 c=0.88 [ok]
s6 risk plan_mismatch score=1 p=0.66 c=0.15 [ok]
s6 risk irreversible score=0 p=1.00 c=1.00 [ok]
s6 risk matches_intent noul=0.87 p=0.87 c=0.74 derived
step 5/40  ⠹ risk  wall 18m40s/30m  tokens gen 26.0k jev 60.6k  cost gen $0.068 jev $0.002 / cap $2.000
[?2026l[?2026h[2K[1A[2K[1A[2K[1A[2K[1A[2K[1A[2K[1A[2K[1A[2K[1A[2K[1A[2K[1A[2K[1A[2K[1A[2K[1A[2K[1A[2K[1A[2K[1A[2K[G[step 6] outcome executed: exit 0 (exit 0, 132ms)
────────────────────────────────────────────────────────────────────────────────────────────────────────────────────────


s6 context show:calc/__init__.py noul=0.06 p=0.06 c=0.88 derived
s6 context show:hypothesis/__init__.py noul=0.04 p=0.04 c=0.92 derived
s6 context show:hypothesis/strategies.py noul=0.04 p=0.04 c=0.92 derived
s6 context show:notes.txt noul=0.07 p=0.07 c=0.86 derived
s6 context show:pytest.ini noul=0.08 p=0.08 c=0.84 derived
s6 context show:README.md noul=0.04 p=0.04 c=0.92 derived
s6 context show:tests/test_core.py noul=0.39 p=0.39 c=0.22 derived
s6 risk destructive score=0 p=1.00 c=1.00 [ok]
s6 risk out_of_scope score=0.18 p=0.89 c=0.88 [ok]
s6 risk plan_mismatch score=1 p=0.66 c=0.15 [ok]
s6 risk irreversible score=0 p=1.00 c=1.00 [ok]
s6 risk matches_intent noul=0.87 p=0.87 c=0.74 derived
step 5/40  ⠹ execute  wall 18m40s/30m  tokens gen 26.0k jev 60.6k  cost gen $0.068 jev $0.002 / cap $2.000
[?2026l[?2026h[2K[1A[2K[1A[2K[1A[2K[1A[2K[1A[2K[1A[2K[1A[2K[1A[2K[1A[2K[1A[2K[1A[2K[1A[2K[1A[2K[1A[2K[1A[2K[1A[2K[G────────────────────────────────────────────────────────────────────────────────────────────────────────────────────────


s6 context show:calc/__init__.py noul=0.06 p=0.06 c=0.88 derived
s6 context show:hypothesis/__init__.py noul=0.04 p=0.04 c=0.92 derived
s6 context show:hypothesis/strategies.py noul=0.04 p=0.04 c=0.92 derived
s6 context show:notes.txt noul=0.07 p=0.07 c=0.86 derived
s6 context show:pytest.ini noul=0.08 p=0.08 c=0.84 derived
s6 context show:README.md noul=0.04 p=0.04 c=0.92 derived
s6 context show:tests/test_core.py noul=0.39 p=0.39 c=0.22 derived
s6 risk destructive score=0 p=1.00 c=1.00 [ok]
s6 risk out_of_scope score=0.18 p=0.89 c=0.88 [ok]
s6 risk plan_mismatch score=1 p=0.66 c=0.15 [ok]
s6 risk irreversible score=0 p=1.00 c=1.00 [ok]
s6 risk matches_intent noul=0.87 p=0.87 c=0.74 derived
step 5/40  ⠸ execute  wall 18m40s/30m  tokens gen 26.0k jev 60.6k  cost gen $0.068 jev $0.002 / cap $2.000
[?2026l[?2026h[2K[1A[2K[1A[2K[1A[2K[1A[2K[1A[2K[1A[2K[1A[2K[1A[2K[1A[2K[1A[2K[1A[2K[1A[2K[1A[2K[1A[2K[1A[2K[1A[2K[G[step 6] judge succeeded=0.88 error_present=0.04 new_info=0.05 tests=8p/0f/0e pass claims=2/2 completion=0.62
[step 6] loop tripped: run:86461310da68:3241a13001f7 x3
[step 6] plan done=5 remaining=9 unverified=1 problems=3
────────────────────────────────────────────────────────────────────────────────────────────────────────────────────────


s6 context show:tests/test_core.py noul=0.39 p=0.39 c=0.22 derived
s6 risk destructive score=0 p=1.00 c=1.00 [ok]
s6 risk out_of_scope score=0.18 p=0.89 c=0.88 [ok]
s6 risk plan_mismatch score=1 p=0.66 c=0.15 [ok]
s6 risk irreversible score=0 p=1.00 c=1.00 [ok]
s6 risk matches_intent noul=0.87 p=0.87 c=0.74 derived
s6 judge succeeded noul=0.88 p=0.88 c=0.76 derived
s6 judge error_present noul=0.04 p=0.04 c=0.92 derived
s6 judge new_information noul=0.05 p=0.05 c=0.90 derived
s6 judge done_0 noul=0.75 p=0.75 c=0.50 derived
s6 judge done_1 noul=0.90 p=0.90 c=0.80 derived
s6 complete task_complete noul=0.62 p=0.62 c=0.24 derived
step 6/40  ⠸ judge  wall 18m40s/30m  tokens gen 26.0k jev 64.8k  cost gen $0.068 jev $0.003 / cap $2.000
[?2026l[?2026h[2K[1A[2K[1A[2K[1A[2K[1A[2K[1A[2K[1A[2K[1A[2K[1A[2K[1A[2K[1A[2K[1A[2K[1A[2K[1A[2K[1A[2K[1A[2K[1A[2K[G────────────────────────────────────────────────────────────────────────────────────────────────────────────────────────


s6 context show:tests/test_core.py noul=0.39 p=0.39 c=0.22 derived
s6 risk destructive score=0 p=1.00 c=1.00 [ok]
s6 risk out_of_scope score=0.18 p=0.89 c=0.88 [ok]
s6 risk plan_mismatch score=1 p=0.66 c=0.15 [ok]
s6 risk irreversible score=0 p=1.00 c=1.00 [ok]
s6 risk matches_intent noul=0.87 p=0.87 c=0.74 derived
s6 judge succeeded noul=0.88 p=0.88 c=0.76 derived
s6 judge error_present noul=0.04 p=0.04 c=0.92 derived
s6 judge new_information noul=0.05 p=0.05 c=0.90 derived
s6 judge done_0 noul=0.75 p=0.75 c=0.50 derived
s6 judge done_1 noul=0.90 p=0.90 c=0.80 derived
s6 complete task_complete noul=0.62 p=0.62 c=0.24 derived
step 6/40  ⠼ judge  wall 18m40s/30m  tokens gen 26.0k jev 64.8k  cost gen $0.068 jev $0.003 / cap $2.000
[?2026l[?2026h[2K[1A[2K[1A[2K[1A[2K[1A[2K[1A[2K[1A[2K[1A[2K[1A[2K[1A[2K[1A[2K[1A[2K[1A[2K[1A[2K[1A[2K[1A[2K[1A[2K[G────────────────────────────────────────────────────────────────────────────────────────────────────────────────────────


s6 context show:tests/test_core.py noul=0.39 p=0.39 c=0.22 derived
s6 risk destructive score=0 p=1.00 c=1.00 [ok]
s6 risk out_of_scope score=0.18 p=0.89 c=0.88 [ok]
s6 risk plan_mismatch score=1 p=0.66 c=0.15 [ok]
s6 risk irreversible score=0 p=1.00 c=1.00 [ok]
s6 risk matches_intent noul=0.87 p=0.87 c=0.74 derived
s6 judge succeeded noul=0.88 p=0.88 c=0.76 derived
s6 judge error_present noul=0.04 p=0.04 c=0.92 derived
s6 judge new_information noul=0.05 p=0.05 c=0.90 derived
s6 judge done_0 noul=0.75 p=0.75 c=0.50 derived
s6 judge done_1 noul=0.90 p=0.90 c=0.80 derived
s6 complete task_complete noul=0.62 p=0.62 c=0.24 derived
step 6/40  ⠴ judge  wall 18m40s/30m  tokens gen 26.0k jev 64.8k  cost gen $0.068 jev $0.003 / cap $2.000
[?2026l[?2026h[2K[1A[2K[1A[2K[1A[2K[1A[2K[1A[2K[1A[2K[1A[2K[1A[2K[1A[2K[1A[2K[1A[2K[1A[2K[1A[2K[1A[2K[1A[2K[1A[2K[G[step 7] replan change_approach p=0.53 c=0.44 impossible=0.06: Jev found no listed recovery applicable after repeating
the same run command with the same result 3 times (p=0.53, task_impossible=0.06); propose a different action from
anything shown in recent steps.
────────────────────────────────────────────────────────────────────────────────────────────────────────────────────────


s6 judge error_present noul=0.04 p=0.04 c=0.92 derived
s6 judge new_information noul=0.05 p=0.05 c=0.90 derived
s6 judge done_0 noul=0.75 p=0.75 c=0.50 derived
s6 judge done_1 noul=0.90 p=0.90 c=0.80 derived
s6 complete task_complete noul=0.62 p=0.62 c=0.24 derived
s7 replan next_move choice=stop_and_report p=0.53 c=0.44 [fallback]
s7 replan can_change_approach noul=0.21 p=0.21 c=0.58 derived
s7 replan can_gather_context noul=0.21 p=0.21 c=0.58 derived
s7 replan can_fix_environment noul=0.05 p=0.05 c=0.90 derived
s7 replan can_revert_changes noul=0.08 p=0.08 c=0.84 derived
s7 replan can_stop_and_report noul=0.37 p=0.37 c=0.26 derived
s7 replan task_impossible noul=0.06 p=0.06 c=0.88 derived
step 6/40  ⠴ replan  wall 18m40s/30m  tokens gen 26.0k jev 69.4k  cost gen $0.068 jev $0.003 / cap $2.000
[?2026l[?2026h[2K[1A[2K[1A[2K[1A[2K[1A[2K[1A[2K[1A[2K[1A[2K[1A[2K[1A[2K[1A[2K[1A[2K[1A[2K[1A[2K[1A[2K[1A[2K[1A[2K[G────────────────────────────────────────────────────────────────────────────────────────────────────────────────────────


s6 judge error_present noul=0.04 p=0.04 c=0.92 derived
s6 judge new_information noul=0.05 p=0.05 c=0.90 derived
s6 judge done_0 noul=0.75 p=0.75 c=0.50 derived
s6 judge done_1 noul=0.90 p=0.90 c=0.80 derived
s6 complete task_complete noul=0.62 p=0.62 c=0.24 derived
s7 replan next_move choice=stop_and_report p=0.53 c=0.44 [fallback]
s7 replan can_change_approach noul=0.21 p=0.21 c=0.58 derived
s7 replan can_gather_context noul=0.21 p=0.21 c=0.58 derived
s7 replan can_fix_environment noul=0.05 p=0.05 c=0.90 derived
s7 replan can_revert_changes noul=0.08 p=0.08 c=0.84 derived
s7 replan can_stop_and_report noul=0.37 p=0.37 c=0.26 derived
s7 replan task_impossible noul=0.06 p=0.06 c=0.88 derived
step 6/40  ⠦ replan  wall 18m40s/30m  tokens gen 26.0k jev 69.4k  cost gen $0.068 jev $0.003 / cap $2.000
[?2026l[?2026h[2K[1A[2K[1A[2K[1A[2K[1A[2K[1A[2K[1A[2K[1A[2K[1A[2K[1A[2K[1A[2K[1A[2K[1A[2K[1A[2K[1A[2K[1A[2K[1A[2K[G[step 7] intent=investigate p=0.71 c=0.65 (jev answered finish)
────────────────────────────────────────────────────────────────────────────────────────────────────────────────────────


s7 replan can_gather_context noul=0.21 p=0.21 c=0.58 derived
s7 replan can_fix_environment noul=0.05 p=0.05 c=0.90 derived
s7 replan can_revert_changes noul=0.08 p=0.08 c=0.84 derived
s7 replan can_stop_and_report noul=0.37 p=0.37 c=0.26 derived
s7 replan task_impossible noul=0.06 p=0.06 c=0.88 derived
s7 intent intent choice=finish p=0.71 c=0.65 [fallback]
s7 intent can_investigate noul=0.18 p=0.18 c=0.64 derived
s7 intent can_edit noul=0.13 p=0.13 c=0.74 derived
s7 intent can_verify noul=0.32 p=0.32 c=0.36 derived
s7 intent can_fix_environment noul=0.03 p=0.03 c=0.94 derived
s7 intent can_finish noul=0.35 p=0.35 c=0.30 derived
s7 intent plan_still_valid noul=0.20 p=0.20 c=0.60 derived
step 6/40  ⠦ intent  wall 18m40s/30m  tokens gen 26.0k jev 73.7k  cost gen $0.068 jev $0.003 / cap $2.000
[?2026l[?2026h[2K[1A[2K[1A[2K[1A[2K[1A[2K[1A[2K[1A[2K[1A[2K[1A[2K[1A[2K[1A[2K[1A[2K[1A[2K[1A[2K[1A[2K[1A[2K[1A[2K[G────────────────────────────────────────────────────────────────────────────────────────────────────────────────────────


s7 replan can_gather_context noul=0.21 p=0.21 c=0.58 derived
s7 replan can_fix_environment noul=0.05 p=0.05 c=0.90 derived
s7 replan can_revert_changes noul=0.08 p=0.08 c=0.84 derived
s7 replan can_stop_and_report noul=0.37 p=0.37 c=0.26 derived
s7 replan task_impossible noul=0.06 p=0.06 c=0.88 derived
s7 intent intent choice=finish p=0.71 c=0.65 [fallback]
s7 intent can_investigate noul=0.18 p=0.18 c=0.64 derived
s7 intent can_edit noul=0.13 p=0.13 c=0.74 derived
s7 intent can_verify noul=0.32 p=0.32 c=0.36 derived
s7 intent can_fix_environment noul=0.03 p=0.03 c=0.94 derived
s7 intent can_finish noul=0.35 p=0.35 c=0.30 derived
s7 intent plan_still_valid noul=0.20 p=0.20 c=0.60 derived
step 6/40  ⠧ intent  wall 18m40s/30m  tokens gen 26.0k jev 73.7k  cost gen $0.068 jev $0.003 / cap $2.000
[?2026l[?2026h[2K[1A[2K[1A[2K[1A[2K[1A[2K[1A[2K[1A[2K[1A[2K[1A[2K[1A[2K[1A[2K[1A[2K[1A[2K[1A[2K[1A[2K[1A[2K[1A[2K[G────────────────────────────────────────────────────────────────────────────────────────────────────────────────────────


s7 intent can_verify noul=0.32 p=0.32 c=0.36 derived
s7 intent can_fix_environment noul=0.03 p=0.03 c=0.94 derived
s7 intent can_finish noul=0.35 p=0.35 c=0.30 derived
s7 intent plan_still_valid noul=0.20 p=0.20 c=0.60 derived
s7 context show:calc/core.py noul=0.79 p=0.79 c=0.58 derived
s7 context show:calc/__init__.py noul=0.06 p=0.06 c=0.88 derived
s7 context show:hypothesis/__init__.py noul=0.04 p=0.04 c=0.92 derived
s7 context show:hypothesis/strategies.py noul=0.04 p=0.04 c=0.92 derived
s7 context show:notes.txt noul=0.06 p=0.06 c=0.88 derived
s7 context show:pytest.ini noul=0.08 p=0.08 c=0.84 derived
s7 context show:README.md noul=0.05 p=0.05 c=0.90 derived
s7 context show:tests/test_core.py noul=0.31 p=0.31 c=0.38 derived
step 6/40  ⠧ intent  wall 18m40s/30m  tokens gen 26.0k jev 73.7k  cost gen $0.068 jev $0.003 / cap $2.000
[?2026l[?2026h[2K[1A[2K[1A[2K[1A[2K[1A[2K[1A[2K[1A[2K[1A[2K[1A[2K[1A[2K[1A[2K[1A[2K[1A[2K[1A[2K[1A[2K[1A[2K[1A[2K[G[step 7] context 1 files 1.1kB of 8 candidates: calc/core.py
────────────────────────────────────────────────────────────────────────────────────────────────────────────────────────


s7 intent can_verify noul=0.32 p=0.32 c=0.36 derived
s7 intent can_fix_environment noul=0.03 p=0.03 c=0.94 derived
s7 intent can_finish noul=0.35 p=0.35 c=0.30 derived
s7 intent plan_still_valid noul=0.20 p=0.20 c=0.60 derived
s7 context show:calc/core.py noul=0.79 p=0.79 c=0.58 derived
s7 context show:calc/__init__.py noul=0.06 p=0.06 c=0.88 derived
s7 context show:hypothesis/__init__.py noul=0.04 p=0.04 c=0.92 derived
s7 context show:hypothesis/strategies.py noul=0.04 p=0.04 c=0.92 derived
s7 context show:notes.txt noul=0.06 p=0.06 c=0.88 derived
s7 context show:pytest.ini noul=0.08 p=0.08 c=0.84 derived
s7 context show:README.md noul=0.05 p=0.05 c=0.90 derived
s7 context show:tests/test_core.py noul=0.31 p=0.31 c=0.38 derived
step 6/40  ⠧ context  wall 18m40s/30m  tokens gen 26.0k jev 77.6k  cost gen $0.068 jev $0.003 / cap $2.000
[?2026l[?2026h[2K[1A[2K[1A[2K[1A[2K[1A[2K[1A[2K[1A[2K[1A[2K[1A[2K[1A[2K[1A[2K[1A[2K[1A[2K[1A[2K[1A[2K[1A[2K[1A[2K[G────────────────────────────────────────────────────────────────────────────────────────────────────────────────────────


s7 intent can_verify noul=0.32 p=0.32 c=0.36 derived
s7 intent can_fix_environment noul=0.03 p=0.03 c=0.94 derived
s7 intent can_finish noul=0.35 p=0.35 c=0.30 derived
s7 intent plan_still_valid noul=0.20 p=0.20 c=0.60 derived
s7 context show:calc/core.py noul=0.79 p=0.79 c=0.58 derived
s7 context show:calc/__init__.py noul=0.06 p=0.06 c=0.88 derived
s7 context show:hypothesis/__init__.py noul=0.04 p=0.04 c=0.92 derived
s7 context show:hypothesis/strategies.py noul=0.04 p=0.04 c=0.92 derived
s7 context show:notes.txt noul=0.06 p=0.06 c=0.88 derived
s7 context show:pytest.ini noul=0.08 p=0.08 c=0.84 derived
s7 context show:README.md noul=0.05 p=0.05 c=0.90 derived
s7 context show:tests/test_core.py noul=0.31 p=0.31 c=0.38 derived
step 6/40  ⠇ context  wall 18m40s/30m  tokens gen 26.0k jev 77.6k  cost gen $0.068 jev $0.003 / cap $2.000
[?2026l[?2026h[2K[1A[2K[1A[2K[1A[2K[1A[2K[1A[2K[1A[2K[1A[2K[1A[2K[1A[2K[1A[2K[1A[2K[1A[2K[1A[2K[1A[2K[1A[2K[1A[2K[G────────────────────────────────────────────────────────────────────────────────────────────────────────────────────────


s7 intent can_verify noul=0.32 p=0.32 c=0.36 derived
s7 intent can_fix_environment noul=0.03 p=0.03 c=0.94 derived
s7 intent can_finish noul=0.35 p=0.35 c=0.30 derived
s7 intent plan_still_valid noul=0.20 p=0.20 c=0.60 derived
s7 context show:calc/core.py noul=0.79 p=0.79 c=0.58 derived
s7 context show:calc/__init__.py noul=0.06 p=0.06 c=0.88 derived
s7 context show:hypothesis/__init__.py noul=0.04 p=0.04 c=0.92 derived
s7 context show:hypothesis/strategies.py noul=0.04 p=0.04 c=0.92 derived
s7 context show:notes.txt noul=0.06 p=0.06 c=0.88 derived
s7 context show:pytest.ini noul=0.08 p=0.08 c=0.84 derived
s7 context show:README.md noul=0.05 p=0.05 c=0.90 derived
s7 context show:tests/test_core.py noul=0.31 p=0.31 c=0.38 derived
step 6/40  ⠏ context  wall 18m40s/30m  tokens gen 26.0k jev 77.6k  cost gen $0.068 jev $0.003 / cap $2.000
[?2026l[?2026h[2K[1A[2K[1A[2K[1A[2K[1A[2K[1A[2K[1A[2K[1A[2K[1A[2K[1A[2K[1A[2K[1A[2K[1A[2K[1A[2K[1A[2K[1A[2K[1A[2K[G────────────────────────────────────────────────────────────────────────────────────────────────────────────────────────


s7 intent can_verify noul=0.32 p=0.32 c=0.36 derived
s7 intent can_fix_environment noul=0.03 p=0.03 c=0.94 derived
s7 intent can_finish noul=0.35 p=0.35 c=0.30 derived
s7 intent plan_still_valid noul=0.20 p=0.20 c=0.60 derived
s7 context show:calc/core.py noul=0.79 p=0.79 c=0.58 derived
s7 context show:calc/__init__.py noul=0.06 p=0.06 c=0.88 derived
s7 context show:hypothesis/__init__.py noul=0.04 p=0.04 c=0.92 derived
s7 context show:hypothesis/strategies.py noul=0.04 p=0.04 c=0.92 derived
s7 context show:notes.txt noul=0.06 p=0.06 c=0.88 derived
s7 context show:pytest.ini noul=0.08 p=0.08 c=0.84 derived
s7 context show:README.md noul=0.05 p=0.05 c=0.90 derived
s7 context show:tests/test_core.py noul=0.31 p=0.31 c=0.38 derived
step 6/40  ⠋ context  wall 18m40s/30m  tokens gen 26.0k jev 77.6k  cost gen $0.068 jev $0.003 / cap $2.000
[?2026l[?2026h[2K[1A[2K[1A[2K[1A[2K[1A[2K[1A[2K[1A[2K[1A[2K[1A[2K[1A[2K[1A[2K[1A[2K[1A[2K[1A[2K[1A[2K[1A[2K[1A[2K[G────────────────────────────────────────────────────────────────────────────────────────────────────────────────────────


s7 intent can_verify noul=0.32 p=0.32 c=0.36 derived
s7 intent can_fix_environment noul=0.03 p=0.03 c=0.94 derived
s7 intent can_finish noul=0.35 p=0.35 c=0.30 derived
s7 intent plan_still_valid noul=0.20 p=0.20 c=0.60 derived
s7 context show:calc/core.py noul=0.79 p=0.79 c=0.58 derived
s7 context show:calc/__init__.py noul=0.06 p=0.06 c=0.88 derived
s7 context show:hypothesis/__init__.py noul=0.04 p=0.04 c=0.92 derived
s7 context show:hypothesis/strategies.py noul=0.04 p=0.04 c=0.92 derived
s7 context show:notes.txt noul=0.06 p=0.06 c=0.88 derived
s7 context show:pytest.ini noul=0.08 p=0.08 c=0.84 derived
s7 context show:README.md noul=0.05 p=0.05 c=0.90 derived
s7 context show:tests/test_core.py noul=0.31 p=0.31 c=0.38 derived
step 6/40  ⠙ context  wall 18m40s/30m  tokens gen 26.0k jev 77.6k  cost gen $0.068 jev $0.003 / cap $2.000
[?2026l[?2026h[2K[1A[2K[1A[2K[1A[2K[1A[2K[1A[2K[1A[2K[1A[2K[1A[2K[1A[2K[1A[2K[1A[2K[1A[2K[1A[2K[1A[2K[1A[2K[1A[2K[G────────────────────────────────────────────────────────────────────────────────────────────────────────────────────────


s7 intent can_verify noul=0.32 p=0.32 c=0.36 derived
s7 intent can_fix_environment noul=0.03 p=0.03 c=0.94 derived
s7 intent can_finish noul=0.35 p=0.35 c=0.30 derived
s7 intent plan_still_valid noul=0.20 p=0.20 c=0.60 derived
s7 context show:calc/core.py noul=0.79 p=0.79 c=0.58 derived
s7 context show:calc/__init__.py noul=0.06 p=0.06 c=0.88 derived
s7 context show:hypothesis/__init__.py noul=0.04 p=0.04 c=0.92 derived
s7 context show:hypothesis/strategies.py noul=0.04 p=0.04 c=0.92 derived
s7 context show:notes.txt noul=0.06 p=0.06 c=0.88 derived
s7 context show:pytest.ini noul=0.08 p=0.08 c=0.84 derived
s7 context show:README.md noul=0.05 p=0.05 c=0.90 derived
s7 context show:tests/test_core.py noul=0.31 p=0.31 c=0.38 derived
step 6/40  ⠹ context  wall 18m40s/30m  tokens gen 26.0k jev 77.6k  cost gen $0.068 jev $0.003 / cap $2.000
[?2026l[?2026h[2K[1A[2K[1A[2K[1A[2K[1A[2K[1A[2K[1A[2K[1A[2K[1A[2K[1A[2K[1A[2K[1A[2K[1A[2K[1A[2K[1A[2K[1A[2K[1A[2K[G────────────────────────────────────────────────────────────────────────────────────────────────────────────────────────


s7 intent can_verify noul=0.32 p=0.32 c=0.36 derived
s7 intent can_fix_environment noul=0.03 p=0.03 c=0.94 derived
s7 intent can_finish noul=0.35 p=0.35 c=0.30 derived
s7 intent plan_still_valid noul=0.20 p=0.20 c=0.60 derived
s7 context show:calc/core.py noul=0.79 p=0.79 c=0.58 derived
s7 context show:calc/__init__.py noul=0.06 p=0.06 c=0.88 derived
s7 context show:hypothesis/__init__.py noul=0.04 p=0.04 c=0.92 derived
s7 context show:hypothesis/strategies.py noul=0.04 p=0.04 c=0.92 derived
s7 context show:notes.txt noul=0.06 p=0.06 c=0.88 derived
s7 context show:pytest.ini noul=0.08 p=0.08 c=0.84 derived
s7 context show:README.md noul=0.05 p=0.05 c=0.90 derived
s7 context show:tests/test_core.py noul=0.31 p=0.31 c=0.38 derived
step 6/40  ⠸ context  wall 18m40s/30m  tokens gen 26.0k jev 77.6k  cost gen $0.068 jev $0.003 / cap $2.000
[?2026l[?2026h[2K[1A[2K[1A[2K[1A[2K[1A[2K[1A[2K[1A[2K[1A[2K[1A[2K[1A[2K[1A[2K[1A[2K[1A[2K[1A[2K[1A[2K[1A[2K[1A[2K[G────────────────────────────────────────────────────────────────────────────────────────────────────────────────────────


s7 intent can_verify noul=0.32 p=0.32 c=0.36 derived
s7 intent can_fix_environment noul=0.03 p=0.03 c=0.94 derived
s7 intent can_finish noul=0.35 p=0.35 c=0.30 derived
s7 intent plan_still_valid noul=0.20 p=0.20 c=0.60 derived
s7 context show:calc/core.py noul=0.79 p=0.79 c=0.58 derived
s7 context show:calc/__init__.py noul=0.06 p=0.06 c=0.88 derived
s7 context show:hypothesis/__init__.py noul=0.04 p=0.04 c=0.92 derived
s7 context show:hypothesis/strategies.py noul=0.04 p=0.04 c=0.92 derived
s7 context show:notes.txt noul=0.06 p=0.06 c=0.88 derived
s7 context show:pytest.ini noul=0.08 p=0.08 c=0.84 derived
s7 context show:README.md noul=0.05 p=0.05 c=0.90 derived
s7 context show:tests/test_core.py noul=0.31 p=0.31 c=0.38 derived
step 6/40  ⠼ context  wall 18m40s/30m  tokens gen 26.0k jev 77.6k  cost gen $0.068 jev $0.003 / cap $2.000
[?2026l[?2026h[2K[1A[2K[1A[2K[1A[2K[1A[2K[1A[2K[1A[2K[1A[2K[1A[2K[1A[2K[1A[2K[1A[2K[1A[2K[1A[2K[1A[2K[1A[2K[1A[2K[G────────────────────────────────────────────────────────────────────────────────────────────────────────────────────────


s7 intent can_verify noul=0.32 p=0.32 c=0.36 derived
s7 intent can_fix_environment noul=0.03 p=0.03 c=0.94 derived
s7 intent can_finish noul=0.35 p=0.35 c=0.30 derived
s7 intent plan_still_valid noul=0.20 p=0.20 c=0.60 derived
s7 context show:calc/core.py noul=0.79 p=0.79 c=0.58 derived
s7 context show:calc/__init__.py noul=0.06 p=0.06 c=0.88 derived
s7 context show:hypothesis/__init__.py noul=0.04 p=0.04 c=0.92 derived
s7 context show:hypothesis/strategies.py noul=0.04 p=0.04 c=0.92 derived
s7 context show:notes.txt noul=0.06 p=0.06 c=0.88 derived
s7 context show:pytest.ini noul=0.08 p=0.08 c=0.84 derived
s7 context show:README.md noul=0.05 p=0.05 c=0.90 derived
s7 context show:tests/test_core.py noul=0.31 p=0.31 c=0.38 derived
step 6/40  ⠴ context  wall 18m40s/30m  tokens gen 26.0k jev 77.6k  cost gen $0.068 jev $0.003 / cap $2.000
[?2026l[?2026h[2K[1A[2K[1A[2K[1A[2K[1A[2K[1A[2K[1A[2K[1A[2K[1A[2K[1A[2K[1A[2K[1A[2K[1A[2K[1A[2K[1A[2K[1A[2K[1A[2K[G────────────────────────────────────────────────────────────────────────────────────────────────────────────────────────


s7 intent can_verify noul=0.32 p=0.32 c=0.36 derived
s7 intent can_fix_environment noul=0.03 p=0.03 c=0.94 derived
s7 intent can_finish noul=0.35 p=0.35 c=0.30 derived
s7 intent plan_still_valid noul=0.20 p=0.20 c=0.60 derived
s7 context show:calc/core.py noul=0.79 p=0.79 c=0.58 derived
s7 context show:calc/__init__.py noul=0.06 p=0.06 c=0.88 derived
s7 context show:hypothesis/__init__.py noul=0.04 p=0.04 c=0.92 derived
s7 context show:hypothesis/strategies.py noul=0.04 p=0.04 c=0.92 derived
s7 context show:notes.txt noul=0.06 p=0.06 c=0.88 derived
s7 context show:pytest.ini noul=0.08 p=0.08 c=0.84 derived
s7 context show:README.md noul=0.05 p=0.05 c=0.90 derived
s7 context show:tests/test_core.py noul=0.31 p=0.31 c=0.38 derived
step 6/40  ⠦ context  wall 18m40s/30m  tokens gen 26.0k jev 77.6k  cost gen $0.068 jev $0.003 / cap $2.000
[?2026l[?2026h[2K[1A[2K[1A[2K[1A[2K[1A[2K[1A[2K[1A[2K[1A[2K[1A[2K[1A[2K[1A[2K[1A[2K[1A[2K[1A[2K[1A[2K[1A[2K[1A[2K[G────────────────────────────────────────────────────────────────────────────────────────────────────────────────────────


s7 intent can_verify noul=0.32 p=0.32 c=0.36 derived
s7 intent can_fix_environment noul=0.03 p=0.03 c=0.94 derived
s7 intent can_finish noul=0.35 p=0.35 c=0.30 derived
s7 intent plan_still_valid noul=0.20 p=0.20 c=0.60 derived
s7 context show:calc/core.py noul=0.79 p=0.79 c=0.58 derived
s7 context show:calc/__init__.py noul=0.06 p=0.06 c=0.88 derived
s7 context show:hypothesis/__init__.py noul=0.04 p=0.04 c=0.92 derived
s7 context show:hypothesis/strategies.py noul=0.04 p=0.04 c=0.92 derived
s7 context show:notes.txt noul=0.06 p=0.06 c=0.88 derived
s7 context show:pytest.ini noul=0.08 p=0.08 c=0.84 derived
s7 context show:README.md noul=0.05 p=0.05 c=0.90 derived
s7 context show:tests/test_core.py noul=0.31 p=0.31 c=0.38 derived
step 6/40  ⠧ context  wall 18m40s/30m  tokens gen 26.0k jev 77.6k  cost gen $0.068 jev $0.003 / cap $2.000
[?2026l[?2026h[2K[1A[2K[1A[2K[1A[2K[1A[2K[1A[2K[1A[2K[1A[2K[1A[2K[1A[2K[1A[2K[1A[2K[1A[2K[1A[2K[1A[2K[1A[2K[1A[2K[G────────────────────────────────────────────────────────────────────────────────────────────────────────────────────────


s7 intent can_verify noul=0.32 p=0.32 c=0.36 derived
s7 intent can_fix_environment noul=0.03 p=0.03 c=0.94 derived
s7 intent can_finish noul=0.35 p=0.35 c=0.30 derived
s7 intent plan_still_valid noul=0.20 p=0.20 c=0.60 derived
s7 context show:calc/core.py noul=0.79 p=0.79 c=0.58 derived
s7 context show:calc/__init__.py noul=0.06 p=0.06 c=0.88 derived
s7 context show:hypothesis/__init__.py noul=0.04 p=0.04 c=0.92 derived
s7 context show:hypothesis/strategies.py noul=0.04 p=0.04 c=0.92 derived
s7 context show:notes.txt noul=0.06 p=0.06 c=0.88 derived
s7 context show:pytest.ini noul=0.08 p=0.08 c=0.84 derived
s7 context show:README.md noul=0.05 p=0.05 c=0.90 derived
s7 context show:tests/test_core.py noul=0.31 p=0.31 c=0.38 derived
step 6/40  ⠇ context  wall 18m40s/30m  tokens gen 26.0k jev 77.6k  cost gen $0.068 jev $0.003 / cap $2.000
[?2026l[?2026h[2K[1A[2K[1A[2K[1A[2K[1A[2K[1A[2K[1A[2K[1A[2K[1A[2K[1A[2K[1A[2K[1A[2K[1A[2K[1A[2K[1A[2K[1A[2K[1A[2K[G────────────────────────────────────────────────────────────────────────────────────────────────────────────────────────


s7 intent can_verify noul=0.32 p=0.32 c=0.36 derived
s7 intent can_fix_environment noul=0.03 p=0.03 c=0.94 derived
s7 intent can_finish noul=0.35 p=0.35 c=0.30 derived
s7 intent plan_still_valid noul=0.20 p=0.20 c=0.60 derived
s7 context show:calc/core.py noul=0.79 p=0.79 c=0.58 derived
s7 context show:calc/__init__.py noul=0.06 p=0.06 c=0.88 derived
s7 context show:hypothesis/__init__.py noul=0.04 p=0.04 c=0.92 derived
s7 context show:hypothesis/strategies.py noul=0.04 p=0.04 c=0.92 derived
s7 context show:notes.txt noul=0.06 p=0.06 c=0.88 derived
s7 context show:pytest.ini noul=0.08 p=0.08 c=0.84 derived
s7 context show:README.md noul=0.05 p=0.05 c=0.90 derived
s7 context show:tests/test_core.py noul=0.31 p=0.31 c=0.38 derived
step 6/40  ⠏ context  wall 18m40s/30m  tokens gen 26.0k jev 77.6k  cost gen $0.068 jev $0.003 / cap $2.000
[?2026l[?2026h[2K[1A[2K[1A[2K[1A[2K[1A[2K[1A[2K[1A[2K[1A[2K[1A[2K[1A[2K[1A[2K[1A[2K[1A[2K[1A[2K[1A[2K[1A[2K[1A[2K[G────────────────────────────────────────────────────────────────────────────────────────────────────────────────────────


s7 intent can_verify noul=0.32 p=0.32 c=0.36 derived
s7 intent can_fix_environment noul=0.03 p=0.03 c=0.94 derived
s7 intent can_finish noul=0.35 p=0.35 c=0.30 derived
s7 intent plan_still_valid noul=0.20 p=0.20 c=0.60 derived
s7 context show:calc/core.py noul=0.79 p=0.79 c=0.58 derived
s7 context show:calc/__init__.py noul=0.06 p=0.06 c=0.88 derived
s7 context show:hypothesis/__init__.py noul=0.04 p=0.04 c=0.92 derived
s7 context show:hypothesis/strategies.py noul=0.04 p=0.04 c=0.92 derived
s7 context show:notes.txt noul=0.06 p=0.06 c=0.88 derived
s7 context show:pytest.ini noul=0.08 p=0.08 c=0.84 derived
s7 context show:README.md noul=0.05 p=0.05 c=0.90 derived
s7 context show:tests/test_core.py noul=0.31 p=0.31 c=0.38 derived
step 6/40  ⠋ context  wall 18m40s/30m  tokens gen 26.0k jev 77.6k  cost gen $0.068 jev $0.003 / cap $2.000
[?2026l[?2026h[2K[1A[2K[1A[2K[1A[2K[1A[2K[1A[2K[1A[2K[1A[2K[1A[2K[1A[2K[1A[2K[1A[2K[1A[2K[1A[2K[1A[2K[1A[2K[1A[2K[G────────────────────────────────────────────────────────────────────────────────────────────────────────────────────────
streaming action… 80 chars

s7 intent can_verify noul=0.32 p=0.32 c=0.36 derived
s7 intent can_fix_environment noul=0.03 p=0.03 c=0.94 derived
s7 intent can_finish noul=0.35 p=0.35 c=0.30 derived
s7 intent plan_still_valid noul=0.20 p=0.20 c=0.60 derived
s7 context show:calc/core.py noul=0.79 p=0.79 c=0.58 derived
s7 context show:calc/__init__.py noul=0.06 p=0.06 c=0.88 derived
s7 context show:hypothesis/__init__.py noul=0.04 p=0.04 c=0.92 derived
s7 context show:hypothesis/strategies.py noul=0.04 p=0.04 c=0.92 derived
s7 context show:notes.txt noul=0.06 p=0.06 c=0.88 derived
s7 context show:pytest.ini noul=0.08 p=0.08 c=0.84 derived
s7 context show:README.md noul=0.05 p=0.05 c=0.90 derived
s7 context show:tests/test_core.py noul=0.31 p=0.31 c=0.38 derived
step 6/40  ⠋ context  wall 18m40s/30m  tokens gen 26.0k jev 77.6k  cost gen $0.068 jev $0.003 / cap $2.000
[?2026l[?2026h[2K[1A[2K[1A[2K[1A[2K[1A[2K[1A[2K[1A[2K[1A[2K[1A[2K[1A[2K[1A[2K[1A[2K[1A[2K[1A[2K[1A[2K[1A[2K[1A[2K[G────────────────────────────────────────────────────────────────────────────────────────────────────────────────────────
streaming action… 80 chars

s7 intent can_verify noul=0.32 p=0.32 c=0.36 derived
s7 intent can_fix_environment noul=0.03 p=0.03 c=0.94 derived
s7 intent can_finish noul=0.35 p=0.35 c=0.30 derived
s7 intent plan_still_valid noul=0.20 p=0.20 c=0.60 derived
s7 context show:calc/core.py noul=0.79 p=0.79 c=0.58 derived
s7 context show:calc/__init__.py noul=0.06 p=0.06 c=0.88 derived
s7 context show:hypothesis/__init__.py noul=0.04 p=0.04 c=0.92 derived
s7 context show:hypothesis/strategies.py noul=0.04 p=0.04 c=0.92 derived
s7 context show:notes.txt noul=0.06 p=0.06 c=0.88 derived
s7 context show:pytest.ini noul=0.08 p=0.08 c=0.84 derived
s7 context show:README.md noul=0.05 p=0.05 c=0.90 derived
s7 context show:tests/test_core.py noul=0.31 p=0.31 c=0.38 derived
step 6/40  ⠙ context  wall 18m40s/30m  tokens gen 26.0k jev 77.6k  cost gen $0.068 jev $0.003 / cap $2.000
[?2026l[?2026h[2K[1A[2K[1A[2K[1A[2K[1A[2K[1A[2K[1A[2K[1A[2K[1A[2K[1A[2K[1A[2K[1A[2K[1A[2K[1A[2K[1A[2K[1A[2K[1A[2K[G────────────────────────────────────────────────────────────────────────────────────────────────────────────────────────
streaming action… 80 chars

s7 intent can_verify noul=0.32 p=0.32 c=0.36 derived
s7 intent can_fix_environment noul=0.03 p=0.03 c=0.94 derived
s7 intent can_finish noul=0.35 p=0.35 c=0.30 derived
s7 intent plan_still_valid noul=0.20 p=0.20 c=0.60 derived
s7 context show:calc/core.py noul=0.79 p=0.79 c=0.58 derived
s7 context show:calc/__init__.py noul=0.06 p=0.06 c=0.88 derived
s7 context show:hypothesis/__init__.py noul=0.04 p=0.04 c=0.92 derived
s7 context show:hypothesis/strategies.py noul=0.04 p=0.04 c=0.92 derived
s7 context show:notes.txt noul=0.06 p=0.06 c=0.88 derived
s7 context show:pytest.ini noul=0.08 p=0.08 c=0.84 derived
s7 context show:README.md noul=0.05 p=0.05 c=0.90 derived
s7 context show:tests/test_core.py noul=0.31 p=0.31 c=0.38 derived
step 6/40  ⠹ context  wall 18m40s/30m  tokens gen 26.0k jev 77.6k  cost gen $0.068 jev $0.003 / cap $2.000
[?2026l[?2026h[2K[1A[2K[1A[2K[1A[2K[1A[2K[1A[2K[1A[2K[1A[2K[1A[2K[1A[2K[1A[2K[1A[2K[1A[2K[1A[2K[1A[2K[1A[2K[1A[2K[G────────────────────────────────────────────────────────────────────────────────────────────────────────────────────────
streaming action… 138 chars

s7 intent can_verify noul=0.32 p=0.32 c=0.36 derived
s7 intent can_fix_environment noul=0.03 p=0.03 c=0.94 derived
s7 intent can_finish noul=0.35 p=0.35 c=0.30 derived
s7 intent plan_still_valid noul=0.20 p=0.20 c=0.60 derived
s7 context show:calc/core.py noul=0.79 p=0.79 c=0.58 derived
s7 context show:calc/__init__.py noul=0.06 p=0.06 c=0.88 derived
s7 context show:hypothesis/__init__.py noul=0.04 p=0.04 c=0.92 derived
s7 context show:hypothesis/strategies.py noul=0.04 p=0.04 c=0.92 derived
s7 context show:notes.txt noul=0.06 p=0.06 c=0.88 derived
s7 context show:pytest.ini noul=0.08 p=0.08 c=0.84 derived
s7 context show:README.md noul=0.05 p=0.05 c=0.90 derived
s7 context show:tests/test_core.py noul=0.31 p=0.31 c=0.38 derived
step 6/40  ⠹ context  wall 18m40s/30m  tokens gen 26.0k jev 77.6k  cost gen $0.068 jev $0.003 / cap $2.000
[?2026l[?2026h[2K[1A[2K[1A[2K[1A[2K[1A[2K[1A[2K[1A[2K[1A[2K[1A[2K[1A[2K[1A[2K[1A[2K[1A[2K[1A[2K[1A[2K[1A[2K[1A[2K[G────────────────────────────────────────────────────────────────────────────────────────────────────────────────────────
streaming action… 174 chars

s7 intent can_verify noul=0.32 p=0.32 c=0.36 derived
s7 intent can_fix_environment noul=0.03 p=0.03 c=0.94 derived
s7 intent can_finish noul=0.35 p=0.35 c=0.30 derived
s7 intent plan_still_valid noul=0.20 p=0.20 c=0.60 derived
s7 context show:calc/core.py noul=0.79 p=0.79 c=0.58 derived
s7 context show:calc/__init__.py noul=0.06 p=0.06 c=0.88 derived
s7 context show:hypothesis/__init__.py noul=0.04 p=0.04 c=0.92 derived
s7 context show:hypothesis/strategies.py noul=0.04 p=0.04 c=0.92 derived
s7 context show:notes.txt noul=0.06 p=0.06 c=0.88 derived
s7 context show:pytest.ini noul=0.08 p=0.08 c=0.84 derived
s7 context show:README.md noul=0.05 p=0.05 c=0.90 derived
s7 context show:tests/test_core.py noul=0.31 p=0.31 c=0.38 derived
step 6/40  ⠹ context  wall 18m40s/30m  tokens gen 26.0k jev 77.6k  cost gen $0.068 jev $0.003 / cap $2.000
[?2026l[?2026h[2K[1A[2K[1A[2K[1A[2K[1A[2K[1A[2K[1A[2K[1A[2K[1A[2K[1A[2K[1A[2K[1A[2K[1A[2K[1A[2K[1A[2K[1A[2K[1A[2K[G────────────────────────────────────────────────────────────────────────────────────────────────────────────────────────
streaming action… 174 chars

s7 intent can_verify noul=0.32 p=0.32 c=0.36 derived
s7 intent can_fix_environment noul=0.03 p=0.03 c=0.94 derived
s7 intent can_finish noul=0.35 p=0.35 c=0.30 derived
s7 intent plan_still_valid noul=0.20 p=0.20 c=0.60 derived
s7 context show:calc/core.py noul=0.79 p=0.79 c=0.58 derived
s7 context show:calc/__init__.py noul=0.06 p=0.06 c=0.88 derived
s7 context show:hypothesis/__init__.py noul=0.04 p=0.04 c=0.92 derived
s7 context show:hypothesis/strategies.py noul=0.04 p=0.04 c=0.92 derived
s7 context show:notes.txt noul=0.06 p=0.06 c=0.88 derived
s7 context show:pytest.ini noul=0.08 p=0.08 c=0.84 derived
s7 context show:README.md noul=0.05 p=0.05 c=0.90 derived
s7 context show:tests/test_core.py noul=0.31 p=0.31 c=0.38 derived
step 6/40  ⠸ context  wall 18m40s/30m  tokens gen 26.0k jev 77.6k  cost gen $0.068 jev $0.003 / cap $2.000
[?2026l[?2026h[2K[1A[2K[1A[2K[1A[2K[1A[2K[1A[2K[1A[2K[1A[2K[1A[2K[1A[2K[1A[2K[1A[2K[1A[2K[1A[2K[1A[2K[1A[2K[1A[2K[G────────────────────────────────────────────────────────────────────────────────────────────────────────────────────────
streaming action… 184 chars

s7 intent can_verify noul=0.32 p=0.32 c=0.36 derived
s7 intent can_fix_environment noul=0.03 p=0.03 c=0.94 derived
s7 intent can_finish noul=0.35 p=0.35 c=0.30 derived
s7 intent plan_still_valid noul=0.20 p=0.20 c=0.60 derived
s7 context show:calc/core.py noul=0.79 p=0.79 c=0.58 derived
s7 context show:calc/__init__.py noul=0.06 p=0.06 c=0.88 derived
s7 context show:hypothesis/__init__.py noul=0.04 p=0.04 c=0.92 derived
s7 context show:hypothesis/strategies.py noul=0.04 p=0.04 c=0.92 derived
s7 context show:notes.txt noul=0.06 p=0.06 c=0.88 derived
s7 context show:pytest.ini noul=0.08 p=0.08 c=0.84 derived
s7 context show:README.md noul=0.05 p=0.05 c=0.90 derived
s7 context show:tests/test_core.py noul=0.31 p=0.31 c=0.38 derived
step 6/40  ⠸ context  wall 18m40s/30m  tokens gen 26.0k jev 77.6k  cost gen $0.068 jev $0.003 / cap $2.000
[?2026l[?2026h[2K[1A[2K[1A[2K[1A[2K[1A[2K[1A[2K[1A[2K[1A[2K[1A[2K[1A[2K[1A[2K[1A[2K[1A[2K[1A[2K[1A[2K[1A[2K[1A[2K[G────────────────────────────────────────────────────────────────────────────────────────────────────────────────────────
streaming action… 184 chars

s7 intent can_verify noul=0.32 p=0.32 c=0.36 derived
s7 intent can_fix_environment noul=0.03 p=0.03 c=0.94 derived
s7 intent can_finish noul=0.35 p=0.35 c=0.30 derived
s7 intent plan_still_valid noul=0.20 p=0.20 c=0.60 derived
s7 context show:calc/core.py noul=0.79 p=0.79 c=0.58 derived
s7 context show:calc/__init__.py noul=0.06 p=0.06 c=0.88 derived
s7 context show:hypothesis/__init__.py noul=0.04 p=0.04 c=0.92 derived
s7 context show:hypothesis/strategies.py noul=0.04 p=0.04 c=0.92 derived
s7 context show:notes.txt noul=0.06 p=0.06 c=0.88 derived
s7 context show:pytest.ini noul=0.08 p=0.08 c=0.84 derived
s7 context show:README.md noul=0.05 p=0.05 c=0.90 derived
s7 context show:tests/test_core.py noul=0.31 p=0.31 c=0.38 derived
step 6/40  ⠼ context  wall 18m40s/30m  tokens gen 26.0k jev 77.6k  cost gen $0.068 jev $0.003 / cap $2.000
[?2026l[?2026h[2K[1A[2K[1A[2K[1A[2K[1A[2K[1A[2K[1A[2K[1A[2K[1A[2K[1A[2K[1A[2K[1A[2K[1A[2K[1A[2K[1A[2K[1A[2K[1A[2K[G────────────────────────────────────────────────────────────────────────────────────────────────────────────────────────
streaming action… 194 chars

s7 intent can_verify noul=0.32 p=0.32 c=0.36 derived
s7 intent can_fix_environment noul=0.03 p=0.03 c=0.94 derived
s7 intent can_finish noul=0.35 p=0.35 c=0.30 derived
s7 intent plan_still_valid noul=0.20 p=0.20 c=0.60 derived
s7 context show:calc/core.py noul=0.79 p=0.79 c=0.58 derived
s7 context show:calc/__init__.py noul=0.06 p=0.06 c=0.88 derived
s7 context show:hypothesis/__init__.py noul=0.04 p=0.04 c=0.92 derived
s7 context show:hypothesis/strategies.py noul=0.04 p=0.04 c=0.92 derived
s7 context show:notes.txt noul=0.06 p=0.06 c=0.88 derived
s7 context show:pytest.ini noul=0.08 p=0.08 c=0.84 derived
s7 context show:README.md noul=0.05 p=0.05 c=0.90 derived
s7 context show:tests/test_core.py noul=0.31 p=0.31 c=0.38 derived
step 6/40  ⠼ context  wall 18m40s/30m  tokens gen 26.0k jev 77.6k  cost gen $0.068 jev $0.003 / cap $2.000
[?2026l[?2026h[2K[1A[2K[1A[2K[1A[2K[1A[2K[1A[2K[1A[2K[1A[2K[1A[2K[1A[2K[1A[2K[1A[2K[1A[2K[1A[2K[1A[2K[1A[2K[1A[2K[G────────────────────────────────────────────────────────────────────────────────────────────────────────────────────────
streaming action… 194 chars

s7 intent can_verify noul=0.32 p=0.32 c=0.36 derived
s7 intent can_fix_environment noul=0.03 p=0.03 c=0.94 derived
s7 intent can_finish noul=0.35 p=0.35 c=0.30 derived
s7 intent plan_still_valid noul=0.20 p=0.20 c=0.60 derived
s7 context show:calc/core.py noul=0.79 p=0.79 c=0.58 derived
s7 context show:calc/__init__.py noul=0.06 p=0.06 c=0.88 derived
s7 context show:hypothesis/__init__.py noul=0.04 p=0.04 c=0.92 derived
s7 context show:hypothesis/strategies.py noul=0.04 p=0.04 c=0.92 derived
s7 context show:notes.txt noul=0.06 p=0.06 c=0.88 derived
s7 context show:pytest.ini noul=0.08 p=0.08 c=0.84 derived
s7 context show:README.md noul=0.05 p=0.05 c=0.90 derived
s7 context show:tests/test_core.py noul=0.31 p=0.31 c=0.38 derived
step 6/40  ⠴ context  wall 18m40s/30m  tokens gen 26.0k jev 77.6k  cost gen $0.068 jev $0.003 / cap $2.000
[?2026l[?2026h[2K[1A[2K[1A[2K[1A[2K[1A[2K[1A[2K[1A[2K[1A[2K[1A[2K[1A[2K[1A[2K[1A[2K[1A[2K[1A[2K[1A[2K[1A[2K[1A[2K[G────────────────────────────────────────────────────────────────────────────────────────────────────────────────────────
streaming action… 220 chars

s7 intent can_verify noul=0.32 p=0.32 c=0.36 derived
s7 intent can_fix_environment noul=0.03 p=0.03 c=0.94 derived
s7 intent can_finish noul=0.35 p=0.35 c=0.30 derived
s7 intent plan_still_valid noul=0.20 p=0.20 c=0.60 derived
s7 context show:calc/core.py noul=0.79 p=0.79 c=0.58 derived
s7 context show:calc/__init__.py noul=0.06 p=0.06 c=0.88 derived
s7 context show:hypothesis/__init__.py noul=0.04 p=0.04 c=0.92 derived
s7 context show:hypothesis/strategies.py noul=0.04 p=0.04 c=0.92 derived
s7 context show:notes.txt noul=0.06 p=0.06 c=0.88 derived
s7 context show:pytest.ini noul=0.08 p=0.08 c=0.84 derived
s7 context show:README.md noul=0.05 p=0.05 c=0.90 derived
s7 context show:tests/test_core.py noul=0.31 p=0.31 c=0.38 derived
step 6/40  ⠴ context  wall 18m40s/30m  tokens gen 26.0k jev 77.6k  cost gen $0.068 jev $0.003 / cap $2.000
[?2026l[?2026h[2K[1A[2K[1A[2K[1A[2K[1A[2K[1A[2K[1A[2K[1A[2K[1A[2K[1A[2K[1A[2K[1A[2K[1A[2K[1A[2K[1A[2K[1A[2K[1A[2K[G────────────────────────────────────────────────────────────────────────────────────────────────────────────────────────
streaming action… 220 chars

s7 intent can_verify noul=0.32 p=0.32 c=0.36 derived
s7 intent can_fix_environment noul=0.03 p=0.03 c=0.94 derived
s7 intent can_finish noul=0.35 p=0.35 c=0.30 derived
s7 intent plan_still_valid noul=0.20 p=0.20 c=0.60 derived
s7 context show:calc/core.py noul=0.79 p=0.79 c=0.58 derived
s7 context show:calc/__init__.py noul=0.06 p=0.06 c=0.88 derived
s7 context show:hypothesis/__init__.py noul=0.04 p=0.04 c=0.92 derived
s7 context show:hypothesis/strategies.py noul=0.04 p=0.04 c=0.92 derived
s7 context show:notes.txt noul=0.06 p=0.06 c=0.88 derived
s7 context show:pytest.ini noul=0.08 p=0.08 c=0.84 derived
s7 context show:README.md noul=0.05 p=0.05 c=0.90 derived
s7 context show:tests/test_core.py noul=0.31 p=0.31 c=0.38 derived
step 6/40  ⠦ context  wall 18m40s/30m  tokens gen 26.0k jev 77.6k  cost gen $0.068 jev $0.003 / cap $2.000
[?2026l[?2026h[2K[1A[2K[1A[2K[1A[2K[1A[2K[1A[2K[1A[2K[1A[2K[1A[2K[1A[2K[1A[2K[1A[2K[1A[2K[1A[2K[1A[2K[1A[2K[1A[2K[G────────────────────────────────────────────────────────────────────────────────────────────────────────────────────────
streaming action… 270 chars

s7 intent can_verify noul=0.32 p=0.32 c=0.36 derived
s7 intent can_fix_environment noul=0.03 p=0.03 c=0.94 derived
s7 intent can_finish noul=0.35 p=0.35 c=0.30 derived
s7 intent plan_still_valid noul=0.20 p=0.20 c=0.60 derived
s7 context show:calc/core.py noul=0.79 p=0.79 c=0.58 derived
s7 context show:calc/__init__.py noul=0.06 p=0.06 c=0.88 derived
s7 context show:hypothesis/__init__.py noul=0.04 p=0.04 c=0.92 derived
s7 context show:hypothesis/strategies.py noul=0.04 p=0.04 c=0.92 derived
s7 context show:notes.txt noul=0.06 p=0.06 c=0.88 derived
s7 context show:pytest.ini noul=0.08 p=0.08 c=0.84 derived
s7 context show:README.md noul=0.05 p=0.05 c=0.90 derived
s7 context show:tests/test_core.py noul=0.31 p=0.31 c=0.38 derived
step 6/40  ⠦ context  wall 18m40s/30m  tokens gen 26.0k jev 77.6k  cost gen $0.068 jev $0.003 / cap $2.000
[?2026l[?2026h[2K[1A[2K[1A[2K[1A[2K[1A[2K[1A[2K[1A[2K[1A[2K[1A[2K[1A[2K[1A[2K[1A[2K[1A[2K[1A[2K[1A[2K[1A[2K[1A[2K[G────────────────────────────────────────────────────────────────────────────────────────────────────────────────────────
streaming action… 270 chars

s7 intent can_verify noul=0.32 p=0.32 c=0.36 derived
s7 intent can_fix_environment noul=0.03 p=0.03 c=0.94 derived
s7 intent can_finish noul=0.35 p=0.35 c=0.30 derived
s7 intent plan_still_valid noul=0.20 p=0.20 c=0.60 derived
s7 context show:calc/core.py noul=0.79 p=0.79 c=0.58 derived
s7 context show:calc/__init__.py noul=0.06 p=0.06 c=0.88 derived
s7 context show:hypothesis/__init__.py noul=0.04 p=0.04 c=0.92 derived
s7 context show:hypothesis/strategies.py noul=0.04 p=0.04 c=0.92 derived
s7 context show:notes.txt noul=0.06 p=0.06 c=0.88 derived
s7 context show:pytest.ini noul=0.08 p=0.08 c=0.84 derived
s7 context show:README.md noul=0.05 p=0.05 c=0.90 derived
s7 context show:tests/test_core.py noul=0.31 p=0.31 c=0.38 derived
step 6/40  ⠧ context  wall 18m40s/30m  tokens gen 26.0k jev 77.6k  cost gen $0.068 jev $0.003 / cap $2.000
[?2026l[?2026h[2K[1A[2K[1A[2K[1A[2K[1A[2K[1A[2K[1A[2K[1A[2K[1A[2K[1A[2K[1A[2K[1A[2K[1A[2K[1A[2K[1A[2K[1A[2K[1A[2K[G────────────────────────────────────────────────────────────────────────────────────────────────────────────────────────
streaming action… 322 chars

s7 intent can_verify noul=0.32 p=0.32 c=0.36 derived
s7 intent can_fix_environment noul=0.03 p=0.03 c=0.94 derived
s7 intent can_finish noul=0.35 p=0.35 c=0.30 derived
s7 intent plan_still_valid noul=0.20 p=0.20 c=0.60 derived
s7 context show:calc/core.py noul=0.79 p=0.79 c=0.58 derived
s7 context show:calc/__init__.py noul=0.06 p=0.06 c=0.88 derived
s7 context show:hypothesis/__init__.py noul=0.04 p=0.04 c=0.92 derived
s7 context show:hypothesis/strategies.py noul=0.04 p=0.04 c=0.92 derived
s7 context show:notes.txt noul=0.06 p=0.06 c=0.88 derived
s7 context show:pytest.ini noul=0.08 p=0.08 c=0.84 derived
s7 context show:README.md noul=0.05 p=0.05 c=0.90 derived
s7 context show:tests/test_core.py noul=0.31 p=0.31 c=0.38 derived
step 6/40  ⠧ context  wall 18m40s/30m  tokens gen 26.0k jev 77.6k  cost gen $0.068 jev $0.003 / cap $2.000
[?2026l[?2026h[2K[1A[2K[1A[2K[1A[2K[1A[2K[1A[2K[1A[2K[1A[2K[1A[2K[1A[2K[1A[2K[1A[2K[1A[2K[1A[2K[1A[2K[1A[2K[1A[2K[G────────────────────────────────────────────────────────────────────────────────────────────────────────────────────────
streaming action… 322 chars

s7 intent can_verify noul=0.32 p=0.32 c=0.36 derived
s7 intent can_fix_environment noul=0.03 p=0.03 c=0.94 derived
s7 intent can_finish noul=0.35 p=0.35 c=0.30 derived
s7 intent plan_still_valid noul=0.20 p=0.20 c=0.60 derived
s7 context show:calc/core.py noul=0.79 p=0.79 c=0.58 derived
s7 context show:calc/__init__.py noul=0.06 p=0.06 c=0.88 derived
s7 context show:hypothesis/__init__.py noul=0.04 p=0.04 c=0.92 derived
s7 context show:hypothesis/strategies.py noul=0.04 p=0.04 c=0.92 derived
s7 context show:notes.txt noul=0.06 p=0.06 c=0.88 derived
s7 context show:pytest.ini noul=0.08 p=0.08 c=0.84 derived
s7 context show:README.md noul=0.05 p=0.05 c=0.90 derived
s7 context show:tests/test_core.py noul=0.31 p=0.31 c=0.38 derived
step 6/40  ⠇ context  wall 18m40s/30m  tokens gen 26.0k jev 77.6k  cost gen $0.068 jev $0.003 / cap $2.000
[?2026l[?2026h[2K[1A[2K[1A[2K[1A[2K[1A[2K[1A[2K[1A[2K[1A[2K[1A[2K[1A[2K[1A[2K[1A[2K[1A[2K[1A[2K[1A[2K[1A[2K[1A[2K[G────────────────────────────────────────────────────────────────────────────────────────────────────────────────────────
streaming action… 348 chars

s7 intent can_verify noul=0.32 p=0.32 c=0.36 derived
s7 intent can_fix_environment noul=0.03 p=0.03 c=0.94 derived
s7 intent can_finish noul=0.35 p=0.35 c=0.30 derived
s7 intent plan_still_valid noul=0.20 p=0.20 c=0.60 derived
s7 context show:calc/core.py noul=0.79 p=0.79 c=0.58 derived
s7 context show:calc/__init__.py noul=0.06 p=0.06 c=0.88 derived
s7 context show:hypothesis/__init__.py noul=0.04 p=0.04 c=0.92 derived
s7 context show:hypothesis/strategies.py noul=0.04 p=0.04 c=0.92 derived
s7 context show:notes.txt noul=0.06 p=0.06 c=0.88 derived
s7 context show:pytest.ini noul=0.08 p=0.08 c=0.84 derived
s7 context show:README.md noul=0.05 p=0.05 c=0.90 derived
s7 context show:tests/test_core.py noul=0.31 p=0.31 c=0.38 derived
step 6/40  ⠇ context  wall 18m40s/30m  tokens gen 26.0k jev 77.6k  cost gen $0.068 jev $0.003 / cap $2.000
[?2026l[?2026h[2K[1A[2K[1A[2K[1A[2K[1A[2K[1A[2K[1A[2K[1A[2K[1A[2K[1A[2K[1A[2K[1A[2K[1A[2K[1A[2K[1A[2K[1A[2K[1A[2K[G────────────────────────────────────────────────────────────────────────────────────────────────────────────────────────
streaming action… 386 chars

s7 intent can_verify noul=0.32 p=0.32 c=0.36 derived
s7 intent can_fix_environment noul=0.03 p=0.03 c=0.94 derived
s7 intent can_finish noul=0.35 p=0.35 c=0.30 derived
s7 intent plan_still_valid noul=0.20 p=0.20 c=0.60 derived
s7 context show:calc/core.py noul=0.79 p=0.79 c=0.58 derived
s7 context show:calc/__init__.py noul=0.06 p=0.06 c=0.88 derived
s7 context show:hypothesis/__init__.py noul=0.04 p=0.04 c=0.92 derived
s7 context show:hypothesis/strategies.py noul=0.04 p=0.04 c=0.92 derived
s7 context show:notes.txt noul=0.06 p=0.06 c=0.88 derived
s7 context show:pytest.ini noul=0.08 p=0.08 c=0.84 derived
s7 context show:README.md noul=0.05 p=0.05 c=0.90 derived
s7 context show:tests/test_core.py noul=0.31 p=0.31 c=0.38 derived
step 6/40  ⠇ context  wall 18m40s/30m  tokens gen 26.0k jev 77.6k  cost gen $0.068 jev $0.003 / cap $2.000
[?2026l[?2026h[2K[1A[2K[1A[2K[1A[2K[1A[2K[1A[2K[1A[2K[1A[2K[1A[2K[1A[2K[1A[2K[1A[2K[1A[2K[1A[2K[1A[2K[1A[2K[1A[2K[G────────────────────────────────────────────────────────────────────────────────────────────────────────────────────────
streaming action… 386 chars

s7 intent can_verify noul=0.32 p=0.32 c=0.36 derived
s7 intent can_fix_environment noul=0.03 p=0.03 c=0.94 derived
s7 intent can_finish noul=0.35 p=0.35 c=0.30 derived
s7 intent plan_still_valid noul=0.20 p=0.20 c=0.60 derived
s7 context show:calc/core.py noul=0.79 p=0.79 c=0.58 derived
s7 context show:calc/__init__.py noul=0.06 p=0.06 c=0.88 derived
s7 context show:hypothesis/__init__.py noul=0.04 p=0.04 c=0.92 derived
s7 context show:hypothesis/strategies.py noul=0.04 p=0.04 c=0.92 derived
s7 context show:notes.txt noul=0.06 p=0.06 c=0.88 derived
s7 context show:pytest.ini noul=0.08 p=0.08 c=0.84 derived
s7 context show:README.md noul=0.05 p=0.05 c=0.90 derived
s7 context show:tests/test_core.py noul=0.31 p=0.31 c=0.38 derived
step 6/40  ⠏ context  wall 18m40s/30m  tokens gen 26.0k jev 77.6k  cost gen $0.068 jev $0.003 / cap $2.000
[?2026l[?2026h[2K[1A[2K[1A[2K[1A[2K[1A[2K[1A[2K[1A[2K[1A[2K[1A[2K[1A[2K[1A[2K[1A[2K[1A[2K[1A[2K[1A[2K[1A[2K[1A[2K[G────────────────────────────────────────────────────────────────────────────────────────────────────────────────────────
streaming action… 398 chars

s7 intent can_verify noul=0.32 p=0.32 c=0.36 derived
s7 intent can_fix_environment noul=0.03 p=0.03 c=0.94 derived
s7 intent can_finish noul=0.35 p=0.35 c=0.30 derived
s7 intent plan_still_valid noul=0.20 p=0.20 c=0.60 derived
s7 context show:calc/core.py noul=0.79 p=0.79 c=0.58 derived
s7 context show:calc/__init__.py noul=0.06 p=0.06 c=0.88 derived
s7 context show:hypothesis/__init__.py noul=0.04 p=0.04 c=0.92 derived
s7 context show:hypothesis/strategies.py noul=0.04 p=0.04 c=0.92 derived
s7 context show:notes.txt noul=0.06 p=0.06 c=0.88 derived
s7 context show:pytest.ini noul=0.08 p=0.08 c=0.84 derived
s7 context show:README.md noul=0.05 p=0.05 c=0.90 derived
s7 context show:tests/test_core.py noul=0.31 p=0.31 c=0.38 derived
step 6/40  ⠏ context  wall 18m40s/30m  tokens gen 26.0k jev 77.6k  cost gen $0.068 jev $0.003 / cap $2.000
[?2026l[?2026h[2K[1A[2K[1A[2K[1A[2K[1A[2K[1A[2K[1A[2K[1A[2K[1A[2K[1A[2K[1A[2K[1A[2K[1A[2K[1A[2K[1A[2K[1A[2K[1A[2K[G────────────────────────────────────────────────────────────────────────────────────────────────────────────────────────
streaming action… 398 chars

s7 intent can_verify noul=0.32 p=0.32 c=0.36 derived
s7 intent can_fix_environment noul=0.03 p=0.03 c=0.94 derived
s7 intent can_finish noul=0.35 p=0.35 c=0.30 derived
s7 intent plan_still_valid noul=0.20 p=0.20 c=0.60 derived
s7 context show:calc/core.py noul=0.79 p=0.79 c=0.58 derived
s7 context show:calc/__init__.py noul=0.06 p=0.06 c=0.88 derived
s7 context show:hypothesis/__init__.py noul=0.04 p=0.04 c=0.92 derived
s7 context show:hypothesis/strategies.py noul=0.04 p=0.04 c=0.92 derived
s7 context show:notes.txt noul=0.06 p=0.06 c=0.88 derived
s7 context show:pytest.ini noul=0.08 p=0.08 c=0.84 derived
s7 context show:README.md noul=0.05 p=0.05 c=0.90 derived
s7 context show:tests/test_core.py noul=0.31 p=0.31 c=0.38 derived
step 6/40  ⠋ context  wall 18m40s/30m  tokens gen 26.0k jev 77.6k  cost gen $0.068 jev $0.003 / cap $2.000
[?2026l[?2026h[2K[1A[2K[1A[2K[1A[2K[1A[2K[1A[2K[1A[2K[1A[2K[1A[2K[1A[2K[1A[2K[1A[2K[1A[2K[1A[2K[1A[2K[1A[2K[1A[2K[G────────────────────────────────────────────────────────────────────────────────────────────────────────────────────────
streaming action… 433 chars

s7 intent can_verify noul=0.32 p=0.32 c=0.36 derived
s7 intent can_fix_environment noul=0.03 p=0.03 c=0.94 derived
s7 intent can_finish noul=0.35 p=0.35 c=0.30 derived
s7 intent plan_still_valid noul=0.20 p=0.20 c=0.60 derived
s7 context show:calc/core.py noul=0.79 p=0.79 c=0.58 derived
s7 context show:calc/__init__.py noul=0.06 p=0.06 c=0.88 derived
s7 context show:hypothesis/__init__.py noul=0.04 p=0.04 c=0.92 derived
s7 context show:hypothesis/strategies.py noul=0.04 p=0.04 c=0.92 derived
s7 context show:notes.txt noul=0.06 p=0.06 c=0.88 derived
s7 context show:pytest.ini noul=0.08 p=0.08 c=0.84 derived
s7 context show:README.md noul=0.05 p=0.05 c=0.90 derived
s7 context show:tests/test_core.py noul=0.31 p=0.31 c=0.38 derived
step 6/40  ⠋ context  wall 18m40s/30m  tokens gen 26.0k jev 77.6k  cost gen $0.068 jev $0.003 / cap $2.000
[?2026l[?2026h[2K[1A[2K[1A[2K[1A[2K[1A[2K[1A[2K[1A[2K[1A[2K[1A[2K[1A[2K[1A[2K[1A[2K[1A[2K[1A[2K[1A[2K[1A[2K[1A[2K[G────────────────────────────────────────────────────────────────────────────────────────────────────────────────────────
streaming action… 449 chars

s7 intent can_verify noul=0.32 p=0.32 c=0.36 derived
s7 intent can_fix_environment noul=0.03 p=0.03 c=0.94 derived
s7 intent can_finish noul=0.35 p=0.35 c=0.30 derived
s7 intent plan_still_valid noul=0.20 p=0.20 c=0.60 derived
s7 context show:calc/core.py noul=0.79 p=0.79 c=0.58 derived
s7 context show:calc/__init__.py noul=0.06 p=0.06 c=0.88 derived
s7 context show:hypothesis/__init__.py noul=0.04 p=0.04 c=0.92 derived
s7 context show:hypothesis/strategies.py noul=0.04 p=0.04 c=0.92 derived
s7 context show:notes.txt noul=0.06 p=0.06 c=0.88 derived
s7 context show:pytest.ini noul=0.08 p=0.08 c=0.84 derived
s7 context show:README.md noul=0.05 p=0.05 c=0.90 derived
s7 context show:tests/test_core.py noul=0.31 p=0.31 c=0.38 derived
step 6/40  ⠋ context  wall 18m40s/30m  tokens gen 26.0k jev 77.6k  cost gen $0.068 jev $0.003 / cap $2.000
[?2026l[?2026h[2K[1A[2K[1A[2K[1A[2K[1A[2K[1A[2K[1A[2K[1A[2K[1A[2K[1A[2K[1A[2K[1A[2K[1A[2K[1A[2K[1A[2K[1A[2K[1A[2K[G────────────────────────────────────────────────────────────────────────────────────────────────────────────────────────
streaming action… 449 chars

s7 intent can_verify noul=0.32 p=0.32 c=0.36 derived
s7 intent can_fix_environment noul=0.03 p=0.03 c=0.94 derived
s7 intent can_finish noul=0.35 p=0.35 c=0.30 derived
s7 intent plan_still_valid noul=0.20 p=0.20 c=0.60 derived
s7 context show:calc/core.py noul=0.79 p=0.79 c=0.58 derived
s7 context show:calc/__init__.py noul=0.06 p=0.06 c=0.88 derived
s7 context show:hypothesis/__init__.py noul=0.04 p=0.04 c=0.92 derived
s7 context show:hypothesis/strategies.py noul=0.04 p=0.04 c=0.92 derived
s7 context show:notes.txt noul=0.06 p=0.06 c=0.88 derived
s7 context show:pytest.ini noul=0.08 p=0.08 c=0.84 derived
s7 context show:README.md noul=0.05 p=0.05 c=0.90 derived
s7 context show:tests/test_core.py noul=0.31 p=0.31 c=0.38 derived
step 6/40  ⠙ context  wall 18m40s/30m  tokens gen 26.0k jev 77.6k  cost gen $0.068 jev $0.003 / cap $2.000
[?2026l[?2026h[2K[1A[2K[1A[2K[1A[2K[1A[2K[1A[2K[1A[2K[1A[2K[1A[2K[1A[2K[1A[2K[1A[2K[1A[2K[1A[2K[1A[2K[1A[2K[1A[2K[G────────────────────────────────────────────────────────────────────────────────────────────────────────────────────────
streaming action… 483 chars

s7 intent can_verify noul=0.32 p=0.32 c=0.36 derived
s7 intent can_fix_environment noul=0.03 p=0.03 c=0.94 derived
s7 intent can_finish noul=0.35 p=0.35 c=0.30 derived
s7 intent plan_still_valid noul=0.20 p=0.20 c=0.60 derived
s7 context show:calc/core.py noul=0.79 p=0.79 c=0.58 derived
s7 context show:calc/__init__.py noul=0.06 p=0.06 c=0.88 derived
s7 context show:hypothesis/__init__.py noul=0.04 p=0.04 c=0.92 derived
s7 context show:hypothesis/strategies.py noul=0.04 p=0.04 c=0.92 derived
s7 context show:notes.txt noul=0.06 p=0.06 c=0.88 derived
s7 context show:pytest.ini noul=0.08 p=0.08 c=0.84 derived
s7 context show:README.md noul=0.05 p=0.05 c=0.90 derived
s7 context show:tests/test_core.py noul=0.31 p=0.31 c=0.38 derived
step 6/40  ⠙ context  wall 18m40s/30m  tokens gen 26.0k jev 77.6k  cost gen $0.068 jev $0.003 / cap $2.000
[?2026l[?2026h[2K[1A[2K[1A[2K[1A[2K[1A[2K[1A[2K[1A[2K[1A[2K[1A[2K[1A[2K[1A[2K[1A[2K[1A[2K[1A[2K[1A[2K[1A[2K[1A[2K[G────────────────────────────────────────────────────────────────────────────────────────────────────────────────────────
streaming action… 483 chars

s7 intent can_verify noul=0.32 p=0.32 c=0.36 derived
s7 intent can_fix_environment noul=0.03 p=0.03 c=0.94 derived
s7 intent can_finish noul=0.35 p=0.35 c=0.30 derived
s7 intent plan_still_valid noul=0.20 p=0.20 c=0.60 derived
s7 context show:calc/core.py noul=0.79 p=0.79 c=0.58 derived
s7 context show:calc/__init__.py noul=0.06 p=0.06 c=0.88 derived
s7 context show:hypothesis/__init__.py noul=0.04 p=0.04 c=0.92 derived
s7 context show:hypothesis/strategies.py noul=0.04 p=0.04 c=0.92 derived
s7 context show:notes.txt noul=0.06 p=0.06 c=0.88 derived
s7 context show:pytest.ini noul=0.08 p=0.08 c=0.84 derived
s7 context show:README.md noul=0.05 p=0.05 c=0.90 derived
s7 context show:tests/test_core.py noul=0.31 p=0.31 c=0.38 derived
step 6/40  ⠹ context  wall 18m40s/30m  tokens gen 26.0k jev 77.6k  cost gen $0.068 jev $0.003 / cap $2.000
[?2026l[?2026h[2K[1A[2K[1A[2K[1A[2K[1A[2K[1A[2K[1A[2K[1A[2K[1A[2K[1A[2K[1A[2K[1A[2K[1A[2K[1A[2K[1A[2K[1A[2K[1A[2K[G────────────────────────────────────────────────────────────────────────────────────────────────────────────────────────
streaming action… 512 chars

s7 intent can_verify noul=0.32 p=0.32 c=0.36 derived
s7 intent can_fix_environment noul=0.03 p=0.03 c=0.94 derived
s7 intent can_finish noul=0.35 p=0.35 c=0.30 derived
s7 intent plan_still_valid noul=0.20 p=0.20 c=0.60 derived
s7 context show:calc/core.py noul=0.79 p=0.79 c=0.58 derived
s7 context show:calc/__init__.py noul=0.06 p=0.06 c=0.88 derived
s7 context show:hypothesis/__init__.py noul=0.04 p=0.04 c=0.92 derived
s7 context show:hypothesis/strategies.py noul=0.04 p=0.04 c=0.92 derived
s7 context show:notes.txt noul=0.06 p=0.06 c=0.88 derived
s7 context show:pytest.ini noul=0.08 p=0.08 c=0.84 derived
s7 context show:README.md noul=0.05 p=0.05 c=0.90 derived
s7 context show:tests/test_core.py noul=0.31 p=0.31 c=0.38 derived
step 6/40  ⠹ context  wall 18m40s/30m  tokens gen 26.0k jev 77.6k  cost gen $0.068 jev $0.003 / cap $2.000
[?2026l[?2026h[2K[1A[2K[1A[2K[1A[2K[1A[2K[1A[2K[1A[2K[1A[2K[1A[2K[1A[2K[1A[2K[1A[2K[1A[2K[1A[2K[1A[2K[1A[2K[1A[2K[G────────────────────────────────────────────────────────────────────────────────────────────────────────────────────────
streaming action… 512 chars

s7 intent can_verify noul=0.32 p=0.32 c=0.36 derived
s7 intent can_fix_environment noul=0.03 p=0.03 c=0.94 derived
s7 intent can_finish noul=0.35 p=0.35 c=0.30 derived
s7 intent plan_still_valid noul=0.20 p=0.20 c=0.60 derived
s7 context show:calc/core.py noul=0.79 p=0.79 c=0.58 derived
s7 context show:calc/__init__.py noul=0.06 p=0.06 c=0.88 derived
s7 context show:hypothesis/__init__.py noul=0.04 p=0.04 c=0.92 derived
s7 context show:hypothesis/strategies.py noul=0.04 p=0.04 c=0.92 derived
s7 context show:notes.txt noul=0.06 p=0.06 c=0.88 derived
s7 context show:pytest.ini noul=0.08 p=0.08 c=0.84 derived
s7 context show:README.md noul=0.05 p=0.05 c=0.90 derived
s7 context show:tests/test_core.py noul=0.31 p=0.31 c=0.38 derived
step 6/40  ⠸ context  wall 18m40s/30m  tokens gen 26.0k jev 77.6k  cost gen $0.068 jev $0.003 / cap $2.000
[?2026l[?2026h[2K[1A[2K[1A[2K[1A[2K[1A[2K[1A[2K[1A[2K[1A[2K[1A[2K[1A[2K[1A[2K[1A[2K[1A[2K[1A[2K[1A[2K[1A[2K[1A[2K[G────────────────────────────────────────────────────────────────────────────────────────────────────────────────────────
streaming action… 528 chars

s7 intent can_verify noul=0.32 p=0.32 c=0.36 derived
s7 intent can_fix_environment noul=0.03 p=0.03 c=0.94 derived
s7 intent can_finish noul=0.35 p=0.35 c=0.30 derived
s7 intent plan_still_valid noul=0.20 p=0.20 c=0.60 derived
s7 context show:calc/core.py noul=0.79 p=0.79 c=0.58 derived
s7 context show:calc/__init__.py noul=0.06 p=0.06 c=0.88 derived
s7 context show:hypothesis/__init__.py noul=0.04 p=0.04 c=0.92 derived
s7 context show:hypothesis/strategies.py noul=0.04 p=0.04 c=0.92 derived
s7 context show:notes.txt noul=0.06 p=0.06 c=0.88 derived
s7 context show:pytest.ini noul=0.08 p=0.08 c=0.84 derived
s7 context show:README.md noul=0.05 p=0.05 c=0.90 derived
s7 context show:tests/test_core.py noul=0.31 p=0.31 c=0.38 derived
step 6/40  ⠸ context  wall 18m40s/30m  tokens gen 26.0k jev 77.6k  cost gen $0.068 jev $0.003 / cap $2.000
[?2026l[?2026h[2K[1A[2K[1A[2K[1A[2K[1A[2K[1A[2K[1A[2K[1A[2K[1A[2K[1A[2K[1A[2K[1A[2K[1A[2K[1A[2K[1A[2K[1A[2K[1A[2K[G────────────────────────────────────────────────────────────────────────────────────────────────────────────────────────
streaming action… 532 chars

s7 intent can_verify noul=0.32 p=0.32 c=0.36 derived
s7 intent can_fix_environment noul=0.03 p=0.03 c=0.94 derived
s7 intent can_finish noul=0.35 p=0.35 c=0.30 derived
s7 intent plan_still_valid noul=0.20 p=0.20 c=0.60 derived
s7 context show:calc/core.py noul=0.79 p=0.79 c=0.58 derived
s7 context show:calc/__init__.py noul=0.06 p=0.06 c=0.88 derived
s7 context show:hypothesis/__init__.py noul=0.04 p=0.04 c=0.92 derived
s7 context show:hypothesis/strategies.py noul=0.04 p=0.04 c=0.92 derived
s7 context show:notes.txt noul=0.06 p=0.06 c=0.88 derived
s7 context show:pytest.ini noul=0.08 p=0.08 c=0.84 derived
s7 context show:README.md noul=0.05 p=0.05 c=0.90 derived
s7 context show:tests/test_core.py noul=0.31 p=0.31 c=0.38 derived
step 6/40  ⠸ context  wall 18m40s/30m  tokens gen 26.0k jev 77.6k  cost gen $0.068 jev $0.003 / cap $2.000
[?2026l[?2026h[2K[1A[2K[1A[2K[1A[2K[1A[2K[1A[2K[1A[2K[1A[2K[1A[2K[1A[2K[1A[2K[1A[2K[1A[2K[1A[2K[1A[2K[1A[2K[1A[2K[G────────────────────────────────────────────────────────────────────────────────────────────────────────────────────────
streaming action… 532 chars

s7 intent can_verify noul=0.32 p=0.32 c=0.36 derived
s7 intent can_fix_environment noul=0.03 p=0.03 c=0.94 derived
s7 intent can_finish noul=0.35 p=0.35 c=0.30 derived
s7 intent plan_still_valid noul=0.20 p=0.20 c=0.60 derived
s7 context show:calc/core.py noul=0.79 p=0.79 c=0.58 derived
s7 context show:calc/__init__.py noul=0.06 p=0.06 c=0.88 derived
s7 context show:hypothesis/__init__.py noul=0.04 p=0.04 c=0.92 derived
s7 context show:hypothesis/strategies.py noul=0.04 p=0.04 c=0.92 derived
s7 context show:notes.txt noul=0.06 p=0.06 c=0.88 derived
s7 context show:pytest.ini noul=0.08 p=0.08 c=0.84 derived
s7 context show:README.md noul=0.05 p=0.05 c=0.90 derived
s7 context show:tests/test_core.py noul=0.31 p=0.31 c=0.38 derived
step 6/40  ⠼ context  wall 18m40s/30m  tokens gen 26.0k jev 77.6k  cost gen $0.068 jev $0.003 / cap $2.000
[?2026l[?2026h[2K[1A[2K[1A[2K[1A[2K[1A[2K[1A[2K[1A[2K[1A[2K[1A[2K[1A[2K[1A[2K[1A[2K[1A[2K[1A[2K[1A[2K[1A[2K[1A[2K[G────────────────────────────────────────────────────────────────────────────────────────────────────────────────────────
streaming action… 532 chars

s7 intent can_verify noul=0.32 p=0.32 c=0.36 derived
s7 intent can_fix_environment noul=0.03 p=0.03 c=0.94 derived
s7 intent can_finish noul=0.35 p=0.35 c=0.30 derived
s7 intent plan_still_valid noul=0.20 p=0.20 c=0.60 derived
s7 context show:calc/core.py noul=0.79 p=0.79 c=0.58 derived
s7 context show:calc/__init__.py noul=0.06 p=0.06 c=0.88 derived
s7 context show:hypothesis/__init__.py noul=0.04 p=0.04 c=0.92 derived
s7 context show:hypothesis/strategies.py noul=0.04 p=0.04 c=0.92 derived
s7 context show:notes.txt noul=0.06 p=0.06 c=0.88 derived
s7 context show:pytest.ini noul=0.08 p=0.08 c=0.84 derived
s7 context show:README.md noul=0.05 p=0.05 c=0.90 derived
s7 context show:tests/test_core.py noul=0.31 p=0.31 c=0.38 derived
step 6/40  ⠴ context  wall 18m40s/30m  tokens gen 26.0k jev 77.6k  cost gen $0.068 jev $0.003 / cap $2.000
[?2026l[?2026h[2K[1A[2K[1A[2K[1A[2K[1A[2K[1A[2K[1A[2K[1A[2K[1A[2K[1A[2K[1A[2K[1A[2K[1A[2K[1A[2K[1A[2K[1A[2K[1A[2K[G────────────────────────────────────────────────────────────────────────────────────────────────────────────────────────
streaming action… 532 chars

s7 intent can_verify noul=0.32 p=0.32 c=0.36 derived
s7 intent can_fix_environment noul=0.03 p=0.03 c=0.94 derived
s7 intent can_finish noul=0.35 p=0.35 c=0.30 derived
s7 intent plan_still_valid noul=0.20 p=0.20 c=0.60 derived
s7 context show:calc/core.py noul=0.79 p=0.79 c=0.58 derived
s7 context show:calc/__init__.py noul=0.06 p=0.06 c=0.88 derived
s7 context show:hypothesis/__init__.py noul=0.04 p=0.04 c=0.92 derived
s7 context show:hypothesis/strategies.py noul=0.04 p=0.04 c=0.92 derived
s7 context show:notes.txt noul=0.06 p=0.06 c=0.88 derived
s7 context show:pytest.ini noul=0.08 p=0.08 c=0.84 derived
s7 context show:README.md noul=0.05 p=0.05 c=0.90 derived
s7 context show:tests/test_core.py noul=0.31 p=0.31 c=0.38 derived
step 6/40  ⠦ context  wall 18m40s/30m  tokens gen 26.0k jev 77.6k  cost gen $0.068 jev $0.003 / cap $2.000
[?2026l[?2026h[2K[1A[2K[1A[2K[1A[2K[1A[2K[1A[2K[1A[2K[1A[2K[1A[2K[1A[2K[1A[2K[1A[2K[1A[2K[1A[2K[1A[2K[1A[2K[1A[2K[G────────────────────────────────────────────────────────────────────────────────────────────────────────────────────────
streaming action… 558 chars

s7 intent can_verify noul=0.32 p=0.32 c=0.36 derived
s7 intent can_fix_environment noul=0.03 p=0.03 c=0.94 derived
s7 intent can_finish noul=0.35 p=0.35 c=0.30 derived
s7 intent plan_still_valid noul=0.20 p=0.20 c=0.60 derived
s7 context show:calc/core.py noul=0.79 p=0.79 c=0.58 derived
s7 context show:calc/__init__.py noul=0.06 p=0.06 c=0.88 derived
s7 context show:hypothesis/__init__.py noul=0.04 p=0.04 c=0.92 derived
s7 context show:hypothesis/strategies.py noul=0.04 p=0.04 c=0.92 derived
s7 context show:notes.txt noul=0.06 p=0.06 c=0.88 derived
s7 context show:pytest.ini noul=0.08 p=0.08 c=0.84 derived
s7 context show:README.md noul=0.05 p=0.05 c=0.90 derived
s7 context show:tests/test_core.py noul=0.31 p=0.31 c=0.38 derived
step 6/40  ⠦ context  wall 18m40s/30m  tokens gen 26.0k jev 77.6k  cost gen $0.068 jev $0.003 / cap $2.000
[?2026l[?2026h[2K[1A[2K[1A[2K[1A[2K[1A[2K[1A[2K[1A[2K[1A[2K[1A[2K[1A[2K[1A[2K[1A[2K[1A[2K[1A[2K[1A[2K[1A[2K[1A[2K[G[step 7] proposal run $ pytest -v: Run the test suite with verbose output to provide fresh, distinct evidence that all
tests pass before finishing. | plan done=2 remaining=2 open=0
pytest -v
────────────────────────────────────────────────────────────────────────────────────────────────────────────────────────


s7 intent can_verify noul=0.32 p=0.32 c=0.36 derived
s7 intent can_fix_environment noul=0.03 p=0.03 c=0.94 derived
s7 intent can_finish noul=0.35 p=0.35 c=0.30 derived
s7 intent plan_still_valid noul=0.20 p=0.20 c=0.60 derived
s7 context show:calc/core.py noul=0.79 p=0.79 c=0.58 derived
s7 context show:calc/__init__.py noul=0.06 p=0.06 c=0.88 derived
s7 context show:hypothesis/__init__.py noul=0.04 p=0.04 c=0.92 derived
s7 context show:hypothesis/strategies.py noul=0.04 p=0.04 c=0.92 derived
s7 context show:notes.txt noul=0.06 p=0.06 c=0.88 derived
s7 context show:pytest.ini noul=0.08 p=0.08 c=0.84 derived
s7 context show:README.md noul=0.05 p=0.05 c=0.90 derived
s7 context show:tests/test_core.py noul=0.31 p=0.31 c=0.38 derived
step 6/40  ⠦ propose  wall 18m44s/30m  tokens gen 32.0k jev 77.6k  cost gen $0.083 jev $0.003 / cap $2.000
[?2026l[?2026h[2K[1A[2K[1A[2K[1A[2K[1A[2K[1A[2K[1A[2K[1A[2K[1A[2K[1A[2K[1A[2K[1A[2K[1A[2K[1A[2K[1A[2K[1A[2K[1A[2K[G────────────────────────────────────────────────────────────────────────────────────────────────────────────────────────


s7 intent can_verify noul=0.32 p=0.32 c=0.36 derived
s7 intent can_fix_environment noul=0.03 p=0.03 c=0.94 derived
s7 intent can_finish noul=0.35 p=0.35 c=0.30 derived
s7 intent plan_still_valid noul=0.20 p=0.20 c=0.60 derived
s7 context show:calc/core.py noul=0.79 p=0.79 c=0.58 derived
s7 context show:calc/__init__.py noul=0.06 p=0.06 c=0.88 derived
s7 context show:hypothesis/__init__.py noul=0.04 p=0.04 c=0.92 derived
s7 context show:hypothesis/strategies.py noul=0.04 p=0.04 c=0.92 derived
s7 context show:notes.txt noul=0.06 p=0.06 c=0.88 derived
s7 context show:pytest.ini noul=0.08 p=0.08 c=0.84 derived
s7 context show:README.md noul=0.05 p=0.05 c=0.90 derived
s7 context show:tests/test_core.py noul=0.31 p=0.31 c=0.38 derived
step 6/40  ⠧ propose  wall 18m44s/30m  tokens gen 32.0k jev 77.6k  cost gen $0.083 jev $0.003 / cap $2.000
[?2026l[?2026h[2K[1A[2K[1A[2K[1A[2K[1A[2K[1A[2K[1A[2K[1A[2K[1A[2K[1A[2K[1A[2K[1A[2K[1A[2K[1A[2K[1A[2K[1A[2K[1A[2K[G────────────────────────────────────────────────────────────────────────────────────────────────────────────────────────


s7 intent can_verify noul=0.32 p=0.32 c=0.36 derived
s7 intent can_fix_environment noul=0.03 p=0.03 c=0.94 derived
s7 intent can_finish noul=0.35 p=0.35 c=0.30 derived
s7 intent plan_still_valid noul=0.20 p=0.20 c=0.60 derived
s7 context show:calc/core.py noul=0.79 p=0.79 c=0.58 derived
s7 context show:calc/__init__.py noul=0.06 p=0.06 c=0.88 derived
s7 context show:hypothesis/__init__.py noul=0.04 p=0.04 c=0.92 derived
s7 context show:hypothesis/strategies.py noul=0.04 p=0.04 c=0.92 derived
s7 context show:notes.txt noul=0.06 p=0.06 c=0.88 derived
s7 context show:pytest.ini noul=0.08 p=0.08 c=0.84 derived
s7 context show:README.md noul=0.05 p=0.05 c=0.90 derived
s7 context show:tests/test_core.py noul=0.31 p=0.31 c=0.38 derived
step 6/40  ⠇ propose  wall 18m44s/30m  tokens gen 32.0k jev 77.6k  cost gen $0.083 jev $0.003 / cap $2.000
[?2026l[?2026h[2K[1A[2K[1A[2K[1A[2K[1A[2K[1A[2K[1A[2K[1A[2K[1A[2K[1A[2K[1A[2K[1A[2K[1A[2K[1A[2K[1A[2K[1A[2K[1A[2K[G[step 7] risk=0.19 ok: risk 0.19 (ok) from plan_mismatch: 0.19 probability of level 3 or above; dominant level 0
"matches `intent` and the plan"; Jev confidence 0.00
────────────────────────────────────────────────────────────────────────────────────────────────────────────────────────


s7 context show:calc/__init__.py noul=0.06 p=0.06 c=0.88 derived
s7 context show:hypothesis/__init__.py noul=0.04 p=0.04 c=0.92 derived
s7 context show:hypothesis/strategies.py noul=0.04 p=0.04 c=0.92 derived
s7 context show:notes.txt noul=0.06 p=0.06 c=0.88 derived
s7 context show:pytest.ini noul=0.08 p=0.08 c=0.84 derived
s7 context show:README.md noul=0.05 p=0.05 c=0.90 derived
s7 context show:tests/test_core.py noul=0.31 p=0.31 c=0.38 derived
s7 risk destructive score=0 p=1.00 c=1.00 [ok]
s7 risk out_of_scope score=0.78 p=0.51 c=0.38 [ok]
s7 risk plan_mismatch score=1.27 p=0.42 c=0.00 [ok]
s7 risk irreversible score=0 p=1.00 c=1.00 [ok]
s7 risk matches_intent noul=0.93 p=0.93 c=0.86 derived
step 6/40  ⠇ risk  wall 18m44s/30m  tokens gen 32.0k jev 81.5k  cost gen $0.083 jev $0.003 / cap $2.000
[?2026l[?2026h[2K[1A[2K[1A[2K[1A[2K[1A[2K[1A[2K[1A[2K[1A[2K[1A[2K[1A[2K[1A[2K[1A[2K[1A[2K[1A[2K[1A[2K[1A[2K[1A[2K[G────────────────────────────────────────────────────────────────────────────────────────────────────────────────────────


s7 context show:calc/__init__.py noul=0.06 p=0.06 c=0.88 derived
s7 context show:hypothesis/__init__.py noul=0.04 p=0.04 c=0.92 derived
s7 context show:hypothesis/strategies.py noul=0.04 p=0.04 c=0.92 derived
s7 context show:notes.txt noul=0.06 p=0.06 c=0.88 derived
s7 context show:pytest.ini noul=0.08 p=0.08 c=0.84 derived
s7 context show:README.md noul=0.05 p=0.05 c=0.90 derived
s7 context show:tests/test_core.py noul=0.31 p=0.31 c=0.38 derived
s7 risk destructive score=0 p=1.00 c=1.00 [ok]
s7 risk out_of_scope score=0.78 p=0.51 c=0.38 [ok]
s7 risk plan_mismatch score=1.27 p=0.42 c=0.00 [ok]
s7 risk irreversible score=0 p=1.00 c=1.00 [ok]
s7 risk matches_intent noul=0.93 p=0.93 c=0.86 derived
step 6/40  ⠏ risk  wall 18m44s/30m  tokens gen 32.0k jev 81.5k  cost gen $0.083 jev $0.003 / cap $2.000
[?2026l[?2026h[2K[1A[2K[1A[2K[1A[2K[1A[2K[1A[2K[1A[2K[1A[2K[1A[2K[1A[2K[1A[2K[1A[2K[1A[2K[1A[2K[1A[2K[1A[2K[1A[2K[G[step 7] outcome executed: exit 0 (exit 0, 104ms)
────────────────────────────────────────────────────────────────────────────────────────────────────────────────────────


s7 context show:calc/__init__.py noul=0.06 p=0.06 c=0.88 derived
s7 context show:hypothesis/__init__.py noul=0.04 p=0.04 c=0.92 derived
s7 context show:hypothesis/strategies.py noul=0.04 p=0.04 c=0.92 derived
s7 context show:notes.txt noul=0.06 p=0.06 c=0.88 derived
s7 context show:pytest.ini noul=0.08 p=0.08 c=0.84 derived
s7 context show:README.md noul=0.05 p=0.05 c=0.90 derived
s7 context show:tests/test_core.py noul=0.31 p=0.31 c=0.38 derived
s7 risk destructive score=0 p=1.00 c=1.00 [ok]
s7 risk out_of_scope score=0.78 p=0.51 c=0.38 [ok]
s7 risk plan_mismatch score=1.27 p=0.42 c=0.00 [ok]
s7 risk irreversible score=0 p=1.00 c=1.00 [ok]
s7 risk matches_intent noul=0.93 p=0.93 c=0.86 derived
step 6/40  ⠏ execute  wall 18m44s/30m  tokens gen 32.0k jev 81.5k  cost gen $0.083 jev $0.003 / cap $2.000
[?2026l[?2026h[2K[1A[2K[1A[2K[1A[2K[1A[2K[1A[2K[1A[2K[1A[2K[1A[2K[1A[2K[1A[2K[1A[2K[1A[2K[1A[2K[1A[2K[1A[2K[1A[2K[G────────────────────────────────────────────────────────────────────────────────────────────────────────────────────────


s7 context show:calc/__init__.py noul=0.06 p=0.06 c=0.88 derived
s7 context show:hypothesis/__init__.py noul=0.04 p=0.04 c=0.92 derived
s7 context show:hypothesis/strategies.py noul=0.04 p=0.04 c=0.92 derived
s7 context show:notes.txt noul=0.06 p=0.06 c=0.88 derived
s7 context show:pytest.ini noul=0.08 p=0.08 c=0.84 derived
s7 context show:README.md noul=0.05 p=0.05 c=0.90 derived
s7 context show:tests/test_core.py noul=0.31 p=0.31 c=0.38 derived
s7 risk destructive score=0 p=1.00 c=1.00 [ok]
s7 risk out_of_scope score=0.78 p=0.51 c=0.38 [ok]
s7 risk plan_mismatch score=1.27 p=0.42 c=0.00 [ok]
s7 risk irreversible score=0 p=1.00 c=1.00 [ok]
s7 risk matches_intent noul=0.93 p=0.93 c=0.86 derived
step 6/40  ⠋ execute  wall 18m44s/30m  tokens gen 32.0k jev 81.5k  cost gen $0.083 jev $0.003 / cap $2.000
[?2026l[?2026h[2K[1A[2K[1A[2K[1A[2K[1A[2K[1A[2K[1A[2K[1A[2K[1A[2K[1A[2K[1A[2K[1A[2K[1A[2K[1A[2K[1A[2K[1A[2K[1A[2K[G────────────────────────────────────────────────────────────────────────────────────────────────────────────────────────


s7 context show:calc/__init__.py noul=0.06 p=0.06 c=0.88 derived
s7 context show:hypothesis/__init__.py noul=0.04 p=0.04 c=0.92 derived
s7 context show:hypothesis/strategies.py noul=0.04 p=0.04 c=0.92 derived
s7 context show:notes.txt noul=0.06 p=0.06 c=0.88 derived
s7 context show:pytest.ini noul=0.08 p=0.08 c=0.84 derived
s7 context show:README.md noul=0.05 p=0.05 c=0.90 derived
s7 context show:tests/test_core.py noul=0.31 p=0.31 c=0.38 derived
s7 risk destructive score=0 p=1.00 c=1.00 [ok]
s7 risk out_of_scope score=0.78 p=0.51 c=0.38 [ok]
s7 risk plan_mismatch score=1.27 p=0.42 c=0.00 [ok]
s7 risk irreversible score=0 p=1.00 c=1.00 [ok]
s7 risk matches_intent noul=0.93 p=0.93 c=0.86 derived
step 6/40  ⠙ execute  wall 18m44s/30m  tokens gen 32.0k jev 81.5k  cost gen $0.083 jev $0.003 / cap $2.000
[?2026l[?2026h[2K[1A[2K[1A[2K[1A[2K[1A[2K[1A[2K[1A[2K[1A[2K[1A[2K[1A[2K[1A[2K[1A[2K[1A[2K[1A[2K[1A[2K[1A[2K[1A[2K[G[step 7] judge succeeded=0.91 error_present=0.03 new_info=0.07 tests=8p/0f/0e pass claims=1/2 completion=0.50
[step 7] plan done=6 remaining=3 unverified=1 problems=4 unverified: "Added one-line docstrings to all functions in
calc/core.py (add, safe_divide, m…"
────────────────────────────────────────────────────────────────────────────────────────────────────────────────────────


s7 context show:tests/test_core.py noul=0.31 p=0.31 c=0.38 derived
s7 risk destructive score=0 p=1.00 c=1.00 [ok]
s7 risk out_of_scope score=0.78 p=0.51 c=0.38 [ok]
s7 risk plan_mismatch score=1.27 p=0.42 c=0.00 [ok]
s7 risk irreversible score=0 p=1.00 c=1.00 [ok]
s7 risk matches_intent noul=0.93 p=0.93 c=0.86 derived
s7 judge succeeded noul=0.91 p=0.91 c=0.82 derived
s7 judge error_present noul=0.03 p=0.03 c=0.94 derived
s7 judge new_information noul=0.07 p=0.07 c=0.86 derived
s7 judge done_0 noul=0.33 p=0.33 c=0.34 derived
s7 judge done_1 noul=0.81 p=0.81 c=0.62 derived
s7 complete task_complete noul=0.50 p=0.50 c=0.00 derived
step 7/40  ⠙ judge  wall 18m45s/30m  tokens gen 32.0k jev 86.1k  cost gen $0.083 jev $0.003 / cap $2.000
[?2026l[?2026h[2K[1A[2K[1A[2K[1A[2K[1A[2K[1A[2K[1A[2K[1A[2K[1A[2K[1A[2K[1A[2K[1A[2K[1A[2K[1A[2K[1A[2K[1A[2K[1A[2K[G────────────────────────────────────────────────────────────────────────────────────────────────────────────────────────


s7 context show:tests/test_core.py noul=0.31 p=0.31 c=0.38 derived
s7 risk destructive score=0 p=1.00 c=1.00 [ok]
s7 risk out_of_scope score=0.78 p=0.51 c=0.38 [ok]
s7 risk plan_mismatch score=1.27 p=0.42 c=0.00 [ok]
s7 risk irreversible score=0 p=1.00 c=1.00 [ok]
s7 risk matches_intent noul=0.93 p=0.93 c=0.86 derived
s7 judge succeeded noul=0.91 p=0.91 c=0.82 derived
s7 judge error_present noul=0.03 p=0.03 c=0.94 derived
s7 judge new_information noul=0.07 p=0.07 c=0.86 derived
s7 judge done_0 noul=0.33 p=0.33 c=0.34 derived
s7 judge done_1 noul=0.81 p=0.81 c=0.62 derived
s7 complete task_complete noul=0.50 p=0.50 c=0.00 derived
step 7/40  ⠹ judge  wall 18m45s/30m  tokens gen 32.0k jev 86.1k  cost gen $0.083 jev $0.003 / cap $2.000
[?2026l[?2026h[2K[1A[2K[1A[2K[1A[2K[1A[2K[1A[2K[1A[2K[1A[2K[1A[2K[1A[2K[1A[2K[1A[2K[1A[2K[1A[2K[1A[2K[1A[2K[1A[2K[G────────────────────────────────────────────────────────────────────────────────────────────────────────────────────────


s7 context show:tests/test_core.py noul=0.31 p=0.31 c=0.38 derived
s7 risk destructive score=0 p=1.00 c=1.00 [ok]
s7 risk out_of_scope score=0.78 p=0.51 c=0.38 [ok]
s7 risk plan_mismatch score=1.27 p=0.42 c=0.00 [ok]
s7 risk irreversible score=0 p=1.00 c=1.00 [ok]
s7 risk matches_intent noul=0.93 p=0.93 c=0.86 derived
s7 judge succeeded noul=0.91 p=0.91 c=0.82 derived
s7 judge error_present noul=0.03 p=0.03 c=0.94 derived
s7 judge new_information noul=0.07 p=0.07 c=0.86 derived
s7 judge done_0 noul=0.33 p=0.33 c=0.34 derived
s7 judge done_1 noul=0.81 p=0.81 c=0.62 derived
s7 complete task_complete noul=0.50 p=0.50 c=0.00 derived
step 7/40  ⠸ judge  wall 18m45s/30m  tokens gen 32.0k jev 86.1k  cost gen $0.083 jev $0.003 / cap $2.000
[?2026l[?2026h[2K[1A[2K[1A[2K[1A[2K[1A[2K[1A[2K[1A[2K[1A[2K[1A[2K[1A[2K[1A[2K[1A[2K[1A[2K[1A[2K[1A[2K[1A[2K[1A[2K[G[step 8] intent=investigate p=0.30 c=0.16
────────────────────────────────────────────────────────────────────────────────────────────────────────────────────────


s7 judge error_present noul=0.03 p=0.03 c=0.94 derived
s7 judge new_information noul=0.07 p=0.07 c=0.86 derived
s7 judge done_0 noul=0.33 p=0.33 c=0.34 derived
s7 judge done_1 noul=0.81 p=0.81 c=0.62 derived
s7 complete task_complete noul=0.50 p=0.50 c=0.00 derived
s8 intent intent choice=investigate p=0.30 c=0.16 [fallback]
s8 intent can_investigate noul=0.36 p=0.36 c=0.28 derived
s8 intent can_edit noul=0.24 p=0.24 c=0.52 derived
s8 intent can_verify noul=0.35 p=0.35 c=0.30 derived
s8 intent can_fix_environment noul=0.03 p=0.03 c=0.94 derived
s8 intent can_finish noul=0.22 p=0.22 c=0.56 derived
s8 intent plan_still_valid noul=0.25 p=0.25 c=0.50 derived
step 7/40  ⠸ intent  wall 18m45s/30m  tokens gen 32.0k jev 90.4k  cost gen $0.083 jev $0.004 / cap $2.000
[?2026l[?2026h[2K[1A[2K[1A[2K[1A[2K[1A[2K[1A[2K[1A[2K[1A[2K[1A[2K[1A[2K[1A[2K[1A[2K[1A[2K[1A[2K[1A[2K[1A[2K[1A[2K[G────────────────────────────────────────────────────────────────────────────────────────────────────────────────────────


s7 judge error_present noul=0.03 p=0.03 c=0.94 derived
s7 judge new_information noul=0.07 p=0.07 c=0.86 derived
s7 judge done_0 noul=0.33 p=0.33 c=0.34 derived
s7 judge done_1 noul=0.81 p=0.81 c=0.62 derived
s7 complete task_complete noul=0.50 p=0.50 c=0.00 derived
s8 intent intent choice=investigate p=0.30 c=0.16 [fallback]
s8 intent can_investigate noul=0.36 p=0.36 c=0.28 derived
s8 intent can_edit noul=0.24 p=0.24 c=0.52 derived
s8 intent can_verify noul=0.35 p=0.35 c=0.30 derived
s8 intent can_fix_environment noul=0.03 p=0.03 c=0.94 derived
s8 intent can_finish noul=0.22 p=0.22 c=0.56 derived
s8 intent plan_still_valid noul=0.25 p=0.25 c=0.50 derived
step 7/40  ⠼ intent  wall 18m45s/30m  tokens gen 32.0k jev 90.4k  cost gen $0.083 jev $0.004 / cap $2.000
[?2026l[?2026h[2K[1A[2K[1A[2K[1A[2K[1A[2K[1A[2K[1A[2K[1A[2K[1A[2K[1A[2K[1A[2K[1A[2K[1A[2K[1A[2K[1A[2K[1A[2K[1A[2K[G────────────────────────────────────────────────────────────────────────────────────────────────────────────────────────


s7 judge error_present noul=0.03 p=0.03 c=0.94 derived
s7 judge new_information noul=0.07 p=0.07 c=0.86 derived
s7 judge done_0 noul=0.33 p=0.33 c=0.34 derived
s7 judge done_1 noul=0.81 p=0.81 c=0.62 derived
s7 complete task_complete noul=0.50 p=0.50 c=0.00 derived
s8 intent intent choice=investigate p=0.30 c=0.16 [fallback]
s8 intent can_investigate noul=0.36 p=0.36 c=0.28 derived
s8 intent can_edit noul=0.24 p=0.24 c=0.52 derived
s8 intent can_verify noul=0.35 p=0.35 c=0.30 derived
s8 intent can_fix_environment noul=0.03 p=0.03 c=0.94 derived
s8 intent can_finish noul=0.22 p=0.22 c=0.56 derived
s8 intent plan_still_valid noul=0.25 p=0.25 c=0.50 derived
step 7/40  ⠴ intent  wall 18m45s/30m  tokens gen 32.0k jev 90.4k  cost gen $0.083 jev $0.004 / cap $2.000
[?2026l[?2026h[2K[1A[2K[1A[2K[1A[2K[1A[2K[1A[2K[1A[2K[1A[2K[1A[2K[1A[2K[1A[2K[1A[2K[1A[2K[1A[2K[1A[2K[1A[2K[1A[2K[G────────────────────────────────────────────────────────────────────────────────────────────────────────────────────────


s8 intent can_verify noul=0.35 p=0.35 c=0.30 derived
s8 intent can_fix_environment noul=0.03 p=0.03 c=0.94 derived
s8 intent can_finish noul=0.22 p=0.22 c=0.56 derived
s8 intent plan_still_valid noul=0.25 p=0.25 c=0.50 derived
s8 context show:calc/core.py noul=0.84 p=0.84 c=0.68 derived
s8 context show:calc/__init__.py noul=0.07 p=0.07 c=0.86 derived
s8 context show:hypothesis/__init__.py noul=0.04 p=0.04 c=0.92 derived
s8 context show:hypothesis/strategies.py noul=0.04 p=0.04 c=0.92 derived
s8 context show:notes.txt noul=0.07 p=0.07 c=0.86 derived
s8 context show:pytest.ini noul=0.10 p=0.10 c=0.80 derived
s8 context show:README.md noul=0.05 p=0.05 c=0.90 derived
s8 context show:tests/test_core.py noul=0.36 p=0.36 c=0.28 derived
step 7/40  ⠴ intent  wall 18m45s/30m  tokens gen 32.0k jev 90.4k  cost gen $0.083 jev $0.004 / cap $2.000
[?2026l[?2026h[2K[1A[2K[1A[2K[1A[2K[1A[2K[1A[2K[1A[2K[1A[2K[1A[2K[1A[2K[1A[2K[1A[2K[1A[2K[1A[2K[1A[2K[1A[2K[1A[2K[G[step 8] context 1 files 1.1kB of 8 candidates: calc/core.py
────────────────────────────────────────────────────────────────────────────────────────────────────────────────────────


s8 intent can_verify noul=0.35 p=0.35 c=0.30 derived
s8 intent can_fix_environment noul=0.03 p=0.03 c=0.94 derived
s8 intent can_finish noul=0.22 p=0.22 c=0.56 derived
s8 intent plan_still_valid noul=0.25 p=0.25 c=0.50 derived
s8 context show:calc/core.py noul=0.84 p=0.84 c=0.68 derived
s8 context show:calc/__init__.py noul=0.07 p=0.07 c=0.86 derived
s8 context show:hypothesis/__init__.py noul=0.04 p=0.04 c=0.92 derived
s8 context show:hypothesis/strategies.py noul=0.04 p=0.04 c=0.92 derived
s8 context show:notes.txt noul=0.07 p=0.07 c=0.86 derived
s8 context show:pytest.ini noul=0.10 p=0.10 c=0.80 derived
s8 context show:README.md noul=0.05 p=0.05 c=0.90 derived
s8 context show:tests/test_core.py noul=0.36 p=0.36 c=0.28 derived
step 7/40  ⠴ context  wall 18m45s/30m  tokens gen 32.0k jev 94.3k  cost gen $0.083 jev $0.004 / cap $2.000
[?2026l[?2026h[2K[1A[2K[1A[2K[1A[2K[1A[2K[1A[2K[1A[2K[1A[2K[1A[2K[1A[2K[1A[2K[1A[2K[1A[2K[1A[2K[1A[2K[1A[2K[1A[2K[G────────────────────────────────────────────────────────────────────────────────────────────────────────────────────────


s8 intent can_verify noul=0.35 p=0.35 c=0.30 derived
s8 intent can_fix_environment noul=0.03 p=0.03 c=0.94 derived
s8 intent can_finish noul=0.22 p=0.22 c=0.56 derived
s8 intent plan_still_valid noul=0.25 p=0.25 c=0.50 derived
s8 context show:calc/core.py noul=0.84 p=0.84 c=0.68 derived
s8 context show:calc/__init__.py noul=0.07 p=0.07 c=0.86 derived
s8 context show:hypothesis/__init__.py noul=0.04 p=0.04 c=0.92 derived
s8 context show:hypothesis/strategies.py noul=0.04 p=0.04 c=0.92 derived
s8 context show:notes.txt noul=0.07 p=0.07 c=0.86 derived
s8 context show:pytest.ini noul=0.10 p=0.10 c=0.80 derived
s8 context show:README.md noul=0.05 p=0.05 c=0.90 derived
s8 context show:tests/test_core.py noul=0.36 p=0.36 c=0.28 derived
step 7/40  ⠦ context  wall 18m45s/30m  tokens gen 32.0k jev 94.3k  cost gen $0.083 jev $0.004 / cap $2.000
[?2026l[?2026h[2K[1A[2K[1A[2K[1A[2K[1A[2K[1A[2K[1A[2K[1A[2K[1A[2K[1A[2K[1A[2K[1A[2K[1A[2K[1A[2K[1A[2K[1A[2K[1A[2K[G────────────────────────────────────────────────────────────────────────────────────────────────────────────────────────


s8 intent can_verify noul=0.35 p=0.35 c=0.30 derived
s8 intent can_fix_environment noul=0.03 p=0.03 c=0.94 derived
s8 intent can_finish noul=0.22 p=0.22 c=0.56 derived
s8 intent plan_still_valid noul=0.25 p=0.25 c=0.50 derived
s8 context show:calc/core.py noul=0.84 p=0.84 c=0.68 derived
s8 context show:calc/__init__.py noul=0.07 p=0.07 c=0.86 derived
s8 context show:hypothesis/__init__.py noul=0.04 p=0.04 c=0.92 derived
s8 context show:hypothesis/strategies.py noul=0.04 p=0.04 c=0.92 derived
s8 context show:notes.txt noul=0.07 p=0.07 c=0.86 derived
s8 context show:pytest.ini noul=0.10 p=0.10 c=0.80 derived
s8 context show:README.md noul=0.05 p=0.05 c=0.90 derived
s8 context show:tests/test_core.py noul=0.36 p=0.36 c=0.28 derived
step 7/40  ⠧ context  wall 18m45s/30m  tokens gen 32.0k jev 94.3k  cost gen $0.083 jev $0.004 / cap $2.000
[?2026l[?2026h[2K[1A[2K[1A[2K[1A[2K[1A[2K[1A[2K[1A[2K[1A[2K[1A[2K[1A[2K[1A[2K[1A[2K[1A[2K[1A[2K[1A[2K[1A[2K[1A[2K[G────────────────────────────────────────────────────────────────────────────────────────────────────────────────────────


s8 intent can_verify noul=0.35 p=0.35 c=0.30 derived
s8 intent can_fix_environment noul=0.03 p=0.03 c=0.94 derived
s8 intent can_finish noul=0.22 p=0.22 c=0.56 derived
s8 intent plan_still_valid noul=0.25 p=0.25 c=0.50 derived
s8 context show:calc/core.py noul=0.84 p=0.84 c=0.68 derived
s8 context show:calc/__init__.py noul=0.07 p=0.07 c=0.86 derived
s8 context show:hypothesis/__init__.py noul=0.04 p=0.04 c=0.92 derived
s8 context show:hypothesis/strategies.py noul=0.04 p=0.04 c=0.92 derived
s8 context show:notes.txt noul=0.07 p=0.07 c=0.86 derived
s8 context show:pytest.ini noul=0.10 p=0.10 c=0.80 derived
s8 context show:README.md noul=0.05 p=0.05 c=0.90 derived
s8 context show:tests/test_core.py noul=0.36 p=0.36 c=0.28 derived
step 7/40  ⠇ context  wall 18m45s/30m  tokens gen 32.0k jev 94.3k  cost gen $0.083 jev $0.004 / cap $2.000
[?2026l[?2026h[2K[1A[2K[1A[2K[1A[2K[1A[2K[1A[2K[1A[2K[1A[2K[1A[2K[1A[2K[1A[2K[1A[2K[1A[2K[1A[2K[1A[2K[1A[2K[1A[2K[G────────────────────────────────────────────────────────────────────────────────────────────────────────────────────────


s8 intent can_verify noul=0.35 p=0.35 c=0.30 derived
s8 intent can_fix_environment noul=0.03 p=0.03 c=0.94 derived
s8 intent can_finish noul=0.22 p=0.22 c=0.56 derived
s8 intent plan_still_valid noul=0.25 p=0.25 c=0.50 derived
s8 context show:calc/core.py noul=0.84 p=0.84 c=0.68 derived
s8 context show:calc/__init__.py noul=0.07 p=0.07 c=0.86 derived
s8 context show:hypothesis/__init__.py noul=0.04 p=0.04 c=0.92 derived
s8 context show:hypothesis/strategies.py noul=0.04 p=0.04 c=0.92 derived
s8 context show:notes.txt noul=0.07 p=0.07 c=0.86 derived
s8 context show:pytest.ini noul=0.10 p=0.10 c=0.80 derived
s8 context show:README.md noul=0.05 p=0.05 c=0.90 derived
s8 context show:tests/test_core.py noul=0.36 p=0.36 c=0.28 derived
step 7/40  ⠏ context  wall 18m45s/30m  tokens gen 32.0k jev 94.3k  cost gen $0.083 jev $0.004 / cap $2.000
[?2026l[?2026h[2K[1A[2K[1A[2K[1A[2K[1A[2K[1A[2K[1A[2K[1A[2K[1A[2K[1A[2K[1A[2K[1A[2K[1A[2K[1A[2K[1A[2K[1A[2K[1A[2K[G────────────────────────────────────────────────────────────────────────────────────────────────────────────────────────


s8 intent can_verify noul=0.35 p=0.35 c=0.30 derived
s8 intent can_fix_environment noul=0.03 p=0.03 c=0.94 derived
s8 intent can_finish noul=0.22 p=0.22 c=0.56 derived
s8 intent plan_still_valid noul=0.25 p=0.25 c=0.50 derived
s8 context show:calc/core.py noul=0.84 p=0.84 c=0.68 derived
s8 context show:calc/__init__.py noul=0.07 p=0.07 c=0.86 derived
s8 context show:hypothesis/__init__.py noul=0.04 p=0.04 c=0.92 derived
s8 context show:hypothesis/strategies.py noul=0.04 p=0.04 c=0.92 derived
s8 context show:notes.txt noul=0.07 p=0.07 c=0.86 derived
s8 context show:pytest.ini noul=0.10 p=0.10 c=0.80 derived
s8 context show:README.md noul=0.05 p=0.05 c=0.90 derived
s8 context show:tests/test_core.py noul=0.36 p=0.36 c=0.28 derived
step 7/40  ⠋ context  wall 18m45s/30m  tokens gen 32.0k jev 94.3k  cost gen $0.083 jev $0.004 / cap $2.000
[?2026l[?2026h[2K[1A[2K[1A[2K[1A[2K[1A[2K[1A[2K[1A[2K[1A[2K[1A[2K[1A[2K[1A[2K[1A[2K[1A[2K[1A[2K[1A[2K[1A[2K[1A[2K[G────────────────────────────────────────────────────────────────────────────────────────────────────────────────────────


s8 intent can_verify noul=0.35 p=0.35 c=0.30 derived
s8 intent can_fix_environment noul=0.03 p=0.03 c=0.94 derived
s8 intent can_finish noul=0.22 p=0.22 c=0.56 derived
s8 intent plan_still_valid noul=0.25 p=0.25 c=0.50 derived
s8 context show:calc/core.py noul=0.84 p=0.84 c=0.68 derived
s8 context show:calc/__init__.py noul=0.07 p=0.07 c=0.86 derived
s8 context show:hypothesis/__init__.py noul=0.04 p=0.04 c=0.92 derived
s8 context show:hypothesis/strategies.py noul=0.04 p=0.04 c=0.92 derived
s8 context show:notes.txt noul=0.07 p=0.07 c=0.86 derived
s8 context show:pytest.ini noul=0.10 p=0.10 c=0.80 derived
s8 context show:README.md noul=0.05 p=0.05 c=0.90 derived
s8 context show:tests/test_core.py noul=0.36 p=0.36 c=0.28 derived
step 7/40  ⠙ context  wall 18m45s/30m  tokens gen 32.0k jev 94.3k  cost gen $0.083 jev $0.004 / cap $2.000
[?2026l[?2026h[2K[1A[2K[1A[2K[1A[2K[1A[2K[1A[2K[1A[2K[1A[2K[1A[2K[1A[2K[1A[2K[1A[2K[1A[2K[1A[2K[1A[2K[1A[2K[1A[2K[G────────────────────────────────────────────────────────────────────────────────────────────────────────────────────────


s8 intent can_verify noul=0.35 p=0.35 c=0.30 derived
s8 intent can_fix_environment noul=0.03 p=0.03 c=0.94 derived
s8 intent can_finish noul=0.22 p=0.22 c=0.56 derived
s8 intent plan_still_valid noul=0.25 p=0.25 c=0.50 derived
s8 context show:calc/core.py noul=0.84 p=0.84 c=0.68 derived
s8 context show:calc/__init__.py noul=0.07 p=0.07 c=0.86 derived
s8 context show:hypothesis/__init__.py noul=0.04 p=0.04 c=0.92 derived
s8 context show:hypothesis/strategies.py noul=0.04 p=0.04 c=0.92 derived
s8 context show:notes.txt noul=0.07 p=0.07 c=0.86 derived
s8 context show:pytest.ini noul=0.10 p=0.10 c=0.80 derived
s8 context show:README.md noul=0.05 p=0.05 c=0.90 derived
s8 context show:tests/test_core.py noul=0.36 p=0.36 c=0.28 derived
step 7/40  ⠹ context  wall 18m45s/30m  tokens gen 32.0k jev 94.3k  cost gen $0.083 jev $0.004 / cap $2.000
[?2026l[?2026h[2K[1A[2K[1A[2K[1A[2K[1A[2K[1A[2K[1A[2K[1A[2K[1A[2K[1A[2K[1A[2K[1A[2K[1A[2K[1A[2K[1A[2K[1A[2K[1A[2K[G────────────────────────────────────────────────────────────────────────────────────────────────────────────────────────


s8 intent can_verify noul=0.35 p=0.35 c=0.30 derived
s8 intent can_fix_environment noul=0.03 p=0.03 c=0.94 derived
s8 intent can_finish noul=0.22 p=0.22 c=0.56 derived
s8 intent plan_still_valid noul=0.25 p=0.25 c=0.50 derived
s8 context show:calc/core.py noul=0.84 p=0.84 c=0.68 derived
s8 context show:calc/__init__.py noul=0.07 p=0.07 c=0.86 derived
s8 context show:hypothesis/__init__.py noul=0.04 p=0.04 c=0.92 derived
s8 context show:hypothesis/strategies.py noul=0.04 p=0.04 c=0.92 derived
s8 context show:notes.txt noul=0.07 p=0.07 c=0.86 derived
s8 context show:pytest.ini noul=0.10 p=0.10 c=0.80 derived
s8 context show:README.md noul=0.05 p=0.05 c=0.90 derived
s8 context show:tests/test_core.py noul=0.36 p=0.36 c=0.28 derived
step 7/40  ⠸ context  wall 18m45s/30m  tokens gen 32.0k jev 94.3k  cost gen $0.083 jev $0.004 / cap $2.000
[?2026l[?2026h[2K[1A[2K[1A[2K[1A[2K[1A[2K[1A[2K[1A[2K[1A[2K[1A[2K[1A[2K[1A[2K[1A[2K[1A[2K[1A[2K[1A[2K[1A[2K[1A[2K[G────────────────────────────────────────────────────────────────────────────────────────────────────────────────────────


s8 intent can_verify noul=0.35 p=0.35 c=0.30 derived
s8 intent can_fix_environment noul=0.03 p=0.03 c=0.94 derived
s8 intent can_finish noul=0.22 p=0.22 c=0.56 derived
s8 intent plan_still_valid noul=0.25 p=0.25 c=0.50 derived
s8 context show:calc/core.py noul=0.84 p=0.84 c=0.68 derived
s8 context show:calc/__init__.py noul=0.07 p=0.07 c=0.86 derived
s8 context show:hypothesis/__init__.py noul=0.04 p=0.04 c=0.92 derived
s8 context show:hypothesis/strategies.py noul=0.04 p=0.04 c=0.92 derived
s8 context show:notes.txt noul=0.07 p=0.07 c=0.86 derived
s8 context show:pytest.ini noul=0.10 p=0.10 c=0.80 derived
s8 context show:README.md noul=0.05 p=0.05 c=0.90 derived
s8 context show:tests/test_core.py noul=0.36 p=0.36 c=0.28 derived
step 7/40  ⠼ context  wall 18m45s/30m  tokens gen 32.0k jev 94.3k  cost gen $0.083 jev $0.004 / cap $2.000
[?2026l[?2026h[2K[1A[2K[1A[2K[1A[2K[1A[2K[1A[2K[1A[2K[1A[2K[1A[2K[1A[2K[1A[2K[1A[2K[1A[2K[1A[2K[1A[2K[1A[2K[1A[2K[G────────────────────────────────────────────────────────────────────────────────────────────────────────────────────────


s8 intent can_verify noul=0.35 p=0.35 c=0.30 derived
s8 intent can_fix_environment noul=0.03 p=0.03 c=0.94 derived
s8 intent can_finish noul=0.22 p=0.22 c=0.56 derived
s8 intent plan_still_valid noul=0.25 p=0.25 c=0.50 derived
s8 context show:calc/core.py noul=0.84 p=0.84 c=0.68 derived
s8 context show:calc/__init__.py noul=0.07 p=0.07 c=0.86 derived
s8 context show:hypothesis/__init__.py noul=0.04 p=0.04 c=0.92 derived
s8 context show:hypothesis/strategies.py noul=0.04 p=0.04 c=0.92 derived
s8 context show:notes.txt noul=0.07 p=0.07 c=0.86 derived
s8 context show:pytest.ini noul=0.10 p=0.10 c=0.80 derived
s8 context show:README.md noul=0.05 p=0.05 c=0.90 derived
s8 context show:tests/test_core.py noul=0.36 p=0.36 c=0.28 derived
step 7/40  ⠴ context  wall 18m45s/30m  tokens gen 32.0k jev 94.3k  cost gen $0.083 jev $0.004 / cap $2.000
[?2026l[?2026h[2K[1A[2K[1A[2K[1A[2K[1A[2K[1A[2K[1A[2K[1A[2K[1A[2K[1A[2K[1A[2K[1A[2K[1A[2K[1A[2K[1A[2K[1A[2K[1A[2K[G────────────────────────────────────────────────────────────────────────────────────────────────────────────────────────


s8 intent can_verify noul=0.35 p=0.35 c=0.30 derived
s8 intent can_fix_environment noul=0.03 p=0.03 c=0.94 derived
s8 intent can_finish noul=0.22 p=0.22 c=0.56 derived
s8 intent plan_still_valid noul=0.25 p=0.25 c=0.50 derived
s8 context show:calc/core.py noul=0.84 p=0.84 c=0.68 derived
s8 context show:calc/__init__.py noul=0.07 p=0.07 c=0.86 derived
s8 context show:hypothesis/__init__.py noul=0.04 p=0.04 c=0.92 derived
s8 context show:hypothesis/strategies.py noul=0.04 p=0.04 c=0.92 derived
s8 context show:notes.txt noul=0.07 p=0.07 c=0.86 derived
s8 context show:pytest.ini noul=0.10 p=0.10 c=0.80 derived
s8 context show:README.md noul=0.05 p=0.05 c=0.90 derived
s8 context show:tests/test_core.py noul=0.36 p=0.36 c=0.28 derived
step 7/40  ⠦ context  wall 18m45s/30m  tokens gen 32.0k jev 94.3k  cost gen $0.083 jev $0.004 / cap $2.000
[?2026l[?2026h[2K[1A[2K[1A[2K[1A[2K[1A[2K[1A[2K[1A[2K[1A[2K[1A[2K[1A[2K[1A[2K[1A[2K[1A[2K[1A[2K[1A[2K[1A[2K[1A[2K[G────────────────────────────────────────────────────────────────────────────────────────────────────────────────────────


s8 intent can_verify noul=0.35 p=0.35 c=0.30 derived
s8 intent can_fix_environment noul=0.03 p=0.03 c=0.94 derived
s8 intent can_finish noul=0.22 p=0.22 c=0.56 derived
s8 intent plan_still_valid noul=0.25 p=0.25 c=0.50 derived
s8 context show:calc/core.py noul=0.84 p=0.84 c=0.68 derived
s8 context show:calc/__init__.py noul=0.07 p=0.07 c=0.86 derived
s8 context show:hypothesis/__init__.py noul=0.04 p=0.04 c=0.92 derived
s8 context show:hypothesis/strategies.py noul=0.04 p=0.04 c=0.92 derived
s8 context show:notes.txt noul=0.07 p=0.07 c=0.86 derived
s8 context show:pytest.ini noul=0.10 p=0.10 c=0.80 derived
s8 context show:README.md noul=0.05 p=0.05 c=0.90 derived
s8 context show:tests/test_core.py noul=0.36 p=0.36 c=0.28 derived
step 7/40  ⠧ context  wall 18m45s/30m  tokens gen 32.0k jev 94.3k  cost gen $0.083 jev $0.004 / cap $2.000
[?2026l[?2026h[2K[1A[2K[1A[2K[1A[2K[1A[2K[1A[2K[1A[2K[1A[2K[1A[2K[1A[2K[1A[2K[1A[2K[1A[2K[1A[2K[1A[2K[1A[2K[1A[2K[G────────────────────────────────────────────────────────────────────────────────────────────────────────────────────────


s8 intent can_verify noul=0.35 p=0.35 c=0.30 derived
s8 intent can_fix_environment noul=0.03 p=0.03 c=0.94 derived
s8 intent can_finish noul=0.22 p=0.22 c=0.56 derived
s8 intent plan_still_valid noul=0.25 p=0.25 c=0.50 derived
s8 context show:calc/core.py noul=0.84 p=0.84 c=0.68 derived
s8 context show:calc/__init__.py noul=0.07 p=0.07 c=0.86 derived
s8 context show:hypothesis/__init__.py noul=0.04 p=0.04 c=0.92 derived
s8 context show:hypothesis/strategies.py noul=0.04 p=0.04 c=0.92 derived
s8 context show:notes.txt noul=0.07 p=0.07 c=0.86 derived
s8 context show:pytest.ini noul=0.10 p=0.10 c=0.80 derived
s8 context show:README.md noul=0.05 p=0.05 c=0.90 derived
s8 context show:tests/test_core.py noul=0.36 p=0.36 c=0.28 derived
step 7/40  ⠇ context  wall 18m45s/30m  tokens gen 32.0k jev 94.3k  cost gen $0.083 jev $0.004 / cap $2.000
[?2026l[?2026h[2K[1A[2K[1A[2K[1A[2K[1A[2K[1A[2K[1A[2K[1A[2K[1A[2K[1A[2K[1A[2K[1A[2K[1A[2K[1A[2K[1A[2K[1A[2K[1A[2K[G────────────────────────────────────────────────────────────────────────────────────────────────────────────────────────


s8 intent can_verify noul=0.35 p=0.35 c=0.30 derived
s8 intent can_fix_environment noul=0.03 p=0.03 c=0.94 derived
s8 intent can_finish noul=0.22 p=0.22 c=0.56 derived
s8 intent plan_still_valid noul=0.25 p=0.25 c=0.50 derived
s8 context show:calc/core.py noul=0.84 p=0.84 c=0.68 derived
s8 context show:calc/__init__.py noul=0.07 p=0.07 c=0.86 derived
s8 context show:hypothesis/__init__.py noul=0.04 p=0.04 c=0.92 derived
s8 context show:hypothesis/strategies.py noul=0.04 p=0.04 c=0.92 derived
s8 context show:notes.txt noul=0.07 p=0.07 c=0.86 derived
s8 context show:pytest.ini noul=0.10 p=0.10 c=0.80 derived
s8 context show:README.md noul=0.05 p=0.05 c=0.90 derived
s8 context show:tests/test_core.py noul=0.36 p=0.36 c=0.28 derived
step 7/40  ⠏ context  wall 18m45s/30m  tokens gen 32.0k jev 94.3k  cost gen $0.083 jev $0.004 / cap $2.000
[?2026l[?2026h[2K[1A[2K[1A[2K[1A[2K[1A[2K[1A[2K[1A[2K[1A[2K[1A[2K[1A[2K[1A[2K[1A[2K[1A[2K[1A[2K[1A[2K[1A[2K[1A[2K[G────────────────────────────────────────────────────────────────────────────────────────────────────────────────────────


s8 intent can_verify noul=0.35 p=0.35 c=0.30 derived
s8 intent can_fix_environment noul=0.03 p=0.03 c=0.94 derived
s8 intent can_finish noul=0.22 p=0.22 c=0.56 derived
s8 intent plan_still_valid noul=0.25 p=0.25 c=0.50 derived
s8 context show:calc/core.py noul=0.84 p=0.84 c=0.68 derived
s8 context show:calc/__init__.py noul=0.07 p=0.07 c=0.86 derived
s8 context show:hypothesis/__init__.py noul=0.04 p=0.04 c=0.92 derived
s8 context show:hypothesis/strategies.py noul=0.04 p=0.04 c=0.92 derived
s8 context show:notes.txt noul=0.07 p=0.07 c=0.86 derived
s8 context show:pytest.ini noul=0.10 p=0.10 c=0.80 derived
s8 context show:README.md noul=0.05 p=0.05 c=0.90 derived
s8 context show:tests/test_core.py noul=0.36 p=0.36 c=0.28 derived
step 7/40  ⠋ context  wall 18m45s/30m  tokens gen 32.0k jev 94.3k  cost gen $0.083 jev $0.004 / cap $2.000
[?2026l[?2026h[2K[1A[2K[1A[2K[1A[2K[1A[2K[1A[2K[1A[2K[1A[2K[1A[2K[1A[2K[1A[2K[1A[2K[1A[2K[1A[2K[1A[2K[1A[2K[1A[2K[G────────────────────────────────────────────────────────────────────────────────────────────────────────────────────────


s8 intent can_verify noul=0.35 p=0.35 c=0.30 derived
s8 intent can_fix_environment noul=0.03 p=0.03 c=0.94 derived
s8 intent can_finish noul=0.22 p=0.22 c=0.56 derived
s8 intent plan_still_valid noul=0.25 p=0.25 c=0.50 derived
s8 context show:calc/core.py noul=0.84 p=0.84 c=0.68 derived
s8 context show:calc/__init__.py noul=0.07 p=0.07 c=0.86 derived
s8 context show:hypothesis/__init__.py noul=0.04 p=0.04 c=0.92 derived
s8 context show:hypothesis/strategies.py noul=0.04 p=0.04 c=0.92 derived
s8 context show:notes.txt noul=0.07 p=0.07 c=0.86 derived
s8 context show:pytest.ini noul=0.10 p=0.10 c=0.80 derived
s8 context show:README.md noul=0.05 p=0.05 c=0.90 derived
s8 context show:tests/test_core.py noul=0.36 p=0.36 c=0.28 derived
step 7/40  ⠙ context  wall 18m45s/30m  tokens gen 32.0k jev 94.3k  cost gen $0.083 jev $0.004 / cap $2.000
[?2026l[?2026h[2K[1A[2K[1A[2K[1A[2K[1A[2K[1A[2K[1A[2K[1A[2K[1A[2K[1A[2K[1A[2K[1A[2K[1A[2K[1A[2K[1A[2K[1A[2K[1A[2K[G────────────────────────────────────────────────────────────────────────────────────────────────────────────────────────


s8 intent can_verify noul=0.35 p=0.35 c=0.30 derived
s8 intent can_fix_environment noul=0.03 p=0.03 c=0.94 derived
s8 intent can_finish noul=0.22 p=0.22 c=0.56 derived
s8 intent plan_still_valid noul=0.25 p=0.25 c=0.50 derived
s8 context show:calc/core.py noul=0.84 p=0.84 c=0.68 derived
s8 context show:calc/__init__.py noul=0.07 p=0.07 c=0.86 derived
s8 context show:hypothesis/__init__.py noul=0.04 p=0.04 c=0.92 derived
s8 context show:hypothesis/strategies.py noul=0.04 p=0.04 c=0.92 derived
s8 context show:notes.txt noul=0.07 p=0.07 c=0.86 derived
s8 context show:pytest.ini noul=0.10 p=0.10 c=0.80 derived
s8 context show:README.md noul=0.05 p=0.05 c=0.90 derived
s8 context show:tests/test_core.py noul=0.36 p=0.36 c=0.28 derived
step 7/40  ⠹ context  wall 18m45s/30m  tokens gen 32.0k jev 94.3k  cost gen $0.083 jev $0.004 / cap $2.000
[?2026l[?2026h[2K[1A[2K[1A[2K[1A[2K[1A[2K[1A[2K[1A[2K[1A[2K[1A[2K[1A[2K[1A[2K[1A[2K[1A[2K[1A[2K[1A[2K[1A[2K[1A[2K[G────────────────────────────────────────────────────────────────────────────────────────────────────────────────────────


s8 intent can_verify noul=0.35 p=0.35 c=0.30 derived
s8 intent can_fix_environment noul=0.03 p=0.03 c=0.94 derived
s8 intent can_finish noul=0.22 p=0.22 c=0.56 derived
s8 intent plan_still_valid noul=0.25 p=0.25 c=0.50 derived
s8 context show:calc/core.py noul=0.84 p=0.84 c=0.68 derived
s8 context show:calc/__init__.py noul=0.07 p=0.07 c=0.86 derived
s8 context show:hypothesis/__init__.py noul=0.04 p=0.04 c=0.92 derived
s8 context show:hypothesis/strategies.py noul=0.04 p=0.04 c=0.92 derived
s8 context show:notes.txt noul=0.07 p=0.07 c=0.86 derived
s8 context show:pytest.ini noul=0.10 p=0.10 c=0.80 derived
s8 context show:README.md noul=0.05 p=0.05 c=0.90 derived
s8 context show:tests/test_core.py noul=0.36 p=0.36 c=0.28 derived
step 7/40  ⠸ context  wall 18m45s/30m  tokens gen 32.0k jev 94.3k  cost gen $0.083 jev $0.004 / cap $2.000
[?2026l[?2026h[2K[1A[2K[1A[2K[1A[2K[1A[2K[1A[2K[1A[2K[1A[2K[1A[2K[1A[2K[1A[2K[1A[2K[1A[2K[1A[2K[1A[2K[1A[2K[1A[2K[G────────────────────────────────────────────────────────────────────────────────────────────────────────────────────────
streaming action… 75 chars

s8 intent can_verify noul=0.35 p=0.35 c=0.30 derived
s8 intent can_fix_environment noul=0.03 p=0.03 c=0.94 derived
s8 intent can_finish noul=0.22 p=0.22 c=0.56 derived
s8 intent plan_still_valid noul=0.25 p=0.25 c=0.50 derived
s8 context show:calc/core.py noul=0.84 p=0.84 c=0.68 derived
s8 context show:calc/__init__.py noul=0.07 p=0.07 c=0.86 derived
s8 context show:hypothesis/__init__.py noul=0.04 p=0.04 c=0.92 derived
s8 context show:hypothesis/strategies.py noul=0.04 p=0.04 c=0.92 derived
s8 context show:notes.txt noul=0.07 p=0.07 c=0.86 derived
s8 context show:pytest.ini noul=0.10 p=0.10 c=0.80 derived
s8 context show:README.md noul=0.05 p=0.05 c=0.90 derived
s8 context show:tests/test_core.py noul=0.36 p=0.36 c=0.28 derived
step 7/40  ⠸ context  wall 18m45s/30m  tokens gen 32.0k jev 94.3k  cost gen $0.083 jev $0.004 / cap $2.000
[?2026l[?2026h[2K[1A[2K[1A[2K[1A[2K[1A[2K[1A[2K[1A[2K[1A[2K[1A[2K[1A[2K[1A[2K[1A[2K[1A[2K[1A[2K[1A[2K[1A[2K[1A[2K[G────────────────────────────────────────────────────────────────────────────────────────────────────────────────────────
streaming action… 75 chars

s8 intent can_verify noul=0.35 p=0.35 c=0.30 derived
s8 intent can_fix_environment noul=0.03 p=0.03 c=0.94 derived
s8 intent can_finish noul=0.22 p=0.22 c=0.56 derived
s8 intent plan_still_valid noul=0.25 p=0.25 c=0.50 derived
s8 context show:calc/core.py noul=0.84 p=0.84 c=0.68 derived
s8 context show:calc/__init__.py noul=0.07 p=0.07 c=0.86 derived
s8 context show:hypothesis/__init__.py noul=0.04 p=0.04 c=0.92 derived
s8 context show:hypothesis/strategies.py noul=0.04 p=0.04 c=0.92 derived
s8 context show:notes.txt noul=0.07 p=0.07 c=0.86 derived
s8 context show:pytest.ini noul=0.10 p=0.10 c=0.80 derived
s8 context show:README.md noul=0.05 p=0.05 c=0.90 derived
s8 context show:tests/test_core.py noul=0.36 p=0.36 c=0.28 derived
step 7/40  ⠼ context  wall 18m45s/30m  tokens gen 32.0k jev 94.3k  cost gen $0.083 jev $0.004 / cap $2.000
[?2026l[?2026h[2K[1A[2K[1A[2K[1A[2K[1A[2K[1A[2K[1A[2K[1A[2K[1A[2K[1A[2K[1A[2K[1A[2K[1A[2K[1A[2K[1A[2K[1A[2K[1A[2K[G────────────────────────────────────────────────────────────────────────────────────────────────────────────────────────
streaming action… 75 chars

s8 intent can_verify noul=0.35 p=0.35 c=0.30 derived
s8 intent can_fix_environment noul=0.03 p=0.03 c=0.94 derived
s8 intent can_finish noul=0.22 p=0.22 c=0.56 derived
s8 intent plan_still_valid noul=0.25 p=0.25 c=0.50 derived
s8 context show:calc/core.py noul=0.84 p=0.84 c=0.68 derived
s8 context show:calc/__init__.py noul=0.07 p=0.07 c=0.86 derived
s8 context show:hypothesis/__init__.py noul=0.04 p=0.04 c=0.92 derived
s8 context show:hypothesis/strategies.py noul=0.04 p=0.04 c=0.92 derived
s8 context show:notes.txt noul=0.07 p=0.07 c=0.86 derived
s8 context show:pytest.ini noul=0.10 p=0.10 c=0.80 derived
s8 context show:README.md noul=0.05 p=0.05 c=0.90 derived
s8 context show:tests/test_core.py noul=0.36 p=0.36 c=0.28 derived
step 7/40  ⠴ context  wall 18m45s/30m  tokens gen 32.0k jev 94.3k  cost gen $0.083 jev $0.004 / cap $2.000
[?2026l[?2026h[2K[1A[2K[1A[2K[1A[2K[1A[2K[1A[2K[1A[2K[1A[2K[1A[2K[1A[2K[1A[2K[1A[2K[1A[2K[1A[2K[1A[2K[1A[2K[1A[2K[G────────────────────────────────────────────────────────────────────────────────────────────────────────────────────────
streaming action… 155 chars

s8 intent can_verify noul=0.35 p=0.35 c=0.30 derived
s8 intent can_fix_environment noul=0.03 p=0.03 c=0.94 derived
s8 intent can_finish noul=0.22 p=0.22 c=0.56 derived
s8 intent plan_still_valid noul=0.25 p=0.25 c=0.50 derived
s8 context show:calc/core.py noul=0.84 p=0.84 c=0.68 derived
s8 context show:calc/__init__.py noul=0.07 p=0.07 c=0.86 derived
s8 context show:hypothesis/__init__.py noul=0.04 p=0.04 c=0.92 derived
s8 context show:hypothesis/strategies.py noul=0.04 p=0.04 c=0.92 derived
s8 context show:notes.txt noul=0.07 p=0.07 c=0.86 derived
s8 context show:pytest.ini noul=0.10 p=0.10 c=0.80 derived
s8 context show:README.md noul=0.05 p=0.05 c=0.90 derived
s8 context show:tests/test_core.py noul=0.36 p=0.36 c=0.28 derived
step 7/40  ⠴ context  wall 18m45s/30m  tokens gen 32.0k jev 94.3k  cost gen $0.083 jev $0.004 / cap $2.000
[?2026l[?2026h[2K[1A[2K[1A[2K[1A[2K[1A[2K[1A[2K[1A[2K[1A[2K[1A[2K[1A[2K[1A[2K[1A[2K[1A[2K[1A[2K[1A[2K[1A[2K[1A[2K[G────────────────────────────────────────────────────────────────────────────────────────────────────────────────────────
streaming action… 155 chars

s8 intent can_verify noul=0.35 p=0.35 c=0.30 derived
s8 intent can_fix_environment noul=0.03 p=0.03 c=0.94 derived
s8 intent can_finish noul=0.22 p=0.22 c=0.56 derived
s8 intent plan_still_valid noul=0.25 p=0.25 c=0.50 derived
s8 context show:calc/core.py noul=0.84 p=0.84 c=0.68 derived
s8 context show:calc/__init__.py noul=0.07 p=0.07 c=0.86 derived
s8 context show:hypothesis/__init__.py noul=0.04 p=0.04 c=0.92 derived
s8 context show:hypothesis/strategies.py noul=0.04 p=0.04 c=0.92 derived
s8 context show:notes.txt noul=0.07 p=0.07 c=0.86 derived
s8 context show:pytest.ini noul=0.10 p=0.10 c=0.80 derived
s8 context show:README.md noul=0.05 p=0.05 c=0.90 derived
s8 context show:tests/test_core.py noul=0.36 p=0.36 c=0.28 derived
step 7/40  ⠦ context  wall 18m45s/30m  tokens gen 32.0k jev 94.3k  cost gen $0.083 jev $0.004 / cap $2.000
[?2026l[?2026h[2K[1A[2K[1A[2K[1A[2K[1A[2K[1A[2K[1A[2K[1A[2K[1A[2K[1A[2K[1A[2K[1A[2K[1A[2K[1A[2K[1A[2K[1A[2K[1A[2K[G────────────────────────────────────────────────────────────────────────────────────────────────────────────────────────
streaming action… 186 chars

s8 intent can_verify noul=0.35 p=0.35 c=0.30 derived
s8 intent can_fix_environment noul=0.03 p=0.03 c=0.94 derived
s8 intent can_finish noul=0.22 p=0.22 c=0.56 derived
s8 intent plan_still_valid noul=0.25 p=0.25 c=0.50 derived
s8 context show:calc/core.py noul=0.84 p=0.84 c=0.68 derived
s8 context show:calc/__init__.py noul=0.07 p=0.07 c=0.86 derived
s8 context show:hypothesis/__init__.py noul=0.04 p=0.04 c=0.92 derived
s8 context show:hypothesis/strategies.py noul=0.04 p=0.04 c=0.92 derived
s8 context show:notes.txt noul=0.07 p=0.07 c=0.86 derived
s8 context show:pytest.ini noul=0.10 p=0.10 c=0.80 derived
s8 context show:README.md noul=0.05 p=0.05 c=0.90 derived
s8 context show:tests/test_core.py noul=0.36 p=0.36 c=0.28 derived
step 7/40  ⠦ context  wall 18m45s/30m  tokens gen 32.0k jev 94.3k  cost gen $0.083 jev $0.004 / cap $2.000
[?2026l[?2026h[2K[1A[2K[1A[2K[1A[2K[1A[2K[1A[2K[1A[2K[1A[2K[1A[2K[1A[2K[1A[2K[1A[2K[1A[2K[1A[2K[1A[2K[1A[2K[1A[2K[G────────────────────────────────────────────────────────────────────────────────────────────────────────────────────────
streaming action… 211 chars

s8 intent can_verify noul=0.35 p=0.35 c=0.30 derived
s8 intent can_fix_environment noul=0.03 p=0.03 c=0.94 derived
s8 intent can_finish noul=0.22 p=0.22 c=0.56 derived
s8 intent plan_still_valid noul=0.25 p=0.25 c=0.50 derived
s8 context show:calc/core.py noul=0.84 p=0.84 c=0.68 derived
s8 context show:calc/__init__.py noul=0.07 p=0.07 c=0.86 derived
s8 context show:hypothesis/__init__.py noul=0.04 p=0.04 c=0.92 derived
s8 context show:hypothesis/strategies.py noul=0.04 p=0.04 c=0.92 derived
s8 context show:notes.txt noul=0.07 p=0.07 c=0.86 derived
s8 context show:pytest.ini noul=0.10 p=0.10 c=0.80 derived
s8 context show:README.md noul=0.05 p=0.05 c=0.90 derived
s8 context show:tests/test_core.py noul=0.36 p=0.36 c=0.28 derived
step 7/40  ⠦ context  wall 18m45s/30m  tokens gen 32.0k jev 94.3k  cost gen $0.083 jev $0.004 / cap $2.000
[?2026l[?2026h[2K[1A[2K[1A[2K[1A[2K[1A[2K[1A[2K[1A[2K[1A[2K[1A[2K[1A[2K[1A[2K[1A[2K[1A[2K[1A[2K[1A[2K[1A[2K[1A[2K[G────────────────────────────────────────────────────────────────────────────────────────────────────────────────────────
streaming action… 211 chars

s8 intent can_verify noul=0.35 p=0.35 c=0.30 derived
s8 intent can_fix_environment noul=0.03 p=0.03 c=0.94 derived
s8 intent can_finish noul=0.22 p=0.22 c=0.56 derived
s8 intent plan_still_valid noul=0.25 p=0.25 c=0.50 derived
s8 context show:calc/core.py noul=0.84 p=0.84 c=0.68 derived
s8 context show:calc/__init__.py noul=0.07 p=0.07 c=0.86 derived
s8 context show:hypothesis/__init__.py noul=0.04 p=0.04 c=0.92 derived
s8 context show:hypothesis/strategies.py noul=0.04 p=0.04 c=0.92 derived
s8 context show:notes.txt noul=0.07 p=0.07 c=0.86 derived
s8 context show:pytest.ini noul=0.10 p=0.10 c=0.80 derived
s8 context show:README.md noul=0.05 p=0.05 c=0.90 derived
s8 context show:tests/test_core.py noul=0.36 p=0.36 c=0.28 derived
step 7/40  ⠧ context  wall 18m45s/30m  tokens gen 32.0k jev 94.3k  cost gen $0.083 jev $0.004 / cap $2.000
[?2026l[?2026h[2K[1A[2K[1A[2K[1A[2K[1A[2K[1A[2K[1A[2K[1A[2K[1A[2K[1A[2K[1A[2K[1A[2K[1A[2K[1A[2K[1A[2K[1A[2K[1A[2K[G────────────────────────────────────────────────────────────────────────────────────────────────────────────────────────
streaming action… 211 chars

s8 intent can_verify noul=0.35 p=0.35 c=0.30 derived
s8 intent can_fix_environment noul=0.03 p=0.03 c=0.94 derived
s8 intent can_finish noul=0.22 p=0.22 c=0.56 derived
s8 intent plan_still_valid noul=0.25 p=0.25 c=0.50 derived
s8 context show:calc/core.py noul=0.84 p=0.84 c=0.68 derived
s8 context show:calc/__init__.py noul=0.07 p=0.07 c=0.86 derived
s8 context show:hypothesis/__init__.py noul=0.04 p=0.04 c=0.92 derived
s8 context show:hypothesis/strategies.py noul=0.04 p=0.04 c=0.92 derived
s8 context show:notes.txt noul=0.07 p=0.07 c=0.86 derived
s8 context show:pytest.ini noul=0.10 p=0.10 c=0.80 derived
s8 context show:README.md noul=0.05 p=0.05 c=0.90 derived
s8 context show:tests/test_core.py noul=0.36 p=0.36 c=0.28 derived
step 7/40  ⠇ context  wall 18m45s/30m  tokens gen 32.0k jev 94.3k  cost gen $0.083 jev $0.004 / cap $2.000
[?2026l[?2026h[2K[1A[2K[1A[2K[1A[2K[1A[2K[1A[2K[1A[2K[1A[2K[1A[2K[1A[2K[1A[2K[1A[2K[1A[2K[1A[2K[1A[2K[1A[2K[1A[2K[G────────────────────────────────────────────────────────────────────────────────────────────────────────────────────────
streaming action… 222 chars

s8 intent can_verify noul=0.35 p=0.35 c=0.30 derived
s8 intent can_fix_environment noul=0.03 p=0.03 c=0.94 derived
s8 intent can_finish noul=0.22 p=0.22 c=0.56 derived
s8 intent plan_still_valid noul=0.25 p=0.25 c=0.50 derived
s8 context show:calc/core.py noul=0.84 p=0.84 c=0.68 derived
s8 context show:calc/__init__.py noul=0.07 p=0.07 c=0.86 derived
s8 context show:hypothesis/__init__.py noul=0.04 p=0.04 c=0.92 derived
s8 context show:hypothesis/strategies.py noul=0.04 p=0.04 c=0.92 derived
s8 context show:notes.txt noul=0.07 p=0.07 c=0.86 derived
s8 context show:pytest.ini noul=0.10 p=0.10 c=0.80 derived
s8 context show:README.md noul=0.05 p=0.05 c=0.90 derived
s8 context show:tests/test_core.py noul=0.36 p=0.36 c=0.28 derived
step 7/40  ⠇ context  wall 18m45s/30m  tokens gen 32.0k jev 94.3k  cost gen $0.083 jev $0.004 / cap $2.000
[?2026l[?2026h[2K[1A[2K[1A[2K[1A[2K[1A[2K[1A[2K[1A[2K[1A[2K[1A[2K[1A[2K[1A[2K[1A[2K[1A[2K[1A[2K[1A[2K[1A[2K[1A[2K[G────────────────────────────────────────────────────────────────────────────────────────────────────────────────────────
streaming action… 237 chars

s8 intent can_verify noul=0.35 p=0.35 c=0.30 derived
s8 intent can_fix_environment noul=0.03 p=0.03 c=0.94 derived
s8 intent can_finish noul=0.22 p=0.22 c=0.56 derived
s8 intent plan_still_valid noul=0.25 p=0.25 c=0.50 derived
s8 context show:calc/core.py noul=0.84 p=0.84 c=0.68 derived
s8 context show:calc/__init__.py noul=0.07 p=0.07 c=0.86 derived
s8 context show:hypothesis/__init__.py noul=0.04 p=0.04 c=0.92 derived
s8 context show:hypothesis/strategies.py noul=0.04 p=0.04 c=0.92 derived
s8 context show:notes.txt noul=0.07 p=0.07 c=0.86 derived
s8 context show:pytest.ini noul=0.10 p=0.10 c=0.80 derived
s8 context show:README.md noul=0.05 p=0.05 c=0.90 derived
s8 context show:tests/test_core.py noul=0.36 p=0.36 c=0.28 derived
step 7/40  ⠇ context  wall 18m45s/30m  tokens gen 32.0k jev 94.3k  cost gen $0.083 jev $0.004 / cap $2.000
[?2026l[?2026h[2K[1A[2K[1A[2K[1A[2K[1A[2K[1A[2K[1A[2K[1A[2K[1A[2K[1A[2K[1A[2K[1A[2K[1A[2K[1A[2K[1A[2K[1A[2K[1A[2K[G────────────────────────────────────────────────────────────────────────────────────────────────────────────────────────
streaming action… 237 chars

s8 intent can_verify noul=0.35 p=0.35 c=0.30 derived
s8 intent can_fix_environment noul=0.03 p=0.03 c=0.94 derived
s8 intent can_finish noul=0.22 p=0.22 c=0.56 derived
s8 intent plan_still_valid noul=0.25 p=0.25 c=0.50 derived
s8 context show:calc/core.py noul=0.84 p=0.84 c=0.68 derived
s8 context show:calc/__init__.py noul=0.07 p=0.07 c=0.86 derived
s8 context show:hypothesis/__init__.py noul=0.04 p=0.04 c=0.92 derived
s8 context show:hypothesis/strategies.py noul=0.04 p=0.04 c=0.92 derived
s8 context show:notes.txt noul=0.07 p=0.07 c=0.86 derived
s8 context show:pytest.ini noul=0.10 p=0.10 c=0.80 derived
s8 context show:README.md noul=0.05 p=0.05 c=0.90 derived
s8 context show:tests/test_core.py noul=0.36 p=0.36 c=0.28 derived
step 7/40  ⠏ context  wall 18m45s/30m  tokens gen 32.0k jev 94.3k  cost gen $0.083 jev $0.004 / cap $2.000
[?2026l[?2026h[2K[1A[2K[1A[2K[1A[2K[1A[2K[1A[2K[1A[2K[1A[2K[1A[2K[1A[2K[1A[2K[1A[2K[1A[2K[1A[2K[1A[2K[1A[2K[1A[2K[G────────────────────────────────────────────────────────────────────────────────────────────────────────────────────────
streaming action… 256 chars

s8 intent can_verify noul=0.35 p=0.35 c=0.30 derived
s8 intent can_fix_environment noul=0.03 p=0.03 c=0.94 derived
s8 intent can_finish noul=0.22 p=0.22 c=0.56 derived
s8 intent plan_still_valid noul=0.25 p=0.25 c=0.50 derived
s8 context show:calc/core.py noul=0.84 p=0.84 c=0.68 derived
s8 context show:calc/__init__.py noul=0.07 p=0.07 c=0.86 derived
s8 context show:hypothesis/__init__.py noul=0.04 p=0.04 c=0.92 derived
s8 context show:hypothesis/strategies.py noul=0.04 p=0.04 c=0.92 derived
s8 context show:notes.txt noul=0.07 p=0.07 c=0.86 derived
s8 context show:pytest.ini noul=0.10 p=0.10 c=0.80 derived
s8 context show:README.md noul=0.05 p=0.05 c=0.90 derived
s8 context show:tests/test_core.py noul=0.36 p=0.36 c=0.28 derived
step 7/40  ⠏ context  wall 18m45s/30m  tokens gen 32.0k jev 94.3k  cost gen $0.083 jev $0.004 / cap $2.000
[?2026l[?2026h[2K[1A[2K[1A[2K[1A[2K[1A[2K[1A[2K[1A[2K[1A[2K[1A[2K[1A[2K[1A[2K[1A[2K[1A[2K[1A[2K[1A[2K[1A[2K[1A[2K[G────────────────────────────────────────────────────────────────────────────────────────────────────────────────────────
streaming action… 256 chars

s8 intent can_verify noul=0.35 p=0.35 c=0.30 derived
s8 intent can_fix_environment noul=0.03 p=0.03 c=0.94 derived
s8 intent can_finish noul=0.22 p=0.22 c=0.56 derived
s8 intent plan_still_valid noul=0.25 p=0.25 c=0.50 derived
s8 context show:calc/core.py noul=0.84 p=0.84 c=0.68 derived
s8 context show:calc/__init__.py noul=0.07 p=0.07 c=0.86 derived
s8 context show:hypothesis/__init__.py noul=0.04 p=0.04 c=0.92 derived
s8 context show:hypothesis/strategies.py noul=0.04 p=0.04 c=0.92 derived
s8 context show:notes.txt noul=0.07 p=0.07 c=0.86 derived
s8 context show:pytest.ini noul=0.10 p=0.10 c=0.80 derived
s8 context show:README.md noul=0.05 p=0.05 c=0.90 derived
s8 context show:tests/test_core.py noul=0.36 p=0.36 c=0.28 derived
step 7/40  ⠋ context  wall 18m45s/30m  tokens gen 32.0k jev 94.3k  cost gen $0.083 jev $0.004 / cap $2.000
[?2026l[?2026h[2K[1A[2K[1A[2K[1A[2K[1A[2K[1A[2K[1A[2K[1A[2K[1A[2K[1A[2K[1A[2K[1A[2K[1A[2K[1A[2K[1A[2K[1A[2K[1A[2K[G────────────────────────────────────────────────────────────────────────────────────────────────────────────────────────
streaming action… 256 chars

s8 intent can_verify noul=0.35 p=0.35 c=0.30 derived
s8 intent can_fix_environment noul=0.03 p=0.03 c=0.94 derived
s8 intent can_finish noul=0.22 p=0.22 c=0.56 derived
s8 intent plan_still_valid noul=0.25 p=0.25 c=0.50 derived
s8 context show:calc/core.py noul=0.84 p=0.84 c=0.68 derived
s8 context show:calc/__init__.py noul=0.07 p=0.07 c=0.86 derived
s8 context show:hypothesis/__init__.py noul=0.04 p=0.04 c=0.92 derived
s8 context show:hypothesis/strategies.py noul=0.04 p=0.04 c=0.92 derived
s8 context show:notes.txt noul=0.07 p=0.07 c=0.86 derived
s8 context show:pytest.ini noul=0.10 p=0.10 c=0.80 derived
s8 context show:README.md noul=0.05 p=0.05 c=0.90 derived
s8 context show:tests/test_core.py noul=0.36 p=0.36 c=0.28 derived
step 7/40  ⠙ context  wall 18m45s/30m  tokens gen 32.0k jev 94.3k  cost gen $0.083 jev $0.004 / cap $2.000
[?2026l[?2026h[2K[1A[2K[1A[2K[1A[2K[1A[2K[1A[2K[1A[2K[1A[2K[1A[2K[1A[2K[1A[2K[1A[2K[1A[2K[1A[2K[1A[2K[1A[2K[1A[2K[G────────────────────────────────────────────────────────────────────────────────────────────────────────────────────────
streaming action… 299 chars

s8 intent can_verify noul=0.35 p=0.35 c=0.30 derived
s8 intent can_fix_environment noul=0.03 p=0.03 c=0.94 derived
s8 intent can_finish noul=0.22 p=0.22 c=0.56 derived
s8 intent plan_still_valid noul=0.25 p=0.25 c=0.50 derived
s8 context show:calc/core.py noul=0.84 p=0.84 c=0.68 derived
s8 context show:calc/__init__.py noul=0.07 p=0.07 c=0.86 derived
s8 context show:hypothesis/__init__.py noul=0.04 p=0.04 c=0.92 derived
s8 context show:hypothesis/strategies.py noul=0.04 p=0.04 c=0.92 derived
s8 context show:notes.txt noul=0.07 p=0.07 c=0.86 derived
s8 context show:pytest.ini noul=0.10 p=0.10 c=0.80 derived
s8 context show:README.md noul=0.05 p=0.05 c=0.90 derived
s8 context show:tests/test_core.py noul=0.36 p=0.36 c=0.28 derived
step 7/40  ⠙ context  wall 18m45s/30m  tokens gen 32.0k jev 94.3k  cost gen $0.083 jev $0.004 / cap $2.000
[?2026l[?2026h[2K[1A[2K[1A[2K[1A[2K[1A[2K[1A[2K[1A[2K[1A[2K[1A[2K[1A[2K[1A[2K[1A[2K[1A[2K[1A[2K[1A[2K[1A[2K[1A[2K[G────────────────────────────────────────────────────────────────────────────────────────────────────────────────────────
streaming action… 317 chars

s8 intent can_verify noul=0.35 p=0.35 c=0.30 derived
s8 intent can_fix_environment noul=0.03 p=0.03 c=0.94 derived
s8 intent can_finish noul=0.22 p=0.22 c=0.56 derived
s8 intent plan_still_valid noul=0.25 p=0.25 c=0.50 derived
s8 context show:calc/core.py noul=0.84 p=0.84 c=0.68 derived
s8 context show:calc/__init__.py noul=0.07 p=0.07 c=0.86 derived
s8 context show:hypothesis/__init__.py noul=0.04 p=0.04 c=0.92 derived
s8 context show:hypothesis/strategies.py noul=0.04 p=0.04 c=0.92 derived
s8 context show:notes.txt noul=0.07 p=0.07 c=0.86 derived
s8 context show:pytest.ini noul=0.10 p=0.10 c=0.80 derived
s8 context show:README.md noul=0.05 p=0.05 c=0.90 derived
s8 context show:tests/test_core.py noul=0.36 p=0.36 c=0.28 derived
step 7/40  ⠙ context  wall 18m45s/30m  tokens gen 32.0k jev 94.3k  cost gen $0.083 jev $0.004 / cap $2.000
[?2026l[?2026h[2K[1A[2K[1A[2K[1A[2K[1A[2K[1A[2K[1A[2K[1A[2K[1A[2K[1A[2K[1A[2K[1A[2K[1A[2K[1A[2K[1A[2K[1A[2K[1A[2K[G────────────────────────────────────────────────────────────────────────────────────────────────────────────────────────
streaming action… 317 chars

s8 intent can_verify noul=0.35 p=0.35 c=0.30 derived
s8 intent can_fix_environment noul=0.03 p=0.03 c=0.94 derived
s8 intent can_finish noul=0.22 p=0.22 c=0.56 derived
s8 intent plan_still_valid noul=0.25 p=0.25 c=0.50 derived
s8 context show:calc/core.py noul=0.84 p=0.84 c=0.68 derived
s8 context show:calc/__init__.py noul=0.07 p=0.07 c=0.86 derived
s8 context show:hypothesis/__init__.py noul=0.04 p=0.04 c=0.92 derived
s8 context show:hypothesis/strategies.py noul=0.04 p=0.04 c=0.92 derived
s8 context show:notes.txt noul=0.07 p=0.07 c=0.86 derived
s8 context show:pytest.ini noul=0.10 p=0.10 c=0.80 derived
s8 context show:README.md noul=0.05 p=0.05 c=0.90 derived
s8 context show:tests/test_core.py noul=0.36 p=0.36 c=0.28 derived
step 7/40  ⠹ context  wall 18m45s/30m  tokens gen 32.0k jev 94.3k  cost gen $0.083 jev $0.004 / cap $2.000
[?2026l[?2026h[2K[1A[2K[1A[2K[1A[2K[1A[2K[1A[2K[1A[2K[1A[2K[1A[2K[1A[2K[1A[2K[1A[2K[1A[2K[1A[2K[1A[2K[1A[2K[1A[2K[G────────────────────────────────────────────────────────────────────────────────────────────────────────────────────────
streaming action… 346 chars

s8 intent can_verify noul=0.35 p=0.35 c=0.30 derived
s8 intent can_fix_environment noul=0.03 p=0.03 c=0.94 derived
s8 intent can_finish noul=0.22 p=0.22 c=0.56 derived
s8 intent plan_still_valid noul=0.25 p=0.25 c=0.50 derived
s8 context show:calc/core.py noul=0.84 p=0.84 c=0.68 derived
s8 context show:calc/__init__.py noul=0.07 p=0.07 c=0.86 derived
s8 context show:hypothesis/__init__.py noul=0.04 p=0.04 c=0.92 derived
s8 context show:hypothesis/strategies.py noul=0.04 p=0.04 c=0.92 derived
s8 context show:notes.txt noul=0.07 p=0.07 c=0.86 derived
s8 context show:pytest.ini noul=0.10 p=0.10 c=0.80 derived
s8 context show:README.md noul=0.05 p=0.05 c=0.90 derived
s8 context show:tests/test_core.py noul=0.36 p=0.36 c=0.28 derived
step 7/40  ⠹ context  wall 18m45s/30m  tokens gen 32.0k jev 94.3k  cost gen $0.083 jev $0.004 / cap $2.000
[?2026l[?2026h[2K[1A[2K[1A[2K[1A[2K[1A[2K[1A[2K[1A[2K[1A[2K[1A[2K[1A[2K[1A[2K[1A[2K[1A[2K[1A[2K[1A[2K[1A[2K[1A[2K[G────────────────────────────────────────────────────────────────────────────────────────────────────────────────────────
streaming action… 346 chars

s8 intent can_verify noul=0.35 p=0.35 c=0.30 derived
s8 intent can_fix_environment noul=0.03 p=0.03 c=0.94 derived
s8 intent can_finish noul=0.22 p=0.22 c=0.56 derived
s8 intent plan_still_valid noul=0.25 p=0.25 c=0.50 derived
s8 context show:calc/core.py noul=0.84 p=0.84 c=0.68 derived
s8 context show:calc/__init__.py noul=0.07 p=0.07 c=0.86 derived
s8 context show:hypothesis/__init__.py noul=0.04 p=0.04 c=0.92 derived
s8 context show:hypothesis/strategies.py noul=0.04 p=0.04 c=0.92 derived
s8 context show:notes.txt noul=0.07 p=0.07 c=0.86 derived
s8 context show:pytest.ini noul=0.10 p=0.10 c=0.80 derived
s8 context show:README.md noul=0.05 p=0.05 c=0.90 derived
s8 context show:tests/test_core.py noul=0.36 p=0.36 c=0.28 derived
step 7/40  ⠸ context  wall 18m45s/30m  tokens gen 32.0k jev 94.3k  cost gen $0.083 jev $0.004 / cap $2.000
[?2026l[?2026h[2K[1A[2K[1A[2K[1A[2K[1A[2K[1A[2K[1A[2K[1A[2K[1A[2K[1A[2K[1A[2K[1A[2K[1A[2K[1A[2K[1A[2K[1A[2K[1A[2K[G────────────────────────────────────────────────────────────────────────────────────────────────────────────────────────
streaming action… 372 chars

s8 intent can_verify noul=0.35 p=0.35 c=0.30 derived
s8 intent can_fix_environment noul=0.03 p=0.03 c=0.94 derived
s8 intent can_finish noul=0.22 p=0.22 c=0.56 derived
s8 intent plan_still_valid noul=0.25 p=0.25 c=0.50 derived
s8 context show:calc/core.py noul=0.84 p=0.84 c=0.68 derived
s8 context show:calc/__init__.py noul=0.07 p=0.07 c=0.86 derived
s8 context show:hypothesis/__init__.py noul=0.04 p=0.04 c=0.92 derived
s8 context show:hypothesis/strategies.py noul=0.04 p=0.04 c=0.92 derived
s8 context show:notes.txt noul=0.07 p=0.07 c=0.86 derived
s8 context show:pytest.ini noul=0.10 p=0.10 c=0.80 derived
s8 context show:README.md noul=0.05 p=0.05 c=0.90 derived
s8 context show:tests/test_core.py noul=0.36 p=0.36 c=0.28 derived
step 7/40  ⠸ context  wall 18m45s/30m  tokens gen 32.0k jev 94.3k  cost gen $0.083 jev $0.004 / cap $2.000
[?2026l[?2026h[2K[1A[2K[1A[2K[1A[2K[1A[2K[1A[2K[1A[2K[1A[2K[1A[2K[1A[2K[1A[2K[1A[2K[1A[2K[1A[2K[1A[2K[1A[2K[1A[2K[G────────────────────────────────────────────────────────────────────────────────────────────────────────────────────────
streaming action… 385 chars

s8 intent can_verify noul=0.35 p=0.35 c=0.30 derived
s8 intent can_fix_environment noul=0.03 p=0.03 c=0.94 derived
s8 intent can_finish noul=0.22 p=0.22 c=0.56 derived
s8 intent plan_still_valid noul=0.25 p=0.25 c=0.50 derived
s8 context show:calc/core.py noul=0.84 p=0.84 c=0.68 derived
s8 context show:calc/__init__.py noul=0.07 p=0.07 c=0.86 derived
s8 context show:hypothesis/__init__.py noul=0.04 p=0.04 c=0.92 derived
s8 context show:hypothesis/strategies.py noul=0.04 p=0.04 c=0.92 derived
s8 context show:notes.txt noul=0.07 p=0.07 c=0.86 derived
s8 context show:pytest.ini noul=0.10 p=0.10 c=0.80 derived
s8 context show:README.md noul=0.05 p=0.05 c=0.90 derived
s8 context show:tests/test_core.py noul=0.36 p=0.36 c=0.28 derived
step 7/40  ⠸ context  wall 18m45s/30m  tokens gen 32.0k jev 94.3k  cost gen $0.083 jev $0.004 / cap $2.000
[?2026l[?2026h[2K[1A[2K[1A[2K[1A[2K[1A[2K[1A[2K[1A[2K[1A[2K[1A[2K[1A[2K[1A[2K[1A[2K[1A[2K[1A[2K[1A[2K[1A[2K[1A[2K[G────────────────────────────────────────────────────────────────────────────────────────────────────────────────────────
streaming action… 399 chars

s8 intent can_verify noul=0.35 p=0.35 c=0.30 derived
s8 intent can_fix_environment noul=0.03 p=0.03 c=0.94 derived
s8 intent can_finish noul=0.22 p=0.22 c=0.56 derived
s8 intent plan_still_valid noul=0.25 p=0.25 c=0.50 derived
s8 context show:calc/core.py noul=0.84 p=0.84 c=0.68 derived
s8 context show:calc/__init__.py noul=0.07 p=0.07 c=0.86 derived
s8 context show:hypothesis/__init__.py noul=0.04 p=0.04 c=0.92 derived
s8 context show:hypothesis/strategies.py noul=0.04 p=0.04 c=0.92 derived
s8 context show:notes.txt noul=0.07 p=0.07 c=0.86 derived
s8 context show:pytest.ini noul=0.10 p=0.10 c=0.80 derived
s8 context show:README.md noul=0.05 p=0.05 c=0.90 derived
s8 context show:tests/test_core.py noul=0.36 p=0.36 c=0.28 derived
step 7/40  ⠸ context  wall 18m45s/30m  tokens gen 32.0k jev 94.3k  cost gen $0.083 jev $0.004 / cap $2.000
[?2026l[?2026h[2K[1A[2K[1A[2K[1A[2K[1A[2K[1A[2K[1A[2K[1A[2K[1A[2K[1A[2K[1A[2K[1A[2K[1A[2K[1A[2K[1A[2K[1A[2K[1A[2K[G────────────────────────────────────────────────────────────────────────────────────────────────────────────────────────
streaming action… 399 chars

s8 intent can_verify noul=0.35 p=0.35 c=0.30 derived
s8 intent can_fix_environment noul=0.03 p=0.03 c=0.94 derived
s8 intent can_finish noul=0.22 p=0.22 c=0.56 derived
s8 intent plan_still_valid noul=0.25 p=0.25 c=0.50 derived
s8 context show:calc/core.py noul=0.84 p=0.84 c=0.68 derived
s8 context show:calc/__init__.py noul=0.07 p=0.07 c=0.86 derived
s8 context show:hypothesis/__init__.py noul=0.04 p=0.04 c=0.92 derived
s8 context show:hypothesis/strategies.py noul=0.04 p=0.04 c=0.92 derived
s8 context show:notes.txt noul=0.07 p=0.07 c=0.86 derived
s8 context show:pytest.ini noul=0.10 p=0.10 c=0.80 derived
s8 context show:README.md noul=0.05 p=0.05 c=0.90 derived
s8 context show:tests/test_core.py noul=0.36 p=0.36 c=0.28 derived
step 7/40  ⠼ context  wall 18m45s/30m  tokens gen 32.0k jev 94.3k  cost gen $0.083 jev $0.004 / cap $2.000
[?2026l[?2026h[2K[1A[2K[1A[2K[1A[2K[1A[2K[1A[2K[1A[2K[1A[2K[1A[2K[1A[2K[1A[2K[1A[2K[1A[2K[1A[2K[1A[2K[1A[2K[1A[2K[G────────────────────────────────────────────────────────────────────────────────────────────────────────────────────────
streaming action… 448 chars

s8 intent can_verify noul=0.35 p=0.35 c=0.30 derived
s8 intent can_fix_environment noul=0.03 p=0.03 c=0.94 derived
s8 intent can_finish noul=0.22 p=0.22 c=0.56 derived
s8 intent plan_still_valid noul=0.25 p=0.25 c=0.50 derived
s8 context show:calc/core.py noul=0.84 p=0.84 c=0.68 derived
s8 context show:calc/__init__.py noul=0.07 p=0.07 c=0.86 derived
s8 context show:hypothesis/__init__.py noul=0.04 p=0.04 c=0.92 derived
s8 context show:hypothesis/strategies.py noul=0.04 p=0.04 c=0.92 derived
s8 context show:notes.txt noul=0.07 p=0.07 c=0.86 derived
s8 context show:pytest.ini noul=0.10 p=0.10 c=0.80 derived
s8 context show:README.md noul=0.05 p=0.05 c=0.90 derived
s8 context show:tests/test_core.py noul=0.36 p=0.36 c=0.28 derived
step 7/40  ⠼ context  wall 18m45s/30m  tokens gen 32.0k jev 94.3k  cost gen $0.083 jev $0.004 / cap $2.000
[?2026l[?2026h[2K[1A[2K[1A[2K[1A[2K[1A[2K[1A[2K[1A[2K[1A[2K[1A[2K[1A[2K[1A[2K[1A[2K[1A[2K[1A[2K[1A[2K[1A[2K[1A[2K[G────────────────────────────────────────────────────────────────────────────────────────────────────────────────────────
streaming action… 448 chars

s8 intent can_verify noul=0.35 p=0.35 c=0.30 derived
s8 intent can_fix_environment noul=0.03 p=0.03 c=0.94 derived
s8 intent can_finish noul=0.22 p=0.22 c=0.56 derived
s8 intent plan_still_valid noul=0.25 p=0.25 c=0.50 derived
s8 context show:calc/core.py noul=0.84 p=0.84 c=0.68 derived
s8 context show:calc/__init__.py noul=0.07 p=0.07 c=0.86 derived
s8 context show:hypothesis/__init__.py noul=0.04 p=0.04 c=0.92 derived
s8 context show:hypothesis/strategies.py noul=0.04 p=0.04 c=0.92 derived
s8 context show:notes.txt noul=0.07 p=0.07 c=0.86 derived
s8 context show:pytest.ini noul=0.10 p=0.10 c=0.80 derived
s8 context show:README.md noul=0.05 p=0.05 c=0.90 derived
s8 context show:tests/test_core.py noul=0.36 p=0.36 c=0.28 derived
step 7/40  ⠴ context  wall 18m45s/30m  tokens gen 32.0k jev 94.3k  cost gen $0.083 jev $0.004 / cap $2.000
[?2026l[?2026h[2K[1A[2K[1A[2K[1A[2K[1A[2K[1A[2K[1A[2K[1A[2K[1A[2K[1A[2K[1A[2K[1A[2K[1A[2K[1A[2K[1A[2K[1A[2K[1A[2K[G────────────────────────────────────────────────────────────────────────────────────────────────────────────────────────
streaming action… 477 chars

s8 intent can_verify noul=0.35 p=0.35 c=0.30 derived
s8 intent can_fix_environment noul=0.03 p=0.03 c=0.94 derived
s8 intent can_finish noul=0.22 p=0.22 c=0.56 derived
s8 intent plan_still_valid noul=0.25 p=0.25 c=0.50 derived
s8 context show:calc/core.py noul=0.84 p=0.84 c=0.68 derived
s8 context show:calc/__init__.py noul=0.07 p=0.07 c=0.86 derived
s8 context show:hypothesis/__init__.py noul=0.04 p=0.04 c=0.92 derived
s8 context show:hypothesis/strategies.py noul=0.04 p=0.04 c=0.92 derived
s8 context show:notes.txt noul=0.07 p=0.07 c=0.86 derived
s8 context show:pytest.ini noul=0.10 p=0.10 c=0.80 derived
s8 context show:README.md noul=0.05 p=0.05 c=0.90 derived
s8 context show:tests/test_core.py noul=0.36 p=0.36 c=0.28 derived
step 7/40  ⠴ context  wall 18m45s/30m  tokens gen 32.0k jev 94.3k  cost gen $0.083 jev $0.004 / cap $2.000
[?2026l[?2026h[2K[1A[2K[1A[2K[1A[2K[1A[2K[1A[2K[1A[2K[1A[2K[1A[2K[1A[2K[1A[2K[1A[2K[1A[2K[1A[2K[1A[2K[1A[2K[1A[2K[G────────────────────────────────────────────────────────────────────────────────────────────────────────────────────────
streaming action… 477 chars

s8 intent can_verify noul=0.35 p=0.35 c=0.30 derived
s8 intent can_fix_environment noul=0.03 p=0.03 c=0.94 derived
s8 intent can_finish noul=0.22 p=0.22 c=0.56 derived
s8 intent plan_still_valid noul=0.25 p=0.25 c=0.50 derived
s8 context show:calc/core.py noul=0.84 p=0.84 c=0.68 derived
s8 context show:calc/__init__.py noul=0.07 p=0.07 c=0.86 derived
s8 context show:hypothesis/__init__.py noul=0.04 p=0.04 c=0.92 derived
s8 context show:hypothesis/strategies.py noul=0.04 p=0.04 c=0.92 derived
s8 context show:notes.txt noul=0.07 p=0.07 c=0.86 derived
s8 context show:pytest.ini noul=0.10 p=0.10 c=0.80 derived
s8 context show:README.md noul=0.05 p=0.05 c=0.90 derived
s8 context show:tests/test_core.py noul=0.36 p=0.36 c=0.28 derived
step 7/40  ⠦ context  wall 18m45s/30m  tokens gen 32.0k jev 94.3k  cost gen $0.083 jev $0.004 / cap $2.000
[?2026l[?2026h[2K[1A[2K[1A[2K[1A[2K[1A[2K[1A[2K[1A[2K[1A[2K[1A[2K[1A[2K[1A[2K[1A[2K[1A[2K[1A[2K[1A[2K[1A[2K[1A[2K[G────────────────────────────────────────────────────────────────────────────────────────────────────────────────────────
streaming action… 502 chars

s8 intent can_verify noul=0.35 p=0.35 c=0.30 derived
s8 intent can_fix_environment noul=0.03 p=0.03 c=0.94 derived
s8 intent can_finish noul=0.22 p=0.22 c=0.56 derived
s8 intent plan_still_valid noul=0.25 p=0.25 c=0.50 derived
s8 context show:calc/core.py noul=0.84 p=0.84 c=0.68 derived
s8 context show:calc/__init__.py noul=0.07 p=0.07 c=0.86 derived
s8 context show:hypothesis/__init__.py noul=0.04 p=0.04 c=0.92 derived
s8 context show:hypothesis/strategies.py noul=0.04 p=0.04 c=0.92 derived
s8 context show:notes.txt noul=0.07 p=0.07 c=0.86 derived
s8 context show:pytest.ini noul=0.10 p=0.10 c=0.80 derived
s8 context show:README.md noul=0.05 p=0.05 c=0.90 derived
s8 context show:tests/test_core.py noul=0.36 p=0.36 c=0.28 derived
step 7/40  ⠦ context  wall 18m45s/30m  tokens gen 32.0k jev 94.3k  cost gen $0.083 jev $0.004 / cap $2.000
[?2026l[?2026h[2K[1A[2K[1A[2K[1A[2K[1A[2K[1A[2K[1A[2K[1A[2K[1A[2K[1A[2K[1A[2K[1A[2K[1A[2K[1A[2K[1A[2K[1A[2K[1A[2K[G────────────────────────────────────────────────────────────────────────────────────────────────────────────────────────
streaming action… 502 chars

s8 intent can_verify noul=0.35 p=0.35 c=0.30 derived
s8 intent can_fix_environment noul=0.03 p=0.03 c=0.94 derived
s8 intent can_finish noul=0.22 p=0.22 c=0.56 derived
s8 intent plan_still_valid noul=0.25 p=0.25 c=0.50 derived
s8 context show:calc/core.py noul=0.84 p=0.84 c=0.68 derived
s8 context show:calc/__init__.py noul=0.07 p=0.07 c=0.86 derived
s8 context show:hypothesis/__init__.py noul=0.04 p=0.04 c=0.92 derived
s8 context show:hypothesis/strategies.py noul=0.04 p=0.04 c=0.92 derived
s8 context show:notes.txt noul=0.07 p=0.07 c=0.86 derived
s8 context show:pytest.ini noul=0.10 p=0.10 c=0.80 derived
s8 context show:README.md noul=0.05 p=0.05 c=0.90 derived
s8 context show:tests/test_core.py noul=0.36 p=0.36 c=0.28 derived
step 7/40  ⠧ context  wall 18m45s/30m  tokens gen 32.0k jev 94.3k  cost gen $0.083 jev $0.004 / cap $2.000
[?2026l[?2026h[2K[1A[2K[1A[2K[1A[2K[1A[2K[1A[2K[1A[2K[1A[2K[1A[2K[1A[2K[1A[2K[1A[2K[1A[2K[1A[2K[1A[2K[1A[2K[1A[2K[G────────────────────────────────────────────────────────────────────────────────────────────────────────────────────────
streaming action… 538 chars

s8 intent can_verify noul=0.35 p=0.35 c=0.30 derived
s8 intent can_fix_environment noul=0.03 p=0.03 c=0.94 derived
s8 intent can_finish noul=0.22 p=0.22 c=0.56 derived
s8 intent plan_still_valid noul=0.25 p=0.25 c=0.50 derived
s8 context show:calc/core.py noul=0.84 p=0.84 c=0.68 derived
s8 context show:calc/__init__.py noul=0.07 p=0.07 c=0.86 derived
s8 context show:hypothesis/__init__.py noul=0.04 p=0.04 c=0.92 derived
s8 context show:hypothesis/strategies.py noul=0.04 p=0.04 c=0.92 derived
s8 context show:notes.txt noul=0.07 p=0.07 c=0.86 derived
s8 context show:pytest.ini noul=0.10 p=0.10 c=0.80 derived
s8 context show:README.md noul=0.05 p=0.05 c=0.90 derived
s8 context show:tests/test_core.py noul=0.36 p=0.36 c=0.28 derived
step 7/40  ⠧ context  wall 18m45s/30m  tokens gen 32.0k jev 94.3k  cost gen $0.083 jev $0.004 / cap $2.000
[?2026l[?2026h[2K[1A[2K[1A[2K[1A[2K[1A[2K[1A[2K[1A[2K[1A[2K[1A[2K[1A[2K[1A[2K[1A[2K[1A[2K[1A[2K[1A[2K[1A[2K[1A[2K[G────────────────────────────────────────────────────────────────────────────────────────────────────────────────────────
streaming action… 563 chars

s8 intent can_verify noul=0.35 p=0.35 c=0.30 derived
s8 intent can_fix_environment noul=0.03 p=0.03 c=0.94 derived
s8 intent can_finish noul=0.22 p=0.22 c=0.56 derived
s8 intent plan_still_valid noul=0.25 p=0.25 c=0.50 derived
s8 context show:calc/core.py noul=0.84 p=0.84 c=0.68 derived
s8 context show:calc/__init__.py noul=0.07 p=0.07 c=0.86 derived
s8 context show:hypothesis/__init__.py noul=0.04 p=0.04 c=0.92 derived
s8 context show:hypothesis/strategies.py noul=0.04 p=0.04 c=0.92 derived
s8 context show:notes.txt noul=0.07 p=0.07 c=0.86 derived
s8 context show:pytest.ini noul=0.10 p=0.10 c=0.80 derived
s8 context show:README.md noul=0.05 p=0.05 c=0.90 derived
s8 context show:tests/test_core.py noul=0.36 p=0.36 c=0.28 derived
step 7/40  ⠧ context  wall 18m45s/30m  tokens gen 32.0k jev 94.3k  cost gen $0.083 jev $0.004 / cap $2.000
[?2026l[?2026h[2K[1A[2K[1A[2K[1A[2K[1A[2K[1A[2K[1A[2K[1A[2K[1A[2K[1A[2K[1A[2K[1A[2K[1A[2K[1A[2K[1A[2K[1A[2K[1A[2K[G────────────────────────────────────────────────────────────────────────────────────────────────────────────────────────
streaming action… 563 chars

s8 intent can_verify noul=0.35 p=0.35 c=0.30 derived
s8 intent can_fix_environment noul=0.03 p=0.03 c=0.94 derived
s8 intent can_finish noul=0.22 p=0.22 c=0.56 derived
s8 intent plan_still_valid noul=0.25 p=0.25 c=0.50 derived
s8 context show:calc/core.py noul=0.84 p=0.84 c=0.68 derived
s8 context show:calc/__init__.py noul=0.07 p=0.07 c=0.86 derived
s8 context show:hypothesis/__init__.py noul=0.04 p=0.04 c=0.92 derived
s8 context show:hypothesis/strategies.py noul=0.04 p=0.04 c=0.92 derived
s8 context show:notes.txt noul=0.07 p=0.07 c=0.86 derived
s8 context show:pytest.ini noul=0.10 p=0.10 c=0.80 derived
s8 context show:README.md noul=0.05 p=0.05 c=0.90 derived
s8 context show:tests/test_core.py noul=0.36 p=0.36 c=0.28 derived
step 7/40  ⠇ context  wall 18m45s/30m  tokens gen 32.0k jev 94.3k  cost gen $0.083 jev $0.004 / cap $2.000
[?2026l[?2026h[2K[1A[2K[1A[2K[1A[2K[1A[2K[1A[2K[1A[2K[1A[2K[1A[2K[1A[2K[1A[2K[1A[2K[1A[2K[1A[2K[1A[2K[1A[2K[1A[2K[G────────────────────────────────────────────────────────────────────────────────────────────────────────────────────────
streaming action… 612 chars

s8 intent can_verify noul=0.35 p=0.35 c=0.30 derived
s8 intent can_fix_environment noul=0.03 p=0.03 c=0.94 derived
s8 intent can_finish noul=0.22 p=0.22 c=0.56 derived
s8 intent plan_still_valid noul=0.25 p=0.25 c=0.50 derived
s8 context show:calc/core.py noul=0.84 p=0.84 c=0.68 derived
s8 context show:calc/__init__.py noul=0.07 p=0.07 c=0.86 derived
s8 context show:hypothesis/__init__.py noul=0.04 p=0.04 c=0.92 derived
s8 context show:hypothesis/strategies.py noul=0.04 p=0.04 c=0.92 derived
s8 context show:notes.txt noul=0.07 p=0.07 c=0.86 derived
s8 context show:pytest.ini noul=0.10 p=0.10 c=0.80 derived
s8 context show:README.md noul=0.05 p=0.05 c=0.90 derived
s8 context show:tests/test_core.py noul=0.36 p=0.36 c=0.28 derived
step 7/40  ⠇ context  wall 18m45s/30m  tokens gen 32.0k jev 94.3k  cost gen $0.083 jev $0.004 / cap $2.000
[?2026l[?2026h[2K[1A[2K[1A[2K[1A[2K[1A[2K[1A[2K[1A[2K[1A[2K[1A[2K[1A[2K[1A[2K[1A[2K[1A[2K[1A[2K[1A[2K[1A[2K[1A[2K[G────────────────────────────────────────────────────────────────────────────────────────────────────────────────────────
streaming action… 612 chars

s8 intent can_verify noul=0.35 p=0.35 c=0.30 derived
s8 intent can_fix_environment noul=0.03 p=0.03 c=0.94 derived
s8 intent can_finish noul=0.22 p=0.22 c=0.56 derived
s8 intent plan_still_valid noul=0.25 p=0.25 c=0.50 derived
s8 context show:calc/core.py noul=0.84 p=0.84 c=0.68 derived
s8 context show:calc/__init__.py noul=0.07 p=0.07 c=0.86 derived
s8 context show:hypothesis/__init__.py noul=0.04 p=0.04 c=0.92 derived
s8 context show:hypothesis/strategies.py noul=0.04 p=0.04 c=0.92 derived
s8 context show:notes.txt noul=0.07 p=0.07 c=0.86 derived
s8 context show:pytest.ini noul=0.10 p=0.10 c=0.80 derived
s8 context show:README.md noul=0.05 p=0.05 c=0.90 derived
s8 context show:tests/test_core.py noul=0.36 p=0.36 c=0.28 derived
step 7/40  ⠏ context  wall 18m45s/30m  tokens gen 32.0k jev 94.3k  cost gen $0.083 jev $0.004 / cap $2.000
[?2026l[?2026h[2K[1A[2K[1A[2K[1A[2K[1A[2K[1A[2K[1A[2K[1A[2K[1A[2K[1A[2K[1A[2K[1A[2K[1A[2K[1A[2K[1A[2K[1A[2K[1A[2K[G────────────────────────────────────────────────────────────────────────────────────────────────────────────────────────
streaming action… 639 chars

s8 intent can_verify noul=0.35 p=0.35 c=0.30 derived
s8 intent can_fix_environment noul=0.03 p=0.03 c=0.94 derived
s8 intent can_finish noul=0.22 p=0.22 c=0.56 derived
s8 intent plan_still_valid noul=0.25 p=0.25 c=0.50 derived
s8 context show:calc/core.py noul=0.84 p=0.84 c=0.68 derived
s8 context show:calc/__init__.py noul=0.07 p=0.07 c=0.86 derived
s8 context show:hypothesis/__init__.py noul=0.04 p=0.04 c=0.92 derived
s8 context show:hypothesis/strategies.py noul=0.04 p=0.04 c=0.92 derived
s8 context show:notes.txt noul=0.07 p=0.07 c=0.86 derived
s8 context show:pytest.ini noul=0.10 p=0.10 c=0.80 derived
s8 context show:README.md noul=0.05 p=0.05 c=0.90 derived
s8 context show:tests/test_core.py noul=0.36 p=0.36 c=0.28 derived
step 7/40  ⠏ context  wall 18m45s/30m  tokens gen 32.0k jev 94.3k  cost gen $0.083 jev $0.004 / cap $2.000
[?2026l[?2026h[2K[1A[2K[1A[2K[1A[2K[1A[2K[1A[2K[1A[2K[1A[2K[1A[2K[1A[2K[1A[2K[1A[2K[1A[2K[1A[2K[1A[2K[1A[2K[1A[2K[G────────────────────────────────────────────────────────────────────────────────────────────────────────────────────────
streaming action… 639 chars

s8 intent can_verify noul=0.35 p=0.35 c=0.30 derived
s8 intent can_fix_environment noul=0.03 p=0.03 c=0.94 derived
s8 intent can_finish noul=0.22 p=0.22 c=0.56 derived
s8 intent plan_still_valid noul=0.25 p=0.25 c=0.50 derived
s8 context show:calc/core.py noul=0.84 p=0.84 c=0.68 derived
s8 context show:calc/__init__.py noul=0.07 p=0.07 c=0.86 derived
s8 context show:hypothesis/__init__.py noul=0.04 p=0.04 c=0.92 derived
s8 context show:hypothesis/strategies.py noul=0.04 p=0.04 c=0.92 derived
s8 context show:notes.txt noul=0.07 p=0.07 c=0.86 derived
s8 context show:pytest.ini noul=0.10 p=0.10 c=0.80 derived
s8 context show:README.md noul=0.05 p=0.05 c=0.90 derived
s8 context show:tests/test_core.py noul=0.36 p=0.36 c=0.28 derived
step 7/40  ⠋ context  wall 18m45s/30m  tokens gen 32.0k jev 94.3k  cost gen $0.083 jev $0.004 / cap $2.000
[?2026l[?2026h[2K[1A[2K[1A[2K[1A[2K[1A[2K[1A[2K[1A[2K[1A[2K[1A[2K[1A[2K[1A[2K[1A[2K[1A[2K[1A[2K[1A[2K[1A[2K[1A[2K[G────────────────────────────────────────────────────────────────────────────────────────────────────────────────────────
streaming action… 678 chars

s8 intent can_verify noul=0.35 p=0.35 c=0.30 derived
s8 intent can_fix_environment noul=0.03 p=0.03 c=0.94 derived
s8 intent can_finish noul=0.22 p=0.22 c=0.56 derived
s8 intent plan_still_valid noul=0.25 p=0.25 c=0.50 derived
s8 context show:calc/core.py noul=0.84 p=0.84 c=0.68 derived
s8 context show:calc/__init__.py noul=0.07 p=0.07 c=0.86 derived
s8 context show:hypothesis/__init__.py noul=0.04 p=0.04 c=0.92 derived
s8 context show:hypothesis/strategies.py noul=0.04 p=0.04 c=0.92 derived
s8 context show:notes.txt noul=0.07 p=0.07 c=0.86 derived
s8 context show:pytest.ini noul=0.10 p=0.10 c=0.80 derived
s8 context show:README.md noul=0.05 p=0.05 c=0.90 derived
s8 context show:tests/test_core.py noul=0.36 p=0.36 c=0.28 derived
step 7/40  ⠋ context  wall 18m45s/30m  tokens gen 32.0k jev 94.3k  cost gen $0.083 jev $0.004 / cap $2.000
[?2026l[?2026h[2K[1A[2K[1A[2K[1A[2K[1A[2K[1A[2K[1A[2K[1A[2K[1A[2K[1A[2K[1A[2K[1A[2K[1A[2K[1A[2K[1A[2K[1A[2K[1A[2K[G────────────────────────────────────────────────────────────────────────────────────────────────────────────────────────
streaming action… 678 chars

s8 intent can_verify noul=0.35 p=0.35 c=0.30 derived
s8 intent can_fix_environment noul=0.03 p=0.03 c=0.94 derived
s8 intent can_finish noul=0.22 p=0.22 c=0.56 derived
s8 intent plan_still_valid noul=0.25 p=0.25 c=0.50 derived
s8 context show:calc/core.py noul=0.84 p=0.84 c=0.68 derived
s8 context show:calc/__init__.py noul=0.07 p=0.07 c=0.86 derived
s8 context show:hypothesis/__init__.py noul=0.04 p=0.04 c=0.92 derived
s8 context show:hypothesis/strategies.py noul=0.04 p=0.04 c=0.92 derived
s8 context show:notes.txt noul=0.07 p=0.07 c=0.86 derived
s8 context show:pytest.ini noul=0.10 p=0.10 c=0.80 derived
s8 context show:README.md noul=0.05 p=0.05 c=0.90 derived
s8 context show:tests/test_core.py noul=0.36 p=0.36 c=0.28 derived
step 7/40  ⠙ context  wall 18m45s/30m  tokens gen 32.0k jev 94.3k  cost gen $0.083 jev $0.004 / cap $2.000
[?2026l[?2026h[2K[1A[2K[1A[2K[1A[2K[1A[2K[1A[2K[1A[2K[1A[2K[1A[2K[1A[2K[1A[2K[1A[2K[1A[2K[1A[2K[1A[2K[1A[2K[1A[2K[G────────────────────────────────────────────────────────────────────────────────────────────────────────────────────────
streaming action… 693 chars

s8 intent can_verify noul=0.35 p=0.35 c=0.30 derived
s8 intent can_fix_environment noul=0.03 p=0.03 c=0.94 derived
s8 intent can_finish noul=0.22 p=0.22 c=0.56 derived
s8 intent plan_still_valid noul=0.25 p=0.25 c=0.50 derived
s8 context show:calc/core.py noul=0.84 p=0.84 c=0.68 derived
s8 context show:calc/__init__.py noul=0.07 p=0.07 c=0.86 derived
s8 context show:hypothesis/__init__.py noul=0.04 p=0.04 c=0.92 derived
s8 context show:hypothesis/strategies.py noul=0.04 p=0.04 c=0.92 derived
s8 context show:notes.txt noul=0.07 p=0.07 c=0.86 derived
s8 context show:pytest.ini noul=0.10 p=0.10 c=0.80 derived
s8 context show:README.md noul=0.05 p=0.05 c=0.90 derived
s8 context show:tests/test_core.py noul=0.36 p=0.36 c=0.28 derived
step 7/40  ⠙ context  wall 18m45s/30m  tokens gen 32.0k jev 94.3k  cost gen $0.083 jev $0.004 / cap $2.000
[?2026l[?2026h[2K[1A[2K[1A[2K[1A[2K[1A[2K[1A[2K[1A[2K[1A[2K[1A[2K[1A[2K[1A[2K[1A[2K[1A[2K[1A[2K[1A[2K[1A[2K[1A[2K[G────────────────────────────────────────────────────────────────────────────────────────────────────────────────────────
streaming action… 693 chars

s8 intent can_verify noul=0.35 p=0.35 c=0.30 derived
s8 intent can_fix_environment noul=0.03 p=0.03 c=0.94 derived
s8 intent can_finish noul=0.22 p=0.22 c=0.56 derived
s8 intent plan_still_valid noul=0.25 p=0.25 c=0.50 derived
s8 context show:calc/core.py noul=0.84 p=0.84 c=0.68 derived
s8 context show:calc/__init__.py noul=0.07 p=0.07 c=0.86 derived
s8 context show:hypothesis/__init__.py noul=0.04 p=0.04 c=0.92 derived
s8 context show:hypothesis/strategies.py noul=0.04 p=0.04 c=0.92 derived
s8 context show:notes.txt noul=0.07 p=0.07 c=0.86 derived
s8 context show:pytest.ini noul=0.10 p=0.10 c=0.80 derived
s8 context show:README.md noul=0.05 p=0.05 c=0.90 derived
s8 context show:tests/test_core.py noul=0.36 p=0.36 c=0.28 derived
step 7/40  ⠹ context  wall 18m45s/30m  tokens gen 32.0k jev 94.3k  cost gen $0.083 jev $0.004 / cap $2.000
[?2026l[?2026h[2K[1A[2K[1A[2K[1A[2K[1A[2K[1A[2K[1A[2K[1A[2K[1A[2K[1A[2K[1A[2K[1A[2K[1A[2K[1A[2K[1A[2K[1A[2K[1A[2K[G────────────────────────────────────────────────────────────────────────────────────────────────────────────────────────
streaming action… 704 chars

s8 intent can_verify noul=0.35 p=0.35 c=0.30 derived
s8 intent can_fix_environment noul=0.03 p=0.03 c=0.94 derived
s8 intent can_finish noul=0.22 p=0.22 c=0.56 derived
s8 intent plan_still_valid noul=0.25 p=0.25 c=0.50 derived
s8 context show:calc/core.py noul=0.84 p=0.84 c=0.68 derived
s8 context show:calc/__init__.py noul=0.07 p=0.07 c=0.86 derived
s8 context show:hypothesis/__init__.py noul=0.04 p=0.04 c=0.92 derived
s8 context show:hypothesis/strategies.py noul=0.04 p=0.04 c=0.92 derived
s8 context show:notes.txt noul=0.07 p=0.07 c=0.86 derived
s8 context show:pytest.ini noul=0.10 p=0.10 c=0.80 derived
s8 context show:README.md noul=0.05 p=0.05 c=0.90 derived
s8 context show:tests/test_core.py noul=0.36 p=0.36 c=0.28 derived
step 7/40  ⠹ context  wall 18m45s/30m  tokens gen 32.0k jev 94.3k  cost gen $0.083 jev $0.004 / cap $2.000
[?2026l[?2026h[2K[1A[2K[1A[2K[1A[2K[1A[2K[1A[2K[1A[2K[1A[2K[1A[2K[1A[2K[1A[2K[1A[2K[1A[2K[1A[2K[1A[2K[1A[2K[1A[2K[G────────────────────────────────────────────────────────────────────────────────────────────────────────────────────────
streaming action… 704 chars

s8 intent can_verify noul=0.35 p=0.35 c=0.30 derived
s8 intent can_fix_environment noul=0.03 p=0.03 c=0.94 derived
s8 intent can_finish noul=0.22 p=0.22 c=0.56 derived
s8 intent plan_still_valid noul=0.25 p=0.25 c=0.50 derived
s8 context show:calc/core.py noul=0.84 p=0.84 c=0.68 derived
s8 context show:calc/__init__.py noul=0.07 p=0.07 c=0.86 derived
s8 context show:hypothesis/__init__.py noul=0.04 p=0.04 c=0.92 derived
s8 context show:hypothesis/strategies.py noul=0.04 p=0.04 c=0.92 derived
s8 context show:notes.txt noul=0.07 p=0.07 c=0.86 derived
s8 context show:pytest.ini noul=0.10 p=0.10 c=0.80 derived
s8 context show:README.md noul=0.05 p=0.05 c=0.90 derived
s8 context show:tests/test_core.py noul=0.36 p=0.36 c=0.28 derived
step 7/40  ⠸ context  wall 18m45s/30m  tokens gen 32.0k jev 94.3k  cost gen $0.083 jev $0.004 / cap $2.000
[?2026l[?2026h[2K[1A[2K[1A[2K[1A[2K[1A[2K[1A[2K[1A[2K[1A[2K[1A[2K[1A[2K[1A[2K[1A[2K[1A[2K[1A[2K[1A[2K[1A[2K[1A[2K[G────────────────────────────────────────────────────────────────────────────────────────────────────────────────────────
streaming action… 721 chars

s8 intent can_verify noul=0.35 p=0.35 c=0.30 derived
s8 intent can_fix_environment noul=0.03 p=0.03 c=0.94 derived
s8 intent can_finish noul=0.22 p=0.22 c=0.56 derived
s8 intent plan_still_valid noul=0.25 p=0.25 c=0.50 derived
s8 context show:calc/core.py noul=0.84 p=0.84 c=0.68 derived
s8 context show:calc/__init__.py noul=0.07 p=0.07 c=0.86 derived
s8 context show:hypothesis/__init__.py noul=0.04 p=0.04 c=0.92 derived
s8 context show:hypothesis/strategies.py noul=0.04 p=0.04 c=0.92 derived
s8 context show:notes.txt noul=0.07 p=0.07 c=0.86 derived
s8 context show:pytest.ini noul=0.10 p=0.10 c=0.80 derived
s8 context show:README.md noul=0.05 p=0.05 c=0.90 derived
s8 context show:tests/test_core.py noul=0.36 p=0.36 c=0.28 derived
step 7/40  ⠸ context  wall 18m45s/30m  tokens gen 32.0k jev 94.3k  cost gen $0.083 jev $0.004 / cap $2.000
[?2026l[?2026h[2K[1A[2K[1A[2K[1A[2K[1A[2K[1A[2K[1A[2K[1A[2K[1A[2K[1A[2K[1A[2K[1A[2K[1A[2K[1A[2K[1A[2K[1A[2K[1A[2K[G────────────────────────────────────────────────────────────────────────────────────────────────────────────────────────
streaming action… 725 chars

s8 intent can_verify noul=0.35 p=0.35 c=0.30 derived
s8 intent can_fix_environment noul=0.03 p=0.03 c=0.94 derived
s8 intent can_finish noul=0.22 p=0.22 c=0.56 derived
s8 intent plan_still_valid noul=0.25 p=0.25 c=0.50 derived
s8 context show:calc/core.py noul=0.84 p=0.84 c=0.68 derived
s8 context show:calc/__init__.py noul=0.07 p=0.07 c=0.86 derived
s8 context show:hypothesis/__init__.py noul=0.04 p=0.04 c=0.92 derived
s8 context show:hypothesis/strategies.py noul=0.04 p=0.04 c=0.92 derived
s8 context show:notes.txt noul=0.07 p=0.07 c=0.86 derived
s8 context show:pytest.ini noul=0.10 p=0.10 c=0.80 derived
s8 context show:README.md noul=0.05 p=0.05 c=0.90 derived
s8 context show:tests/test_core.py noul=0.36 p=0.36 c=0.28 derived
step 7/40  ⠸ context  wall 18m45s/30m  tokens gen 32.0k jev 94.3k  cost gen $0.083 jev $0.004 / cap $2.000
[?2026l[?2026h[2K[1A[2K[1A[2K[1A[2K[1A[2K[1A[2K[1A[2K[1A[2K[1A[2K[1A[2K[1A[2K[1A[2K[1A[2K[1A[2K[1A[2K[1A[2K[1A[2K[G────────────────────────────────────────────────────────────────────────────────────────────────────────────────────────
streaming action… 725 chars

s8 intent can_verify noul=0.35 p=0.35 c=0.30 derived
s8 intent can_fix_environment noul=0.03 p=0.03 c=0.94 derived
s8 intent can_finish noul=0.22 p=0.22 c=0.56 derived
s8 intent plan_still_valid noul=0.25 p=0.25 c=0.50 derived
s8 context show:calc/core.py noul=0.84 p=0.84 c=0.68 derived
s8 context show:calc/__init__.py noul=0.07 p=0.07 c=0.86 derived
s8 context show:hypothesis/__init__.py noul=0.04 p=0.04 c=0.92 derived
s8 context show:hypothesis/strategies.py noul=0.04 p=0.04 c=0.92 derived
s8 context show:notes.txt noul=0.07 p=0.07 c=0.86 derived
s8 context show:pytest.ini noul=0.10 p=0.10 c=0.80 derived
s8 context show:README.md noul=0.05 p=0.05 c=0.90 derived
s8 context show:tests/test_core.py noul=0.36 p=0.36 c=0.28 derived
step 7/40  ⠼ context  wall 18m45s/30m  tokens gen 32.0k jev 94.3k  cost gen $0.083 jev $0.004 / cap $2.000
[?2026l[?2026h[2K[1A[2K[1A[2K[1A[2K[1A[2K[1A[2K[1A[2K[1A[2K[1A[2K[1A[2K[1A[2K[1A[2K[1A[2K[1A[2K[1A[2K[1A[2K[1A[2K[G────────────────────────────────────────────────────────────────────────────────────────────────────────────────────────
streaming action… 725 chars

s8 intent can_verify noul=0.35 p=0.35 c=0.30 derived
s8 intent can_fix_environment noul=0.03 p=0.03 c=0.94 derived
s8 intent can_finish noul=0.22 p=0.22 c=0.56 derived
s8 intent plan_still_valid noul=0.25 p=0.25 c=0.50 derived
s8 context show:calc/core.py noul=0.84 p=0.84 c=0.68 derived
s8 context show:calc/__init__.py noul=0.07 p=0.07 c=0.86 derived
s8 context show:hypothesis/__init__.py noul=0.04 p=0.04 c=0.92 derived
s8 context show:hypothesis/strategies.py noul=0.04 p=0.04 c=0.92 derived
s8 context show:notes.txt noul=0.07 p=0.07 c=0.86 derived
s8 context show:pytest.ini noul=0.10 p=0.10 c=0.80 derived
s8 context show:README.md noul=0.05 p=0.05 c=0.90 derived
s8 context show:tests/test_core.py noul=0.36 p=0.36 c=0.28 derived
step 7/40  ⠴ context  wall 18m45s/30m  tokens gen 32.0k jev 94.3k  cost gen $0.083 jev $0.004 / cap $2.000
[?2026l[?2026h[2K[1A[2K[1A[2K[1A[2K[1A[2K[1A[2K[1A[2K[1A[2K[1A[2K[1A[2K[1A[2K[1A[2K[1A[2K[1A[2K[1A[2K[1A[2K[1A[2K[G────────────────────────────────────────────────────────────────────────────────────────────────────────────────────────
streaming action… 725 chars

s8 intent can_verify noul=0.35 p=0.35 c=0.30 derived
s8 intent can_fix_environment noul=0.03 p=0.03 c=0.94 derived
s8 intent can_finish noul=0.22 p=0.22 c=0.56 derived
s8 intent plan_still_valid noul=0.25 p=0.25 c=0.50 derived
s8 context show:calc/core.py noul=0.84 p=0.84 c=0.68 derived
s8 context show:calc/__init__.py noul=0.07 p=0.07 c=0.86 derived
s8 context show:hypothesis/__init__.py noul=0.04 p=0.04 c=0.92 derived
s8 context show:hypothesis/strategies.py noul=0.04 p=0.04 c=0.92 derived
s8 context show:notes.txt noul=0.07 p=0.07 c=0.86 derived
s8 context show:pytest.ini noul=0.10 p=0.10 c=0.80 derived
s8 context show:README.md noul=0.05 p=0.05 c=0.90 derived
s8 context show:tests/test_core.py noul=0.36 p=0.36 c=0.28 derived
step 7/40  ⠦ context  wall 18m45s/30m  tokens gen 32.0k jev 94.3k  cost gen $0.083 jev $0.004 / cap $2.000
[?2026l[?2026h[2K[1A[2K[1A[2K[1A[2K[1A[2K[1A[2K[1A[2K[1A[2K[1A[2K[1A[2K[1A[2K[1A[2K[1A[2K[1A[2K[1A[2K[1A[2K[1A[2K[G────────────────────────────────────────────────────────────────────────────────────────────────────────────────────────
streaming action… 725 chars

s8 intent can_verify noul=0.35 p=0.35 c=0.30 derived
s8 intent can_fix_environment noul=0.03 p=0.03 c=0.94 derived
s8 intent can_finish noul=0.22 p=0.22 c=0.56 derived
s8 intent plan_still_valid noul=0.25 p=0.25 c=0.50 derived
s8 context show:calc/core.py noul=0.84 p=0.84 c=0.68 derived
s8 context show:calc/__init__.py noul=0.07 p=0.07 c=0.86 derived
s8 context show:hypothesis/__init__.py noul=0.04 p=0.04 c=0.92 derived
s8 context show:hypothesis/strategies.py noul=0.04 p=0.04 c=0.92 derived
s8 context show:notes.txt noul=0.07 p=0.07 c=0.86 derived
s8 context show:pytest.ini noul=0.10 p=0.10 c=0.80 derived
s8 context show:README.md noul=0.05 p=0.05 c=0.90 derived
s8 context show:tests/test_core.py noul=0.36 p=0.36 c=0.28 derived
step 7/40  ⠧ context  wall 18m45s/30m  tokens gen 32.0k jev 94.3k  cost gen $0.083 jev $0.004 / cap $2.000
[?2026l[?2026h[2K[1A[2K[1A[2K[1A[2K[1A[2K[1A[2K[1A[2K[1A[2K[1A[2K[1A[2K[1A[2K[1A[2K[1A[2K[1A[2K[1A[2K[1A[2K[1A[2K[G────────────────────────────────────────────────────────────────────────────────────────────────────────────────────────
streaming action… 821 chars

s8 intent can_verify noul=0.35 p=0.35 c=0.30 derived
s8 intent can_fix_environment noul=0.03 p=0.03 c=0.94 derived
s8 intent can_finish noul=0.22 p=0.22 c=0.56 derived
s8 intent plan_still_valid noul=0.25 p=0.25 c=0.50 derived
s8 context show:calc/core.py noul=0.84 p=0.84 c=0.68 derived
s8 context show:calc/__init__.py noul=0.07 p=0.07 c=0.86 derived
s8 context show:hypothesis/__init__.py noul=0.04 p=0.04 c=0.92 derived
s8 context show:hypothesis/strategies.py noul=0.04 p=0.04 c=0.92 derived
s8 context show:notes.txt noul=0.07 p=0.07 c=0.86 derived
s8 context show:pytest.ini noul=0.10 p=0.10 c=0.80 derived
s8 context show:README.md noul=0.05 p=0.05 c=0.90 derived
s8 context show:tests/test_core.py noul=0.36 p=0.36 c=0.28 derived
step 7/40  ⠧ context  wall 18m45s/30m  tokens gen 32.0k jev 94.3k  cost gen $0.083 jev $0.004 / cap $2.000
[?2026l[?2026h[2K[1A[2K[1A[2K[1A[2K[1A[2K[1A[2K[1A[2K[1A[2K[1A[2K[1A[2K[1A[2K[1A[2K[1A[2K[1A[2K[1A[2K[1A[2K[1A[2K[G────────────────────────────────────────────────────────────────────────────────────────────────────────────────────────
streaming action… 821 chars

s8 intent can_verify noul=0.35 p=0.35 c=0.30 derived
s8 intent can_fix_environment noul=0.03 p=0.03 c=0.94 derived
s8 intent can_finish noul=0.22 p=0.22 c=0.56 derived
s8 intent plan_still_valid noul=0.25 p=0.25 c=0.50 derived
s8 context show:calc/core.py noul=0.84 p=0.84 c=0.68 derived
s8 context show:calc/__init__.py noul=0.07 p=0.07 c=0.86 derived
s8 context show:hypothesis/__init__.py noul=0.04 p=0.04 c=0.92 derived
s8 context show:hypothesis/strategies.py noul=0.04 p=0.04 c=0.92 derived
s8 context show:notes.txt noul=0.07 p=0.07 c=0.86 derived
s8 context show:pytest.ini noul=0.10 p=0.10 c=0.80 derived
s8 context show:README.md noul=0.05 p=0.05 c=0.90 derived
s8 context show:tests/test_core.py noul=0.36 p=0.36 c=0.28 derived
step 7/40  ⠇ context  wall 18m45s/30m  tokens gen 32.0k jev 94.3k  cost gen $0.083 jev $0.004 / cap $2.000
[?2026l[?2026h[2K[1A[2K[1A[2K[1A[2K[1A[2K[1A[2K[1A[2K[1A[2K[1A[2K[1A[2K[1A[2K[1A[2K[1A[2K[1A[2K[1A[2K[1A[2K[1A[2K[G────────────────────────────────────────────────────────────────────────────────────────────────────────────────────────
streaming action… 821 chars

s8 intent can_verify noul=0.35 p=0.35 c=0.30 derived
s8 intent can_fix_environment noul=0.03 p=0.03 c=0.94 derived
s8 intent can_finish noul=0.22 p=0.22 c=0.56 derived
s8 intent plan_still_valid noul=0.25 p=0.25 c=0.50 derived
s8 context show:calc/core.py noul=0.84 p=0.84 c=0.68 derived
s8 context show:calc/__init__.py noul=0.07 p=0.07 c=0.86 derived
s8 context show:hypothesis/__init__.py noul=0.04 p=0.04 c=0.92 derived
s8 context show:hypothesis/strategies.py noul=0.04 p=0.04 c=0.92 derived
s8 context show:notes.txt noul=0.07 p=0.07 c=0.86 derived
s8 context show:pytest.ini noul=0.10 p=0.10 c=0.80 derived
s8 context show:README.md noul=0.05 p=0.05 c=0.90 derived
s8 context show:tests/test_core.py noul=0.36 p=0.36 c=0.28 derived
step 7/40  ⠏ context  wall 18m45s/30m  tokens gen 32.0k jev 94.3k  cost gen $0.083 jev $0.004 / cap $2.000
[?2026l[?2026h[2K[1A[2K[1A[2K[1A[2K[1A[2K[1A[2K[1A[2K[1A[2K[1A[2K[1A[2K[1A[2K[1A[2K[1A[2K[1A[2K[1A[2K[1A[2K[1A[2K[G────────────────────────────────────────────────────────────────────────────────────────────────────────────────────────
streaming action… 887 chars

s8 intent can_verify noul=0.35 p=0.35 c=0.30 derived
s8 intent can_fix_environment noul=0.03 p=0.03 c=0.94 derived
s8 intent can_finish noul=0.22 p=0.22 c=0.56 derived
s8 intent plan_still_valid noul=0.25 p=0.25 c=0.50 derived
s8 context show:calc/core.py noul=0.84 p=0.84 c=0.68 derived
s8 context show:calc/__init__.py noul=0.07 p=0.07 c=0.86 derived
s8 context show:hypothesis/__init__.py noul=0.04 p=0.04 c=0.92 derived
s8 context show:hypothesis/strategies.py noul=0.04 p=0.04 c=0.92 derived
s8 context show:notes.txt noul=0.07 p=0.07 c=0.86 derived
s8 context show:pytest.ini noul=0.10 p=0.10 c=0.80 derived
s8 context show:README.md noul=0.05 p=0.05 c=0.90 derived
s8 context show:tests/test_core.py noul=0.36 p=0.36 c=0.28 derived
step 7/40  ⠏ context  wall 18m45s/30m  tokens gen 32.0k jev 94.3k  cost gen $0.083 jev $0.004 / cap $2.000
[?2026l[?2026h[2K[1A[2K[1A[2K[1A[2K[1A[2K[1A[2K[1A[2K[1A[2K[1A[2K[1A[2K[1A[2K[1A[2K[1A[2K[1A[2K[1A[2K[1A[2K[1A[2K[G────────────────────────────────────────────────────────────────────────────────────────────────────────────────────────
streaming action… 924 chars

s8 intent can_verify noul=0.35 p=0.35 c=0.30 derived
s8 intent can_fix_environment noul=0.03 p=0.03 c=0.94 derived
s8 intent can_finish noul=0.22 p=0.22 c=0.56 derived
s8 intent plan_still_valid noul=0.25 p=0.25 c=0.50 derived
s8 context show:calc/core.py noul=0.84 p=0.84 c=0.68 derived
s8 context show:calc/__init__.py noul=0.07 p=0.07 c=0.86 derived
s8 context show:hypothesis/__init__.py noul=0.04 p=0.04 c=0.92 derived
s8 context show:hypothesis/strategies.py noul=0.04 p=0.04 c=0.92 derived
s8 context show:notes.txt noul=0.07 p=0.07 c=0.86 derived
s8 context show:pytest.ini noul=0.10 p=0.10 c=0.80 derived
s8 context show:README.md noul=0.05 p=0.05 c=0.90 derived
s8 context show:tests/test_core.py noul=0.36 p=0.36 c=0.28 derived
step 7/40  ⠏ context  wall 18m45s/30m  tokens gen 32.0k jev 94.3k  cost gen $0.083 jev $0.004 / cap $2.000
[?2026l[?2026h[2K[1A[2K[1A[2K[1A[2K[1A[2K[1A[2K[1A[2K[1A[2K[1A[2K[1A[2K[1A[2K[1A[2K[1A[2K[1A[2K[1A[2K[1A[2K[1A[2K[G────────────────────────────────────────────────────────────────────────────────────────────────────────────────────────
streaming action… 924 chars

s8 intent can_verify noul=0.35 p=0.35 c=0.30 derived
s8 intent can_fix_environment noul=0.03 p=0.03 c=0.94 derived
s8 intent can_finish noul=0.22 p=0.22 c=0.56 derived
s8 intent plan_still_valid noul=0.25 p=0.25 c=0.50 derived
s8 context show:calc/core.py noul=0.84 p=0.84 c=0.68 derived
s8 context show:calc/__init__.py noul=0.07 p=0.07 c=0.86 derived
s8 context show:hypothesis/__init__.py noul=0.04 p=0.04 c=0.92 derived
s8 context show:hypothesis/strategies.py noul=0.04 p=0.04 c=0.92 derived
s8 context show:notes.txt noul=0.07 p=0.07 c=0.86 derived
s8 context show:pytest.ini noul=0.10 p=0.10 c=0.80 derived
s8 context show:README.md noul=0.05 p=0.05 c=0.90 derived
s8 context show:tests/test_core.py noul=0.36 p=0.36 c=0.28 derived
step 7/40  ⠋ context  wall 18m45s/30m  tokens gen 32.0k jev 94.3k  cost gen $0.083 jev $0.004 / cap $2.000
[?2026l[?2026h[2K[1A[2K[1A[2K[1A[2K[1A[2K[1A[2K[1A[2K[1A[2K[1A[2K[1A[2K[1A[2K[1A[2K[1A[2K[1A[2K[1A[2K[1A[2K[1A[2K[G────────────────────────────────────────────────────────────────────────────────────────────────────────────────────────
streaming action… 924 chars

s8 intent can_verify noul=0.35 p=0.35 c=0.30 derived
s8 intent can_fix_environment noul=0.03 p=0.03 c=0.94 derived
s8 intent can_finish noul=0.22 p=0.22 c=0.56 derived
s8 intent plan_still_valid noul=0.25 p=0.25 c=0.50 derived
s8 context show:calc/core.py noul=0.84 p=0.84 c=0.68 derived
s8 context show:calc/__init__.py noul=0.07 p=0.07 c=0.86 derived
s8 context show:hypothesis/__init__.py noul=0.04 p=0.04 c=0.92 derived
s8 context show:hypothesis/strategies.py noul=0.04 p=0.04 c=0.92 derived
s8 context show:notes.txt noul=0.07 p=0.07 c=0.86 derived
s8 context show:pytest.ini noul=0.10 p=0.10 c=0.80 derived
s8 context show:README.md noul=0.05 p=0.05 c=0.90 derived
s8 context show:tests/test_core.py noul=0.36 p=0.36 c=0.28 derived
step 7/40  ⠙ context  wall 18m45s/30m  tokens gen 32.0k jev 94.3k  cost gen $0.083 jev $0.004 / cap $2.000
[?2026l[?2026h[2K[1A[2K[1A[2K[1A[2K[1A[2K[1A[2K[1A[2K[1A[2K[1A[2K[1A[2K[1A[2K[1A[2K[1A[2K[1A[2K[1A[2K[1A[2K[1A[2K[G[step 8] proposal read calc/core.py: Re-confirm via a fresh file read that all four functions in calc/core.py already
have one-line docstrings, providing fresh verification evidence. | plan done=4 remaining=2 open=1
────────────────────────────────────────────────────────────────────────────────────────────────────────────────────────


s8 intent can_verify noul=0.35 p=0.35 c=0.30 derived
s8 intent can_fix_environment noul=0.03 p=0.03 c=0.94 derived
s8 intent can_finish noul=0.22 p=0.22 c=0.56 derived
s8 intent plan_still_valid noul=0.25 p=0.25 c=0.50 derived
s8 context show:calc/core.py noul=0.84 p=0.84 c=0.68 derived
s8 context show:calc/__init__.py noul=0.07 p=0.07 c=0.86 derived
s8 context show:hypothesis/__init__.py noul=0.04 p=0.04 c=0.92 derived
s8 context show:hypothesis/strategies.py noul=0.04 p=0.04 c=0.92 derived
s8 context show:notes.txt noul=0.07 p=0.07 c=0.86 derived
s8 context show:pytest.ini noul=0.10 p=0.10 c=0.80 derived
s8 context show:README.md noul=0.05 p=0.05 c=0.90 derived
s8 context show:tests/test_core.py noul=0.36 p=0.36 c=0.28 derived
step 7/40  ⠙ propose  wall 18m51s/30m  tokens gen 38.0k jev 94.3k  cost gen $0.098 jev $0.004 / cap $2.000
[?2026l[?2026h[2K[1A[2K[1A[2K[1A[2K[1A[2K[1A[2K[1A[2K[1A[2K[1A[2K[1A[2K[1A[2K[1A[2K[1A[2K[1A[2K[1A[2K[1A[2K[1A[2K[G────────────────────────────────────────────────────────────────────────────────────────────────────────────────────────


s8 intent can_verify noul=0.35 p=0.35 c=0.30 derived
s8 intent can_fix_environment noul=0.03 p=0.03 c=0.94 derived
s8 intent can_finish noul=0.22 p=0.22 c=0.56 derived
s8 intent plan_still_valid noul=0.25 p=0.25 c=0.50 derived
s8 context show:calc/core.py noul=0.84 p=0.84 c=0.68 derived
s8 context show:calc/__init__.py noul=0.07 p=0.07 c=0.86 derived
s8 context show:hypothesis/__init__.py noul=0.04 p=0.04 c=0.92 derived
s8 context show:hypothesis/strategies.py noul=0.04 p=0.04 c=0.92 derived
s8 context show:notes.txt noul=0.07 p=0.07 c=0.86 derived
s8 context show:pytest.ini noul=0.10 p=0.10 c=0.80 derived
s8 context show:README.md noul=0.05 p=0.05 c=0.90 derived
s8 context show:tests/test_core.py noul=0.36 p=0.36 c=0.28 derived
step 7/40  ⠹ propose  wall 18m51s/30m  tokens gen 38.0k jev 94.3k  cost gen $0.098 jev $0.004 / cap $2.000
[?2026l[?2026h[2K[1A[2K[1A[2K[1A[2K[1A[2K[1A[2K[1A[2K[1A[2K[1A[2K[1A[2K[1A[2K[1A[2K[1A[2K[1A[2K[1A[2K[1A[2K[1A[2K[G────────────────────────────────────────────────────────────────────────────────────────────────────────────────────────


s8 intent can_verify noul=0.35 p=0.35 c=0.30 derived
s8 intent can_fix_environment noul=0.03 p=0.03 c=0.94 derived
s8 intent can_finish noul=0.22 p=0.22 c=0.56 derived
s8 intent plan_still_valid noul=0.25 p=0.25 c=0.50 derived
s8 context show:calc/core.py noul=0.84 p=0.84 c=0.68 derived
s8 context show:calc/__init__.py noul=0.07 p=0.07 c=0.86 derived
s8 context show:hypothesis/__init__.py noul=0.04 p=0.04 c=0.92 derived
s8 context show:hypothesis/strategies.py noul=0.04 p=0.04 c=0.92 derived
s8 context show:notes.txt noul=0.07 p=0.07 c=0.86 derived
s8 context show:pytest.ini noul=0.10 p=0.10 c=0.80 derived
s8 context show:README.md noul=0.05 p=0.05 c=0.90 derived
s8 context show:tests/test_core.py noul=0.36 p=0.36 c=0.28 derived
step 7/40  ⠸ propose  wall 18m51s/30m  tokens gen 38.0k jev 94.3k  cost gen $0.098 jev $0.004 / cap $2.000
[?2026l[?2026h[2K[1A[2K[1A[2K[1A[2K[1A[2K[1A[2K[1A[2K[1A[2K[1A[2K[1A[2K[1A[2K[1A[2K[1A[2K[1A[2K[1A[2K[1A[2K[1A[2K[G────────────────────────────────────────────────────────────────────────────────────────────────────────────────────────


s8 intent can_verify noul=0.35 p=0.35 c=0.30 derived
s8 intent can_fix_environment noul=0.03 p=0.03 c=0.94 derived
s8 intent can_finish noul=0.22 p=0.22 c=0.56 derived
s8 intent plan_still_valid noul=0.25 p=0.25 c=0.50 derived
s8 context show:calc/core.py noul=0.84 p=0.84 c=0.68 derived
s8 context show:calc/__init__.py noul=0.07 p=0.07 c=0.86 derived
s8 context show:hypothesis/__init__.py noul=0.04 p=0.04 c=0.92 derived
s8 context show:hypothesis/strategies.py noul=0.04 p=0.04 c=0.92 derived
s8 context show:notes.txt noul=0.07 p=0.07 c=0.86 derived
s8 context show:pytest.ini noul=0.10 p=0.10 c=0.80 derived
s8 context show:README.md noul=0.05 p=0.05 c=0.90 derived
s8 context show:tests/test_core.py noul=0.36 p=0.36 c=0.28 derived
step 7/40  ⠼ propose  wall 18m51s/30m  tokens gen 38.0k jev 94.3k  cost gen $0.098 jev $0.004 / cap $2.000
[?2026l[?2026h[2K[1A[2K[1A[2K[1A[2K[1A[2K[1A[2K[1A[2K[1A[2K[1A[2K[1A[2K[1A[2K[1A[2K[1A[2K[1A[2K[1A[2K[1A[2K[1A[2K[G[step 8] risk=0.18 ok: risk 0.18 (ok) from plan_mismatch: 0.18 probability of level 3 or above; dominant level 0
"matches `intent` and the plan"; Jev confidence 0.28
────────────────────────────────────────────────────────────────────────────────────────────────────────────────────────


s8 context show:calc/__init__.py noul=0.07 p=0.07 c=0.86 derived
s8 context show:hypothesis/__init__.py noul=0.04 p=0.04 c=0.92 derived
s8 context show:hypothesis/strategies.py noul=0.04 p=0.04 c=0.92 derived
s8 context show:notes.txt noul=0.07 p=0.07 c=0.86 derived
s8 context show:pytest.ini noul=0.10 p=0.10 c=0.80 derived
s8 context show:README.md noul=0.05 p=0.05 c=0.90 derived
s8 context show:tests/test_core.py noul=0.36 p=0.36 c=0.28 derived
s8 risk destructive score=0 p=1.00 c=1.00 [ok]
s8 risk out_of_scope score=0.65 p=0.57 c=0.63 [ok]
s8 risk plan_mismatch score=0.89 p=0.69 c=0.28 [ok]
s8 risk irreversible score=0 p=1.00 c=1.00 [ok]
s8 risk matches_intent noul=0.95 p=0.95 c=0.90 derived
step 7/40  ⠼ risk  wall 18m51s/30m  tokens gen 38.0k jev 98.3k  cost gen $0.098 jev $0.004 / cap $2.000
[?2026l[?2026h[2K[1A[2K[1A[2K[1A[2K[1A[2K[1A[2K[1A[2K[1A[2K[1A[2K[1A[2K[1A[2K[1A[2K[1A[2K[1A[2K[1A[2K[1A[2K[1A[2K[G[step 8] outcome executed: read 1 file(s)
────────────────────────────────────────────────────────────────────────────────────────────────────────────────────────


s8 context show:calc/__init__.py noul=0.07 p=0.07 c=0.86 derived
s8 context show:hypothesis/__init__.py noul=0.04 p=0.04 c=0.92 derived
s8 context show:hypothesis/strategies.py noul=0.04 p=0.04 c=0.92 derived
s8 context show:notes.txt noul=0.07 p=0.07 c=0.86 derived
s8 context show:pytest.ini noul=0.10 p=0.10 c=0.80 derived
s8 context show:README.md noul=0.05 p=0.05 c=0.90 derived
s8 context show:tests/test_core.py noul=0.36 p=0.36 c=0.28 derived
s8 risk destructive score=0 p=1.00 c=1.00 [ok]
s8 risk out_of_scope score=0.65 p=0.57 c=0.63 [ok]
s8 risk plan_mismatch score=0.89 p=0.69 c=0.28 [ok]
s8 risk irreversible score=0 p=1.00 c=1.00 [ok]
s8 risk matches_intent noul=0.95 p=0.95 c=0.90 derived
step 7/40  ⠼ execute  wall 18m51s/30m  tokens gen 38.0k jev 98.3k  cost gen $0.098 jev $0.004 / cap $2.000
[?2026l[?2026h[2K[1A[2K[1A[2K[1A[2K[1A[2K[1A[2K[1A[2K[1A[2K[1A[2K[1A[2K[1A[2K[1A[2K[1A[2K[1A[2K[1A[2K[1A[2K[1A[2K[G────────────────────────────────────────────────────────────────────────────────────────────────────────────────────────


s8 context show:calc/__init__.py noul=0.07 p=0.07 c=0.86 derived
s8 context show:hypothesis/__init__.py noul=0.04 p=0.04 c=0.92 derived
s8 context show:hypothesis/strategies.py noul=0.04 p=0.04 c=0.92 derived
s8 context show:notes.txt noul=0.07 p=0.07 c=0.86 derived
s8 context show:pytest.ini noul=0.10 p=0.10 c=0.80 derived
s8 context show:README.md noul=0.05 p=0.05 c=0.90 derived
s8 context show:tests/test_core.py noul=0.36 p=0.36 c=0.28 derived
s8 risk destructive score=0 p=1.00 c=1.00 [ok]
s8 risk out_of_scope score=0.65 p=0.57 c=0.63 [ok]
s8 risk plan_mismatch score=0.89 p=0.69 c=0.28 [ok]
s8 risk irreversible score=0 p=1.00 c=1.00 [ok]
s8 risk matches_intent noul=0.95 p=0.95 c=0.90 derived
step 7/40  ⠴ execute  wall 18m51s/30m  tokens gen 38.0k jev 98.3k  cost gen $0.098 jev $0.004 / cap $2.000
[?2026l[?2026h[2K[1A[2K[1A[2K[1A[2K[1A[2K[1A[2K[1A[2K[1A[2K[1A[2K[1A[2K[1A[2K[1A[2K[1A[2K[1A[2K[1A[2K[1A[2K[1A[2K[G────────────────────────────────────────────────────────────────────────────────────────────────────────────────────────


s8 context show:calc/__init__.py noul=0.07 p=0.07 c=0.86 derived
s8 context show:hypothesis/__init__.py noul=0.04 p=0.04 c=0.92 derived
s8 context show:hypothesis/strategies.py noul=0.04 p=0.04 c=0.92 derived
s8 context show:notes.txt noul=0.07 p=0.07 c=0.86 derived
s8 context show:pytest.ini noul=0.10 p=0.10 c=0.80 derived
s8 context show:README.md noul=0.05 p=0.05 c=0.90 derived
s8 context show:tests/test_core.py noul=0.36 p=0.36 c=0.28 derived
s8 risk destructive score=0 p=1.00 c=1.00 [ok]
s8 risk out_of_scope score=0.65 p=0.57 c=0.63 [ok]
s8 risk plan_mismatch score=0.89 p=0.69 c=0.28 [ok]
s8 risk irreversible score=0 p=1.00 c=1.00 [ok]
s8 risk matches_intent noul=0.95 p=0.95 c=0.90 derived
step 7/40  ⠦ execute  wall 18m51s/30m  tokens gen 38.0k jev 98.3k  cost gen $0.098 jev $0.004 / cap $2.000
[?2026l[?2026h[2K[1A[2K[1A[2K[1A[2K[1A[2K[1A[2K[1A[2K[1A[2K[1A[2K[1A[2K[1A[2K[1A[2K[1A[2K[1A[2K[1A[2K[1A[2K[1A[2K[G[step 8] judge succeeded=0.87 error_present=0.00 new_info=0.12 tests=none claims=2/4 completion=0.78
[step 8] plan done=8 remaining=7 unverified=3 problems=5 unverified: "Ran tests with pytest -q (8 passed, 0 failed)
(step 3)"; "Ran tests with pytest -q (8 passed, 0 failed) (step 4)"
────────────────────────────────────────────────────────────────────────────────────────────────────────────────────────


s8 risk destructive score=0 p=1.00 c=1.00 [ok]
s8 risk out_of_scope score=0.65 p=0.57 c=0.63 [ok]
s8 risk plan_mismatch score=0.89 p=0.69 c=0.28 [ok]
s8 risk irreversible score=0 p=1.00 c=1.00 [ok]
s8 risk matches_intent noul=0.95 p=0.95 c=0.90 derived
s8 judge succeeded noul=0.87 p=0.87 c=0.74 derived
s8 judge new_information noul=0.12 p=0.12 c=0.76 derived
s8 judge done_0 noul=0.31 p=0.31 c=0.38 derived
s8 judge done_1 noul=0.35 p=0.35 c=0.30 derived
s8 judge done_2 noul=0.90 p=0.90 c=0.80 derived
s8 judge done_3 noul=0.94 p=0.94 c=0.88 derived
s8 complete task_complete noul=0.78 p=0.78 c=0.56 derived
step 8/40  ⠦ judge  wall 18m52s/30m  tokens gen 38.0k jev 103.6k  cost gen $0.098 jev $0.004 / cap $2.000
[?2026l[?2026h[2K[1A[2K[1A[2K[1A[2K[1A[2K[1A[2K[1A[2K[1A[2K[1A[2K[1A[2K[1A[2K[1A[2K[1A[2K[1A[2K[1A[2K[1A[2K[1A[2K[G────────────────────────────────────────────────────────────────────────────────────────────────────────────────────────


s8 risk destructive score=0 p=1.00 c=1.00 [ok]
s8 risk out_of_scope score=0.65 p=0.57 c=0.63 [ok]
s8 risk plan_mismatch score=0.89 p=0.69 c=0.28 [ok]
s8 risk irreversible score=0 p=1.00 c=1.00 [ok]
s8 risk matches_intent noul=0.95 p=0.95 c=0.90 derived
s8 judge succeeded noul=0.87 p=0.87 c=0.74 derived
s8 judge new_information noul=0.12 p=0.12 c=0.76 derived
s8 judge done_0 noul=0.31 p=0.31 c=0.38 derived
s8 judge done_1 noul=0.35 p=0.35 c=0.30 derived
s8 judge done_2 noul=0.90 p=0.90 c=0.80 derived
s8 judge done_3 noul=0.94 p=0.94 c=0.88 derived
s8 complete task_complete noul=0.78 p=0.78 c=0.56 derived
step 8/40  ⠧ judge  wall 18m52s/30m  tokens gen 38.0k jev 103.6k  cost gen $0.098 jev $0.004 / cap $2.000
[?2026l[?2026h[2K[1A[2K[1A[2K[1A[2K[1A[2K[1A[2K[1A[2K[1A[2K[1A[2K[1A[2K[1A[2K[1A[2K[1A[2K[1A[2K[1A[2K[1A[2K[1A[2K[G────────────────────────────────────────────────────────────────────────────────────────────────────────────────────────


s8 risk destructive score=0 p=1.00 c=1.00 [ok]
s8 risk out_of_scope score=0.65 p=0.57 c=0.63 [ok]
s8 risk plan_mismatch score=0.89 p=0.69 c=0.28 [ok]
s8 risk irreversible score=0 p=1.00 c=1.00 [ok]
s8 risk matches_intent noul=0.95 p=0.95 c=0.90 derived
s8 judge succeeded noul=0.87 p=0.87 c=0.74 derived
s8 judge new_information noul=0.12 p=0.12 c=0.76 derived
s8 judge done_0 noul=0.31 p=0.31 c=0.38 derived
s8 judge done_1 noul=0.35 p=0.35 c=0.30 derived
s8 judge done_2 noul=0.90 p=0.90 c=0.80 derived
s8 judge done_3 noul=0.94 p=0.94 c=0.88 derived
s8 complete task_complete noul=0.78 p=0.78 c=0.56 derived
step 8/40  ⠇ judge  wall 18m52s/30m  tokens gen 38.0k jev 103.6k  cost gen $0.098 jev $0.004 / cap $2.000
[?2026l[?2026h[2K[1A[2K[1A[2K[1A[2K[1A[2K[1A[2K[1A[2K[1A[2K[1A[2K[1A[2K[1A[2K[1A[2K[1A[2K[1A[2K[1A[2K[1A[2K[1A[2K[G[step 9] intent=investigate p=0.80 c=0.76 (jev answered finish)
────────────────────────────────────────────────────────────────────────────────────────────────────────────────────────


s8 judge done_0 noul=0.31 p=0.31 c=0.38 derived
s8 judge done_1 noul=0.35 p=0.35 c=0.30 derived
s8 judge done_2 noul=0.90 p=0.90 c=0.80 derived
s8 judge done_3 noul=0.94 p=0.94 c=0.88 derived
s8 complete task_complete noul=0.78 p=0.78 c=0.56 derived
s9 intent intent choice=finish p=0.80 c=0.76 [fallback]
s9 intent can_investigate noul=0.24 p=0.24 c=0.52 derived
s9 intent can_edit noul=0.08 p=0.08 c=0.84 derived
s9 intent can_verify noul=0.29 p=0.29 c=0.42 derived
s9 intent can_fix_environment noul=0.03 p=0.03 c=0.94 derived
s9 intent can_finish noul=0.44 p=0.44 c=0.12 derived
s9 intent plan_still_valid noul=0.24 p=0.24 c=0.52 derived
step 8/40  ⠇ intent  wall 18m52s/30m  tokens gen 38.0k jev 108.5k  cost gen $0.098 jev $0.004 / cap $2.000
[?2026l[?2026h[2K[1A[2K[1A[2K[1A[2K[1A[2K[1A[2K[1A[2K[1A[2K[1A[2K[1A[2K[1A[2K[1A[2K[1A[2K[1A[2K[1A[2K[1A[2K[1A[2K[G────────────────────────────────────────────────────────────────────────────────────────────────────────────────────────


s8 judge done_0 noul=0.31 p=0.31 c=0.38 derived
s8 judge done_1 noul=0.35 p=0.35 c=0.30 derived
s8 judge done_2 noul=0.90 p=0.90 c=0.80 derived
s8 judge done_3 noul=0.94 p=0.94 c=0.88 derived
s8 complete task_complete noul=0.78 p=0.78 c=0.56 derived
s9 intent intent choice=finish p=0.80 c=0.76 [fallback]
s9 intent can_investigate noul=0.24 p=0.24 c=0.52 derived
s9 intent can_edit noul=0.08 p=0.08 c=0.84 derived
s9 intent can_verify noul=0.29 p=0.29 c=0.42 derived
s9 intent can_fix_environment noul=0.03 p=0.03 c=0.94 derived
s9 intent can_finish noul=0.44 p=0.44 c=0.12 derived
s9 intent plan_still_valid noul=0.24 p=0.24 c=0.52 derived
step 8/40  ⠏ intent  wall 18m52s/30m  tokens gen 38.0k jev 108.5k  cost gen $0.098 jev $0.004 / cap $2.000
[?2026l[?2026h[2K[1A[2K[1A[2K[1A[2K[1A[2K[1A[2K[1A[2K[1A[2K[1A[2K[1A[2K[1A[2K[1A[2K[1A[2K[1A[2K[1A[2K[1A[2K[1A[2K[G────────────────────────────────────────────────────────────────────────────────────────────────────────────────────────


s9 intent can_verify noul=0.29 p=0.29 c=0.42 derived
s9 intent can_fix_environment noul=0.03 p=0.03 c=0.94 derived
s9 intent can_finish noul=0.44 p=0.44 c=0.12 derived
s9 intent plan_still_valid noul=0.24 p=0.24 c=0.52 derived
s9 context show:calc/core.py noul=0.80 p=0.80 c=0.60 derived
s9 context show:calc/__init__.py noul=0.07 p=0.07 c=0.86 derived
s9 context show:hypothesis/__init__.py noul=0.04 p=0.04 c=0.92 derived
s9 context show:hypothesis/strategies.py noul=0.04 p=0.04 c=0.92 derived
s9 context show:notes.txt noul=0.07 p=0.07 c=0.86 derived
s9 context show:pytest.ini noul=0.08 p=0.08 c=0.84 derived
s9 context show:README.md noul=0.04 p=0.04 c=0.92 derived
s9 context show:tests/test_core.py noul=0.31 p=0.31 c=0.38 derived
step 8/40  ⠏ intent  wall 18m52s/30m  tokens gen 38.0k jev 108.5k  cost gen $0.098 jev $0.004 / cap $2.000
[?2026l[?2026h[2K[1A[2K[1A[2K[1A[2K[1A[2K[1A[2K[1A[2K[1A[2K[1A[2K[1A[2K[1A[2K[1A[2K[1A[2K[1A[2K[1A[2K[1A[2K[1A[2K[G[step 9] context 1 files 1.1kB of 8 candidates: calc/core.py
────────────────────────────────────────────────────────────────────────────────────────────────────────────────────────


s9 intent can_verify noul=0.29 p=0.29 c=0.42 derived
s9 intent can_fix_environment noul=0.03 p=0.03 c=0.94 derived
s9 intent can_finish noul=0.44 p=0.44 c=0.12 derived
s9 intent plan_still_valid noul=0.24 p=0.24 c=0.52 derived
s9 context show:calc/core.py noul=0.80 p=0.80 c=0.60 derived
s9 context show:calc/__init__.py noul=0.07 p=0.07 c=0.86 derived
s9 context show:hypothesis/__init__.py noul=0.04 p=0.04 c=0.92 derived
s9 context show:hypothesis/strategies.py noul=0.04 p=0.04 c=0.92 derived
s9 context show:notes.txt noul=0.07 p=0.07 c=0.86 derived
s9 context show:pytest.ini noul=0.08 p=0.08 c=0.84 derived
s9 context show:README.md noul=0.04 p=0.04 c=0.92 derived
s9 context show:tests/test_core.py noul=0.31 p=0.31 c=0.38 derived
step 8/40  ⠏ context  wall 18m52s/30m  tokens gen 38.0k jev 113.1k  cost gen $0.098 jev $0.005 / cap $2.000
[?2026l[?2026h[2K[1A[2K[1A[2K[1A[2K[1A[2K[1A[2K[1A[2K[1A[2K[1A[2K[1A[2K[1A[2K[1A[2K[1A[2K[1A[2K[1A[2K[1A[2K[1A[2K[G────────────────────────────────────────────────────────────────────────────────────────────────────────────────────────


s9 intent can_verify noul=0.29 p=0.29 c=0.42 derived
s9 intent can_fix_environment noul=0.03 p=0.03 c=0.94 derived
s9 intent can_finish noul=0.44 p=0.44 c=0.12 derived
s9 intent plan_still_valid noul=0.24 p=0.24 c=0.52 derived
s9 context show:calc/core.py noul=0.80 p=0.80 c=0.60 derived
s9 context show:calc/__init__.py noul=0.07 p=0.07 c=0.86 derived
s9 context show:hypothesis/__init__.py noul=0.04 p=0.04 c=0.92 derived
s9 context show:hypothesis/strategies.py noul=0.04 p=0.04 c=0.92 derived
s9 context show:notes.txt noul=0.07 p=0.07 c=0.86 derived
s9 context show:pytest.ini noul=0.08 p=0.08 c=0.84 derived
s9 context show:README.md noul=0.04 p=0.04 c=0.92 derived
s9 context show:tests/test_core.py noul=0.31 p=0.31 c=0.38 derived
step 8/40  ⠋ context  wall 18m52s/30m  tokens gen 38.0k jev 113.1k  cost gen $0.098 jev $0.005 / cap $2.000
[?2026l[?2026h[2K[1A[2K[1A[2K[1A[2K[1A[2K[1A[2K[1A[2K[1A[2K[1A[2K[1A[2K[1A[2K[1A[2K[1A[2K[1A[2K[1A[2K[1A[2K[1A[2K[G────────────────────────────────────────────────────────────────────────────────────────────────────────────────────────


s9 intent can_verify noul=0.29 p=0.29 c=0.42 derived
s9 intent can_fix_environment noul=0.03 p=0.03 c=0.94 derived
s9 intent can_finish noul=0.44 p=0.44 c=0.12 derived
s9 intent plan_still_valid noul=0.24 p=0.24 c=0.52 derived
s9 context show:calc/core.py noul=0.80 p=0.80 c=0.60 derived
s9 context show:calc/__init__.py noul=0.07 p=0.07 c=0.86 derived
s9 context show:hypothesis/__init__.py noul=0.04 p=0.04 c=0.92 derived
s9 context show:hypothesis/strategies.py noul=0.04 p=0.04 c=0.92 derived
s9 context show:notes.txt noul=0.07 p=0.07 c=0.86 derived
s9 context show:pytest.ini noul=0.08 p=0.08 c=0.84 derived
s9 context show:README.md noul=0.04 p=0.04 c=0.92 derived
s9 context show:tests/test_core.py noul=0.31 p=0.31 c=0.38 derived
step 8/40  ⠙ context  wall 18m52s/30m  tokens gen 38.0k jev 113.1k  cost gen $0.098 jev $0.005 / cap $2.000
[?2026l[?2026h[2K[1A[2K[1A[2K[1A[2K[1A[2K[1A[2K[1A[2K[1A[2K[1A[2K[1A[2K[1A[2K[1A[2K[1A[2K[1A[2K[1A[2K[1A[2K[1A[2K[G────────────────────────────────────────────────────────────────────────────────────────────────────────────────────────


s9 intent can_verify noul=0.29 p=0.29 c=0.42 derived
s9 intent can_fix_environment noul=0.03 p=0.03 c=0.94 derived
s9 intent can_finish noul=0.44 p=0.44 c=0.12 derived
s9 intent plan_still_valid noul=0.24 p=0.24 c=0.52 derived
s9 context show:calc/core.py noul=0.80 p=0.80 c=0.60 derived
s9 context show:calc/__init__.py noul=0.07 p=0.07 c=0.86 derived
s9 context show:hypothesis/__init__.py noul=0.04 p=0.04 c=0.92 derived
s9 context show:hypothesis/strategies.py noul=0.04 p=0.04 c=0.92 derived
s9 context show:notes.txt noul=0.07 p=0.07 c=0.86 derived
s9 context show:pytest.ini noul=0.08 p=0.08 c=0.84 derived
s9 context show:README.md noul=0.04 p=0.04 c=0.92 derived
s9 context show:tests/test_core.py noul=0.31 p=0.31 c=0.38 derived
step 8/40  ⠹ context  wall 18m52s/30m  tokens gen 38.0k jev 113.1k  cost gen $0.098 jev $0.005 / cap $2.000
[?2026l[?2026h[2K[1A[2K[1A[2K[1A[2K[1A[2K[1A[2K[1A[2K[1A[2K[1A[2K[1A[2K[1A[2K[1A[2K[1A[2K[1A[2K[1A[2K[1A[2K[1A[2K[G────────────────────────────────────────────────────────────────────────────────────────────────────────────────────────


s9 intent can_verify noul=0.29 p=0.29 c=0.42 derived
s9 intent can_fix_environment noul=0.03 p=0.03 c=0.94 derived
s9 intent can_finish noul=0.44 p=0.44 c=0.12 derived
s9 intent plan_still_valid noul=0.24 p=0.24 c=0.52 derived
s9 context show:calc/core.py noul=0.80 p=0.80 c=0.60 derived
s9 context show:calc/__init__.py noul=0.07 p=0.07 c=0.86 derived
s9 context show:hypothesis/__init__.py noul=0.04 p=0.04 c=0.92 derived
s9 context show:hypothesis/strategies.py noul=0.04 p=0.04 c=0.92 derived
s9 context show:notes.txt noul=0.07 p=0.07 c=0.86 derived
s9 context show:pytest.ini noul=0.08 p=0.08 c=0.84 derived
s9 context show:README.md noul=0.04 p=0.04 c=0.92 derived
s9 context show:tests/test_core.py noul=0.31 p=0.31 c=0.38 derived
step 8/40  ⠸ context  wall 18m52s/30m  tokens gen 38.0k jev 113.1k  cost gen $0.098 jev $0.005 / cap $2.000
[?2026l[?2026h[2K[1A[2K[1A[2K[1A[2K[1A[2K[1A[2K[1A[2K[1A[2K[1A[2K[1A[2K[1A[2K[1A[2K[1A[2K[1A[2K[1A[2K[1A[2K[1A[2K[G────────────────────────────────────────────────────────────────────────────────────────────────────────────────────────


s9 intent can_verify noul=0.29 p=0.29 c=0.42 derived
s9 intent can_fix_environment noul=0.03 p=0.03 c=0.94 derived
s9 intent can_finish noul=0.44 p=0.44 c=0.12 derived
s9 intent plan_still_valid noul=0.24 p=0.24 c=0.52 derived
s9 context show:calc/core.py noul=0.80 p=0.80 c=0.60 derived
s9 context show:calc/__init__.py noul=0.07 p=0.07 c=0.86 derived
s9 context show:hypothesis/__init__.py noul=0.04 p=0.04 c=0.92 derived
s9 context show:hypothesis/strategies.py noul=0.04 p=0.04 c=0.92 derived
s9 context show:notes.txt noul=0.07 p=0.07 c=0.86 derived
s9 context show:pytest.ini noul=0.08 p=0.08 c=0.84 derived
s9 context show:README.md noul=0.04 p=0.04 c=0.92 derived
s9 context show:tests/test_core.py noul=0.31 p=0.31 c=0.38 derived
step 8/40  ⠼ context  wall 18m52s/30m  tokens gen 38.0k jev 113.1k  cost gen $0.098 jev $0.005 / cap $2.000
[?2026l[?2026h[2K[1A[2K[1A[2K[1A[2K[1A[2K[1A[2K[1A[2K[1A[2K[1A[2K[1A[2K[1A[2K[1A[2K[1A[2K[1A[2K[1A[2K[1A[2K[1A[2K[G────────────────────────────────────────────────────────────────────────────────────────────────────────────────────────


s9 intent can_verify noul=0.29 p=0.29 c=0.42 derived
s9 intent can_fix_environment noul=0.03 p=0.03 c=0.94 derived
s9 intent can_finish noul=0.44 p=0.44 c=0.12 derived
s9 intent plan_still_valid noul=0.24 p=0.24 c=0.52 derived
s9 context show:calc/core.py noul=0.80 p=0.80 c=0.60 derived
s9 context show:calc/__init__.py noul=0.07 p=0.07 c=0.86 derived
s9 context show:hypothesis/__init__.py noul=0.04 p=0.04 c=0.92 derived
s9 context show:hypothesis/strategies.py noul=0.04 p=0.04 c=0.92 derived
s9 context show:notes.txt noul=0.07 p=0.07 c=0.86 derived
s9 context show:pytest.ini noul=0.08 p=0.08 c=0.84 derived
s9 context show:README.md noul=0.04 p=0.04 c=0.92 derived
s9 context show:tests/test_core.py noul=0.31 p=0.31 c=0.38 derived
step 8/40  ⠴ context  wall 18m52s/30m  tokens gen 38.0k jev 113.1k  cost gen $0.098 jev $0.005 / cap $2.000
[?2026l[?2026h[2K[1A[2K[1A[2K[1A[2K[1A[2K[1A[2K[1A[2K[1A[2K[1A[2K[1A[2K[1A[2K[1A[2K[1A[2K[1A[2K[1A[2K[1A[2K[1A[2K[G────────────────────────────────────────────────────────────────────────────────────────────────────────────────────────


s9 intent can_verify noul=0.29 p=0.29 c=0.42 derived
s9 intent can_fix_environment noul=0.03 p=0.03 c=0.94 derived
s9 intent can_finish noul=0.44 p=0.44 c=0.12 derived
s9 intent plan_still_valid noul=0.24 p=0.24 c=0.52 derived
s9 context show:calc/core.py noul=0.80 p=0.80 c=0.60 derived
s9 context show:calc/__init__.py noul=0.07 p=0.07 c=0.86 derived
s9 context show:hypothesis/__init__.py noul=0.04 p=0.04 c=0.92 derived
s9 context show:hypothesis/strategies.py noul=0.04 p=0.04 c=0.92 derived
s9 context show:notes.txt noul=0.07 p=0.07 c=0.86 derived
s9 context show:pytest.ini noul=0.08 p=0.08 c=0.84 derived
s9 context show:README.md noul=0.04 p=0.04 c=0.92 derived
s9 context show:tests/test_core.py noul=0.31 p=0.31 c=0.38 derived
step 8/40  ⠦ context  wall 18m52s/30m  tokens gen 38.0k jev 113.1k  cost gen $0.098 jev $0.005 / cap $2.000
[?2026l[?2026h[2K[1A[2K[1A[2K[1A[2K[1A[2K[1A[2K[1A[2K[1A[2K[1A[2K[1A[2K[1A[2K[1A[2K[1A[2K[1A[2K[1A[2K[1A[2K[1A[2K[G────────────────────────────────────────────────────────────────────────────────────────────────────────────────────────


s9 intent can_verify noul=0.29 p=0.29 c=0.42 derived
s9 intent can_fix_environment noul=0.03 p=0.03 c=0.94 derived
s9 intent can_finish noul=0.44 p=0.44 c=0.12 derived
s9 intent plan_still_valid noul=0.24 p=0.24 c=0.52 derived
s9 context show:calc/core.py noul=0.80 p=0.80 c=0.60 derived
s9 context show:calc/__init__.py noul=0.07 p=0.07 c=0.86 derived
s9 context show:hypothesis/__init__.py noul=0.04 p=0.04 c=0.92 derived
s9 context show:hypothesis/strategies.py noul=0.04 p=0.04 c=0.92 derived
s9 context show:notes.txt noul=0.07 p=0.07 c=0.86 derived
s9 context show:pytest.ini noul=0.08 p=0.08 c=0.84 derived
s9 context show:README.md noul=0.04 p=0.04 c=0.92 derived
s9 context show:tests/test_core.py noul=0.31 p=0.31 c=0.38 derived
step 8/40  ⠧ context  wall 18m52s/30m  tokens gen 38.0k jev 113.1k  cost gen $0.098 jev $0.005 / cap $2.000
[?2026l[?2026h[2K[1A[2K[1A[2K[1A[2K[1A[2K[1A[2K[1A[2K[1A[2K[1A[2K[1A[2K[1A[2K[1A[2K[1A[2K[1A[2K[1A[2K[1A[2K[1A[2K[G────────────────────────────────────────────────────────────────────────────────────────────────────────────────────────


s9 intent can_verify noul=0.29 p=0.29 c=0.42 derived
s9 intent can_fix_environment noul=0.03 p=0.03 c=0.94 derived
s9 intent can_finish noul=0.44 p=0.44 c=0.12 derived
s9 intent plan_still_valid noul=0.24 p=0.24 c=0.52 derived
s9 context show:calc/core.py noul=0.80 p=0.80 c=0.60 derived
s9 context show:calc/__init__.py noul=0.07 p=0.07 c=0.86 derived
s9 context show:hypothesis/__init__.py noul=0.04 p=0.04 c=0.92 derived
s9 context show:hypothesis/strategies.py noul=0.04 p=0.04 c=0.92 derived
s9 context show:notes.txt noul=0.07 p=0.07 c=0.86 derived
s9 context show:pytest.ini noul=0.08 p=0.08 c=0.84 derived
s9 context show:README.md noul=0.04 p=0.04 c=0.92 derived
s9 context show:tests/test_core.py noul=0.31 p=0.31 c=0.38 derived
step 8/40  ⠇ context  wall 18m52s/30m  tokens gen 38.0k jev 113.1k  cost gen $0.098 jev $0.005 / cap $2.000
[?2026l[?2026h[2K[1A[2K[1A[2K[1A[2K[1A[2K[1A[2K[1A[2K[1A[2K[1A[2K[1A[2K[1A[2K[1A[2K[1A[2K[1A[2K[1A[2K[1A[2K[1A[2K[G────────────────────────────────────────────────────────────────────────────────────────────────────────────────────────


s9 intent can_verify noul=0.29 p=0.29 c=0.42 derived
s9 intent can_fix_environment noul=0.03 p=0.03 c=0.94 derived
s9 intent can_finish noul=0.44 p=0.44 c=0.12 derived
s9 intent plan_still_valid noul=0.24 p=0.24 c=0.52 derived
s9 context show:calc/core.py noul=0.80 p=0.80 c=0.60 derived
s9 context show:calc/__init__.py noul=0.07 p=0.07 c=0.86 derived
s9 context show:hypothesis/__init__.py noul=0.04 p=0.04 c=0.92 derived
s9 context show:hypothesis/strategies.py noul=0.04 p=0.04 c=0.92 derived
s9 context show:notes.txt noul=0.07 p=0.07 c=0.86 derived
s9 context show:pytest.ini noul=0.08 p=0.08 c=0.84 derived
s9 context show:README.md noul=0.04 p=0.04 c=0.92 derived
s9 context show:tests/test_core.py noul=0.31 p=0.31 c=0.38 derived
step 8/40  ⠏ context  wall 18m52s/30m  tokens gen 38.0k jev 113.1k  cost gen $0.098 jev $0.005 / cap $2.000
[?2026l[?2026h[2K[1A[2K[1A[2K[1A[2K[1A[2K[1A[2K[1A[2K[1A[2K[1A[2K[1A[2K[1A[2K[1A[2K[1A[2K[1A[2K[1A[2K[1A[2K[1A[2K[G────────────────────────────────────────────────────────────────────────────────────────────────────────────────────────


s9 intent can_verify noul=0.29 p=0.29 c=0.42 derived
s9 intent can_fix_environment noul=0.03 p=0.03 c=0.94 derived
s9 intent can_finish noul=0.44 p=0.44 c=0.12 derived
s9 intent plan_still_valid noul=0.24 p=0.24 c=0.52 derived
s9 context show:calc/core.py noul=0.80 p=0.80 c=0.60 derived
s9 context show:calc/__init__.py noul=0.07 p=0.07 c=0.86 derived
s9 context show:hypothesis/__init__.py noul=0.04 p=0.04 c=0.92 derived
s9 context show:hypothesis/strategies.py noul=0.04 p=0.04 c=0.92 derived
s9 context show:notes.txt noul=0.07 p=0.07 c=0.86 derived
s9 context show:pytest.ini noul=0.08 p=0.08 c=0.84 derived
s9 context show:README.md noul=0.04 p=0.04 c=0.92 derived
s9 context show:tests/test_core.py noul=0.31 p=0.31 c=0.38 derived
step 8/40  ⠋ context  wall 18m52s/30m  tokens gen 38.0k jev 113.1k  cost gen $0.098 jev $0.005 / cap $2.000
[?2026l[?2026h[2K[1A[2K[1A[2K[1A[2K[1A[2K[1A[2K[1A[2K[1A[2K[1A[2K[1A[2K[1A[2K[1A[2K[1A[2K[1A[2K[1A[2K[1A[2K[1A[2K[G────────────────────────────────────────────────────────────────────────────────────────────────────────────────────────


s9 intent can_verify noul=0.29 p=0.29 c=0.42 derived
s9 intent can_fix_environment noul=0.03 p=0.03 c=0.94 derived
s9 intent can_finish noul=0.44 p=0.44 c=0.12 derived
s9 intent plan_still_valid noul=0.24 p=0.24 c=0.52 derived
s9 context show:calc/core.py noul=0.80 p=0.80 c=0.60 derived
s9 context show:calc/__init__.py noul=0.07 p=0.07 c=0.86 derived
s9 context show:hypothesis/__init__.py noul=0.04 p=0.04 c=0.92 derived
s9 context show:hypothesis/strategies.py noul=0.04 p=0.04 c=0.92 derived
s9 context show:notes.txt noul=0.07 p=0.07 c=0.86 derived
s9 context show:pytest.ini noul=0.08 p=0.08 c=0.84 derived
s9 context show:README.md noul=0.04 p=0.04 c=0.92 derived
s9 context show:tests/test_core.py noul=0.31 p=0.31 c=0.38 derived
step 8/40  ⠙ context  wall 18m52s/30m  tokens gen 38.0k jev 113.1k  cost gen $0.098 jev $0.005 / cap $2.000
[?2026l[?2026h[2K[1A[2K[1A[2K[1A[2K[1A[2K[1A[2K[1A[2K[1A[2K[1A[2K[1A[2K[1A[2K[1A[2K[1A[2K[1A[2K[1A[2K[1A[2K[1A[2K[G────────────────────────────────────────────────────────────────────────────────────────────────────────────────────────
streaming action… 82 chars

s9 intent can_verify noul=0.29 p=0.29 c=0.42 derived
s9 intent can_fix_environment noul=0.03 p=0.03 c=0.94 derived
s9 intent can_finish noul=0.44 p=0.44 c=0.12 derived
s9 intent plan_still_valid noul=0.24 p=0.24 c=0.52 derived
s9 context show:calc/core.py noul=0.80 p=0.80 c=0.60 derived
s9 context show:calc/__init__.py noul=0.07 p=0.07 c=0.86 derived
s9 context show:hypothesis/__init__.py noul=0.04 p=0.04 c=0.92 derived
s9 context show:hypothesis/strategies.py noul=0.04 p=0.04 c=0.92 derived
s9 context show:notes.txt noul=0.07 p=0.07 c=0.86 derived
s9 context show:pytest.ini noul=0.08 p=0.08 c=0.84 derived
s9 context show:README.md noul=0.04 p=0.04 c=0.92 derived
s9 context show:tests/test_core.py noul=0.31 p=0.31 c=0.38 derived
step 8/40  ⠙ context  wall 18m52s/30m  tokens gen 38.0k jev 113.1k  cost gen $0.098 jev $0.005 / cap $2.000
[?2026l[?2026h[2K[1A[2K[1A[2K[1A[2K[1A[2K[1A[2K[1A[2K[1A[2K[1A[2K[1A[2K[1A[2K[1A[2K[1A[2K[1A[2K[1A[2K[1A[2K[1A[2K[G────────────────────────────────────────────────────────────────────────────────────────────────────────────────────────
streaming action… 82 chars

s9 intent can_verify noul=0.29 p=0.29 c=0.42 derived
s9 intent can_fix_environment noul=0.03 p=0.03 c=0.94 derived
s9 intent can_finish noul=0.44 p=0.44 c=0.12 derived
s9 intent plan_still_valid noul=0.24 p=0.24 c=0.52 derived
s9 context show:calc/core.py noul=0.80 p=0.80 c=0.60 derived
s9 context show:calc/__init__.py noul=0.07 p=0.07 c=0.86 derived
s9 context show:hypothesis/__init__.py noul=0.04 p=0.04 c=0.92 derived
s9 context show:hypothesis/strategies.py noul=0.04 p=0.04 c=0.92 derived
s9 context show:notes.txt noul=0.07 p=0.07 c=0.86 derived
s9 context show:pytest.ini noul=0.08 p=0.08 c=0.84 derived
s9 context show:README.md noul=0.04 p=0.04 c=0.92 derived
s9 context show:tests/test_core.py noul=0.31 p=0.31 c=0.38 derived
step 8/40  ⠹ context  wall 18m52s/30m  tokens gen 38.0k jev 113.1k  cost gen $0.098 jev $0.005 / cap $2.000
[?2026l[?2026h[2K[1A[2K[1A[2K[1A[2K[1A[2K[1A[2K[1A[2K[1A[2K[1A[2K[1A[2K[1A[2K[1A[2K[1A[2K[1A[2K[1A[2K[1A[2K[1A[2K[G────────────────────────────────────────────────────────────────────────────────────────────────────────────────────────
streaming action… 82 chars

s9 intent can_verify noul=0.29 p=0.29 c=0.42 derived
s9 intent can_fix_environment noul=0.03 p=0.03 c=0.94 derived
s9 intent can_finish noul=0.44 p=0.44 c=0.12 derived
s9 intent plan_still_valid noul=0.24 p=0.24 c=0.52 derived
s9 context show:calc/core.py noul=0.80 p=0.80 c=0.60 derived
s9 context show:calc/__init__.py noul=0.07 p=0.07 c=0.86 derived
s9 context show:hypothesis/__init__.py noul=0.04 p=0.04 c=0.92 derived
s9 context show:hypothesis/strategies.py noul=0.04 p=0.04 c=0.92 derived
s9 context show:notes.txt noul=0.07 p=0.07 c=0.86 derived
s9 context show:pytest.ini noul=0.08 p=0.08 c=0.84 derived
s9 context show:README.md noul=0.04 p=0.04 c=0.92 derived
s9 context show:tests/test_core.py noul=0.31 p=0.31 c=0.38 derived
step 8/40  ⠸ context  wall 18m52s/30m  tokens gen 38.0k jev 113.1k  cost gen $0.098 jev $0.005 / cap $2.000
[?2026l[?2026h[2K[1A[2K[1A[2K[1A[2K[1A[2K[1A[2K[1A[2K[1A[2K[1A[2K[1A[2K[1A[2K[1A[2K[1A[2K[1A[2K[1A[2K[1A[2K[1A[2K[G────────────────────────────────────────────────────────────────────────────────────────────────────────────────────────
streaming action… 148 chars

s9 intent can_verify noul=0.29 p=0.29 c=0.42 derived
s9 intent can_fix_environment noul=0.03 p=0.03 c=0.94 derived
s9 intent can_finish noul=0.44 p=0.44 c=0.12 derived
s9 intent plan_still_valid noul=0.24 p=0.24 c=0.52 derived
s9 context show:calc/core.py noul=0.80 p=0.80 c=0.60 derived
s9 context show:calc/__init__.py noul=0.07 p=0.07 c=0.86 derived
s9 context show:hypothesis/__init__.py noul=0.04 p=0.04 c=0.92 derived
s9 context show:hypothesis/strategies.py noul=0.04 p=0.04 c=0.92 derived
s9 context show:notes.txt noul=0.07 p=0.07 c=0.86 derived
s9 context show:pytest.ini noul=0.08 p=0.08 c=0.84 derived
s9 context show:README.md noul=0.04 p=0.04 c=0.92 derived
s9 context show:tests/test_core.py noul=0.31 p=0.31 c=0.38 derived
step 8/40  ⠸ context  wall 18m52s/30m  tokens gen 38.0k jev 113.1k  cost gen $0.098 jev $0.005 / cap $2.000
[?2026l[?2026h[2K[1A[2K[1A[2K[1A[2K[1A[2K[1A[2K[1A[2K[1A[2K[1A[2K[1A[2K[1A[2K[1A[2K[1A[2K[1A[2K[1A[2K[1A[2K[1A[2K[G────────────────────────────────────────────────────────────────────────────────────────────────────────────────────────
streaming action… 148 chars

s9 intent can_verify noul=0.29 p=0.29 c=0.42 derived
s9 intent can_fix_environment noul=0.03 p=0.03 c=0.94 derived
s9 intent can_finish noul=0.44 p=0.44 c=0.12 derived
s9 intent plan_still_valid noul=0.24 p=0.24 c=0.52 derived
s9 context show:calc/core.py noul=0.80 p=0.80 c=0.60 derived
s9 context show:calc/__init__.py noul=0.07 p=0.07 c=0.86 derived
s9 context show:hypothesis/__init__.py noul=0.04 p=0.04 c=0.92 derived
s9 context show:hypothesis/strategies.py noul=0.04 p=0.04 c=0.92 derived
s9 context show:notes.txt noul=0.07 p=0.07 c=0.86 derived
s9 context show:pytest.ini noul=0.08 p=0.08 c=0.84 derived
s9 context show:README.md noul=0.04 p=0.04 c=0.92 derived
s9 context show:tests/test_core.py noul=0.31 p=0.31 c=0.38 derived
step 8/40  ⠼ context  wall 18m52s/30m  tokens gen 38.0k jev 113.1k  cost gen $0.098 jev $0.005 / cap $2.000
[?2026l[?2026h[2K[1A[2K[1A[2K[1A[2K[1A[2K[1A[2K[1A[2K[1A[2K[1A[2K[1A[2K[1A[2K[1A[2K[1A[2K[1A[2K[1A[2K[1A[2K[1A[2K[G────────────────────────────────────────────────────────────────────────────────────────────────────────────────────────
streaming action… 161 chars

s9 intent can_verify noul=0.29 p=0.29 c=0.42 derived
s9 intent can_fix_environment noul=0.03 p=0.03 c=0.94 derived
s9 intent can_finish noul=0.44 p=0.44 c=0.12 derived
s9 intent plan_still_valid noul=0.24 p=0.24 c=0.52 derived
s9 context show:calc/core.py noul=0.80 p=0.80 c=0.60 derived
s9 context show:calc/__init__.py noul=0.07 p=0.07 c=0.86 derived
s9 context show:hypothesis/__init__.py noul=0.04 p=0.04 c=0.92 derived
s9 context show:hypothesis/strategies.py noul=0.04 p=0.04 c=0.92 derived
s9 context show:notes.txt noul=0.07 p=0.07 c=0.86 derived
s9 context show:pytest.ini noul=0.08 p=0.08 c=0.84 derived
s9 context show:README.md noul=0.04 p=0.04 c=0.92 derived
s9 context show:tests/test_core.py noul=0.31 p=0.31 c=0.38 derived
step 8/40  ⠼ context  wall 18m52s/30m  tokens gen 38.0k jev 113.1k  cost gen $0.098 jev $0.005 / cap $2.000
[?2026l[?2026h[2K[1A[2K[1A[2K[1A[2K[1A[2K[1A[2K[1A[2K[1A[2K[1A[2K[1A[2K[1A[2K[1A[2K[1A[2K[1A[2K[1A[2K[1A[2K[1A[2K[G────────────────────────────────────────────────────────────────────────────────────────────────────────────────────────
streaming action… 161 chars

s9 intent can_verify noul=0.29 p=0.29 c=0.42 derived
s9 intent can_fix_environment noul=0.03 p=0.03 c=0.94 derived
s9 intent can_finish noul=0.44 p=0.44 c=0.12 derived
s9 intent plan_still_valid noul=0.24 p=0.24 c=0.52 derived
s9 context show:calc/core.py noul=0.80 p=0.80 c=0.60 derived
s9 context show:calc/__init__.py noul=0.07 p=0.07 c=0.86 derived
s9 context show:hypothesis/__init__.py noul=0.04 p=0.04 c=0.92 derived
s9 context show:hypothesis/strategies.py noul=0.04 p=0.04 c=0.92 derived
s9 context show:notes.txt noul=0.07 p=0.07 c=0.86 derived
s9 context show:pytest.ini noul=0.08 p=0.08 c=0.84 derived
s9 context show:README.md noul=0.04 p=0.04 c=0.92 derived
s9 context show:tests/test_core.py noul=0.31 p=0.31 c=0.38 derived
step 8/40  ⠴ context  wall 18m52s/30m  tokens gen 38.0k jev 113.1k  cost gen $0.098 jev $0.005 / cap $2.000
[?2026l[?2026h[2K[1A[2K[1A[2K[1A[2K[1A[2K[1A[2K[1A[2K[1A[2K[1A[2K[1A[2K[1A[2K[1A[2K[1A[2K[1A[2K[1A[2K[1A[2K[1A[2K[G────────────────────────────────────────────────────────────────────────────────────────────────────────────────────────
streaming action… 177 chars

s9 intent can_verify noul=0.29 p=0.29 c=0.42 derived
s9 intent can_fix_environment noul=0.03 p=0.03 c=0.94 derived
s9 intent can_finish noul=0.44 p=0.44 c=0.12 derived
s9 intent plan_still_valid noul=0.24 p=0.24 c=0.52 derived
s9 context show:calc/core.py noul=0.80 p=0.80 c=0.60 derived
s9 context show:calc/__init__.py noul=0.07 p=0.07 c=0.86 derived
s9 context show:hypothesis/__init__.py noul=0.04 p=0.04 c=0.92 derived
s9 context show:hypothesis/strategies.py noul=0.04 p=0.04 c=0.92 derived
s9 context show:notes.txt noul=0.07 p=0.07 c=0.86 derived
s9 context show:pytest.ini noul=0.08 p=0.08 c=0.84 derived
s9 context show:README.md noul=0.04 p=0.04 c=0.92 derived
s9 context show:tests/test_core.py noul=0.31 p=0.31 c=0.38 derived
step 8/40  ⠴ context  wall 18m52s/30m  tokens gen 38.0k jev 113.1k  cost gen $0.098 jev $0.005 / cap $2.000
[?2026l[?2026h[2K[1A[2K[1A[2K[1A[2K[1A[2K[1A[2K[1A[2K[1A[2K[1A[2K[1A[2K[1A[2K[1A[2K[1A[2K[1A[2K[1A[2K[1A[2K[1A[2K[G────────────────────────────────────────────────────────────────────────────────────────────────────────────────────────
streaming action… 177 chars

s9 intent can_verify noul=0.29 p=0.29 c=0.42 derived
s9 intent can_fix_environment noul=0.03 p=0.03 c=0.94 derived
s9 intent can_finish noul=0.44 p=0.44 c=0.12 derived
s9 intent plan_still_valid noul=0.24 p=0.24 c=0.52 derived
s9 context show:calc/core.py noul=0.80 p=0.80 c=0.60 derived
s9 context show:calc/__init__.py noul=0.07 p=0.07 c=0.86 derived
s9 context show:hypothesis/__init__.py noul=0.04 p=0.04 c=0.92 derived
s9 context show:hypothesis/strategies.py noul=0.04 p=0.04 c=0.92 derived
s9 context show:notes.txt noul=0.07 p=0.07 c=0.86 derived
s9 context show:pytest.ini noul=0.08 p=0.08 c=0.84 derived
s9 context show:README.md noul=0.04 p=0.04 c=0.92 derived
s9 context show:tests/test_core.py noul=0.31 p=0.31 c=0.38 derived
step 8/40  ⠦ context  wall 18m52s/30m  tokens gen 38.0k jev 113.1k  cost gen $0.098 jev $0.005 / cap $2.000
[?2026l[?2026h[2K[1A[2K[1A[2K[1A[2K[1A[2K[1A[2K[1A[2K[1A[2K[1A[2K[1A[2K[1A[2K[1A[2K[1A[2K[1A[2K[1A[2K[1A[2K[1A[2K[G────────────────────────────────────────────────────────────────────────────────────────────────────────────────────────
streaming action… 231 chars

s9 intent can_verify noul=0.29 p=0.29 c=0.42 derived
s9 intent can_fix_environment noul=0.03 p=0.03 c=0.94 derived
s9 intent can_finish noul=0.44 p=0.44 c=0.12 derived
s9 intent plan_still_valid noul=0.24 p=0.24 c=0.52 derived
s9 context show:calc/core.py noul=0.80 p=0.80 c=0.60 derived
s9 context show:calc/__init__.py noul=0.07 p=0.07 c=0.86 derived
s9 context show:hypothesis/__init__.py noul=0.04 p=0.04 c=0.92 derived
s9 context show:hypothesis/strategies.py noul=0.04 p=0.04 c=0.92 derived
s9 context show:notes.txt noul=0.07 p=0.07 c=0.86 derived
s9 context show:pytest.ini noul=0.08 p=0.08 c=0.84 derived
s9 context show:README.md noul=0.04 p=0.04 c=0.92 derived
s9 context show:tests/test_core.py noul=0.31 p=0.31 c=0.38 derived
step 8/40  ⠦ context  wall 18m52s/30m  tokens gen 38.0k jev 113.1k  cost gen $0.098 jev $0.005 / cap $2.000
[?2026l[?2026h[2K[1A[2K[1A[2K[1A[2K[1A[2K[1A[2K[1A[2K[1A[2K[1A[2K[1A[2K[1A[2K[1A[2K[1A[2K[1A[2K[1A[2K[1A[2K[1A[2K[G────────────────────────────────────────────────────────────────────────────────────────────────────────────────────────
streaming action… 264 chars

s9 intent can_verify noul=0.29 p=0.29 c=0.42 derived
s9 intent can_fix_environment noul=0.03 p=0.03 c=0.94 derived
s9 intent can_finish noul=0.44 p=0.44 c=0.12 derived
s9 intent plan_still_valid noul=0.24 p=0.24 c=0.52 derived
s9 context show:calc/core.py noul=0.80 p=0.80 c=0.60 derived
s9 context show:calc/__init__.py noul=0.07 p=0.07 c=0.86 derived
s9 context show:hypothesis/__init__.py noul=0.04 p=0.04 c=0.92 derived
s9 context show:hypothesis/strategies.py noul=0.04 p=0.04 c=0.92 derived
s9 context show:notes.txt noul=0.07 p=0.07 c=0.86 derived
s9 context show:pytest.ini noul=0.08 p=0.08 c=0.84 derived
s9 context show:README.md noul=0.04 p=0.04 c=0.92 derived
s9 context show:tests/test_core.py noul=0.31 p=0.31 c=0.38 derived
step 8/40  ⠦ context  wall 18m52s/30m  tokens gen 38.0k jev 113.1k  cost gen $0.098 jev $0.005 / cap $2.000
[?2026l[?2026h[2K[1A[2K[1A[2K[1A[2K[1A[2K[1A[2K[1A[2K[1A[2K[1A[2K[1A[2K[1A[2K[1A[2K[1A[2K[1A[2K[1A[2K[1A[2K[1A[2K[G────────────────────────────────────────────────────────────────────────────────────────────────────────────────────────
streaming action… 264 chars

s9 intent can_verify noul=0.29 p=0.29 c=0.42 derived
s9 intent can_fix_environment noul=0.03 p=0.03 c=0.94 derived
s9 intent can_finish noul=0.44 p=0.44 c=0.12 derived
s9 intent plan_still_valid noul=0.24 p=0.24 c=0.52 derived
s9 context show:calc/core.py noul=0.80 p=0.80 c=0.60 derived
s9 context show:calc/__init__.py noul=0.07 p=0.07 c=0.86 derived
s9 context show:hypothesis/__init__.py noul=0.04 p=0.04 c=0.92 derived
s9 context show:hypothesis/strategies.py noul=0.04 p=0.04 c=0.92 derived
s9 context show:notes.txt noul=0.07 p=0.07 c=0.86 derived
s9 context show:pytest.ini noul=0.08 p=0.08 c=0.84 derived
s9 context show:README.md noul=0.04 p=0.04 c=0.92 derived
s9 context show:tests/test_core.py noul=0.31 p=0.31 c=0.38 derived
step 8/40  ⠧ context  wall 18m52s/30m  tokens gen 38.0k jev 113.1k  cost gen $0.098 jev $0.005 / cap $2.000
[?2026l[?2026h[2K[1A[2K[1A[2K[1A[2K[1A[2K[1A[2K[1A[2K[1A[2K[1A[2K[1A[2K[1A[2K[1A[2K[1A[2K[1A[2K[1A[2K[1A[2K[1A[2K[G────────────────────────────────────────────────────────────────────────────────────────────────────────────────────────
streaming action… 295 chars

s9 intent can_verify noul=0.29 p=0.29 c=0.42 derived
s9 intent can_fix_environment noul=0.03 p=0.03 c=0.94 derived
s9 intent can_finish noul=0.44 p=0.44 c=0.12 derived
s9 intent plan_still_valid noul=0.24 p=0.24 c=0.52 derived
s9 context show:calc/core.py noul=0.80 p=0.80 c=0.60 derived
s9 context show:calc/__init__.py noul=0.07 p=0.07 c=0.86 derived
s9 context show:hypothesis/__init__.py noul=0.04 p=0.04 c=0.92 derived
s9 context show:hypothesis/strategies.py noul=0.04 p=0.04 c=0.92 derived
s9 context show:notes.txt noul=0.07 p=0.07 c=0.86 derived
s9 context show:pytest.ini noul=0.08 p=0.08 c=0.84 derived
s9 context show:README.md noul=0.04 p=0.04 c=0.92 derived
s9 context show:tests/test_core.py noul=0.31 p=0.31 c=0.38 derived
step 8/40  ⠧ context  wall 18m52s/30m  tokens gen 38.0k jev 113.1k  cost gen $0.098 jev $0.005 / cap $2.000
[?2026l[?2026h[2K[1A[2K[1A[2K[1A[2K[1A[2K[1A[2K[1A[2K[1A[2K[1A[2K[1A[2K[1A[2K[1A[2K[1A[2K[1A[2K[1A[2K[1A[2K[1A[2K[G────────────────────────────────────────────────────────────────────────────────────────────────────────────────────────
streaming action… 295 chars

s9 intent can_verify noul=0.29 p=0.29 c=0.42 derived
s9 intent can_fix_environment noul=0.03 p=0.03 c=0.94 derived
s9 intent can_finish noul=0.44 p=0.44 c=0.12 derived
s9 intent plan_still_valid noul=0.24 p=0.24 c=0.52 derived
s9 context show:calc/core.py noul=0.80 p=0.80 c=0.60 derived
s9 context show:calc/__init__.py noul=0.07 p=0.07 c=0.86 derived
s9 context show:hypothesis/__init__.py noul=0.04 p=0.04 c=0.92 derived
s9 context show:hypothesis/strategies.py noul=0.04 p=0.04 c=0.92 derived
s9 context show:notes.txt noul=0.07 p=0.07 c=0.86 derived
s9 context show:pytest.ini noul=0.08 p=0.08 c=0.84 derived
s9 context show:README.md noul=0.04 p=0.04 c=0.92 derived
s9 context show:tests/test_core.py noul=0.31 p=0.31 c=0.38 derived
step 8/40  ⠇ context  wall 18m52s/30m  tokens gen 38.0k jev 113.1k  cost gen $0.098 jev $0.005 / cap $2.000
[?2026l[?2026h[2K[1A[2K[1A[2K[1A[2K[1A[2K[1A[2K[1A[2K[1A[2K[1A[2K[1A[2K[1A[2K[1A[2K[1A[2K[1A[2K[1A[2K[1A[2K[1A[2K[G────────────────────────────────────────────────────────────────────────────────────────────────────────────────────────
streaming action… 318 chars

s9 intent can_verify noul=0.29 p=0.29 c=0.42 derived
s9 intent can_fix_environment noul=0.03 p=0.03 c=0.94 derived
s9 intent can_finish noul=0.44 p=0.44 c=0.12 derived
s9 intent plan_still_valid noul=0.24 p=0.24 c=0.52 derived
s9 context show:calc/core.py noul=0.80 p=0.80 c=0.60 derived
s9 context show:calc/__init__.py noul=0.07 p=0.07 c=0.86 derived
s9 context show:hypothesis/__init__.py noul=0.04 p=0.04 c=0.92 derived
s9 context show:hypothesis/strategies.py noul=0.04 p=0.04 c=0.92 derived
s9 context show:notes.txt noul=0.07 p=0.07 c=0.86 derived
s9 context show:pytest.ini noul=0.08 p=0.08 c=0.84 derived
s9 context show:README.md noul=0.04 p=0.04 c=0.92 derived
s9 context show:tests/test_core.py noul=0.31 p=0.31 c=0.38 derived
step 8/40  ⠇ context  wall 18m52s/30m  tokens gen 38.0k jev 113.1k  cost gen $0.098 jev $0.005 / cap $2.000
[?2026l[?2026h[2K[1A[2K[1A[2K[1A[2K[1A[2K[1A[2K[1A[2K[1A[2K[1A[2K[1A[2K[1A[2K[1A[2K[1A[2K[1A[2K[1A[2K[1A[2K[1A[2K[G────────────────────────────────────────────────────────────────────────────────────────────────────────────────────────
streaming action… 318 chars

s9 intent can_verify noul=0.29 p=0.29 c=0.42 derived
s9 intent can_fix_environment noul=0.03 p=0.03 c=0.94 derived
s9 intent can_finish noul=0.44 p=0.44 c=0.12 derived
s9 intent plan_still_valid noul=0.24 p=0.24 c=0.52 derived
s9 context show:calc/core.py noul=0.80 p=0.80 c=0.60 derived
s9 context show:calc/__init__.py noul=0.07 p=0.07 c=0.86 derived
s9 context show:hypothesis/__init__.py noul=0.04 p=0.04 c=0.92 derived
s9 context show:hypothesis/strategies.py noul=0.04 p=0.04 c=0.92 derived
s9 context show:notes.txt noul=0.07 p=0.07 c=0.86 derived
s9 context show:pytest.ini noul=0.08 p=0.08 c=0.84 derived
s9 context show:README.md noul=0.04 p=0.04 c=0.92 derived
s9 context show:tests/test_core.py noul=0.31 p=0.31 c=0.38 derived
step 8/40  ⠏ context  wall 18m52s/30m  tokens gen 38.0k jev 113.1k  cost gen $0.098 jev $0.005 / cap $2.000
[?2026l[?2026h[2K[1A[2K[1A[2K[1A[2K[1A[2K[1A[2K[1A[2K[1A[2K[1A[2K[1A[2K[1A[2K[1A[2K[1A[2K[1A[2K[1A[2K[1A[2K[1A[2K[G────────────────────────────────────────────────────────────────────────────────────────────────────────────────────────
streaming action… 323 chars

s9 intent can_verify noul=0.29 p=0.29 c=0.42 derived
s9 intent can_fix_environment noul=0.03 p=0.03 c=0.94 derived
s9 intent can_finish noul=0.44 p=0.44 c=0.12 derived
s9 intent plan_still_valid noul=0.24 p=0.24 c=0.52 derived
s9 context show:calc/core.py noul=0.80 p=0.80 c=0.60 derived
s9 context show:calc/__init__.py noul=0.07 p=0.07 c=0.86 derived
s9 context show:hypothesis/__init__.py noul=0.04 p=0.04 c=0.92 derived
s9 context show:hypothesis/strategies.py noul=0.04 p=0.04 c=0.92 derived
s9 context show:notes.txt noul=0.07 p=0.07 c=0.86 derived
s9 context show:pytest.ini noul=0.08 p=0.08 c=0.84 derived
s9 context show:README.md noul=0.04 p=0.04 c=0.92 derived
s9 context show:tests/test_core.py noul=0.31 p=0.31 c=0.38 derived
step 8/40  ⠏ context  wall 18m52s/30m  tokens gen 38.0k jev 113.1k  cost gen $0.098 jev $0.005 / cap $2.000
[?2026l[?2026h[2K[1A[2K[1A[2K[1A[2K[1A[2K[1A[2K[1A[2K[1A[2K[1A[2K[1A[2K[1A[2K[1A[2K[1A[2K[1A[2K[1A[2K[1A[2K[1A[2K[G────────────────────────────────────────────────────────────────────────────────────────────────────────────────────────
streaming action… 344 chars

s9 intent can_verify noul=0.29 p=0.29 c=0.42 derived
s9 intent can_fix_environment noul=0.03 p=0.03 c=0.94 derived
s9 intent can_finish noul=0.44 p=0.44 c=0.12 derived
s9 intent plan_still_valid noul=0.24 p=0.24 c=0.52 derived
s9 context show:calc/core.py noul=0.80 p=0.80 c=0.60 derived
s9 context show:calc/__init__.py noul=0.07 p=0.07 c=0.86 derived
s9 context show:hypothesis/__init__.py noul=0.04 p=0.04 c=0.92 derived
s9 context show:hypothesis/strategies.py noul=0.04 p=0.04 c=0.92 derived
s9 context show:notes.txt noul=0.07 p=0.07 c=0.86 derived
s9 context show:pytest.ini noul=0.08 p=0.08 c=0.84 derived
s9 context show:README.md noul=0.04 p=0.04 c=0.92 derived
s9 context show:tests/test_core.py noul=0.31 p=0.31 c=0.38 derived
step 8/40  ⠏ context  wall 18m52s/30m  tokens gen 38.0k jev 113.1k  cost gen $0.098 jev $0.005 / cap $2.000
[?2026l[?2026h[2K[1A[2K[1A[2K[1A[2K[1A[2K[1A[2K[1A[2K[1A[2K[1A[2K[1A[2K[1A[2K[1A[2K[1A[2K[1A[2K[1A[2K[1A[2K[1A[2K[G────────────────────────────────────────────────────────────────────────────────────────────────────────────────────────
streaming action… 344 chars

s9 intent can_verify noul=0.29 p=0.29 c=0.42 derived
s9 intent can_fix_environment noul=0.03 p=0.03 c=0.94 derived
s9 intent can_finish noul=0.44 p=0.44 c=0.12 derived
s9 intent plan_still_valid noul=0.24 p=0.24 c=0.52 derived
s9 context show:calc/core.py noul=0.80 p=0.80 c=0.60 derived
s9 context show:calc/__init__.py noul=0.07 p=0.07 c=0.86 derived
s9 context show:hypothesis/__init__.py noul=0.04 p=0.04 c=0.92 derived
s9 context show:hypothesis/strategies.py noul=0.04 p=0.04 c=0.92 derived
s9 context show:notes.txt noul=0.07 p=0.07 c=0.86 derived
s9 context show:pytest.ini noul=0.08 p=0.08 c=0.84 derived
s9 context show:README.md noul=0.04 p=0.04 c=0.92 derived
s9 context show:tests/test_core.py noul=0.31 p=0.31 c=0.38 derived
step 8/40  ⠋ context  wall 18m52s/30m  tokens gen 38.0k jev 113.1k  cost gen $0.098 jev $0.005 / cap $2.000
[?2026l[?2026h[2K[1A[2K[1A[2K[1A[2K[1A[2K[1A[2K[1A[2K[1A[2K[1A[2K[1A[2K[1A[2K[1A[2K[1A[2K[1A[2K[1A[2K[1A[2K[1A[2K[G────────────────────────────────────────────────────────────────────────────────────────────────────────────────────────
streaming action… 383 chars

s9 intent can_verify noul=0.29 p=0.29 c=0.42 derived
s9 intent can_fix_environment noul=0.03 p=0.03 c=0.94 derived
s9 intent can_finish noul=0.44 p=0.44 c=0.12 derived
s9 intent plan_still_valid noul=0.24 p=0.24 c=0.52 derived
s9 context show:calc/core.py noul=0.80 p=0.80 c=0.60 derived
s9 context show:calc/__init__.py noul=0.07 p=0.07 c=0.86 derived
s9 context show:hypothesis/__init__.py noul=0.04 p=0.04 c=0.92 derived
s9 context show:hypothesis/strategies.py noul=0.04 p=0.04 c=0.92 derived
s9 context show:notes.txt noul=0.07 p=0.07 c=0.86 derived
s9 context show:pytest.ini noul=0.08 p=0.08 c=0.84 derived
s9 context show:README.md noul=0.04 p=0.04 c=0.92 derived
s9 context show:tests/test_core.py noul=0.31 p=0.31 c=0.38 derived
step 8/40  ⠋ context  wall 18m52s/30m  tokens gen 38.0k jev 113.1k  cost gen $0.098 jev $0.005 / cap $2.000
[?2026l[?2026h[2K[1A[2K[1A[2K[1A[2K[1A[2K[1A[2K[1A[2K[1A[2K[1A[2K[1A[2K[1A[2K[1A[2K[1A[2K[1A[2K[1A[2K[1A[2K[1A[2K[G────────────────────────────────────────────────────────────────────────────────────────────────────────────────────────
streaming action… 383 chars

s9 intent can_verify noul=0.29 p=0.29 c=0.42 derived
s9 intent can_fix_environment noul=0.03 p=0.03 c=0.94 derived
s9 intent can_finish noul=0.44 p=0.44 c=0.12 derived
s9 intent plan_still_valid noul=0.24 p=0.24 c=0.52 derived
s9 context show:calc/core.py noul=0.80 p=0.80 c=0.60 derived
s9 context show:calc/__init__.py noul=0.07 p=0.07 c=0.86 derived
s9 context show:hypothesis/__init__.py noul=0.04 p=0.04 c=0.92 derived
s9 context show:hypothesis/strategies.py noul=0.04 p=0.04 c=0.92 derived
s9 context show:notes.txt noul=0.07 p=0.07 c=0.86 derived
s9 context show:pytest.ini noul=0.08 p=0.08 c=0.84 derived
s9 context show:README.md noul=0.04 p=0.04 c=0.92 derived
s9 context show:tests/test_core.py noul=0.31 p=0.31 c=0.38 derived
step 8/40  ⠙ context  wall 18m52s/30m  tokens gen 38.0k jev 113.1k  cost gen $0.098 jev $0.005 / cap $2.000
[?2026l[?2026h[2K[1A[2K[1A[2K[1A[2K[1A[2K[1A[2K[1A[2K[1A[2K[1A[2K[1A[2K[1A[2K[1A[2K[1A[2K[1A[2K[1A[2K[1A[2K[1A[2K[G────────────────────────────────────────────────────────────────────────────────────────────────────────────────────────
streaming action… 407 chars

s9 intent can_verify noul=0.29 p=0.29 c=0.42 derived
s9 intent can_fix_environment noul=0.03 p=0.03 c=0.94 derived
s9 intent can_finish noul=0.44 p=0.44 c=0.12 derived
s9 intent plan_still_valid noul=0.24 p=0.24 c=0.52 derived
s9 context show:calc/core.py noul=0.80 p=0.80 c=0.60 derived
s9 context show:calc/__init__.py noul=0.07 p=0.07 c=0.86 derived
s9 context show:hypothesis/__init__.py noul=0.04 p=0.04 c=0.92 derived
s9 context show:hypothesis/strategies.py noul=0.04 p=0.04 c=0.92 derived
s9 context show:notes.txt noul=0.07 p=0.07 c=0.86 derived
s9 context show:pytest.ini noul=0.08 p=0.08 c=0.84 derived
s9 context show:README.md noul=0.04 p=0.04 c=0.92 derived
s9 context show:tests/test_core.py noul=0.31 p=0.31 c=0.38 derived
step 8/40  ⠙ context  wall 18m52s/30m  tokens gen 38.0k jev 113.1k  cost gen $0.098 jev $0.005 / cap $2.000
[?2026l[?2026h[2K[1A[2K[1A[2K[1A[2K[1A[2K[1A[2K[1A[2K[1A[2K[1A[2K[1A[2K[1A[2K[1A[2K[1A[2K[1A[2K[1A[2K[1A[2K[1A[2K[G────────────────────────────────────────────────────────────────────────────────────────────────────────────────────────
streaming action… 427 chars

s9 intent can_verify noul=0.29 p=0.29 c=0.42 derived
s9 intent can_fix_environment noul=0.03 p=0.03 c=0.94 derived
s9 intent can_finish noul=0.44 p=0.44 c=0.12 derived
s9 intent plan_still_valid noul=0.24 p=0.24 c=0.52 derived
s9 context show:calc/core.py noul=0.80 p=0.80 c=0.60 derived
s9 context show:calc/__init__.py noul=0.07 p=0.07 c=0.86 derived
s9 context show:hypothesis/__init__.py noul=0.04 p=0.04 c=0.92 derived
s9 context show:hypothesis/strategies.py noul=0.04 p=0.04 c=0.92 derived
s9 context show:notes.txt noul=0.07 p=0.07 c=0.86 derived
s9 context show:pytest.ini noul=0.08 p=0.08 c=0.84 derived
s9 context show:README.md noul=0.04 p=0.04 c=0.92 derived
s9 context show:tests/test_core.py noul=0.31 p=0.31 c=0.38 derived
step 8/40  ⠙ context  wall 18m52s/30m  tokens gen 38.0k jev 113.1k  cost gen $0.098 jev $0.005 / cap $2.000
[?2026l[?2026h[2K[1A[2K[1A[2K[1A[2K[1A[2K[1A[2K[1A[2K[1A[2K[1A[2K[1A[2K[1A[2K[1A[2K[1A[2K[1A[2K[1A[2K[1A[2K[1A[2K[G────────────────────────────────────────────────────────────────────────────────────────────────────────────────────────
streaming action… 427 chars

s9 intent can_verify noul=0.29 p=0.29 c=0.42 derived
s9 intent can_fix_environment noul=0.03 p=0.03 c=0.94 derived
s9 intent can_finish noul=0.44 p=0.44 c=0.12 derived
s9 intent plan_still_valid noul=0.24 p=0.24 c=0.52 derived
s9 context show:calc/core.py noul=0.80 p=0.80 c=0.60 derived
s9 context show:calc/__init__.py noul=0.07 p=0.07 c=0.86 derived
s9 context show:hypothesis/__init__.py noul=0.04 p=0.04 c=0.92 derived
s9 context show:hypothesis/strategies.py noul=0.04 p=0.04 c=0.92 derived
s9 context show:notes.txt noul=0.07 p=0.07 c=0.86 derived
s9 context show:pytest.ini noul=0.08 p=0.08 c=0.84 derived
s9 context show:README.md noul=0.04 p=0.04 c=0.92 derived
s9 context show:tests/test_core.py noul=0.31 p=0.31 c=0.38 derived
step 8/40  ⠹ context  wall 18m52s/30m  tokens gen 38.0k jev 113.1k  cost gen $0.098 jev $0.005 / cap $2.000
[?2026l[?2026h[2K[1A[2K[1A[2K[1A[2K[1A[2K[1A[2K[1A[2K[1A[2K[1A[2K[1A[2K[1A[2K[1A[2K[1A[2K[1A[2K[1A[2K[1A[2K[1A[2K[G────────────────────────────────────────────────────────────────────────────────────────────────────────────────────────
streaming action… 427 chars

s9 intent can_verify noul=0.29 p=0.29 c=0.42 derived
s9 intent can_fix_environment noul=0.03 p=0.03 c=0.94 derived
s9 intent can_finish noul=0.44 p=0.44 c=0.12 derived
s9 intent plan_still_valid noul=0.24 p=0.24 c=0.52 derived
s9 context show:calc/core.py noul=0.80 p=0.80 c=0.60 derived
s9 context show:calc/__init__.py noul=0.07 p=0.07 c=0.86 derived
s9 context show:hypothesis/__init__.py noul=0.04 p=0.04 c=0.92 derived
s9 context show:hypothesis/strategies.py noul=0.04 p=0.04 c=0.92 derived
s9 context show:notes.txt noul=0.07 p=0.07 c=0.86 derived
s9 context show:pytest.ini noul=0.08 p=0.08 c=0.84 derived
s9 context show:README.md noul=0.04 p=0.04 c=0.92 derived
s9 context show:tests/test_core.py noul=0.31 p=0.31 c=0.38 derived
step 8/40  ⠸ context  wall 18m52s/30m  tokens gen 38.0k jev 113.1k  cost gen $0.098 jev $0.005 / cap $2.000
[?2026l[?2026h[2K[1A[2K[1A[2K[1A[2K[1A[2K[1A[2K[1A[2K[1A[2K[1A[2K[1A[2K[1A[2K[1A[2K[1A[2K[1A[2K[1A[2K[1A[2K[1A[2K[G────────────────────────────────────────────────────────────────────────────────────────────────────────────────────────
streaming action… 465 chars

s9 intent can_verify noul=0.29 p=0.29 c=0.42 derived
s9 intent can_fix_environment noul=0.03 p=0.03 c=0.94 derived
s9 intent can_finish noul=0.44 p=0.44 c=0.12 derived
s9 intent plan_still_valid noul=0.24 p=0.24 c=0.52 derived
s9 context show:calc/core.py noul=0.80 p=0.80 c=0.60 derived
s9 context show:calc/__init__.py noul=0.07 p=0.07 c=0.86 derived
s9 context show:hypothesis/__init__.py noul=0.04 p=0.04 c=0.92 derived
s9 context show:hypothesis/strategies.py noul=0.04 p=0.04 c=0.92 derived
s9 context show:notes.txt noul=0.07 p=0.07 c=0.86 derived
s9 context show:pytest.ini noul=0.08 p=0.08 c=0.84 derived
s9 context show:README.md noul=0.04 p=0.04 c=0.92 derived
s9 context show:tests/test_core.py noul=0.31 p=0.31 c=0.38 derived
step 8/40  ⠸ context  wall 18m52s/30m  tokens gen 38.0k jev 113.1k  cost gen $0.098 jev $0.005 / cap $2.000
[?2026l[?2026h[2K[1A[2K[1A[2K[1A[2K[1A[2K[1A[2K[1A[2K[1A[2K[1A[2K[1A[2K[1A[2K[1A[2K[1A[2K[1A[2K[1A[2K[1A[2K[1A[2K[G────────────────────────────────────────────────────────────────────────────────────────────────────────────────────────
streaming action… 472 chars

s9 intent can_verify noul=0.29 p=0.29 c=0.42 derived
s9 intent can_fix_environment noul=0.03 p=0.03 c=0.94 derived
s9 intent can_finish noul=0.44 p=0.44 c=0.12 derived
s9 intent plan_still_valid noul=0.24 p=0.24 c=0.52 derived
s9 context show:calc/core.py noul=0.80 p=0.80 c=0.60 derived
s9 context show:calc/__init__.py noul=0.07 p=0.07 c=0.86 derived
s9 context show:hypothesis/__init__.py noul=0.04 p=0.04 c=0.92 derived
s9 context show:hypothesis/strategies.py noul=0.04 p=0.04 c=0.92 derived
s9 context show:notes.txt noul=0.07 p=0.07 c=0.86 derived
s9 context show:pytest.ini noul=0.08 p=0.08 c=0.84 derived
s9 context show:README.md noul=0.04 p=0.04 c=0.92 derived
s9 context show:tests/test_core.py noul=0.31 p=0.31 c=0.38 derived
step 8/40  ⠸ context  wall 18m52s/30m  tokens gen 38.0k jev 113.1k  cost gen $0.098 jev $0.005 / cap $2.000
[?2026l[?2026h[2K[1A[2K[1A[2K[1A[2K[1A[2K[1A[2K[1A[2K[1A[2K[1A[2K[1A[2K[1A[2K[1A[2K[1A[2K[1A[2K[1A[2K[1A[2K[1A[2K[G────────────────────────────────────────────────────────────────────────────────────────────────────────────────────────
streaming action… 472 chars

s9 intent can_verify noul=0.29 p=0.29 c=0.42 derived
s9 intent can_fix_environment noul=0.03 p=0.03 c=0.94 derived
s9 intent can_finish noul=0.44 p=0.44 c=0.12 derived
s9 intent plan_still_valid noul=0.24 p=0.24 c=0.52 derived
s9 context show:calc/core.py noul=0.80 p=0.80 c=0.60 derived
s9 context show:calc/__init__.py noul=0.07 p=0.07 c=0.86 derived
s9 context show:hypothesis/__init__.py noul=0.04 p=0.04 c=0.92 derived
s9 context show:hypothesis/strategies.py noul=0.04 p=0.04 c=0.92 derived
s9 context show:notes.txt noul=0.07 p=0.07 c=0.86 derived
s9 context show:pytest.ini noul=0.08 p=0.08 c=0.84 derived
s9 context show:README.md noul=0.04 p=0.04 c=0.92 derived
s9 context show:tests/test_core.py noul=0.31 p=0.31 c=0.38 derived
step 8/40  ⠼ context  wall 18m52s/30m  tokens gen 38.0k jev 113.1k  cost gen $0.098 jev $0.005 / cap $2.000
[?2026l[?2026h[2K[1A[2K[1A[2K[1A[2K[1A[2K[1A[2K[1A[2K[1A[2K[1A[2K[1A[2K[1A[2K[1A[2K[1A[2K[1A[2K[1A[2K[1A[2K[1A[2K[G────────────────────────────────────────────────────────────────────────────────────────────────────────────────────────
streaming action… 527 chars

s9 intent can_verify noul=0.29 p=0.29 c=0.42 derived
s9 intent can_fix_environment noul=0.03 p=0.03 c=0.94 derived
s9 intent can_finish noul=0.44 p=0.44 c=0.12 derived
s9 intent plan_still_valid noul=0.24 p=0.24 c=0.52 derived
s9 context show:calc/core.py noul=0.80 p=0.80 c=0.60 derived
s9 context show:calc/__init__.py noul=0.07 p=0.07 c=0.86 derived
s9 context show:hypothesis/__init__.py noul=0.04 p=0.04 c=0.92 derived
s9 context show:hypothesis/strategies.py noul=0.04 p=0.04 c=0.92 derived
s9 context show:notes.txt noul=0.07 p=0.07 c=0.86 derived
s9 context show:pytest.ini noul=0.08 p=0.08 c=0.84 derived
s9 context show:README.md noul=0.04 p=0.04 c=0.92 derived
s9 context show:tests/test_core.py noul=0.31 p=0.31 c=0.38 derived
step 8/40  ⠼ context  wall 18m52s/30m  tokens gen 38.0k jev 113.1k  cost gen $0.098 jev $0.005 / cap $2.000
[?2026l[?2026h[2K[1A[2K[1A[2K[1A[2K[1A[2K[1A[2K[1A[2K[1A[2K[1A[2K[1A[2K[1A[2K[1A[2K[1A[2K[1A[2K[1A[2K[1A[2K[1A[2K[G────────────────────────────────────────────────────────────────────────────────────────────────────────────────────────
streaming action… 527 chars

s9 intent can_verify noul=0.29 p=0.29 c=0.42 derived
s9 intent can_fix_environment noul=0.03 p=0.03 c=0.94 derived
s9 intent can_finish noul=0.44 p=0.44 c=0.12 derived
s9 intent plan_still_valid noul=0.24 p=0.24 c=0.52 derived
s9 context show:calc/core.py noul=0.80 p=0.80 c=0.60 derived
s9 context show:calc/__init__.py noul=0.07 p=0.07 c=0.86 derived
s9 context show:hypothesis/__init__.py noul=0.04 p=0.04 c=0.92 derived
s9 context show:hypothesis/strategies.py noul=0.04 p=0.04 c=0.92 derived
s9 context show:notes.txt noul=0.07 p=0.07 c=0.86 derived
s9 context show:pytest.ini noul=0.08 p=0.08 c=0.84 derived
s9 context show:README.md noul=0.04 p=0.04 c=0.92 derived
s9 context show:tests/test_core.py noul=0.31 p=0.31 c=0.38 derived
step 8/40  ⠴ context  wall 18m52s/30m  tokens gen 38.0k jev 113.1k  cost gen $0.098 jev $0.005 / cap $2.000
[?2026l[?2026h[2K[1A[2K[1A[2K[1A[2K[1A[2K[1A[2K[1A[2K[1A[2K[1A[2K[1A[2K[1A[2K[1A[2K[1A[2K[1A[2K[1A[2K[1A[2K[1A[2K[G────────────────────────────────────────────────────────────────────────────────────────────────────────────────────────
streaming action… 547 chars

s9 intent can_verify noul=0.29 p=0.29 c=0.42 derived
s9 intent can_fix_environment noul=0.03 p=0.03 c=0.94 derived
s9 intent can_finish noul=0.44 p=0.44 c=0.12 derived
s9 intent plan_still_valid noul=0.24 p=0.24 c=0.52 derived
s9 context show:calc/core.py noul=0.80 p=0.80 c=0.60 derived
s9 context show:calc/__init__.py noul=0.07 p=0.07 c=0.86 derived
s9 context show:hypothesis/__init__.py noul=0.04 p=0.04 c=0.92 derived
s9 context show:hypothesis/strategies.py noul=0.04 p=0.04 c=0.92 derived
s9 context show:notes.txt noul=0.07 p=0.07 c=0.86 derived
s9 context show:pytest.ini noul=0.08 p=0.08 c=0.84 derived
s9 context show:README.md noul=0.04 p=0.04 c=0.92 derived
s9 context show:tests/test_core.py noul=0.31 p=0.31 c=0.38 derived
step 8/40  ⠴ context  wall 18m52s/30m  tokens gen 38.0k jev 113.1k  cost gen $0.098 jev $0.005 / cap $2.000
[?2026l[?2026h[2K[1A[2K[1A[2K[1A[2K[1A[2K[1A[2K[1A[2K[1A[2K[1A[2K[1A[2K[1A[2K[1A[2K[1A[2K[1A[2K[1A[2K[1A[2K[1A[2K[G────────────────────────────────────────────────────────────────────────────────────────────────────────────────────────
streaming action… 559 chars

s9 intent can_verify noul=0.29 p=0.29 c=0.42 derived
s9 intent can_fix_environment noul=0.03 p=0.03 c=0.94 derived
s9 intent can_finish noul=0.44 p=0.44 c=0.12 derived
s9 intent plan_still_valid noul=0.24 p=0.24 c=0.52 derived
s9 context show:calc/core.py noul=0.80 p=0.80 c=0.60 derived
s9 context show:calc/__init__.py noul=0.07 p=0.07 c=0.86 derived
s9 context show:hypothesis/__init__.py noul=0.04 p=0.04 c=0.92 derived
s9 context show:hypothesis/strategies.py noul=0.04 p=0.04 c=0.92 derived
s9 context show:notes.txt noul=0.07 p=0.07 c=0.86 derived
s9 context show:pytest.ini noul=0.08 p=0.08 c=0.84 derived
s9 context show:README.md noul=0.04 p=0.04 c=0.92 derived
s9 context show:tests/test_core.py noul=0.31 p=0.31 c=0.38 derived
step 8/40  ⠴ context  wall 18m52s/30m  tokens gen 38.0k jev 113.1k  cost gen $0.098 jev $0.005 / cap $2.000
[?2026l[?2026h[2K[1A[2K[1A[2K[1A[2K[1A[2K[1A[2K[1A[2K[1A[2K[1A[2K[1A[2K[1A[2K[1A[2K[1A[2K[1A[2K[1A[2K[1A[2K[1A[2K[G────────────────────────────────────────────────────────────────────────────────────────────────────────────────────────
streaming action… 559 chars

s9 intent can_verify noul=0.29 p=0.29 c=0.42 derived
s9 intent can_fix_environment noul=0.03 p=0.03 c=0.94 derived
s9 intent can_finish noul=0.44 p=0.44 c=0.12 derived
s9 intent plan_still_valid noul=0.24 p=0.24 c=0.52 derived
s9 context show:calc/core.py noul=0.80 p=0.80 c=0.60 derived
s9 context show:calc/__init__.py noul=0.07 p=0.07 c=0.86 derived
s9 context show:hypothesis/__init__.py noul=0.04 p=0.04 c=0.92 derived
s9 context show:hypothesis/strategies.py noul=0.04 p=0.04 c=0.92 derived
s9 context show:notes.txt noul=0.07 p=0.07 c=0.86 derived
s9 context show:pytest.ini noul=0.08 p=0.08 c=0.84 derived
s9 context show:README.md noul=0.04 p=0.04 c=0.92 derived
s9 context show:tests/test_core.py noul=0.31 p=0.31 c=0.38 derived
step 8/40  ⠦ context  wall 18m52s/30m  tokens gen 38.0k jev 113.1k  cost gen $0.098 jev $0.005 / cap $2.000
[?2026l[?2026h[2K[1A[2K[1A[2K[1A[2K[1A[2K[1A[2K[1A[2K[1A[2K[1A[2K[1A[2K[1A[2K[1A[2K[1A[2K[1A[2K[1A[2K[1A[2K[1A[2K[G────────────────────────────────────────────────────────────────────────────────────────────────────────────────────────
streaming action… 573 chars

s9 intent can_verify noul=0.29 p=0.29 c=0.42 derived
s9 intent can_fix_environment noul=0.03 p=0.03 c=0.94 derived
s9 intent can_finish noul=0.44 p=0.44 c=0.12 derived
s9 intent plan_still_valid noul=0.24 p=0.24 c=0.52 derived
s9 context show:calc/core.py noul=0.80 p=0.80 c=0.60 derived
s9 context show:calc/__init__.py noul=0.07 p=0.07 c=0.86 derived
s9 context show:hypothesis/__init__.py noul=0.04 p=0.04 c=0.92 derived
s9 context show:hypothesis/strategies.py noul=0.04 p=0.04 c=0.92 derived
s9 context show:notes.txt noul=0.07 p=0.07 c=0.86 derived
s9 context show:pytest.ini noul=0.08 p=0.08 c=0.84 derived
s9 context show:README.md noul=0.04 p=0.04 c=0.92 derived
s9 context show:tests/test_core.py noul=0.31 p=0.31 c=0.38 derived
step 8/40  ⠦ context  wall 18m52s/30m  tokens gen 38.0k jev 113.1k  cost gen $0.098 jev $0.005 / cap $2.000
[?2026l[?2026h[2K[1A[2K[1A[2K[1A[2K[1A[2K[1A[2K[1A[2K[1A[2K[1A[2K[1A[2K[1A[2K[1A[2K[1A[2K[1A[2K[1A[2K[1A[2K[1A[2K[G────────────────────────────────────────────────────────────────────────────────────────────────────────────────────────
streaming action… 573 chars

s9 intent can_verify noul=0.29 p=0.29 c=0.42 derived
s9 intent can_fix_environment noul=0.03 p=0.03 c=0.94 derived
s9 intent can_finish noul=0.44 p=0.44 c=0.12 derived
s9 intent plan_still_valid noul=0.24 p=0.24 c=0.52 derived
s9 context show:calc/core.py noul=0.80 p=0.80 c=0.60 derived
s9 context show:calc/__init__.py noul=0.07 p=0.07 c=0.86 derived
s9 context show:hypothesis/__init__.py noul=0.04 p=0.04 c=0.92 derived
s9 context show:hypothesis/strategies.py noul=0.04 p=0.04 c=0.92 derived
s9 context show:notes.txt noul=0.07 p=0.07 c=0.86 derived
s9 context show:pytest.ini noul=0.08 p=0.08 c=0.84 derived
s9 context show:README.md noul=0.04 p=0.04 c=0.92 derived
s9 context show:tests/test_core.py noul=0.31 p=0.31 c=0.38 derived
step 8/40  ⠧ context  wall 18m52s/30m  tokens gen 38.0k jev 113.1k  cost gen $0.098 jev $0.005 / cap $2.000
[?2026l[?2026h[2K[1A[2K[1A[2K[1A[2K[1A[2K[1A[2K[1A[2K[1A[2K[1A[2K[1A[2K[1A[2K[1A[2K[1A[2K[1A[2K[1A[2K[1A[2K[1A[2K[G────────────────────────────────────────────────────────────────────────────────────────────────────────────────────────
streaming action… 591 chars

s9 intent can_verify noul=0.29 p=0.29 c=0.42 derived
s9 intent can_fix_environment noul=0.03 p=0.03 c=0.94 derived
s9 intent can_finish noul=0.44 p=0.44 c=0.12 derived
s9 intent plan_still_valid noul=0.24 p=0.24 c=0.52 derived
s9 context show:calc/core.py noul=0.80 p=0.80 c=0.60 derived
s9 context show:calc/__init__.py noul=0.07 p=0.07 c=0.86 derived
s9 context show:hypothesis/__init__.py noul=0.04 p=0.04 c=0.92 derived
s9 context show:hypothesis/strategies.py noul=0.04 p=0.04 c=0.92 derived
s9 context show:notes.txt noul=0.07 p=0.07 c=0.86 derived
s9 context show:pytest.ini noul=0.08 p=0.08 c=0.84 derived
s9 context show:README.md noul=0.04 p=0.04 c=0.92 derived
s9 context show:tests/test_core.py noul=0.31 p=0.31 c=0.38 derived
step 8/40  ⠧ context  wall 18m52s/30m  tokens gen 38.0k jev 113.1k  cost gen $0.098 jev $0.005 / cap $2.000
[?2026l[?2026h[2K[1A[2K[1A[2K[1A[2K[1A[2K[1A[2K[1A[2K[1A[2K[1A[2K[1A[2K[1A[2K[1A[2K[1A[2K[1A[2K[1A[2K[1A[2K[1A[2K[G────────────────────────────────────────────────────────────────────────────────────────────────────────────────────────
streaming action… 620 chars

s9 intent can_verify noul=0.29 p=0.29 c=0.42 derived
s9 intent can_fix_environment noul=0.03 p=0.03 c=0.94 derived
s9 intent can_finish noul=0.44 p=0.44 c=0.12 derived
s9 intent plan_still_valid noul=0.24 p=0.24 c=0.52 derived
s9 context show:calc/core.py noul=0.80 p=0.80 c=0.60 derived
s9 context show:calc/__init__.py noul=0.07 p=0.07 c=0.86 derived
s9 context show:hypothesis/__init__.py noul=0.04 p=0.04 c=0.92 derived
s9 context show:hypothesis/strategies.py noul=0.04 p=0.04 c=0.92 derived
s9 context show:notes.txt noul=0.07 p=0.07 c=0.86 derived
s9 context show:pytest.ini noul=0.08 p=0.08 c=0.84 derived
s9 context show:README.md noul=0.04 p=0.04 c=0.92 derived
s9 context show:tests/test_core.py noul=0.31 p=0.31 c=0.38 derived
step 8/40  ⠧ context  wall 18m52s/30m  tokens gen 38.0k jev 113.1k  cost gen $0.098 jev $0.005 / cap $2.000
[?2026l[?2026h[2K[1A[2K[1A[2K[1A[2K[1A[2K[1A[2K[1A[2K[1A[2K[1A[2K[1A[2K[1A[2K[1A[2K[1A[2K[1A[2K[1A[2K[1A[2K[1A[2K[G────────────────────────────────────────────────────────────────────────────────────────────────────────────────────────
streaming action… 620 chars

s9 intent can_verify noul=0.29 p=0.29 c=0.42 derived
s9 intent can_fix_environment noul=0.03 p=0.03 c=0.94 derived
s9 intent can_finish noul=0.44 p=0.44 c=0.12 derived
s9 intent plan_still_valid noul=0.24 p=0.24 c=0.52 derived
s9 context show:calc/core.py noul=0.80 p=0.80 c=0.60 derived
s9 context show:calc/__init__.py noul=0.07 p=0.07 c=0.86 derived
s9 context show:hypothesis/__init__.py noul=0.04 p=0.04 c=0.92 derived
s9 context show:hypothesis/strategies.py noul=0.04 p=0.04 c=0.92 derived
s9 context show:notes.txt noul=0.07 p=0.07 c=0.86 derived
s9 context show:pytest.ini noul=0.08 p=0.08 c=0.84 derived
s9 context show:README.md noul=0.04 p=0.04 c=0.92 derived
s9 context show:tests/test_core.py noul=0.31 p=0.31 c=0.38 derived
step 8/40  ⠇ context  wall 18m52s/30m  tokens gen 38.0k jev 113.1k  cost gen $0.098 jev $0.005 / cap $2.000
[?2026l[?2026h[2K[1A[2K[1A[2K[1A[2K[1A[2K[1A[2K[1A[2K[1A[2K[1A[2K[1A[2K[1A[2K[1A[2K[1A[2K[1A[2K[1A[2K[1A[2K[1A[2K[G────────────────────────────────────────────────────────────────────────────────────────────────────────────────────────
streaming action… 631 chars

s9 intent can_verify noul=0.29 p=0.29 c=0.42 derived
s9 intent can_fix_environment noul=0.03 p=0.03 c=0.94 derived
s9 intent can_finish noul=0.44 p=0.44 c=0.12 derived
s9 intent plan_still_valid noul=0.24 p=0.24 c=0.52 derived
s9 context show:calc/core.py noul=0.80 p=0.80 c=0.60 derived
s9 context show:calc/__init__.py noul=0.07 p=0.07 c=0.86 derived
s9 context show:hypothesis/__init__.py noul=0.04 p=0.04 c=0.92 derived
s9 context show:hypothesis/strategies.py noul=0.04 p=0.04 c=0.92 derived
s9 context show:notes.txt noul=0.07 p=0.07 c=0.86 derived
s9 context show:pytest.ini noul=0.08 p=0.08 c=0.84 derived
s9 context show:README.md noul=0.04 p=0.04 c=0.92 derived
s9 context show:tests/test_core.py noul=0.31 p=0.31 c=0.38 derived
step 8/40  ⠇ context  wall 18m52s/30m  tokens gen 38.0k jev 113.1k  cost gen $0.098 jev $0.005 / cap $2.000
[?2026l[?2026h[2K[1A[2K[1A[2K[1A[2K[1A[2K[1A[2K[1A[2K[1A[2K[1A[2K[1A[2K[1A[2K[1A[2K[1A[2K[1A[2K[1A[2K[1A[2K[1A[2K[G────────────────────────────────────────────────────────────────────────────────────────────────────────────────────────
streaming action… 631 chars

s9 intent can_verify noul=0.29 p=0.29 c=0.42 derived
s9 intent can_fix_environment noul=0.03 p=0.03 c=0.94 derived
s9 intent can_finish noul=0.44 p=0.44 c=0.12 derived
s9 intent plan_still_valid noul=0.24 p=0.24 c=0.52 derived
s9 context show:calc/core.py noul=0.80 p=0.80 c=0.60 derived
s9 context show:calc/__init__.py noul=0.07 p=0.07 c=0.86 derived
s9 context show:hypothesis/__init__.py noul=0.04 p=0.04 c=0.92 derived
s9 context show:hypothesis/strategies.py noul=0.04 p=0.04 c=0.92 derived
s9 context show:notes.txt noul=0.07 p=0.07 c=0.86 derived
s9 context show:pytest.ini noul=0.08 p=0.08 c=0.84 derived
s9 context show:README.md noul=0.04 p=0.04 c=0.92 derived
s9 context show:tests/test_core.py noul=0.31 p=0.31 c=0.38 derived
step 8/40  ⠏ context  wall 18m52s/30m  tokens gen 38.0k jev 113.1k  cost gen $0.098 jev $0.005 / cap $2.000
[?2026l[?2026h[2K[1A[2K[1A[2K[1A[2K[1A[2K[1A[2K[1A[2K[1A[2K[1A[2K[1A[2K[1A[2K[1A[2K[1A[2K[1A[2K[1A[2K[1A[2K[1A[2K[G────────────────────────────────────────────────────────────────────────────────────────────────────────────────────────
streaming action… 637 chars

s9 intent can_verify noul=0.29 p=0.29 c=0.42 derived
s9 intent can_fix_environment noul=0.03 p=0.03 c=0.94 derived
s9 intent can_finish noul=0.44 p=0.44 c=0.12 derived
s9 intent plan_still_valid noul=0.24 p=0.24 c=0.52 derived
s9 context show:calc/core.py noul=0.80 p=0.80 c=0.60 derived
s9 context show:calc/__init__.py noul=0.07 p=0.07 c=0.86 derived
s9 context show:hypothesis/__init__.py noul=0.04 p=0.04 c=0.92 derived
s9 context show:hypothesis/strategies.py noul=0.04 p=0.04 c=0.92 derived
s9 context show:notes.txt noul=0.07 p=0.07 c=0.86 derived
s9 context show:pytest.ini noul=0.08 p=0.08 c=0.84 derived
s9 context show:README.md noul=0.04 p=0.04 c=0.92 derived
s9 context show:tests/test_core.py noul=0.31 p=0.31 c=0.38 derived
step 8/40  ⠏ context  wall 18m52s/30m  tokens gen 38.0k jev 113.1k  cost gen $0.098 jev $0.005 / cap $2.000
[?2026l[?2026h[2K[1A[2K[1A[2K[1A[2K[1A[2K[1A[2K[1A[2K[1A[2K[1A[2K[1A[2K[1A[2K[1A[2K[1A[2K[1A[2K[1A[2K[1A[2K[1A[2K[G────────────────────────────────────────────────────────────────────────────────────────────────────────────────────────
streaming action… 637 chars

s9 intent can_verify noul=0.29 p=0.29 c=0.42 derived
s9 intent can_fix_environment noul=0.03 p=0.03 c=0.94 derived
s9 intent can_finish noul=0.44 p=0.44 c=0.12 derived
s9 intent plan_still_valid noul=0.24 p=0.24 c=0.52 derived
s9 context show:calc/core.py noul=0.80 p=0.80 c=0.60 derived
s9 context show:calc/__init__.py noul=0.07 p=0.07 c=0.86 derived
s9 context show:hypothesis/__init__.py noul=0.04 p=0.04 c=0.92 derived
s9 context show:hypothesis/strategies.py noul=0.04 p=0.04 c=0.92 derived
s9 context show:notes.txt noul=0.07 p=0.07 c=0.86 derived
s9 context show:pytest.ini noul=0.08 p=0.08 c=0.84 derived
s9 context show:README.md noul=0.04 p=0.04 c=0.92 derived
s9 context show:tests/test_core.py noul=0.31 p=0.31 c=0.38 derived
step 8/40  ⠋ context  wall 18m52s/30m  tokens gen 38.0k jev 113.1k  cost gen $0.098 jev $0.005 / cap $2.000
[?2026l[?2026h[2K[1A[2K[1A[2K[1A[2K[1A[2K[1A[2K[1A[2K[1A[2K[1A[2K[1A[2K[1A[2K[1A[2K[1A[2K[1A[2K[1A[2K[1A[2K[1A[2K[G────────────────────────────────────────────────────────────────────────────────────────────────────────────────────────
streaming action… 648 chars

s9 intent can_verify noul=0.29 p=0.29 c=0.42 derived
s9 intent can_fix_environment noul=0.03 p=0.03 c=0.94 derived
s9 intent can_finish noul=0.44 p=0.44 c=0.12 derived
s9 intent plan_still_valid noul=0.24 p=0.24 c=0.52 derived
s9 context show:calc/core.py noul=0.80 p=0.80 c=0.60 derived
s9 context show:calc/__init__.py noul=0.07 p=0.07 c=0.86 derived
s9 context show:hypothesis/__init__.py noul=0.04 p=0.04 c=0.92 derived
s9 context show:hypothesis/strategies.py noul=0.04 p=0.04 c=0.92 derived
s9 context show:notes.txt noul=0.07 p=0.07 c=0.86 derived
s9 context show:pytest.ini noul=0.08 p=0.08 c=0.84 derived
s9 context show:README.md noul=0.04 p=0.04 c=0.92 derived
s9 context show:tests/test_core.py noul=0.31 p=0.31 c=0.38 derived
step 8/40  ⠋ context  wall 18m52s/30m  tokens gen 38.0k jev 113.1k  cost gen $0.098 jev $0.005 / cap $2.000
[?2026l[?2026h[2K[1A[2K[1A[2K[1A[2K[1A[2K[1A[2K[1A[2K[1A[2K[1A[2K[1A[2K[1A[2K[1A[2K[1A[2K[1A[2K[1A[2K[1A[2K[1A[2K[G────────────────────────────────────────────────────────────────────────────────────────────────────────────────────────
streaming action… 652 chars

s9 intent can_verify noul=0.29 p=0.29 c=0.42 derived
s9 intent can_fix_environment noul=0.03 p=0.03 c=0.94 derived
s9 intent can_finish noul=0.44 p=0.44 c=0.12 derived
s9 intent plan_still_valid noul=0.24 p=0.24 c=0.52 derived
s9 context show:calc/core.py noul=0.80 p=0.80 c=0.60 derived
s9 context show:calc/__init__.py noul=0.07 p=0.07 c=0.86 derived
s9 context show:hypothesis/__init__.py noul=0.04 p=0.04 c=0.92 derived
s9 context show:hypothesis/strategies.py noul=0.04 p=0.04 c=0.92 derived
s9 context show:notes.txt noul=0.07 p=0.07 c=0.86 derived
s9 context show:pytest.ini noul=0.08 p=0.08 c=0.84 derived
s9 context show:README.md noul=0.04 p=0.04 c=0.92 derived
s9 context show:tests/test_core.py noul=0.31 p=0.31 c=0.38 derived
step 8/40  ⠋ context  wall 18m52s/30m  tokens gen 38.0k jev 113.1k  cost gen $0.098 jev $0.005 / cap $2.000
[?2026l[?2026h[2K[1A[2K[1A[2K[1A[2K[1A[2K[1A[2K[1A[2K[1A[2K[1A[2K[1A[2K[1A[2K[1A[2K[1A[2K[1A[2K[1A[2K[1A[2K[1A[2K[G────────────────────────────────────────────────────────────────────────────────────────────────────────────────────────
streaming action… 652 chars

s9 intent can_verify noul=0.29 p=0.29 c=0.42 derived
s9 intent can_fix_environment noul=0.03 p=0.03 c=0.94 derived
s9 intent can_finish noul=0.44 p=0.44 c=0.12 derived
s9 intent plan_still_valid noul=0.24 p=0.24 c=0.52 derived
s9 context show:calc/core.py noul=0.80 p=0.80 c=0.60 derived
s9 context show:calc/__init__.py noul=0.07 p=0.07 c=0.86 derived
s9 context show:hypothesis/__init__.py noul=0.04 p=0.04 c=0.92 derived
s9 context show:hypothesis/strategies.py noul=0.04 p=0.04 c=0.92 derived
s9 context show:notes.txt noul=0.07 p=0.07 c=0.86 derived
s9 context show:pytest.ini noul=0.08 p=0.08 c=0.84 derived
s9 context show:README.md noul=0.04 p=0.04 c=0.92 derived
s9 context show:tests/test_core.py noul=0.31 p=0.31 c=0.38 derived
step 8/40  ⠙ context  wall 18m52s/30m  tokens gen 38.0k jev 113.1k  cost gen $0.098 jev $0.005 / cap $2.000
[?2026l[?2026h[2K[1A[2K[1A[2K[1A[2K[1A[2K[1A[2K[1A[2K[1A[2K[1A[2K[1A[2K[1A[2K[1A[2K[1A[2K[1A[2K[1A[2K[1A[2K[1A[2K[G────────────────────────────────────────────────────────────────────────────────────────────────────────────────────────
streaming action… 680 chars

s9 intent can_verify noul=0.29 p=0.29 c=0.42 derived
s9 intent can_fix_environment noul=0.03 p=0.03 c=0.94 derived
s9 intent can_finish noul=0.44 p=0.44 c=0.12 derived
s9 intent plan_still_valid noul=0.24 p=0.24 c=0.52 derived
s9 context show:calc/core.py noul=0.80 p=0.80 c=0.60 derived
s9 context show:calc/__init__.py noul=0.07 p=0.07 c=0.86 derived
s9 context show:hypothesis/__init__.py noul=0.04 p=0.04 c=0.92 derived
s9 context show:hypothesis/strategies.py noul=0.04 p=0.04 c=0.92 derived
s9 context show:notes.txt noul=0.07 p=0.07 c=0.86 derived
s9 context show:pytest.ini noul=0.08 p=0.08 c=0.84 derived
s9 context show:README.md noul=0.04 p=0.04 c=0.92 derived
s9 context show:tests/test_core.py noul=0.31 p=0.31 c=0.38 derived
step 8/40  ⠙ context  wall 18m52s/30m  tokens gen 38.0k jev 113.1k  cost gen $0.098 jev $0.005 / cap $2.000
[?2026l[?2026h[2K[1A[2K[1A[2K[1A[2K[1A[2K[1A[2K[1A[2K[1A[2K[1A[2K[1A[2K[1A[2K[1A[2K[1A[2K[1A[2K[1A[2K[1A[2K[1A[2K[G────────────────────────────────────────────────────────────────────────────────────────────────────────────────────────
streaming action… 700 chars

s9 intent can_verify noul=0.29 p=0.29 c=0.42 derived
s9 intent can_fix_environment noul=0.03 p=0.03 c=0.94 derived
s9 intent can_finish noul=0.44 p=0.44 c=0.12 derived
s9 intent plan_still_valid noul=0.24 p=0.24 c=0.52 derived
s9 context show:calc/core.py noul=0.80 p=0.80 c=0.60 derived
s9 context show:calc/__init__.py noul=0.07 p=0.07 c=0.86 derived
s9 context show:hypothesis/__init__.py noul=0.04 p=0.04 c=0.92 derived
s9 context show:hypothesis/strategies.py noul=0.04 p=0.04 c=0.92 derived
s9 context show:notes.txt noul=0.07 p=0.07 c=0.86 derived
s9 context show:pytest.ini noul=0.08 p=0.08 c=0.84 derived
s9 context show:README.md noul=0.04 p=0.04 c=0.92 derived
s9 context show:tests/test_core.py noul=0.31 p=0.31 c=0.38 derived
step 8/40  ⠙ context  wall 18m52s/30m  tokens gen 38.0k jev 113.1k  cost gen $0.098 jev $0.005 / cap $2.000
[?2026l[?2026h[2K[1A[2K[1A[2K[1A[2K[1A[2K[1A[2K[1A[2K[1A[2K[1A[2K[1A[2K[1A[2K[1A[2K[1A[2K[1A[2K[1A[2K[1A[2K[1A[2K[G────────────────────────────────────────────────────────────────────────────────────────────────────────────────────────
streaming action… 700 chars

s9 intent can_verify noul=0.29 p=0.29 c=0.42 derived
s9 intent can_fix_environment noul=0.03 p=0.03 c=0.94 derived
s9 intent can_finish noul=0.44 p=0.44 c=0.12 derived
s9 intent plan_still_valid noul=0.24 p=0.24 c=0.52 derived
s9 context show:calc/core.py noul=0.80 p=0.80 c=0.60 derived
s9 context show:calc/__init__.py noul=0.07 p=0.07 c=0.86 derived
s9 context show:hypothesis/__init__.py noul=0.04 p=0.04 c=0.92 derived
s9 context show:hypothesis/strategies.py noul=0.04 p=0.04 c=0.92 derived
s9 context show:notes.txt noul=0.07 p=0.07 c=0.86 derived
s9 context show:pytest.ini noul=0.08 p=0.08 c=0.84 derived
s9 context show:README.md noul=0.04 p=0.04 c=0.92 derived
s9 context show:tests/test_core.py noul=0.31 p=0.31 c=0.38 derived
step 8/40  ⠹ context  wall 18m52s/30m  tokens gen 38.0k jev 113.1k  cost gen $0.098 jev $0.005 / cap $2.000
[?2026l[?2026h[2K[1A[2K[1A[2K[1A[2K[1A[2K[1A[2K[1A[2K[1A[2K[1A[2K[1A[2K[1A[2K[1A[2K[1A[2K[1A[2K[1A[2K[1A[2K[1A[2K[G────────────────────────────────────────────────────────────────────────────────────────────────────────────────────────
streaming action… 718 chars

s9 intent can_verify noul=0.29 p=0.29 c=0.42 derived
s9 intent can_fix_environment noul=0.03 p=0.03 c=0.94 derived
s9 intent can_finish noul=0.44 p=0.44 c=0.12 derived
s9 intent plan_still_valid noul=0.24 p=0.24 c=0.52 derived
s9 context show:calc/core.py noul=0.80 p=0.80 c=0.60 derived
s9 context show:calc/__init__.py noul=0.07 p=0.07 c=0.86 derived
s9 context show:hypothesis/__init__.py noul=0.04 p=0.04 c=0.92 derived
s9 context show:hypothesis/strategies.py noul=0.04 p=0.04 c=0.92 derived
s9 context show:notes.txt noul=0.07 p=0.07 c=0.86 derived
s9 context show:pytest.ini noul=0.08 p=0.08 c=0.84 derived
s9 context show:README.md noul=0.04 p=0.04 c=0.92 derived
s9 context show:tests/test_core.py noul=0.31 p=0.31 c=0.38 derived
step 8/40  ⠹ context  wall 18m52s/30m  tokens gen 38.0k jev 113.1k  cost gen $0.098 jev $0.005 / cap $2.000
[?2026l[?2026h[2K[1A[2K[1A[2K[1A[2K[1A[2K[1A[2K[1A[2K[1A[2K[1A[2K[1A[2K[1A[2K[1A[2K[1A[2K[1A[2K[1A[2K[1A[2K[1A[2K[G────────────────────────────────────────────────────────────────────────────────────────────────────────────────────────
streaming action… 718 chars

s9 intent can_verify noul=0.29 p=0.29 c=0.42 derived
s9 intent can_fix_environment noul=0.03 p=0.03 c=0.94 derived
s9 intent can_finish noul=0.44 p=0.44 c=0.12 derived
s9 intent plan_still_valid noul=0.24 p=0.24 c=0.52 derived
s9 context show:calc/core.py noul=0.80 p=0.80 c=0.60 derived
s9 context show:calc/__init__.py noul=0.07 p=0.07 c=0.86 derived
s9 context show:hypothesis/__init__.py noul=0.04 p=0.04 c=0.92 derived
s9 context show:hypothesis/strategies.py noul=0.04 p=0.04 c=0.92 derived
s9 context show:notes.txt noul=0.07 p=0.07 c=0.86 derived
s9 context show:pytest.ini noul=0.08 p=0.08 c=0.84 derived
s9 context show:README.md noul=0.04 p=0.04 c=0.92 derived
s9 context show:tests/test_core.py noul=0.31 p=0.31 c=0.38 derived
step 8/40  ⠸ context  wall 18m52s/30m  tokens gen 38.0k jev 113.1k  cost gen $0.098 jev $0.005 / cap $2.000
[?2026l[?2026h[2K[1A[2K[1A[2K[1A[2K[1A[2K[1A[2K[1A[2K[1A[2K[1A[2K[1A[2K[1A[2K[1A[2K[1A[2K[1A[2K[1A[2K[1A[2K[1A[2K[G────────────────────────────────────────────────────────────────────────────────────────────────────────────────────────
streaming action… 718 chars

s9 intent can_verify noul=0.29 p=0.29 c=0.42 derived
s9 intent can_fix_environment noul=0.03 p=0.03 c=0.94 derived
s9 intent can_finish noul=0.44 p=0.44 c=0.12 derived
s9 intent plan_still_valid noul=0.24 p=0.24 c=0.52 derived
s9 context show:calc/core.py noul=0.80 p=0.80 c=0.60 derived
s9 context show:calc/__init__.py noul=0.07 p=0.07 c=0.86 derived
s9 context show:hypothesis/__init__.py noul=0.04 p=0.04 c=0.92 derived
s9 context show:hypothesis/strategies.py noul=0.04 p=0.04 c=0.92 derived
s9 context show:notes.txt noul=0.07 p=0.07 c=0.86 derived
s9 context show:pytest.ini noul=0.08 p=0.08 c=0.84 derived
s9 context show:README.md noul=0.04 p=0.04 c=0.92 derived
s9 context show:tests/test_core.py noul=0.31 p=0.31 c=0.38 derived
step 8/40  ⠼ context  wall 18m52s/30m  tokens gen 38.0k jev 113.1k  cost gen $0.098 jev $0.005 / cap $2.000
[?2026l[?2026h[2K[1A[2K[1A[2K[1A[2K[1A[2K[1A[2K[1A[2K[1A[2K[1A[2K[1A[2K[1A[2K[1A[2K[1A[2K[1A[2K[1A[2K[1A[2K[1A[2K[G[step 9] proposal run $ pytest -q: Run the test suite fresh with pytest -q to provide final verification evidence that
all tests pass. | plan done=2 remaining=2 open=1
pytest -q
────────────────────────────────────────────────────────────────────────────────────────────────────────────────────────


s9 intent can_verify noul=0.29 p=0.29 c=0.42 derived
s9 intent can_fix_environment noul=0.03 p=0.03 c=0.94 derived
s9 intent can_finish noul=0.44 p=0.44 c=0.12 derived
s9 intent plan_still_valid noul=0.24 p=0.24 c=0.52 derived
s9 context show:calc/core.py noul=0.80 p=0.80 c=0.60 derived
s9 context show:calc/__init__.py noul=0.07 p=0.07 c=0.86 derived
s9 context show:hypothesis/__init__.py noul=0.04 p=0.04 c=0.92 derived
s9 context show:hypothesis/strategies.py noul=0.04 p=0.04 c=0.92 derived
s9 context show:notes.txt noul=0.07 p=0.07 c=0.86 derived
s9 context show:pytest.ini noul=0.08 p=0.08 c=0.84 derived
s9 context show:README.md noul=0.04 p=0.04 c=0.92 derived
s9 context show:tests/test_core.py noul=0.31 p=0.31 c=0.38 derived
step 8/40  ⠼ propose  wall 18m56s/30m  tokens gen 44.5k jev 113.1k  cost gen $0.114 jev $0.005 / cap $2.000
[?2026l[?2026h[2K[1A[2K[1A[2K[1A[2K[1A[2K[1A[2K[1A[2K[1A[2K[1A[2K[1A[2K[1A[2K[1A[2K[1A[2K[1A[2K[1A[2K[1A[2K[1A[2K[G────────────────────────────────────────────────────────────────────────────────────────────────────────────────────────


s9 intent can_verify noul=0.29 p=0.29 c=0.42 derived
s9 intent can_fix_environment noul=0.03 p=0.03 c=0.94 derived
s9 intent can_finish noul=0.44 p=0.44 c=0.12 derived
s9 intent plan_still_valid noul=0.24 p=0.24 c=0.52 derived
s9 context show:calc/core.py noul=0.80 p=0.80 c=0.60 derived
s9 context show:calc/__init__.py noul=0.07 p=0.07 c=0.86 derived
s9 context show:hypothesis/__init__.py noul=0.04 p=0.04 c=0.92 derived
s9 context show:hypothesis/strategies.py noul=0.04 p=0.04 c=0.92 derived
s9 context show:notes.txt noul=0.07 p=0.07 c=0.86 derived
s9 context show:pytest.ini noul=0.08 p=0.08 c=0.84 derived
s9 context show:README.md noul=0.04 p=0.04 c=0.92 derived
s9 context show:tests/test_core.py noul=0.31 p=0.31 c=0.38 derived
step 8/40  ⠴ propose  wall 18m56s/30m  tokens gen 44.5k jev 113.1k  cost gen $0.114 jev $0.005 / cap $2.000
[?2026l[?2026h[2K[1A[2K[1A[2K[1A[2K[1A[2K[1A[2K[1A[2K[1A[2K[1A[2K[1A[2K[1A[2K[1A[2K[1A[2K[1A[2K[1A[2K[1A[2K[1A[2K[G[step 9] risk=0.38 review: risk 0.38 (review) from plan_mismatch: 0.38 probability of level 3 or above; dominant level 0
 "matches `intent` and the plan"; Jev confidence 0.00
────────────────────────────────────────────────────────────────────────────────────────────────────────────────────────


s9 context show:calc/__init__.py noul=0.07 p=0.07 c=0.86 derived
s9 context show:hypothesis/__init__.py noul=0.04 p=0.04 c=0.92 derived
s9 context show:hypothesis/strategies.py noul=0.04 p=0.04 c=0.92 derived
s9 context show:notes.txt noul=0.07 p=0.07 c=0.86 derived
s9 context show:pytest.ini noul=0.08 p=0.08 c=0.84 derived
s9 context show:README.md noul=0.04 p=0.04 c=0.92 derived
s9 context show:tests/test_core.py noul=0.31 p=0.31 c=0.38 derived
s9 risk destructive score=0 p=1.00 c=1.00 [review]
s9 risk out_of_scope score=0.12 p=0.92 c=0.90 [review]
s9 risk plan_mismatch score=1.96 p=0.35 c=0.00 [review]
s9 risk irreversible score=0 p=1.00 c=1.00 [review]
s9 risk matches_intent noul=0.93 p=0.93 c=0.86 derived
confirm 20260920-053858-sg4lrqn5:9 step 9: Run the test suite fresh with pytest -q to provide final verification eviden…
action: run $ pytest -q
destructive L0 p=1.00 r=0.00 c=1.00 | out_of_scope L0 p=0.92 r=0.01 c=0.90
plan_mismatch L0 p=0.35 r=0.38 c=0.00 | irreversible L0 p=1.00 r=0.00 c=1.00
reason: risk=0.38 risk 0.38 (review) from plan_mismatch: 0.38 probability of level 3 or above; dominant level 0 "matche…
[y] approve  [n] decline
  pytest -q
step 8/40  ⠴ risk  wall 18m56s/30m  tokens gen 44.5k jev 117.6k  cost gen $0.114 jev $0.005 / cap $2.000
[?2026l
<<demo: answered y>>
[?2026h[2K[1A[2K[1A[2K[1A[2K[1A[2K[1A[2K[1A[2K[1A[2K[1A[2K[1A[2K[1A[2K[1A[2K[1A[2K[1A[2K[1A[2K[1A[2K[1A[2K[1A[2K[1A[2K[1A[2K[1A[2K[1A[2K[1A[2K[1A[2K[G────────────────────────────────────────────────────────────────────────────────────────────────────────────────────────


s9 context show:calc/__init__.py noul=0.07 p=0.07 c=0.86 derived
s9 context show:hypothesis/__init__.py noul=0.04 p=0.04 c=0.92 derived
s9 context show:hypothesis/strategies.py noul=0.04 p=0.04 c=0.92 derived
s9 context show:notes.txt noul=0.07 p=0.07 c=0.86 derived
s9 context show:pytest.ini noul=0.08 p=0.08 c=0.84 derived
s9 context show:README.md noul=0.04 p=0.04 c=0.92 derived
s9 context show:tests/test_core.py noul=0.31 p=0.31 c=0.38 derived
s9 risk destructive score=0 p=1.00 c=1.00 [review]
s9 risk out_of_scope score=0.12 p=0.92 c=0.90 [review]
s9 risk plan_mismatch score=1.96 p=0.35 c=0.00 [review]
s9 risk irreversible score=0 p=1.00 c=1.00 [review]
s9 risk matches_intent noul=0.93 p=0.93 c=0.86 derived
confirm 20260920-053858-sg4lrqn5:9 step 9: Run the test suite fresh with pytest -q to provide final verification eviden…
action: run $ pytest -q
destructive L0 p=1.00 r=0.00 c=1.00 | out_of_scope L0 p=0.92 r=0.01 c=0.90
plan_mismatch L0 p=0.35 r=0.38 c=0.00 | irreversible L0 p=1.00 r=0.00 c=1.00
reason: risk=0.38 risk 0.38 (review) from plan_mismatch: 0.38 probability of level 3 or above; dominant level 0 "matche…
[y] approve  [n] decline
  pytest -q
step 8/40  ⠦ risk  wall 18m56s/30m  tokens gen 44.5k jev 117.6k  cost gen $0.114 jev $0.005 / cap $2.000
[?2026l
<<demo: answered y>>
[?2026h[2K[1A[2K[1A[2K[1A[2K[1A[2K[1A[2K[1A[2K[1A[2K[1A[2K[1A[2K[1A[2K[1A[2K[1A[2K[1A[2K[1A[2K[1A[2K[1A[2K[1A[2K[1A[2K[1A[2K[1A[2K[1A[2K[1A[2K[1A[2K[G[step 9] confirm 20260920-053858-sg4lrqn5:9 approved
────────────────────────────────────────────────────────────────────────────────────────────────────────────────────────


s9 context show:calc/__init__.py noul=0.07 p=0.07 c=0.86 derived
s9 context show:hypothesis/__init__.py noul=0.04 p=0.04 c=0.92 derived
s9 context show:hypothesis/strategies.py noul=0.04 p=0.04 c=0.92 derived
s9 context show:notes.txt noul=0.07 p=0.07 c=0.86 derived
s9 context show:pytest.ini noul=0.08 p=0.08 c=0.84 derived
s9 context show:README.md noul=0.04 p=0.04 c=0.92 derived
s9 context show:tests/test_core.py noul=0.31 p=0.31 c=0.38 derived
s9 risk destructive score=0 p=1.00 c=1.00 [review]
s9 risk out_of_scope score=0.12 p=0.92 c=0.90 [review]
s9 risk plan_mismatch score=1.96 p=0.35 c=0.00 [review]
s9 risk irreversible score=0 p=1.00 c=1.00 [review]
s9 risk matches_intent noul=0.93 p=0.93 c=0.86 derived
step 8/40  ⠧ risk  wall 18m56s/30m  tokens gen 44.5k jev 117.6k  cost gen $0.114 jev $0.005 / cap $2.000
[?2026l[?2026h[2K[1A[2K[1A[2K[1A[2K[1A[2K[1A[2K[1A[2K[1A[2K[1A[2K[1A[2K[1A[2K[1A[2K[1A[2K[1A[2K[1A[2K[1A[2K[1A[2K[G────────────────────────────────────────────────────────────────────────────────────────────────────────────────────────


s9 context show:calc/__init__.py noul=0.07 p=0.07 c=0.86 derived
s9 context show:hypothesis/__init__.py noul=0.04 p=0.04 c=0.92 derived
s9 context show:hypothesis/strategies.py noul=0.04 p=0.04 c=0.92 derived
s9 context show:notes.txt noul=0.07 p=0.07 c=0.86 derived
s9 context show:pytest.ini noul=0.08 p=0.08 c=0.84 derived
s9 context show:README.md noul=0.04 p=0.04 c=0.92 derived
s9 context show:tests/test_core.py noul=0.31 p=0.31 c=0.38 derived
s9 risk destructive score=0 p=1.00 c=1.00 [review]
s9 risk out_of_scope score=0.12 p=0.92 c=0.90 [review]
s9 risk plan_mismatch score=1.96 p=0.35 c=0.00 [review]
s9 risk irreversible score=0 p=1.00 c=1.00 [review]
s9 risk matches_intent noul=0.93 p=0.93 c=0.86 derived
step 8/40  ⠇ risk  wall 18m56s/30m  tokens gen 44.5k jev 117.6k  cost gen $0.114 jev $0.005 / cap $2.000
[?2026l[?2026h[2K[1A[2K[1A[2K[1A[2K[1A[2K[1A[2K[1A[2K[1A[2K[1A[2K[1A[2K[1A[2K[1A[2K[1A[2K[1A[2K[1A[2K[1A[2K[1A[2K[G────────────────────────────────────────────────────────────────────────────────────────────────────────────────────────


s9 context show:calc/__init__.py noul=0.07 p=0.07 c=0.86 derived
s9 context show:hypothesis/__init__.py noul=0.04 p=0.04 c=0.92 derived
s9 context show:hypothesis/strategies.py noul=0.04 p=0.04 c=0.92 derived
s9 context show:notes.txt noul=0.07 p=0.07 c=0.86 derived
s9 context show:pytest.ini noul=0.08 p=0.08 c=0.84 derived
s9 context show:README.md noul=0.04 p=0.04 c=0.92 derived
s9 context show:tests/test_core.py noul=0.31 p=0.31 c=0.38 derived
s9 risk destructive score=0 p=1.00 c=1.00 [review]
s9 risk out_of_scope score=0.12 p=0.92 c=0.90 [review]
s9 risk plan_mismatch score=1.96 p=0.35 c=0.00 [review]
s9 risk irreversible score=0 p=1.00 c=1.00 [review]
s9 risk matches_intent noul=0.93 p=0.93 c=0.86 derived
step 8/40  ⠏ risk  wall 18m56s/30m  tokens gen 44.5k jev 117.6k  cost gen $0.114 jev $0.005 / cap $2.000
[?2026l[?2026h[2K[1A[2K[1A[2K[1A[2K[1A[2K[1A[2K[1A[2K[1A[2K[1A[2K[1A[2K[1A[2K[1A[2K[1A[2K[1A[2K[1A[2K[1A[2K[1A[2K[G[step 9] outcome executed: exit 0 (exit 0, 133ms)
────────────────────────────────────────────────────────────────────────────────────────────────────────────────────────


s9 context show:calc/__init__.py noul=0.07 p=0.07 c=0.86 derived
s9 context show:hypothesis/__init__.py noul=0.04 p=0.04 c=0.92 derived
s9 context show:hypothesis/strategies.py noul=0.04 p=0.04 c=0.92 derived
s9 context show:notes.txt noul=0.07 p=0.07 c=0.86 derived
s9 context show:pytest.ini noul=0.08 p=0.08 c=0.84 derived
s9 context show:README.md noul=0.04 p=0.04 c=0.92 derived
s9 context show:tests/test_core.py noul=0.31 p=0.31 c=0.38 derived
s9 risk destructive score=0 p=1.00 c=1.00 [review]
s9 risk out_of_scope score=0.12 p=0.92 c=0.90 [review]
s9 risk plan_mismatch score=1.96 p=0.35 c=0.00 [review]
s9 risk irreversible score=0 p=1.00 c=1.00 [review]
s9 risk matches_intent noul=0.93 p=0.93 c=0.86 derived
step 8/40  ⠏ execute  wall 18m59s/30m  tokens gen 44.5k jev 117.6k  cost gen $0.114 jev $0.005 / cap $2.000
[?2026l[?2026h[2K[1A[2K[1A[2K[1A[2K[1A[2K[1A[2K[1A[2K[1A[2K[1A[2K[1A[2K[1A[2K[1A[2K[1A[2K[1A[2K[1A[2K[1A[2K[1A[2K[G────────────────────────────────────────────────────────────────────────────────────────────────────────────────────────


s9 context show:calc/__init__.py noul=0.07 p=0.07 c=0.86 derived
s9 context show:hypothesis/__init__.py noul=0.04 p=0.04 c=0.92 derived
s9 context show:hypothesis/strategies.py noul=0.04 p=0.04 c=0.92 derived
s9 context show:notes.txt noul=0.07 p=0.07 c=0.86 derived
s9 context show:pytest.ini noul=0.08 p=0.08 c=0.84 derived
s9 context show:README.md noul=0.04 p=0.04 c=0.92 derived
s9 context show:tests/test_core.py noul=0.31 p=0.31 c=0.38 derived
s9 risk destructive score=0 p=1.00 c=1.00 [review]
s9 risk out_of_scope score=0.12 p=0.92 c=0.90 [review]
s9 risk plan_mismatch score=1.96 p=0.35 c=0.00 [review]
s9 risk irreversible score=0 p=1.00 c=1.00 [review]
s9 risk matches_intent noul=0.93 p=0.93 c=0.86 derived
step 8/40  ⠋ execute  wall 18m59s/30m  tokens gen 44.5k jev 117.6k  cost gen $0.114 jev $0.005 / cap $2.000
[?2026l[?2026h[2K[1A[2K[1A[2K[1A[2K[1A[2K[1A[2K[1A[2K[1A[2K[1A[2K[1A[2K[1A[2K[1A[2K[1A[2K[1A[2K[1A[2K[1A[2K[1A[2K[G[step 9] judge succeeded=0.88 error_present=0.04 new_info=0.06 tests=8p/0f/0e pass claims=2/2 completion=0.69
[step 9] loop tripped: intent:unresolved x3
[step 9] plan done=10 remaining=9 unverified=3 problems=5
────────────────────────────────────────────────────────────────────────────────────────────────────────────────────────


s9 context show:tests/test_core.py noul=0.31 p=0.31 c=0.38 derived
s9 risk destructive score=0 p=1.00 c=1.00 [review]
s9 risk out_of_scope score=0.12 p=0.92 c=0.90 [review]
s9 risk plan_mismatch score=1.96 p=0.35 c=0.00 [review]
s9 risk irreversible score=0 p=1.00 c=1.00 [review]
s9 risk matches_intent noul=0.93 p=0.93 c=0.86 derived
s9 judge succeeded noul=0.88 p=0.88 c=0.76 derived
s9 judge error_present noul=0.04 p=0.04 c=0.92 derived
s9 judge new_information noul=0.06 p=0.06 c=0.88 derived
s9 judge done_0 noul=0.71 p=0.71 c=0.42 derived
s9 judge done_1 noul=0.90 p=0.90 c=0.80 derived
s9 complete task_complete noul=0.69 p=0.69 c=0.38 derived
step 9/40  ⠋ judge  wall 18m59s/30m  tokens gen 44.5k jev 122.8k  cost gen $0.114 jev $0.005 / cap $2.000
[?2026l[?2026h[2K[1A[2K[1A[2K[1A[2K[1A[2K[1A[2K[1A[2K[1A[2K[1A[2K[1A[2K[1A[2K[1A[2K[1A[2K[1A[2K[1A[2K[1A[2K[1A[2K[G────────────────────────────────────────────────────────────────────────────────────────────────────────────────────────


s9 context show:tests/test_core.py noul=0.31 p=0.31 c=0.38 derived
s9 risk destructive score=0 p=1.00 c=1.00 [review]
s9 risk out_of_scope score=0.12 p=0.92 c=0.90 [review]
s9 risk plan_mismatch score=1.96 p=0.35 c=0.00 [review]
s9 risk irreversible score=0 p=1.00 c=1.00 [review]
s9 risk matches_intent noul=0.93 p=0.93 c=0.86 derived
s9 judge succeeded noul=0.88 p=0.88 c=0.76 derived
s9 judge error_present noul=0.04 p=0.04 c=0.92 derived
s9 judge new_information noul=0.06 p=0.06 c=0.88 derived
s9 judge done_0 noul=0.71 p=0.71 c=0.42 derived
s9 judge done_1 noul=0.90 p=0.90 c=0.80 derived
s9 complete task_complete noul=0.69 p=0.69 c=0.38 derived
step 9/40  ⠙ judge  wall 18m59s/30m  tokens gen 44.5k jev 122.8k  cost gen $0.114 jev $0.005 / cap $2.000
[?2026l[?2026h[2K[1A[2K[1A[2K[1A[2K[1A[2K[1A[2K[1A[2K[1A[2K[1A[2K[1A[2K[1A[2K[1A[2K[1A[2K[1A[2K[1A[2K[1A[2K[1A[2K[G────────────────────────────────────────────────────────────────────────────────────────────────────────────────────────


s9 context show:tests/test_core.py noul=0.31 p=0.31 c=0.38 derived
s9 risk destructive score=0 p=1.00 c=1.00 [review]
s9 risk out_of_scope score=0.12 p=0.92 c=0.90 [review]
s9 risk plan_mismatch score=1.96 p=0.35 c=0.00 [review]
s9 risk irreversible score=0 p=1.00 c=1.00 [review]
s9 risk matches_intent noul=0.93 p=0.93 c=0.86 derived
s9 judge succeeded noul=0.88 p=0.88 c=0.76 derived
s9 judge error_present noul=0.04 p=0.04 c=0.92 derived
s9 judge new_information noul=0.06 p=0.06 c=0.88 derived
s9 judge done_0 noul=0.71 p=0.71 c=0.42 derived
s9 judge done_1 noul=0.90 p=0.90 c=0.80 derived
s9 complete task_complete noul=0.69 p=0.69 c=0.38 derived
step 9/40  ⠹ judge  wall 18m59s/30m  tokens gen 44.5k jev 122.8k  cost gen $0.114 jev $0.005 / cap $2.000
[?2026l[?2026h[2K[1A[2K[1A[2K[1A[2K[1A[2K[1A[2K[1A[2K[1A[2K[1A[2K[1A[2K[1A[2K[1A[2K[1A[2K[1A[2K[1A[2K[1A[2K[1A[2K[G[step 10] replan change_approach p=0.58 c=0.50 impossible=0.05: Jev found no listed recovery applicable after repeating
the same step with no fitting intent 3 times (p=0.58, task_impossible=0.05); propose a different action from anything
shown in recent steps.
────────────────────────────────────────────────────────────────────────────────────────────────────────────────────────


s9 judge error_present noul=0.04 p=0.04 c=0.92 derived
s9 judge new_information noul=0.06 p=0.06 c=0.88 derived
s9 judge done_0 noul=0.71 p=0.71 c=0.42 derived
s9 judge done_1 noul=0.90 p=0.90 c=0.80 derived
s9 complete task_complete noul=0.69 p=0.69 c=0.38 derived
s10 replan next_move choice=stop_and_report p=0.58 c=0.50 [fallback]
s10 replan can_change_approach noul=0.31 p=0.31 c=0.38 derived
s10 replan can_gather_context noul=0.21 p=0.21 c=0.58 derived
s10 replan can_fix_environment noul=0.04 p=0.04 c=0.92 derived
s10 replan can_revert_changes noul=0.06 p=0.06 c=0.88 derived
s10 replan can_stop_and_report noul=0.42 p=0.42 c=0.16 derived
s10 replan task_impossible noul=0.05 p=0.05 c=0.90 derived
step 9/40  ⠹ replan  wall 18m59s/30m  tokens gen 44.5k jev 128.4k  cost gen $0.114 jev $0.005 / cap $2.000
[?2026l[?2026h[2K[1A[2K[1A[2K[1A[2K[1A[2K[1A[2K[1A[2K[1A[2K[1A[2K[1A[2K[1A[2K[1A[2K[1A[2K[1A[2K[1A[2K[1A[2K[1A[2K[G────────────────────────────────────────────────────────────────────────────────────────────────────────────────────────


s9 judge error_present noul=0.04 p=0.04 c=0.92 derived
s9 judge new_information noul=0.06 p=0.06 c=0.88 derived
s9 judge done_0 noul=0.71 p=0.71 c=0.42 derived
s9 judge done_1 noul=0.90 p=0.90 c=0.80 derived
s9 complete task_complete noul=0.69 p=0.69 c=0.38 derived
s10 replan next_move choice=stop_and_report p=0.58 c=0.50 [fallback]
s10 replan can_change_approach noul=0.31 p=0.31 c=0.38 derived
s10 replan can_gather_context noul=0.21 p=0.21 c=0.58 derived
s10 replan can_fix_environment noul=0.04 p=0.04 c=0.92 derived
s10 replan can_revert_changes noul=0.06 p=0.06 c=0.88 derived
s10 replan can_stop_and_report noul=0.42 p=0.42 c=0.16 derived
s10 replan task_impossible noul=0.05 p=0.05 c=0.90 derived
step 9/40  ⠸ replan  wall 18m59s/30m  tokens gen 44.5k jev 128.4k  cost gen $0.114 jev $0.005 / cap $2.000
[?2026l[?2026h[2K[1A[2K[1A[2K[1A[2K[1A[2K[1A[2K[1A[2K[1A[2K[1A[2K[1A[2K[1A[2K[1A[2K[1A[2K[1A[2K[1A[2K[1A[2K[1A[2K[G────────────────────────────────────────────────────────────────────────────────────────────────────────────────────────


s9 judge error_present noul=0.04 p=0.04 c=0.92 derived
s9 judge new_information noul=0.06 p=0.06 c=0.88 derived
s9 judge done_0 noul=0.71 p=0.71 c=0.42 derived
s9 judge done_1 noul=0.90 p=0.90 c=0.80 derived
s9 complete task_complete noul=0.69 p=0.69 c=0.38 derived
s10 replan next_move choice=stop_and_report p=0.58 c=0.50 [fallback]
s10 replan can_change_approach noul=0.31 p=0.31 c=0.38 derived
s10 replan can_gather_context noul=0.21 p=0.21 c=0.58 derived
s10 replan can_fix_environment noul=0.04 p=0.04 c=0.92 derived
s10 replan can_revert_changes noul=0.06 p=0.06 c=0.88 derived
s10 replan can_stop_and_report noul=0.42 p=0.42 c=0.16 derived
s10 replan task_impossible noul=0.05 p=0.05 c=0.90 derived
step 9/40  ⠼ replan  wall 18m59s/30m  tokens gen 44.5k jev 128.4k  cost gen $0.114 jev $0.005 / cap $2.000
[?2026l[?2026h[2K[1A[2K[1A[2K[1A[2K[1A[2K[1A[2K[1A[2K[1A[2K[1A[2K[1A[2K[1A[2K[1A[2K[1A[2K[1A[2K[1A[2K[1A[2K[1A[2K[G[step 10] intent=investigate p=0.79 c=0.75 (jev answered finish)
────────────────────────────────────────────────────────────────────────────────────────────────────────────────────────


s10 replan can_gather_context noul=0.21 p=0.21 c=0.58 derived
s10 replan can_fix_environment noul=0.04 p=0.04 c=0.92 derived
s10 replan can_revert_changes noul=0.06 p=0.06 c=0.88 derived
s10 replan can_stop_and_report noul=0.42 p=0.42 c=0.16 derived
s10 replan task_impossible noul=0.05 p=0.05 c=0.90 derived
s10 intent intent choice=finish p=0.79 c=0.75 [fallback]
s10 intent can_investigate noul=0.16 p=0.16 c=0.68 derived
s10 intent can_edit noul=0.08 p=0.08 c=0.84 derived
s10 intent can_verify noul=0.31 p=0.31 c=0.38 derived
s10 intent can_fix_environment noul=0.02 p=0.02 c=0.96 derived
s10 intent can_finish noul=0.41 p=0.41 c=0.18 derived
s10 intent plan_still_valid noul=0.22 p=0.22 c=0.56 derived
step 9/40  ⠼ intent  wall 18m59s/30m  tokens gen 44.5k jev 133.6k  cost gen $0.114 jev $0.005 / cap $2.000
[?2026l[?2026h[2K[1A[2K[1A[2K[1A[2K[1A[2K[1A[2K[1A[2K[1A[2K[1A[2K[1A[2K[1A[2K[1A[2K[1A[2K[1A[2K[1A[2K[1A[2K[1A[2K[G────────────────────────────────────────────────────────────────────────────────────────────────────────────────────────


s10 replan can_gather_context noul=0.21 p=0.21 c=0.58 derived
s10 replan can_fix_environment noul=0.04 p=0.04 c=0.92 derived
s10 replan can_revert_changes noul=0.06 p=0.06 c=0.88 derived
s10 replan can_stop_and_report noul=0.42 p=0.42 c=0.16 derived
s10 replan task_impossible noul=0.05 p=0.05 c=0.90 derived
s10 intent intent choice=finish p=0.79 c=0.75 [fallback]
s10 intent can_investigate noul=0.16 p=0.16 c=0.68 derived
s10 intent can_edit noul=0.08 p=0.08 c=0.84 derived
s10 intent can_verify noul=0.31 p=0.31 c=0.38 derived
s10 intent can_fix_environment noul=0.02 p=0.02 c=0.96 derived
s10 intent can_finish noul=0.41 p=0.41 c=0.18 derived
s10 intent plan_still_valid noul=0.22 p=0.22 c=0.56 derived
step 9/40  ⠴ intent  wall 18m59s/30m  tokens gen 44.5k jev 133.6k  cost gen $0.114 jev $0.005 / cap $2.000
[?2026l[?2026h[2K[1A[2K[1A[2K[1A[2K[1A[2K[1A[2K[1A[2K[1A[2K[1A[2K[1A[2K[1A[2K[1A[2K[1A[2K[1A[2K[1A[2K[1A[2K[1A[2K[G────────────────────────────────────────────────────────────────────────────────────────────────────────────────────────


s10 intent can_verify noul=0.31 p=0.31 c=0.38 derived
s10 intent can_fix_environment noul=0.02 p=0.02 c=0.96 derived
s10 intent can_finish noul=0.41 p=0.41 c=0.18 derived
s10 intent plan_still_valid noul=0.22 p=0.22 c=0.56 derived
s10 context show:calc/core.py noul=0.73 p=0.73 c=0.46 derived
s10 context show:calc/__init__.py noul=0.08 p=0.08 c=0.84 derived
s10 context show:hypothesis/__init__.py noul=0.04 p=0.04 c=0.92 derived
s10 context show:hypothesis/strategies.py noul=0.04 p=0.04 c=0.92 derived
s10 context show:notes.txt noul=0.07 p=0.07 c=0.86 derived
s10 context show:pytest.ini noul=0.10 p=0.10 c=0.80 derived
s10 context show:README.md noul=0.05 p=0.05 c=0.90 derived
s10 context show:tests/test_core.py noul=0.33 p=0.33 c=0.34 derived
step 9/40  ⠴ intent  wall 18m59s/30m  tokens gen 44.5k jev 133.6k  cost gen $0.114 jev $0.005 / cap $2.000
[?2026l[?2026h[2K[1A[2K[1A[2K[1A[2K[1A[2K[1A[2K[1A[2K[1A[2K[1A[2K[1A[2K[1A[2K[1A[2K[1A[2K[1A[2K[1A[2K[1A[2K[1A[2K[G[step 10] context 1 files 1.1kB of 8 candidates: calc/core.py
────────────────────────────────────────────────────────────────────────────────────────────────────────────────────────


s10 intent can_verify noul=0.31 p=0.31 c=0.38 derived
s10 intent can_fix_environment noul=0.02 p=0.02 c=0.96 derived
s10 intent can_finish noul=0.41 p=0.41 c=0.18 derived
s10 intent plan_still_valid noul=0.22 p=0.22 c=0.56 derived
s10 context show:calc/core.py noul=0.73 p=0.73 c=0.46 derived
s10 context show:calc/__init__.py noul=0.08 p=0.08 c=0.84 derived
s10 context show:hypothesis/__init__.py noul=0.04 p=0.04 c=0.92 derived
s10 context show:hypothesis/strategies.py noul=0.04 p=0.04 c=0.92 derived
s10 context show:notes.txt noul=0.07 p=0.07 c=0.86 derived
s10 context show:pytest.ini noul=0.10 p=0.10 c=0.80 derived
s10 context show:README.md noul=0.05 p=0.05 c=0.90 derived
s10 context show:tests/test_core.py noul=0.33 p=0.33 c=0.34 derived
step 9/40  ⠴ context  wall 18m59s/30m  tokens gen 44.5k jev 138.5k  cost gen $0.114 jev $0.006 / cap $2.000
[?2026l[?2026h[2K[1A[2K[1A[2K[1A[2K[1A[2K[1A[2K[1A[2K[1A[2K[1A[2K[1A[2K[1A[2K[1A[2K[1A[2K[1A[2K[1A[2K[1A[2K[1A[2K[G────────────────────────────────────────────────────────────────────────────────────────────────────────────────────────


s10 intent can_verify noul=0.31 p=0.31 c=0.38 derived
s10 intent can_fix_environment noul=0.02 p=0.02 c=0.96 derived
s10 intent can_finish noul=0.41 p=0.41 c=0.18 derived
s10 intent plan_still_valid noul=0.22 p=0.22 c=0.56 derived
s10 context show:calc/core.py noul=0.73 p=0.73 c=0.46 derived
s10 context show:calc/__init__.py noul=0.08 p=0.08 c=0.84 derived
s10 context show:hypothesis/__init__.py noul=0.04 p=0.04 c=0.92 derived
s10 context show:hypothesis/strategies.py noul=0.04 p=0.04 c=0.92 derived
s10 context show:notes.txt noul=0.07 p=0.07 c=0.86 derived
s10 context show:pytest.ini noul=0.10 p=0.10 c=0.80 derived
s10 context show:README.md noul=0.05 p=0.05 c=0.90 derived
s10 context show:tests/test_core.py noul=0.33 p=0.33 c=0.34 derived
step 9/40  ⠦ context  wall 18m59s/30m  tokens gen 44.5k jev 138.5k  cost gen $0.114 jev $0.006 / cap $2.000
[?2026l[?2026h[2K[1A[2K[1A[2K[1A[2K[1A[2K[1A[2K[1A[2K[1A[2K[1A[2K[1A[2K[1A[2K[1A[2K[1A[2K[1A[2K[1A[2K[1A[2K[1A[2K[G────────────────────────────────────────────────────────────────────────────────────────────────────────────────────────


s10 intent can_verify noul=0.31 p=0.31 c=0.38 derived
s10 intent can_fix_environment noul=0.02 p=0.02 c=0.96 derived
s10 intent can_finish noul=0.41 p=0.41 c=0.18 derived
s10 intent plan_still_valid noul=0.22 p=0.22 c=0.56 derived
s10 context show:calc/core.py noul=0.73 p=0.73 c=0.46 derived
s10 context show:calc/__init__.py noul=0.08 p=0.08 c=0.84 derived
s10 context show:hypothesis/__init__.py noul=0.04 p=0.04 c=0.92 derived
s10 context show:hypothesis/strategies.py noul=0.04 p=0.04 c=0.92 derived
s10 context show:notes.txt noul=0.07 p=0.07 c=0.86 derived
s10 context show:pytest.ini noul=0.10 p=0.10 c=0.80 derived
s10 context show:README.md noul=0.05 p=0.05 c=0.90 derived
s10 context show:tests/test_core.py noul=0.33 p=0.33 c=0.34 derived
step 9/40  ⠧ context  wall 18m59s/30m  tokens gen 44.5k jev 138.5k  cost gen $0.114 jev $0.006 / cap $2.000
[?2026l[?2026h[2K[1A[2K[1A[2K[1A[2K[1A[2K[1A[2K[1A[2K[1A[2K[1A[2K[1A[2K[1A[2K[1A[2K[1A[2K[1A[2K[1A[2K[1A[2K[1A[2K[G────────────────────────────────────────────────────────────────────────────────────────────────────────────────────────


s10 intent can_verify noul=0.31 p=0.31 c=0.38 derived
s10 intent can_fix_environment noul=0.02 p=0.02 c=0.96 derived
s10 intent can_finish noul=0.41 p=0.41 c=0.18 derived
s10 intent plan_still_valid noul=0.22 p=0.22 c=0.56 derived
s10 context show:calc/core.py noul=0.73 p=0.73 c=0.46 derived
s10 context show:calc/__init__.py noul=0.08 p=0.08 c=0.84 derived
s10 context show:hypothesis/__init__.py noul=0.04 p=0.04 c=0.92 derived
s10 context show:hypothesis/strategies.py noul=0.04 p=0.04 c=0.92 derived
s10 context show:notes.txt noul=0.07 p=0.07 c=0.86 derived
s10 context show:pytest.ini noul=0.10 p=0.10 c=0.80 derived
s10 context show:README.md noul=0.05 p=0.05 c=0.90 derived
s10 context show:tests/test_core.py noul=0.33 p=0.33 c=0.34 derived
step 9/40  ⠇ context  wall 18m59s/30m  tokens gen 44.5k jev 138.5k  cost gen $0.114 jev $0.006 / cap $2.000
[?2026l[?2026h[2K[1A[2K[1A[2K[1A[2K[1A[2K[1A[2K[1A[2K[1A[2K[1A[2K[1A[2K[1A[2K[1A[2K[1A[2K[1A[2K[1A[2K[1A[2K[1A[2K[G────────────────────────────────────────────────────────────────────────────────────────────────────────────────────────


s10 intent can_verify noul=0.31 p=0.31 c=0.38 derived
s10 intent can_fix_environment noul=0.02 p=0.02 c=0.96 derived
s10 intent can_finish noul=0.41 p=0.41 c=0.18 derived
s10 intent plan_still_valid noul=0.22 p=0.22 c=0.56 derived
s10 context show:calc/core.py noul=0.73 p=0.73 c=0.46 derived
s10 context show:calc/__init__.py noul=0.08 p=0.08 c=0.84 derived
s10 context show:hypothesis/__init__.py noul=0.04 p=0.04 c=0.92 derived
s10 context show:hypothesis/strategies.py noul=0.04 p=0.04 c=0.92 derived
s10 context show:notes.txt noul=0.07 p=0.07 c=0.86 derived
s10 context show:pytest.ini noul=0.10 p=0.10 c=0.80 derived
s10 context show:README.md noul=0.05 p=0.05 c=0.90 derived
s10 context show:tests/test_core.py noul=0.33 p=0.33 c=0.34 derived
step 9/40  ⠏ context  wall 18m59s/30m  tokens gen 44.5k jev 138.5k  cost gen $0.114 jev $0.006 / cap $2.000
[?2026l[?2026h[2K[1A[2K[1A[2K[1A[2K[1A[2K[1A[2K[1A[2K[1A[2K[1A[2K[1A[2K[1A[2K[1A[2K[1A[2K[1A[2K[1A[2K[1A[2K[1A[2K[G────────────────────────────────────────────────────────────────────────────────────────────────────────────────────────


s10 intent can_verify noul=0.31 p=0.31 c=0.38 derived
s10 intent can_fix_environment noul=0.02 p=0.02 c=0.96 derived
s10 intent can_finish noul=0.41 p=0.41 c=0.18 derived
s10 intent plan_still_valid noul=0.22 p=0.22 c=0.56 derived
s10 context show:calc/core.py noul=0.73 p=0.73 c=0.46 derived
s10 context show:calc/__init__.py noul=0.08 p=0.08 c=0.84 derived
s10 context show:hypothesis/__init__.py noul=0.04 p=0.04 c=0.92 derived
s10 context show:hypothesis/strategies.py noul=0.04 p=0.04 c=0.92 derived
s10 context show:notes.txt noul=0.07 p=0.07 c=0.86 derived
s10 context show:pytest.ini noul=0.10 p=0.10 c=0.80 derived
s10 context show:README.md noul=0.05 p=0.05 c=0.90 derived
s10 context show:tests/test_core.py noul=0.33 p=0.33 c=0.34 derived
step 9/40  ⠋ context  wall 18m59s/30m  tokens gen 44.5k jev 138.5k  cost gen $0.114 jev $0.006 / cap $2.000
[?2026l[?2026h[2K[1A[2K[1A[2K[1A[2K[1A[2K[1A[2K[1A[2K[1A[2K[1A[2K[1A[2K[1A[2K[1A[2K[1A[2K[1A[2K[1A[2K[1A[2K[1A[2K[G────────────────────────────────────────────────────────────────────────────────────────────────────────────────────────


s10 intent can_verify noul=0.31 p=0.31 c=0.38 derived
s10 intent can_fix_environment noul=0.02 p=0.02 c=0.96 derived
s10 intent can_finish noul=0.41 p=0.41 c=0.18 derived
s10 intent plan_still_valid noul=0.22 p=0.22 c=0.56 derived
s10 context show:calc/core.py noul=0.73 p=0.73 c=0.46 derived
s10 context show:calc/__init__.py noul=0.08 p=0.08 c=0.84 derived
s10 context show:hypothesis/__init__.py noul=0.04 p=0.04 c=0.92 derived
s10 context show:hypothesis/strategies.py noul=0.04 p=0.04 c=0.92 derived
s10 context show:notes.txt noul=0.07 p=0.07 c=0.86 derived
s10 context show:pytest.ini noul=0.10 p=0.10 c=0.80 derived
s10 context show:README.md noul=0.05 p=0.05 c=0.90 derived
s10 context show:tests/test_core.py noul=0.33 p=0.33 c=0.34 derived
step 9/40  ⠙ context  wall 18m59s/30m  tokens gen 44.5k jev 138.5k  cost gen $0.114 jev $0.006 / cap $2.000
[?2026l[?2026h[2K[1A[2K[1A[2K[1A[2K[1A[2K[1A[2K[1A[2K[1A[2K[1A[2K[1A[2K[1A[2K[1A[2K[1A[2K[1A[2K[1A[2K[1A[2K[1A[2K[G────────────────────────────────────────────────────────────────────────────────────────────────────────────────────────


s10 intent can_verify noul=0.31 p=0.31 c=0.38 derived
s10 intent can_fix_environment noul=0.02 p=0.02 c=0.96 derived
s10 intent can_finish noul=0.41 p=0.41 c=0.18 derived
s10 intent plan_still_valid noul=0.22 p=0.22 c=0.56 derived
s10 context show:calc/core.py noul=0.73 p=0.73 c=0.46 derived
s10 context show:calc/__init__.py noul=0.08 p=0.08 c=0.84 derived
s10 context show:hypothesis/__init__.py noul=0.04 p=0.04 c=0.92 derived
s10 context show:hypothesis/strategies.py noul=0.04 p=0.04 c=0.92 derived
s10 context show:notes.txt noul=0.07 p=0.07 c=0.86 derived
s10 context show:pytest.ini noul=0.10 p=0.10 c=0.80 derived
s10 context show:README.md noul=0.05 p=0.05 c=0.90 derived
s10 context show:tests/test_core.py noul=0.33 p=0.33 c=0.34 derived
step 9/40  ⠹ context  wall 18m59s/30m  tokens gen 44.5k jev 138.5k  cost gen $0.114 jev $0.006 / cap $2.000
[?2026l[?2026h[2K[1A[2K[1A[2K[1A[2K[1A[2K[1A[2K[1A[2K[1A[2K[1A[2K[1A[2K[1A[2K[1A[2K[1A[2K[1A[2K[1A[2K[1A[2K[1A[2K[G────────────────────────────────────────────────────────────────────────────────────────────────────────────────────────


s10 intent can_verify noul=0.31 p=0.31 c=0.38 derived
s10 intent can_fix_environment noul=0.02 p=0.02 c=0.96 derived
s10 intent can_finish noul=0.41 p=0.41 c=0.18 derived
s10 intent plan_still_valid noul=0.22 p=0.22 c=0.56 derived
s10 context show:calc/core.py noul=0.73 p=0.73 c=0.46 derived
s10 context show:calc/__init__.py noul=0.08 p=0.08 c=0.84 derived
s10 context show:hypothesis/__init__.py noul=0.04 p=0.04 c=0.92 derived
s10 context show:hypothesis/strategies.py noul=0.04 p=0.04 c=0.92 derived
s10 context show:notes.txt noul=0.07 p=0.07 c=0.86 derived
s10 context show:pytest.ini noul=0.10 p=0.10 c=0.80 derived
s10 context show:README.md noul=0.05 p=0.05 c=0.90 derived
s10 context show:tests/test_core.py noul=0.33 p=0.33 c=0.34 derived
step 9/40  ⠸ context  wall 18m59s/30m  tokens gen 44.5k jev 138.5k  cost gen $0.114 jev $0.006 / cap $2.000
[?2026l[?2026h[2K[1A[2K[1A[2K[1A[2K[1A[2K[1A[2K[1A[2K[1A[2K[1A[2K[1A[2K[1A[2K[1A[2K[1A[2K[1A[2K[1A[2K[1A[2K[1A[2K[G────────────────────────────────────────────────────────────────────────────────────────────────────────────────────────


s10 intent can_verify noul=0.31 p=0.31 c=0.38 derived
s10 intent can_fix_environment noul=0.02 p=0.02 c=0.96 derived
s10 intent can_finish noul=0.41 p=0.41 c=0.18 derived
s10 intent plan_still_valid noul=0.22 p=0.22 c=0.56 derived
s10 context show:calc/core.py noul=0.73 p=0.73 c=0.46 derived
s10 context show:calc/__init__.py noul=0.08 p=0.08 c=0.84 derived
s10 context show:hypothesis/__init__.py noul=0.04 p=0.04 c=0.92 derived
s10 context show:hypothesis/strategies.py noul=0.04 p=0.04 c=0.92 derived
s10 context show:notes.txt noul=0.07 p=0.07 c=0.86 derived
s10 context show:pytest.ini noul=0.10 p=0.10 c=0.80 derived
s10 context show:README.md noul=0.05 p=0.05 c=0.90 derived
s10 context show:tests/test_core.py noul=0.33 p=0.33 c=0.34 derived
step 9/40  ⠼ context  wall 18m59s/30m  tokens gen 44.5k jev 138.5k  cost gen $0.114 jev $0.006 / cap $2.000
[?2026l[?2026h[2K[1A[2K[1A[2K[1A[2K[1A[2K[1A[2K[1A[2K[1A[2K[1A[2K[1A[2K[1A[2K[1A[2K[1A[2K[1A[2K[1A[2K[1A[2K[1A[2K[G────────────────────────────────────────────────────────────────────────────────────────────────────────────────────────


s10 intent can_verify noul=0.31 p=0.31 c=0.38 derived
s10 intent can_fix_environment noul=0.02 p=0.02 c=0.96 derived
s10 intent can_finish noul=0.41 p=0.41 c=0.18 derived
s10 intent plan_still_valid noul=0.22 p=0.22 c=0.56 derived
s10 context show:calc/core.py noul=0.73 p=0.73 c=0.46 derived
s10 context show:calc/__init__.py noul=0.08 p=0.08 c=0.84 derived
s10 context show:hypothesis/__init__.py noul=0.04 p=0.04 c=0.92 derived
s10 context show:hypothesis/strategies.py noul=0.04 p=0.04 c=0.92 derived
s10 context show:notes.txt noul=0.07 p=0.07 c=0.86 derived
s10 context show:pytest.ini noul=0.10 p=0.10 c=0.80 derived
s10 context show:README.md noul=0.05 p=0.05 c=0.90 derived
s10 context show:tests/test_core.py noul=0.33 p=0.33 c=0.34 derived
step 9/40  ⠴ context  wall 18m59s/30m  tokens gen 44.5k jev 138.5k  cost gen $0.114 jev $0.006 / cap $2.000
[?2026l[?2026h[2K[1A[2K[1A[2K[1A[2K[1A[2K[1A[2K[1A[2K[1A[2K[1A[2K[1A[2K[1A[2K[1A[2K[1A[2K[1A[2K[1A[2K[1A[2K[1A[2K[G────────────────────────────────────────────────────────────────────────────────────────────────────────────────────────


s10 intent can_verify noul=0.31 p=0.31 c=0.38 derived
s10 intent can_fix_environment noul=0.02 p=0.02 c=0.96 derived
s10 intent can_finish noul=0.41 p=0.41 c=0.18 derived
s10 intent plan_still_valid noul=0.22 p=0.22 c=0.56 derived
s10 context show:calc/core.py noul=0.73 p=0.73 c=0.46 derived
s10 context show:calc/__init__.py noul=0.08 p=0.08 c=0.84 derived
s10 context show:hypothesis/__init__.py noul=0.04 p=0.04 c=0.92 derived
s10 context show:hypothesis/strategies.py noul=0.04 p=0.04 c=0.92 derived
s10 context show:notes.txt noul=0.07 p=0.07 c=0.86 derived
s10 context show:pytest.ini noul=0.10 p=0.10 c=0.80 derived
s10 context show:README.md noul=0.05 p=0.05 c=0.90 derived
s10 context show:tests/test_core.py noul=0.33 p=0.33 c=0.34 derived
step 9/40  ⠦ context  wall 18m59s/30m  tokens gen 44.5k jev 138.5k  cost gen $0.114 jev $0.006 / cap $2.000
[?2026l[?2026h[2K[1A[2K[1A[2K[1A[2K[1A[2K[1A[2K[1A[2K[1A[2K[1A[2K[1A[2K[1A[2K[1A[2K[1A[2K[1A[2K[1A[2K[1A[2K[1A[2K[G────────────────────────────────────────────────────────────────────────────────────────────────────────────────────────
streaming action… 12 chars

s10 intent can_verify noul=0.31 p=0.31 c=0.38 derived
s10 intent can_fix_environment noul=0.02 p=0.02 c=0.96 derived
s10 intent can_finish noul=0.41 p=0.41 c=0.18 derived
s10 intent plan_still_valid noul=0.22 p=0.22 c=0.56 derived
s10 context show:calc/core.py noul=0.73 p=0.73 c=0.46 derived
s10 context show:calc/__init__.py noul=0.08 p=0.08 c=0.84 derived
s10 context show:hypothesis/__init__.py noul=0.04 p=0.04 c=0.92 derived
s10 context show:hypothesis/strategies.py noul=0.04 p=0.04 c=0.92 derived
s10 context show:notes.txt noul=0.07 p=0.07 c=0.86 derived
s10 context show:pytest.ini noul=0.10 p=0.10 c=0.80 derived
s10 context show:README.md noul=0.05 p=0.05 c=0.90 derived
s10 context show:tests/test_core.py noul=0.33 p=0.33 c=0.34 derived
step 9/40  ⠦ context  wall 18m59s/30m  tokens gen 44.5k jev 138.5k  cost gen $0.114 jev $0.006 / cap $2.000
[?2026l[?2026h[2K[1A[2K[1A[2K[1A[2K[1A[2K[1A[2K[1A[2K[1A[2K[1A[2K[1A[2K[1A[2K[1A[2K[1A[2K[1A[2K[1A[2K[1A[2K[1A[2K[G────────────────────────────────────────────────────────────────────────────────────────────────────────────────────────
streaming action… 12 chars

s10 intent can_verify noul=0.31 p=0.31 c=0.38 derived
s10 intent can_fix_environment noul=0.02 p=0.02 c=0.96 derived
s10 intent can_finish noul=0.41 p=0.41 c=0.18 derived
s10 intent plan_still_valid noul=0.22 p=0.22 c=0.56 derived
s10 context show:calc/core.py noul=0.73 p=0.73 c=0.46 derived
s10 context show:calc/__init__.py noul=0.08 p=0.08 c=0.84 derived
s10 context show:hypothesis/__init__.py noul=0.04 p=0.04 c=0.92 derived
s10 context show:hypothesis/strategies.py noul=0.04 p=0.04 c=0.92 derived
s10 context show:notes.txt noul=0.07 p=0.07 c=0.86 derived
s10 context show:pytest.ini noul=0.10 p=0.10 c=0.80 derived
s10 context show:README.md noul=0.05 p=0.05 c=0.90 derived
s10 context show:tests/test_core.py noul=0.33 p=0.33 c=0.34 derived
step 9/40  ⠧ context  wall 18m59s/30m  tokens gen 44.5k jev 138.5k  cost gen $0.114 jev $0.006 / cap $2.000
[?2026l[?2026h[2K[1A[2K[1A[2K[1A[2K[1A[2K[1A[2K[1A[2K[1A[2K[1A[2K[1A[2K[1A[2K[1A[2K[1A[2K[1A[2K[1A[2K[1A[2K[1A[2K[G────────────────────────────────────────────────────────────────────────────────────────────────────────────────────────
streaming action… 12 chars

s10 intent can_verify noul=0.31 p=0.31 c=0.38 derived
s10 intent can_fix_environment noul=0.02 p=0.02 c=0.96 derived
s10 intent can_finish noul=0.41 p=0.41 c=0.18 derived
s10 intent plan_still_valid noul=0.22 p=0.22 c=0.56 derived
s10 context show:calc/core.py noul=0.73 p=0.73 c=0.46 derived
s10 context show:calc/__init__.py noul=0.08 p=0.08 c=0.84 derived
s10 context show:hypothesis/__init__.py noul=0.04 p=0.04 c=0.92 derived
s10 context show:hypothesis/strategies.py noul=0.04 p=0.04 c=0.92 derived
s10 context show:notes.txt noul=0.07 p=0.07 c=0.86 derived
s10 context show:pytest.ini noul=0.10 p=0.10 c=0.80 derived
s10 context show:README.md noul=0.05 p=0.05 c=0.90 derived
s10 context show:tests/test_core.py noul=0.33 p=0.33 c=0.34 derived
step 9/40  ⠇ context  wall 18m59s/30m  tokens gen 44.5k jev 138.5k  cost gen $0.114 jev $0.006 / cap $2.000
[?2026l[?2026h[2K[1A[2K[1A[2K[1A[2K[1A[2K[1A[2K[1A[2K[1A[2K[1A[2K[1A[2K[1A[2K[1A[2K[1A[2K[1A[2K[1A[2K[1A[2K[1A[2K[G────────────────────────────────────────────────────────────────────────────────────────────────────────────────────────
streaming action… 79 chars

s10 intent can_verify noul=0.31 p=0.31 c=0.38 derived
s10 intent can_fix_environment noul=0.02 p=0.02 c=0.96 derived
s10 intent can_finish noul=0.41 p=0.41 c=0.18 derived
s10 intent plan_still_valid noul=0.22 p=0.22 c=0.56 derived
s10 context show:calc/core.py noul=0.73 p=0.73 c=0.46 derived
s10 context show:calc/__init__.py noul=0.08 p=0.08 c=0.84 derived
s10 context show:hypothesis/__init__.py noul=0.04 p=0.04 c=0.92 derived
s10 context show:hypothesis/strategies.py noul=0.04 p=0.04 c=0.92 derived
s10 context show:notes.txt noul=0.07 p=0.07 c=0.86 derived
s10 context show:pytest.ini noul=0.10 p=0.10 c=0.80 derived
s10 context show:README.md noul=0.05 p=0.05 c=0.90 derived
s10 context show:tests/test_core.py noul=0.33 p=0.33 c=0.34 derived
step 9/40  ⠇ context  wall 18m59s/30m  tokens gen 44.5k jev 138.5k  cost gen $0.114 jev $0.006 / cap $2.000
[?2026l[?2026h[2K[1A[2K[1A[2K[1A[2K[1A[2K[1A[2K[1A[2K[1A[2K[1A[2K[1A[2K[1A[2K[1A[2K[1A[2K[1A[2K[1A[2K[1A[2K[1A[2K[G────────────────────────────────────────────────────────────────────────────────────────────────────────────────────────
streaming action… 79 chars

s10 intent can_verify noul=0.31 p=0.31 c=0.38 derived
s10 intent can_fix_environment noul=0.02 p=0.02 c=0.96 derived
s10 intent can_finish noul=0.41 p=0.41 c=0.18 derived
s10 intent plan_still_valid noul=0.22 p=0.22 c=0.56 derived
s10 context show:calc/core.py noul=0.73 p=0.73 c=0.46 derived
s10 context show:calc/__init__.py noul=0.08 p=0.08 c=0.84 derived
s10 context show:hypothesis/__init__.py noul=0.04 p=0.04 c=0.92 derived
s10 context show:hypothesis/strategies.py noul=0.04 p=0.04 c=0.92 derived
s10 context show:notes.txt noul=0.07 p=0.07 c=0.86 derived
s10 context show:pytest.ini noul=0.10 p=0.10 c=0.80 derived
s10 context show:README.md noul=0.05 p=0.05 c=0.90 derived
s10 context show:tests/test_core.py noul=0.33 p=0.33 c=0.34 derived
step 9/40  ⠏ context  wall 18m59s/30m  tokens gen 44.5k jev 138.5k  cost gen $0.114 jev $0.006 / cap $2.000
[?2026l[?2026h[2K[1A[2K[1A[2K[1A[2K[1A[2K[1A[2K[1A[2K[1A[2K[1A[2K[1A[2K[1A[2K[1A[2K[1A[2K[1A[2K[1A[2K[1A[2K[1A[2K[G────────────────────────────────────────────────────────────────────────────────────────────────────────────────────────
streaming action… 79 chars

s10 intent can_verify noul=0.31 p=0.31 c=0.38 derived
s10 intent can_fix_environment noul=0.02 p=0.02 c=0.96 derived
s10 intent can_finish noul=0.41 p=0.41 c=0.18 derived
s10 intent plan_still_valid noul=0.22 p=0.22 c=0.56 derived
s10 context show:calc/core.py noul=0.73 p=0.73 c=0.46 derived
s10 context show:calc/__init__.py noul=0.08 p=0.08 c=0.84 derived
s10 context show:hypothesis/__init__.py noul=0.04 p=0.04 c=0.92 derived
s10 context show:hypothesis/strategies.py noul=0.04 p=0.04 c=0.92 derived
s10 context show:notes.txt noul=0.07 p=0.07 c=0.86 derived
s10 context show:pytest.ini noul=0.10 p=0.10 c=0.80 derived
s10 context show:README.md noul=0.05 p=0.05 c=0.90 derived
s10 context show:tests/test_core.py noul=0.33 p=0.33 c=0.34 derived
step 9/40  ⠋ context  wall 18m59s/30m  tokens gen 44.5k jev 138.5k  cost gen $0.114 jev $0.006 / cap $2.000
[?2026l[?2026h[2K[1A[2K[1A[2K[1A[2K[1A[2K[1A[2K[1A[2K[1A[2K[1A[2K[1A[2K[1A[2K[1A[2K[1A[2K[1A[2K[1A[2K[1A[2K[1A[2K[G────────────────────────────────────────────────────────────────────────────────────────────────────────────────────────
streaming action… 145 chars

s10 intent can_verify noul=0.31 p=0.31 c=0.38 derived
s10 intent can_fix_environment noul=0.02 p=0.02 c=0.96 derived
s10 intent can_finish noul=0.41 p=0.41 c=0.18 derived
s10 intent plan_still_valid noul=0.22 p=0.22 c=0.56 derived
s10 context show:calc/core.py noul=0.73 p=0.73 c=0.46 derived
s10 context show:calc/__init__.py noul=0.08 p=0.08 c=0.84 derived
s10 context show:hypothesis/__init__.py noul=0.04 p=0.04 c=0.92 derived
s10 context show:hypothesis/strategies.py noul=0.04 p=0.04 c=0.92 derived
s10 context show:notes.txt noul=0.07 p=0.07 c=0.86 derived
s10 context show:pytest.ini noul=0.10 p=0.10 c=0.80 derived
s10 context show:README.md noul=0.05 p=0.05 c=0.90 derived
s10 context show:tests/test_core.py noul=0.33 p=0.33 c=0.34 derived
step 9/40  ⠋ context  wall 18m59s/30m  tokens gen 44.5k jev 138.5k  cost gen $0.114 jev $0.006 / cap $2.000
[?2026l[?2026h[2K[1A[2K[1A[2K[1A[2K[1A[2K[1A[2K[1A[2K[1A[2K[1A[2K[1A[2K[1A[2K[1A[2K[1A[2K[1A[2K[1A[2K[1A[2K[1A[2K[G────────────────────────────────────────────────────────────────────────────────────────────────────────────────────────
streaming action… 145 chars

s10 intent can_verify noul=0.31 p=0.31 c=0.38 derived
s10 intent can_fix_environment noul=0.02 p=0.02 c=0.96 derived
s10 intent can_finish noul=0.41 p=0.41 c=0.18 derived
s10 intent plan_still_valid noul=0.22 p=0.22 c=0.56 derived
s10 context show:calc/core.py noul=0.73 p=0.73 c=0.46 derived
s10 context show:calc/__init__.py noul=0.08 p=0.08 c=0.84 derived
s10 context show:hypothesis/__init__.py noul=0.04 p=0.04 c=0.92 derived
s10 context show:hypothesis/strategies.py noul=0.04 p=0.04 c=0.92 derived
s10 context show:notes.txt noul=0.07 p=0.07 c=0.86 derived
s10 context show:pytest.ini noul=0.10 p=0.10 c=0.80 derived
s10 context show:README.md noul=0.05 p=0.05 c=0.90 derived
s10 context show:tests/test_core.py noul=0.33 p=0.33 c=0.34 derived
step 9/40  ⠙ context  wall 18m59s/30m  tokens gen 44.5k jev 138.5k  cost gen $0.114 jev $0.006 / cap $2.000
[?2026l[?2026h[2K[1A[2K[1A[2K[1A[2K[1A[2K[1A[2K[1A[2K[1A[2K[1A[2K[1A[2K[1A[2K[1A[2K[1A[2K[1A[2K[1A[2K[1A[2K[1A[2K[G────────────────────────────────────────────────────────────────────────────────────────────────────────────────────────
streaming action… 166 chars

s10 intent can_verify noul=0.31 p=0.31 c=0.38 derived
s10 intent can_fix_environment noul=0.02 p=0.02 c=0.96 derived
s10 intent can_finish noul=0.41 p=0.41 c=0.18 derived
s10 intent plan_still_valid noul=0.22 p=0.22 c=0.56 derived
s10 context show:calc/core.py noul=0.73 p=0.73 c=0.46 derived
s10 context show:calc/__init__.py noul=0.08 p=0.08 c=0.84 derived
s10 context show:hypothesis/__init__.py noul=0.04 p=0.04 c=0.92 derived
s10 context show:hypothesis/strategies.py noul=0.04 p=0.04 c=0.92 derived
s10 context show:notes.txt noul=0.07 p=0.07 c=0.86 derived
s10 context show:pytest.ini noul=0.10 p=0.10 c=0.80 derived
s10 context show:README.md noul=0.05 p=0.05 c=0.90 derived
s10 context show:tests/test_core.py noul=0.33 p=0.33 c=0.34 derived
step 9/40  ⠙ context  wall 18m59s/30m  tokens gen 44.5k jev 138.5k  cost gen $0.114 jev $0.006 / cap $2.000
[?2026l[?2026h[2K[1A[2K[1A[2K[1A[2K[1A[2K[1A[2K[1A[2K[1A[2K[1A[2K[1A[2K[1A[2K[1A[2K[1A[2K[1A[2K[1A[2K[1A[2K[1A[2K[G────────────────────────────────────────────────────────────────────────────────────────────────────────────────────────
streaming action… 188 chars

s10 intent can_verify noul=0.31 p=0.31 c=0.38 derived
s10 intent can_fix_environment noul=0.02 p=0.02 c=0.96 derived
s10 intent can_finish noul=0.41 p=0.41 c=0.18 derived
s10 intent plan_still_valid noul=0.22 p=0.22 c=0.56 derived
s10 context show:calc/core.py noul=0.73 p=0.73 c=0.46 derived
s10 context show:calc/__init__.py noul=0.08 p=0.08 c=0.84 derived
s10 context show:hypothesis/__init__.py noul=0.04 p=0.04 c=0.92 derived
s10 context show:hypothesis/strategies.py noul=0.04 p=0.04 c=0.92 derived
s10 context show:notes.txt noul=0.07 p=0.07 c=0.86 derived
s10 context show:pytest.ini noul=0.10 p=0.10 c=0.80 derived
s10 context show:README.md noul=0.05 p=0.05 c=0.90 derived
s10 context show:tests/test_core.py noul=0.33 p=0.33 c=0.34 derived
step 9/40  ⠹ context  wall 18m59s/30m  tokens gen 44.5k jev 138.5k  cost gen $0.114 jev $0.006 / cap $2.000
[?2026l[?2026h[2K[1A[2K[1A[2K[1A[2K[1A[2K[1A[2K[1A[2K[1A[2K[1A[2K[1A[2K[1A[2K[1A[2K[1A[2K[1A[2K[1A[2K[1A[2K[1A[2K[G────────────────────────────────────────────────────────────────────────────────────────────────────────────────────────
streaming action… 200 chars

s10 intent can_verify noul=0.31 p=0.31 c=0.38 derived
s10 intent can_fix_environment noul=0.02 p=0.02 c=0.96 derived
s10 intent can_finish noul=0.41 p=0.41 c=0.18 derived
s10 intent plan_still_valid noul=0.22 p=0.22 c=0.56 derived
s10 context show:calc/core.py noul=0.73 p=0.73 c=0.46 derived
s10 context show:calc/__init__.py noul=0.08 p=0.08 c=0.84 derived
s10 context show:hypothesis/__init__.py noul=0.04 p=0.04 c=0.92 derived
s10 context show:hypothesis/strategies.py noul=0.04 p=0.04 c=0.92 derived
s10 context show:notes.txt noul=0.07 p=0.07 c=0.86 derived
s10 context show:pytest.ini noul=0.10 p=0.10 c=0.80 derived
s10 context show:README.md noul=0.05 p=0.05 c=0.90 derived
s10 context show:tests/test_core.py noul=0.33 p=0.33 c=0.34 derived
step 9/40  ⠹ context  wall 18m59s/30m  tokens gen 44.5k jev 138.5k  cost gen $0.114 jev $0.006 / cap $2.000
[?2026l[?2026h[2K[1A[2K[1A[2K[1A[2K[1A[2K[1A[2K[1A[2K[1A[2K[1A[2K[1A[2K[1A[2K[1A[2K[1A[2K[1A[2K[1A[2K[1A[2K[1A[2K[G────────────────────────────────────────────────────────────────────────────────────────────────────────────────────────
streaming action… 200 chars

s10 intent can_verify noul=0.31 p=0.31 c=0.38 derived
s10 intent can_fix_environment noul=0.02 p=0.02 c=0.96 derived
s10 intent can_finish noul=0.41 p=0.41 c=0.18 derived
s10 intent plan_still_valid noul=0.22 p=0.22 c=0.56 derived
s10 context show:calc/core.py noul=0.73 p=0.73 c=0.46 derived
s10 context show:calc/__init__.py noul=0.08 p=0.08 c=0.84 derived
s10 context show:hypothesis/__init__.py noul=0.04 p=0.04 c=0.92 derived
s10 context show:hypothesis/strategies.py noul=0.04 p=0.04 c=0.92 derived
s10 context show:notes.txt noul=0.07 p=0.07 c=0.86 derived
s10 context show:pytest.ini noul=0.10 p=0.10 c=0.80 derived
s10 context show:README.md noul=0.05 p=0.05 c=0.90 derived
s10 context show:tests/test_core.py noul=0.33 p=0.33 c=0.34 derived
step 9/40  ⠸ context  wall 18m59s/30m  tokens gen 44.5k jev 138.5k  cost gen $0.114 jev $0.006 / cap $2.000
[?2026l[?2026h[2K[1A[2K[1A[2K[1A[2K[1A[2K[1A[2K[1A[2K[1A[2K[1A[2K[1A[2K[1A[2K[1A[2K[1A[2K[1A[2K[1A[2K[1A[2K[1A[2K[G────────────────────────────────────────────────────────────────────────────────────────────────────────────────────────
streaming action… 211 chars

s10 intent can_verify noul=0.31 p=0.31 c=0.38 derived
s10 intent can_fix_environment noul=0.02 p=0.02 c=0.96 derived
s10 intent can_finish noul=0.41 p=0.41 c=0.18 derived
s10 intent plan_still_valid noul=0.22 p=0.22 c=0.56 derived
s10 context show:calc/core.py noul=0.73 p=0.73 c=0.46 derived
s10 context show:calc/__init__.py noul=0.08 p=0.08 c=0.84 derived
s10 context show:hypothesis/__init__.py noul=0.04 p=0.04 c=0.92 derived
s10 context show:hypothesis/strategies.py noul=0.04 p=0.04 c=0.92 derived
s10 context show:notes.txt noul=0.07 p=0.07 c=0.86 derived
s10 context show:pytest.ini noul=0.10 p=0.10 c=0.80 derived
s10 context show:README.md noul=0.05 p=0.05 c=0.90 derived
s10 context show:tests/test_core.py noul=0.33 p=0.33 c=0.34 derived
step 9/40  ⠸ context  wall 18m59s/30m  tokens gen 44.5k jev 138.5k  cost gen $0.114 jev $0.006 / cap $2.000
[?2026l[?2026h[2K[1A[2K[1A[2K[1A[2K[1A[2K[1A[2K[1A[2K[1A[2K[1A[2K[1A[2K[1A[2K[1A[2K[1A[2K[1A[2K[1A[2K[1A[2K[1A[2K[G────────────────────────────────────────────────────────────────────────────────────────────────────────────────────────
streaming action… 211 chars

s10 intent can_verify noul=0.31 p=0.31 c=0.38 derived
s10 intent can_fix_environment noul=0.02 p=0.02 c=0.96 derived
s10 intent can_finish noul=0.41 p=0.41 c=0.18 derived
s10 intent plan_still_valid noul=0.22 p=0.22 c=0.56 derived
s10 context show:calc/core.py noul=0.73 p=0.73 c=0.46 derived
s10 context show:calc/__init__.py noul=0.08 p=0.08 c=0.84 derived
s10 context show:hypothesis/__init__.py noul=0.04 p=0.04 c=0.92 derived
s10 context show:hypothesis/strategies.py noul=0.04 p=0.04 c=0.92 derived
s10 context show:notes.txt noul=0.07 p=0.07 c=0.86 derived
s10 context show:pytest.ini noul=0.10 p=0.10 c=0.80 derived
s10 context show:README.md noul=0.05 p=0.05 c=0.90 derived
s10 context show:tests/test_core.py noul=0.33 p=0.33 c=0.34 derived
step 9/40  ⠼ context  wall 18m59s/30m  tokens gen 44.5k jev 138.5k  cost gen $0.114 jev $0.006 / cap $2.000
[?2026l[?2026h[2K[1A[2K[1A[2K[1A[2K[1A[2K[1A[2K[1A[2K[1A[2K[1A[2K[1A[2K[1A[2K[1A[2K[1A[2K[1A[2K[1A[2K[1A[2K[1A[2K[G────────────────────────────────────────────────────────────────────────────────────────────────────────────────────────
streaming action… 276 chars

s10 intent can_verify noul=0.31 p=0.31 c=0.38 derived
s10 intent can_fix_environment noul=0.02 p=0.02 c=0.96 derived
s10 intent can_finish noul=0.41 p=0.41 c=0.18 derived
s10 intent plan_still_valid noul=0.22 p=0.22 c=0.56 derived
s10 context show:calc/core.py noul=0.73 p=0.73 c=0.46 derived
s10 context show:calc/__init__.py noul=0.08 p=0.08 c=0.84 derived
s10 context show:hypothesis/__init__.py noul=0.04 p=0.04 c=0.92 derived
s10 context show:hypothesis/strategies.py noul=0.04 p=0.04 c=0.92 derived
s10 context show:notes.txt noul=0.07 p=0.07 c=0.86 derived
s10 context show:pytest.ini noul=0.10 p=0.10 c=0.80 derived
s10 context show:README.md noul=0.05 p=0.05 c=0.90 derived
s10 context show:tests/test_core.py noul=0.33 p=0.33 c=0.34 derived
step 9/40  ⠼ context  wall 18m59s/30m  tokens gen 44.5k jev 138.5k  cost gen $0.114 jev $0.006 / cap $2.000
[?2026l[?2026h[2K[1A[2K[1A[2K[1A[2K[1A[2K[1A[2K[1A[2K[1A[2K[1A[2K[1A[2K[1A[2K[1A[2K[1A[2K[1A[2K[1A[2K[1A[2K[1A[2K[G────────────────────────────────────────────────────────────────────────────────────────────────────────────────────────
streaming action… 276 chars

s10 intent can_verify noul=0.31 p=0.31 c=0.38 derived
s10 intent can_fix_environment noul=0.02 p=0.02 c=0.96 derived
s10 intent can_finish noul=0.41 p=0.41 c=0.18 derived
s10 intent plan_still_valid noul=0.22 p=0.22 c=0.56 derived
s10 context show:calc/core.py noul=0.73 p=0.73 c=0.46 derived
s10 context show:calc/__init__.py noul=0.08 p=0.08 c=0.84 derived
s10 context show:hypothesis/__init__.py noul=0.04 p=0.04 c=0.92 derived
s10 context show:hypothesis/strategies.py noul=0.04 p=0.04 c=0.92 derived
s10 context show:notes.txt noul=0.07 p=0.07 c=0.86 derived
s10 context show:pytest.ini noul=0.10 p=0.10 c=0.80 derived
s10 context show:README.md noul=0.05 p=0.05 c=0.90 derived
s10 context show:tests/test_core.py noul=0.33 p=0.33 c=0.34 derived
step 9/40  ⠴ context  wall 18m59s/30m  tokens gen 44.5k jev 138.5k  cost gen $0.114 jev $0.006 / cap $2.000
[?2026l[?2026h[2K[1A[2K[1A[2K[1A[2K[1A[2K[1A[2K[1A[2K[1A[2K[1A[2K[1A[2K[1A[2K[1A[2K[1A[2K[1A[2K[1A[2K[1A[2K[1A[2K[G────────────────────────────────────────────────────────────────────────────────────────────────────────────────────────
streaming action… 323 chars

s10 intent can_verify noul=0.31 p=0.31 c=0.38 derived
s10 intent can_fix_environment noul=0.02 p=0.02 c=0.96 derived
s10 intent can_finish noul=0.41 p=0.41 c=0.18 derived
s10 intent plan_still_valid noul=0.22 p=0.22 c=0.56 derived
s10 context show:calc/core.py noul=0.73 p=0.73 c=0.46 derived
s10 context show:calc/__init__.py noul=0.08 p=0.08 c=0.84 derived
s10 context show:hypothesis/__init__.py noul=0.04 p=0.04 c=0.92 derived
s10 context show:hypothesis/strategies.py noul=0.04 p=0.04 c=0.92 derived
s10 context show:notes.txt noul=0.07 p=0.07 c=0.86 derived
s10 context show:pytest.ini noul=0.10 p=0.10 c=0.80 derived
s10 context show:README.md noul=0.05 p=0.05 c=0.90 derived
s10 context show:tests/test_core.py noul=0.33 p=0.33 c=0.34 derived
step 9/40  ⠴ context  wall 18m59s/30m  tokens gen 44.5k jev 138.5k  cost gen $0.114 jev $0.006 / cap $2.000
[?2026l[?2026h[2K[1A[2K[1A[2K[1A[2K[1A[2K[1A[2K[1A[2K[1A[2K[1A[2K[1A[2K[1A[2K[1A[2K[1A[2K[1A[2K[1A[2K[1A[2K[1A[2K[G────────────────────────────────────────────────────────────────────────────────────────────────────────────────────────
streaming action… 323 chars

s10 intent can_verify noul=0.31 p=0.31 c=0.38 derived
s10 intent can_fix_environment noul=0.02 p=0.02 c=0.96 derived
s10 intent can_finish noul=0.41 p=0.41 c=0.18 derived
s10 intent plan_still_valid noul=0.22 p=0.22 c=0.56 derived
s10 context show:calc/core.py noul=0.73 p=0.73 c=0.46 derived
s10 context show:calc/__init__.py noul=0.08 p=0.08 c=0.84 derived
s10 context show:hypothesis/__init__.py noul=0.04 p=0.04 c=0.92 derived
s10 context show:hypothesis/strategies.py noul=0.04 p=0.04 c=0.92 derived
s10 context show:notes.txt noul=0.07 p=0.07 c=0.86 derived
s10 context show:pytest.ini noul=0.10 p=0.10 c=0.80 derived
s10 context show:README.md noul=0.05 p=0.05 c=0.90 derived
s10 context show:tests/test_core.py noul=0.33 p=0.33 c=0.34 derived
step 9/40  ⠦ context  wall 18m59s/30m  tokens gen 44.5k jev 138.5k  cost gen $0.114 jev $0.006 / cap $2.000
[?2026l[?2026h[2K[1A[2K[1A[2K[1A[2K[1A[2K[1A[2K[1A[2K[1A[2K[1A[2K[1A[2K[1A[2K[1A[2K[1A[2K[1A[2K[1A[2K[1A[2K[1A[2K[G────────────────────────────────────────────────────────────────────────────────────────────────────────────────────────
streaming action… 324 chars

s10 intent can_verify noul=0.31 p=0.31 c=0.38 derived
s10 intent can_fix_environment noul=0.02 p=0.02 c=0.96 derived
s10 intent can_finish noul=0.41 p=0.41 c=0.18 derived
s10 intent plan_still_valid noul=0.22 p=0.22 c=0.56 derived
s10 context show:calc/core.py noul=0.73 p=0.73 c=0.46 derived
s10 context show:calc/__init__.py noul=0.08 p=0.08 c=0.84 derived
s10 context show:hypothesis/__init__.py noul=0.04 p=0.04 c=0.92 derived
s10 context show:hypothesis/strategies.py noul=0.04 p=0.04 c=0.92 derived
s10 context show:notes.txt noul=0.07 p=0.07 c=0.86 derived
s10 context show:pytest.ini noul=0.10 p=0.10 c=0.80 derived
s10 context show:README.md noul=0.05 p=0.05 c=0.90 derived
s10 context show:tests/test_core.py noul=0.33 p=0.33 c=0.34 derived
step 9/40  ⠦ context  wall 18m59s/30m  tokens gen 44.5k jev 138.5k  cost gen $0.114 jev $0.006 / cap $2.000
[?2026l[?2026h[2K[1A[2K[1A[2K[1A[2K[1A[2K[1A[2K[1A[2K[1A[2K[1A[2K[1A[2K[1A[2K[1A[2K[1A[2K[1A[2K[1A[2K[1A[2K[1A[2K[G────────────────────────────────────────────────────────────────────────────────────────────────────────────────────────
streaming action… 324 chars

s10 intent can_verify noul=0.31 p=0.31 c=0.38 derived
s10 intent can_fix_environment noul=0.02 p=0.02 c=0.96 derived
s10 intent can_finish noul=0.41 p=0.41 c=0.18 derived
s10 intent plan_still_valid noul=0.22 p=0.22 c=0.56 derived
s10 context show:calc/core.py noul=0.73 p=0.73 c=0.46 derived
s10 context show:calc/__init__.py noul=0.08 p=0.08 c=0.84 derived
s10 context show:hypothesis/__init__.py noul=0.04 p=0.04 c=0.92 derived
s10 context show:hypothesis/strategies.py noul=0.04 p=0.04 c=0.92 derived
s10 context show:notes.txt noul=0.07 p=0.07 c=0.86 derived
s10 context show:pytest.ini noul=0.10 p=0.10 c=0.80 derived
s10 context show:README.md noul=0.05 p=0.05 c=0.90 derived
s10 context show:tests/test_core.py noul=0.33 p=0.33 c=0.34 derived
step 9/40  ⠧ context  wall 18m59s/30m  tokens gen 44.5k jev 138.5k  cost gen $0.114 jev $0.006 / cap $2.000
[?2026l[?2026h[2K[1A[2K[1A[2K[1A[2K[1A[2K[1A[2K[1A[2K[1A[2K[1A[2K[1A[2K[1A[2K[1A[2K[1A[2K[1A[2K[1A[2K[1A[2K[1A[2K[G────────────────────────────────────────────────────────────────────────────────────────────────────────────────────────
streaming action… 362 chars

s10 intent can_verify noul=0.31 p=0.31 c=0.38 derived
s10 intent can_fix_environment noul=0.02 p=0.02 c=0.96 derived
s10 intent can_finish noul=0.41 p=0.41 c=0.18 derived
s10 intent plan_still_valid noul=0.22 p=0.22 c=0.56 derived
s10 context show:calc/core.py noul=0.73 p=0.73 c=0.46 derived
s10 context show:calc/__init__.py noul=0.08 p=0.08 c=0.84 derived
s10 context show:hypothesis/__init__.py noul=0.04 p=0.04 c=0.92 derived
s10 context show:hypothesis/strategies.py noul=0.04 p=0.04 c=0.92 derived
s10 context show:notes.txt noul=0.07 p=0.07 c=0.86 derived
s10 context show:pytest.ini noul=0.10 p=0.10 c=0.80 derived
s10 context show:README.md noul=0.05 p=0.05 c=0.90 derived
s10 context show:tests/test_core.py noul=0.33 p=0.33 c=0.34 derived
step 9/40  ⠧ context  wall 18m59s/30m  tokens gen 44.5k jev 138.5k  cost gen $0.114 jev $0.006 / cap $2.000
[?2026l[?2026h[2K[1A[2K[1A[2K[1A[2K[1A[2K[1A[2K[1A[2K[1A[2K[1A[2K[1A[2K[1A[2K[1A[2K[1A[2K[1A[2K[1A[2K[1A[2K[1A[2K[G────────────────────────────────────────────────────────────────────────────────────────────────────────────────────────
streaming action… 362 chars

s10 intent can_verify noul=0.31 p=0.31 c=0.38 derived
s10 intent can_fix_environment noul=0.02 p=0.02 c=0.96 derived
s10 intent can_finish noul=0.41 p=0.41 c=0.18 derived
s10 intent plan_still_valid noul=0.22 p=0.22 c=0.56 derived
s10 context show:calc/core.py noul=0.73 p=0.73 c=0.46 derived
s10 context show:calc/__init__.py noul=0.08 p=0.08 c=0.84 derived
s10 context show:hypothesis/__init__.py noul=0.04 p=0.04 c=0.92 derived
s10 context show:hypothesis/strategies.py noul=0.04 p=0.04 c=0.92 derived
s10 context show:notes.txt noul=0.07 p=0.07 c=0.86 derived
s10 context show:pytest.ini noul=0.10 p=0.10 c=0.80 derived
s10 context show:README.md noul=0.05 p=0.05 c=0.90 derived
s10 context show:tests/test_core.py noul=0.33 p=0.33 c=0.34 derived
step 9/40  ⠇ context  wall 18m59s/30m  tokens gen 44.5k jev 138.5k  cost gen $0.114 jev $0.006 / cap $2.000
[?2026l[?2026h[2K[1A[2K[1A[2K[1A[2K[1A[2K[1A[2K[1A[2K[1A[2K[1A[2K[1A[2K[1A[2K[1A[2K[1A[2K[1A[2K[1A[2K[1A[2K[1A[2K[G────────────────────────────────────────────────────────────────────────────────────────────────────────────────────────
streaming action… 372 chars

s10 intent can_verify noul=0.31 p=0.31 c=0.38 derived
s10 intent can_fix_environment noul=0.02 p=0.02 c=0.96 derived
s10 intent can_finish noul=0.41 p=0.41 c=0.18 derived
s10 intent plan_still_valid noul=0.22 p=0.22 c=0.56 derived
s10 context show:calc/core.py noul=0.73 p=0.73 c=0.46 derived
s10 context show:calc/__init__.py noul=0.08 p=0.08 c=0.84 derived
s10 context show:hypothesis/__init__.py noul=0.04 p=0.04 c=0.92 derived
s10 context show:hypothesis/strategies.py noul=0.04 p=0.04 c=0.92 derived
s10 context show:notes.txt noul=0.07 p=0.07 c=0.86 derived
s10 context show:pytest.ini noul=0.10 p=0.10 c=0.80 derived
s10 context show:README.md noul=0.05 p=0.05 c=0.90 derived
s10 context show:tests/test_core.py noul=0.33 p=0.33 c=0.34 derived
step 9/40  ⠇ context  wall 18m59s/30m  tokens gen 44.5k jev 138.5k  cost gen $0.114 jev $0.006 / cap $2.000
[?2026l[?2026h[2K[1A[2K[1A[2K[1A[2K[1A[2K[1A[2K[1A[2K[1A[2K[1A[2K[1A[2K[1A[2K[1A[2K[1A[2K[1A[2K[1A[2K[1A[2K[1A[2K[G────────────────────────────────────────────────────────────────────────────────────────────────────────────────────────
streaming action… 372 chars

s10 intent can_verify noul=0.31 p=0.31 c=0.38 derived
s10 intent can_fix_environment noul=0.02 p=0.02 c=0.96 derived
s10 intent can_finish noul=0.41 p=0.41 c=0.18 derived
s10 intent plan_still_valid noul=0.22 p=0.22 c=0.56 derived
s10 context show:calc/core.py noul=0.73 p=0.73 c=0.46 derived
s10 context show:calc/__init__.py noul=0.08 p=0.08 c=0.84 derived
s10 context show:hypothesis/__init__.py noul=0.04 p=0.04 c=0.92 derived
s10 context show:hypothesis/strategies.py noul=0.04 p=0.04 c=0.92 derived
s10 context show:notes.txt noul=0.07 p=0.07 c=0.86 derived
s10 context show:pytest.ini noul=0.10 p=0.10 c=0.80 derived
s10 context show:README.md noul=0.05 p=0.05 c=0.90 derived
s10 context show:tests/test_core.py noul=0.33 p=0.33 c=0.34 derived
step 9/40  ⠏ context  wall 18m59s/30m  tokens gen 44.5k jev 138.5k  cost gen $0.114 jev $0.006 / cap $2.000
[?2026l[?2026h[2K[1A[2K[1A[2K[1A[2K[1A[2K[1A[2K[1A[2K[1A[2K[1A[2K[1A[2K[1A[2K[1A[2K[1A[2K[1A[2K[1A[2K[1A[2K[1A[2K[G────────────────────────────────────────────────────────────────────────────────────────────────────────────────────────
streaming action… 417 chars

s10 intent can_verify noul=0.31 p=0.31 c=0.38 derived
s10 intent can_fix_environment noul=0.02 p=0.02 c=0.96 derived
s10 intent can_finish noul=0.41 p=0.41 c=0.18 derived
s10 intent plan_still_valid noul=0.22 p=0.22 c=0.56 derived
s10 context show:calc/core.py noul=0.73 p=0.73 c=0.46 derived
s10 context show:calc/__init__.py noul=0.08 p=0.08 c=0.84 derived
s10 context show:hypothesis/__init__.py noul=0.04 p=0.04 c=0.92 derived
s10 context show:hypothesis/strategies.py noul=0.04 p=0.04 c=0.92 derived
s10 context show:notes.txt noul=0.07 p=0.07 c=0.86 derived
s10 context show:pytest.ini noul=0.10 p=0.10 c=0.80 derived
s10 context show:README.md noul=0.05 p=0.05 c=0.90 derived
s10 context show:tests/test_core.py noul=0.33 p=0.33 c=0.34 derived
step 9/40  ⠏ context  wall 18m59s/30m  tokens gen 44.5k jev 138.5k  cost gen $0.114 jev $0.006 / cap $2.000
[?2026l[?2026h[2K[1A[2K[1A[2K[1A[2K[1A[2K[1A[2K[1A[2K[1A[2K[1A[2K[1A[2K[1A[2K[1A[2K[1A[2K[1A[2K[1A[2K[1A[2K[1A[2K[G────────────────────────────────────────────────────────────────────────────────────────────────────────────────────────
streaming action… 450 chars

s10 intent can_verify noul=0.31 p=0.31 c=0.38 derived
s10 intent can_fix_environment noul=0.02 p=0.02 c=0.96 derived
s10 intent can_finish noul=0.41 p=0.41 c=0.18 derived
s10 intent plan_still_valid noul=0.22 p=0.22 c=0.56 derived
s10 context show:calc/core.py noul=0.73 p=0.73 c=0.46 derived
s10 context show:calc/__init__.py noul=0.08 p=0.08 c=0.84 derived
s10 context show:hypothesis/__init__.py noul=0.04 p=0.04 c=0.92 derived
s10 context show:hypothesis/strategies.py noul=0.04 p=0.04 c=0.92 derived
s10 context show:notes.txt noul=0.07 p=0.07 c=0.86 derived
s10 context show:pytest.ini noul=0.10 p=0.10 c=0.80 derived
s10 context show:README.md noul=0.05 p=0.05 c=0.90 derived
s10 context show:tests/test_core.py noul=0.33 p=0.33 c=0.34 derived
step 9/40  ⠏ context  wall 18m59s/30m  tokens gen 44.5k jev 138.5k  cost gen $0.114 jev $0.006 / cap $2.000
[?2026l[?2026h[2K[1A[2K[1A[2K[1A[2K[1A[2K[1A[2K[1A[2K[1A[2K[1A[2K[1A[2K[1A[2K[1A[2K[1A[2K[1A[2K[1A[2K[1A[2K[1A[2K[G────────────────────────────────────────────────────────────────────────────────────────────────────────────────────────
streaming action… 450 chars

s10 intent can_verify noul=0.31 p=0.31 c=0.38 derived
s10 intent can_fix_environment noul=0.02 p=0.02 c=0.96 derived
s10 intent can_finish noul=0.41 p=0.41 c=0.18 derived
s10 intent plan_still_valid noul=0.22 p=0.22 c=0.56 derived
s10 context show:calc/core.py noul=0.73 p=0.73 c=0.46 derived
s10 context show:calc/__init__.py noul=0.08 p=0.08 c=0.84 derived
s10 context show:hypothesis/__init__.py noul=0.04 p=0.04 c=0.92 derived
s10 context show:hypothesis/strategies.py noul=0.04 p=0.04 c=0.92 derived
s10 context show:notes.txt noul=0.07 p=0.07 c=0.86 derived
s10 context show:pytest.ini noul=0.10 p=0.10 c=0.80 derived
s10 context show:README.md noul=0.05 p=0.05 c=0.90 derived
s10 context show:tests/test_core.py noul=0.33 p=0.33 c=0.34 derived
step 9/40  ⠋ context  wall 18m59s/30m  tokens gen 44.5k jev 138.5k  cost gen $0.114 jev $0.006 / cap $2.000
[?2026l[?2026h[2K[1A[2K[1A[2K[1A[2K[1A[2K[1A[2K[1A[2K[1A[2K[1A[2K[1A[2K[1A[2K[1A[2K[1A[2K[1A[2K[1A[2K[1A[2K[1A[2K[G────────────────────────────────────────────────────────────────────────────────────────────────────────────────────────
streaming action… 474 chars

s10 intent can_verify noul=0.31 p=0.31 c=0.38 derived
s10 intent can_fix_environment noul=0.02 p=0.02 c=0.96 derived
s10 intent can_finish noul=0.41 p=0.41 c=0.18 derived
s10 intent plan_still_valid noul=0.22 p=0.22 c=0.56 derived
s10 context show:calc/core.py noul=0.73 p=0.73 c=0.46 derived
s10 context show:calc/__init__.py noul=0.08 p=0.08 c=0.84 derived
s10 context show:hypothesis/__init__.py noul=0.04 p=0.04 c=0.92 derived
s10 context show:hypothesis/strategies.py noul=0.04 p=0.04 c=0.92 derived
s10 context show:notes.txt noul=0.07 p=0.07 c=0.86 derived
s10 context show:pytest.ini noul=0.10 p=0.10 c=0.80 derived
s10 context show:README.md noul=0.05 p=0.05 c=0.90 derived
s10 context show:tests/test_core.py noul=0.33 p=0.33 c=0.34 derived
step 9/40  ⠋ context  wall 18m59s/30m  tokens gen 44.5k jev 138.5k  cost gen $0.114 jev $0.006 / cap $2.000
[?2026l[?2026h[2K[1A[2K[1A[2K[1A[2K[1A[2K[1A[2K[1A[2K[1A[2K[1A[2K[1A[2K[1A[2K[1A[2K[1A[2K[1A[2K[1A[2K[1A[2K[1A[2K[G────────────────────────────────────────────────────────────────────────────────────────────────────────────────────────
streaming action… 474 chars

s10 intent can_verify noul=0.31 p=0.31 c=0.38 derived
s10 intent can_fix_environment noul=0.02 p=0.02 c=0.96 derived
s10 intent can_finish noul=0.41 p=0.41 c=0.18 derived
s10 intent plan_still_valid noul=0.22 p=0.22 c=0.56 derived
s10 context show:calc/core.py noul=0.73 p=0.73 c=0.46 derived
s10 context show:calc/__init__.py noul=0.08 p=0.08 c=0.84 derived
s10 context show:hypothesis/__init__.py noul=0.04 p=0.04 c=0.92 derived
s10 context show:hypothesis/strategies.py noul=0.04 p=0.04 c=0.92 derived
s10 context show:notes.txt noul=0.07 p=0.07 c=0.86 derived
s10 context show:pytest.ini noul=0.10 p=0.10 c=0.80 derived
s10 context show:README.md noul=0.05 p=0.05 c=0.90 derived
s10 context show:tests/test_core.py noul=0.33 p=0.33 c=0.34 derived
step 9/40  ⠙ context  wall 18m59s/30m  tokens gen 44.5k jev 138.5k  cost gen $0.114 jev $0.006 / cap $2.000
[?2026l[?2026h[2K[1A[2K[1A[2K[1A[2K[1A[2K[1A[2K[1A[2K[1A[2K[1A[2K[1A[2K[1A[2K[1A[2K[1A[2K[1A[2K[1A[2K[1A[2K[1A[2K[G────────────────────────────────────────────────────────────────────────────────────────────────────────────────────────
streaming action… 486 chars

s10 intent can_verify noul=0.31 p=0.31 c=0.38 derived
s10 intent can_fix_environment noul=0.02 p=0.02 c=0.96 derived
s10 intent can_finish noul=0.41 p=0.41 c=0.18 derived
s10 intent plan_still_valid noul=0.22 p=0.22 c=0.56 derived
s10 context show:calc/core.py noul=0.73 p=0.73 c=0.46 derived
s10 context show:calc/__init__.py noul=0.08 p=0.08 c=0.84 derived
s10 context show:hypothesis/__init__.py noul=0.04 p=0.04 c=0.92 derived
s10 context show:hypothesis/strategies.py noul=0.04 p=0.04 c=0.92 derived
s10 context show:notes.txt noul=0.07 p=0.07 c=0.86 derived
s10 context show:pytest.ini noul=0.10 p=0.10 c=0.80 derived
s10 context show:README.md noul=0.05 p=0.05 c=0.90 derived
s10 context show:tests/test_core.py noul=0.33 p=0.33 c=0.34 derived
step 9/40  ⠙ context  wall 18m59s/30m  tokens gen 44.5k jev 138.5k  cost gen $0.114 jev $0.006 / cap $2.000
[?2026l[?2026h[2K[1A[2K[1A[2K[1A[2K[1A[2K[1A[2K[1A[2K[1A[2K[1A[2K[1A[2K[1A[2K[1A[2K[1A[2K[1A[2K[1A[2K[1A[2K[1A[2K[G────────────────────────────────────────────────────────────────────────────────────────────────────────────────────────
streaming action… 509 chars

s10 intent can_verify noul=0.31 p=0.31 c=0.38 derived
s10 intent can_fix_environment noul=0.02 p=0.02 c=0.96 derived
s10 intent can_finish noul=0.41 p=0.41 c=0.18 derived
s10 intent plan_still_valid noul=0.22 p=0.22 c=0.56 derived
s10 context show:calc/core.py noul=0.73 p=0.73 c=0.46 derived
s10 context show:calc/__init__.py noul=0.08 p=0.08 c=0.84 derived
s10 context show:hypothesis/__init__.py noul=0.04 p=0.04 c=0.92 derived
s10 context show:hypothesis/strategies.py noul=0.04 p=0.04 c=0.92 derived
s10 context show:notes.txt noul=0.07 p=0.07 c=0.86 derived
s10 context show:pytest.ini noul=0.10 p=0.10 c=0.80 derived
s10 context show:README.md noul=0.05 p=0.05 c=0.90 derived
s10 context show:tests/test_core.py noul=0.33 p=0.33 c=0.34 derived
step 9/40  ⠙ context  wall 18m59s/30m  tokens gen 44.5k jev 138.5k  cost gen $0.114 jev $0.006 / cap $2.000
[?2026l[?2026h[2K[1A[2K[1A[2K[1A[2K[1A[2K[1A[2K[1A[2K[1A[2K[1A[2K[1A[2K[1A[2K[1A[2K[1A[2K[1A[2K[1A[2K[1A[2K[1A[2K[G────────────────────────────────────────────────────────────────────────────────────────────────────────────────────────
streaming action… 509 chars

s10 intent can_verify noul=0.31 p=0.31 c=0.38 derived
s10 intent can_fix_environment noul=0.02 p=0.02 c=0.96 derived
s10 intent can_finish noul=0.41 p=0.41 c=0.18 derived
s10 intent plan_still_valid noul=0.22 p=0.22 c=0.56 derived
s10 context show:calc/core.py noul=0.73 p=0.73 c=0.46 derived
s10 context show:calc/__init__.py noul=0.08 p=0.08 c=0.84 derived
s10 context show:hypothesis/__init__.py noul=0.04 p=0.04 c=0.92 derived
s10 context show:hypothesis/strategies.py noul=0.04 p=0.04 c=0.92 derived
s10 context show:notes.txt noul=0.07 p=0.07 c=0.86 derived
s10 context show:pytest.ini noul=0.10 p=0.10 c=0.80 derived
s10 context show:README.md noul=0.05 p=0.05 c=0.90 derived
s10 context show:tests/test_core.py noul=0.33 p=0.33 c=0.34 derived
step 9/40  ⠹ context  wall 18m59s/30m  tokens gen 44.5k jev 138.5k  cost gen $0.114 jev $0.006 / cap $2.000
[?2026l[?2026h[2K[1A[2K[1A[2K[1A[2K[1A[2K[1A[2K[1A[2K[1A[2K[1A[2K[1A[2K[1A[2K[1A[2K[1A[2K[1A[2K[1A[2K[1A[2K[1A[2K[G────────────────────────────────────────────────────────────────────────────────────────────────────────────────────────
streaming action… 536 chars

s10 intent can_verify noul=0.31 p=0.31 c=0.38 derived
s10 intent can_fix_environment noul=0.02 p=0.02 c=0.96 derived
s10 intent can_finish noul=0.41 p=0.41 c=0.18 derived
s10 intent plan_still_valid noul=0.22 p=0.22 c=0.56 derived
s10 context show:calc/core.py noul=0.73 p=0.73 c=0.46 derived
s10 context show:calc/__init__.py noul=0.08 p=0.08 c=0.84 derived
s10 context show:hypothesis/__init__.py noul=0.04 p=0.04 c=0.92 derived
s10 context show:hypothesis/strategies.py noul=0.04 p=0.04 c=0.92 derived
s10 context show:notes.txt noul=0.07 p=0.07 c=0.86 derived
s10 context show:pytest.ini noul=0.10 p=0.10 c=0.80 derived
s10 context show:README.md noul=0.05 p=0.05 c=0.90 derived
s10 context show:tests/test_core.py noul=0.33 p=0.33 c=0.34 derived
step 9/40  ⠹ context  wall 18m59s/30m  tokens gen 44.5k jev 138.5k  cost gen $0.114 jev $0.006 / cap $2.000
[?2026l[?2026h[2K[1A[2K[1A[2K[1A[2K[1A[2K[1A[2K[1A[2K[1A[2K[1A[2K[1A[2K[1A[2K[1A[2K[1A[2K[1A[2K[1A[2K[1A[2K[1A[2K[G────────────────────────────────────────────────────────────────────────────────────────────────────────────────────────
streaming action… 536 chars

s10 intent can_verify noul=0.31 p=0.31 c=0.38 derived
s10 intent can_fix_environment noul=0.02 p=0.02 c=0.96 derived
s10 intent can_finish noul=0.41 p=0.41 c=0.18 derived
s10 intent plan_still_valid noul=0.22 p=0.22 c=0.56 derived
s10 context show:calc/core.py noul=0.73 p=0.73 c=0.46 derived
s10 context show:calc/__init__.py noul=0.08 p=0.08 c=0.84 derived
s10 context show:hypothesis/__init__.py noul=0.04 p=0.04 c=0.92 derived
s10 context show:hypothesis/strategies.py noul=0.04 p=0.04 c=0.92 derived
s10 context show:notes.txt noul=0.07 p=0.07 c=0.86 derived
s10 context show:pytest.ini noul=0.10 p=0.10 c=0.80 derived
s10 context show:README.md noul=0.05 p=0.05 c=0.90 derived
s10 context show:tests/test_core.py noul=0.33 p=0.33 c=0.34 derived
step 9/40  ⠸ context  wall 18m59s/30m  tokens gen 44.5k jev 138.5k  cost gen $0.114 jev $0.006 / cap $2.000
[?2026l[?2026h[2K[1A[2K[1A[2K[1A[2K[1A[2K[1A[2K[1A[2K[1A[2K[1A[2K[1A[2K[1A[2K[1A[2K[1A[2K[1A[2K[1A[2K[1A[2K[1A[2K[G────────────────────────────────────────────────────────────────────────────────────────────────────────────────────────
streaming action… 556 chars

s10 intent can_verify noul=0.31 p=0.31 c=0.38 derived
s10 intent can_fix_environment noul=0.02 p=0.02 c=0.96 derived
s10 intent can_finish noul=0.41 p=0.41 c=0.18 derived
s10 intent plan_still_valid noul=0.22 p=0.22 c=0.56 derived
s10 context show:calc/core.py noul=0.73 p=0.73 c=0.46 derived
s10 context show:calc/__init__.py noul=0.08 p=0.08 c=0.84 derived
s10 context show:hypothesis/__init__.py noul=0.04 p=0.04 c=0.92 derived
s10 context show:hypothesis/strategies.py noul=0.04 p=0.04 c=0.92 derived
s10 context show:notes.txt noul=0.07 p=0.07 c=0.86 derived
s10 context show:pytest.ini noul=0.10 p=0.10 c=0.80 derived
s10 context show:README.md noul=0.05 p=0.05 c=0.90 derived
s10 context show:tests/test_core.py noul=0.33 p=0.33 c=0.34 derived
step 9/40  ⠸ context  wall 18m59s/30m  tokens gen 44.5k jev 138.5k  cost gen $0.114 jev $0.006 / cap $2.000
[?2026l[?2026h[2K[1A[2K[1A[2K[1A[2K[1A[2K[1A[2K[1A[2K[1A[2K[1A[2K[1A[2K[1A[2K[1A[2K[1A[2K[1A[2K[1A[2K[1A[2K[1A[2K[G────────────────────────────────────────────────────────────────────────────────────────────────────────────────────────
streaming action… 580 chars

s10 intent can_verify noul=0.31 p=0.31 c=0.38 derived
s10 intent can_fix_environment noul=0.02 p=0.02 c=0.96 derived
s10 intent can_finish noul=0.41 p=0.41 c=0.18 derived
s10 intent plan_still_valid noul=0.22 p=0.22 c=0.56 derived
s10 context show:calc/core.py noul=0.73 p=0.73 c=0.46 derived
s10 context show:calc/__init__.py noul=0.08 p=0.08 c=0.84 derived
s10 context show:hypothesis/__init__.py noul=0.04 p=0.04 c=0.92 derived
s10 context show:hypothesis/strategies.py noul=0.04 p=0.04 c=0.92 derived
s10 context show:notes.txt noul=0.07 p=0.07 c=0.86 derived
s10 context show:pytest.ini noul=0.10 p=0.10 c=0.80 derived
s10 context show:README.md noul=0.05 p=0.05 c=0.90 derived
s10 context show:tests/test_core.py noul=0.33 p=0.33 c=0.34 derived
step 9/40  ⠸ context  wall 18m59s/30m  tokens gen 44.5k jev 138.5k  cost gen $0.114 jev $0.006 / cap $2.000
[?2026l[?2026h[2K[1A[2K[1A[2K[1A[2K[1A[2K[1A[2K[1A[2K[1A[2K[1A[2K[1A[2K[1A[2K[1A[2K[1A[2K[1A[2K[1A[2K[1A[2K[1A[2K[G────────────────────────────────────────────────────────────────────────────────────────────────────────────────────────
streaming action… 580 chars

s10 intent can_verify noul=0.31 p=0.31 c=0.38 derived
s10 intent can_fix_environment noul=0.02 p=0.02 c=0.96 derived
s10 intent can_finish noul=0.41 p=0.41 c=0.18 derived
s10 intent plan_still_valid noul=0.22 p=0.22 c=0.56 derived
s10 context show:calc/core.py noul=0.73 p=0.73 c=0.46 derived
s10 context show:calc/__init__.py noul=0.08 p=0.08 c=0.84 derived
s10 context show:hypothesis/__init__.py noul=0.04 p=0.04 c=0.92 derived
s10 context show:hypothesis/strategies.py noul=0.04 p=0.04 c=0.92 derived
s10 context show:notes.txt noul=0.07 p=0.07 c=0.86 derived
s10 context show:pytest.ini noul=0.10 p=0.10 c=0.80 derived
s10 context show:README.md noul=0.05 p=0.05 c=0.90 derived
s10 context show:tests/test_core.py noul=0.33 p=0.33 c=0.34 derived
step 9/40  ⠼ context  wall 18m59s/30m  tokens gen 44.5k jev 138.5k  cost gen $0.114 jev $0.006 / cap $2.000
[?2026l[?2026h[2K[1A[2K[1A[2K[1A[2K[1A[2K[1A[2K[1A[2K[1A[2K[1A[2K[1A[2K[1A[2K[1A[2K[1A[2K[1A[2K[1A[2K[1A[2K[1A[2K[G────────────────────────────────────────────────────────────────────────────────────────────────────────────────────────
streaming action… 605 chars

s10 intent can_verify noul=0.31 p=0.31 c=0.38 derived
s10 intent can_fix_environment noul=0.02 p=0.02 c=0.96 derived
s10 intent can_finish noul=0.41 p=0.41 c=0.18 derived
s10 intent plan_still_valid noul=0.22 p=0.22 c=0.56 derived
s10 context show:calc/core.py noul=0.73 p=0.73 c=0.46 derived
s10 context show:calc/__init__.py noul=0.08 p=0.08 c=0.84 derived
s10 context show:hypothesis/__init__.py noul=0.04 p=0.04 c=0.92 derived
s10 context show:hypothesis/strategies.py noul=0.04 p=0.04 c=0.92 derived
s10 context show:notes.txt noul=0.07 p=0.07 c=0.86 derived
s10 context show:pytest.ini noul=0.10 p=0.10 c=0.80 derived
s10 context show:README.md noul=0.05 p=0.05 c=0.90 derived
s10 context show:tests/test_core.py noul=0.33 p=0.33 c=0.34 derived
step 9/40  ⠼ context  wall 18m59s/30m  tokens gen 44.5k jev 138.5k  cost gen $0.114 jev $0.006 / cap $2.000
[?2026l[?2026h[2K[1A[2K[1A[2K[1A[2K[1A[2K[1A[2K[1A[2K[1A[2K[1A[2K[1A[2K[1A[2K[1A[2K[1A[2K[1A[2K[1A[2K[1A[2K[1A[2K[G────────────────────────────────────────────────────────────────────────────────────────────────────────────────────────
streaming action… 605 chars

s10 intent can_verify noul=0.31 p=0.31 c=0.38 derived
s10 intent can_fix_environment noul=0.02 p=0.02 c=0.96 derived
s10 intent can_finish noul=0.41 p=0.41 c=0.18 derived
s10 intent plan_still_valid noul=0.22 p=0.22 c=0.56 derived
s10 context show:calc/core.py noul=0.73 p=0.73 c=0.46 derived
s10 context show:calc/__init__.py noul=0.08 p=0.08 c=0.84 derived
s10 context show:hypothesis/__init__.py noul=0.04 p=0.04 c=0.92 derived
s10 context show:hypothesis/strategies.py noul=0.04 p=0.04 c=0.92 derived
s10 context show:notes.txt noul=0.07 p=0.07 c=0.86 derived
s10 context show:pytest.ini noul=0.10 p=0.10 c=0.80 derived
s10 context show:README.md noul=0.05 p=0.05 c=0.90 derived
s10 context show:tests/test_core.py noul=0.33 p=0.33 c=0.34 derived
step 9/40  ⠴ context  wall 18m59s/30m  tokens gen 44.5k jev 138.5k  cost gen $0.114 jev $0.006 / cap $2.000
[?2026l[?2026h[2K[1A[2K[1A[2K[1A[2K[1A[2K[1A[2K[1A[2K[1A[2K[1A[2K[1A[2K[1A[2K[1A[2K[1A[2K[1A[2K[1A[2K[1A[2K[1A[2K[G────────────────────────────────────────────────────────────────────────────────────────────────────────────────────────
streaming action… 620 chars

s10 intent can_verify noul=0.31 p=0.31 c=0.38 derived
s10 intent can_fix_environment noul=0.02 p=0.02 c=0.96 derived
s10 intent can_finish noul=0.41 p=0.41 c=0.18 derived
s10 intent plan_still_valid noul=0.22 p=0.22 c=0.56 derived
s10 context show:calc/core.py noul=0.73 p=0.73 c=0.46 derived
s10 context show:calc/__init__.py noul=0.08 p=0.08 c=0.84 derived
s10 context show:hypothesis/__init__.py noul=0.04 p=0.04 c=0.92 derived
s10 context show:hypothesis/strategies.py noul=0.04 p=0.04 c=0.92 derived
s10 context show:notes.txt noul=0.07 p=0.07 c=0.86 derived
s10 context show:pytest.ini noul=0.10 p=0.10 c=0.80 derived
s10 context show:README.md noul=0.05 p=0.05 c=0.90 derived
s10 context show:tests/test_core.py noul=0.33 p=0.33 c=0.34 derived
step 9/40  ⠴ context  wall 18m59s/30m  tokens gen 44.5k jev 138.5k  cost gen $0.114 jev $0.006 / cap $2.000
[?2026l[?2026h[2K[1A[2K[1A[2K[1A[2K[1A[2K[1A[2K[1A[2K[1A[2K[1A[2K[1A[2K[1A[2K[1A[2K[1A[2K[1A[2K[1A[2K[1A[2K[1A[2K[G────────────────────────────────────────────────────────────────────────────────────────────────────────────────────────
streaming action… 662 chars

s10 intent can_verify noul=0.31 p=0.31 c=0.38 derived
s10 intent can_fix_environment noul=0.02 p=0.02 c=0.96 derived
s10 intent can_finish noul=0.41 p=0.41 c=0.18 derived
s10 intent plan_still_valid noul=0.22 p=0.22 c=0.56 derived
s10 context show:calc/core.py noul=0.73 p=0.73 c=0.46 derived
s10 context show:calc/__init__.py noul=0.08 p=0.08 c=0.84 derived
s10 context show:hypothesis/__init__.py noul=0.04 p=0.04 c=0.92 derived
s10 context show:hypothesis/strategies.py noul=0.04 p=0.04 c=0.92 derived
s10 context show:notes.txt noul=0.07 p=0.07 c=0.86 derived
s10 context show:pytest.ini noul=0.10 p=0.10 c=0.80 derived
s10 context show:README.md noul=0.05 p=0.05 c=0.90 derived
s10 context show:tests/test_core.py noul=0.33 p=0.33 c=0.34 derived
step 9/40  ⠴ context  wall 18m59s/30m  tokens gen 44.5k jev 138.5k  cost gen $0.114 jev $0.006 / cap $2.000
[?2026l[?2026h[2K[1A[2K[1A[2K[1A[2K[1A[2K[1A[2K[1A[2K[1A[2K[1A[2K[1A[2K[1A[2K[1A[2K[1A[2K[1A[2K[1A[2K[1A[2K[1A[2K[G────────────────────────────────────────────────────────────────────────────────────────────────────────────────────────
streaming action… 662 chars

s10 intent can_verify noul=0.31 p=0.31 c=0.38 derived
s10 intent can_fix_environment noul=0.02 p=0.02 c=0.96 derived
s10 intent can_finish noul=0.41 p=0.41 c=0.18 derived
s10 intent plan_still_valid noul=0.22 p=0.22 c=0.56 derived
s10 context show:calc/core.py noul=0.73 p=0.73 c=0.46 derived
s10 context show:calc/__init__.py noul=0.08 p=0.08 c=0.84 derived
s10 context show:hypothesis/__init__.py noul=0.04 p=0.04 c=0.92 derived
s10 context show:hypothesis/strategies.py noul=0.04 p=0.04 c=0.92 derived
s10 context show:notes.txt noul=0.07 p=0.07 c=0.86 derived
s10 context show:pytest.ini noul=0.10 p=0.10 c=0.80 derived
s10 context show:README.md noul=0.05 p=0.05 c=0.90 derived
s10 context show:tests/test_core.py noul=0.33 p=0.33 c=0.34 derived
step 9/40  ⠦ context  wall 18m59s/30m  tokens gen 44.5k jev 138.5k  cost gen $0.114 jev $0.006 / cap $2.000
[?2026l[?2026h[2K[1A[2K[1A[2K[1A[2K[1A[2K[1A[2K[1A[2K[1A[2K[1A[2K[1A[2K[1A[2K[1A[2K[1A[2K[1A[2K[1A[2K[1A[2K[1A[2K[G────────────────────────────────────────────────────────────────────────────────────────────────────────────────────────
streaming action… 680 chars

s10 intent can_verify noul=0.31 p=0.31 c=0.38 derived
s10 intent can_fix_environment noul=0.02 p=0.02 c=0.96 derived
s10 intent can_finish noul=0.41 p=0.41 c=0.18 derived
s10 intent plan_still_valid noul=0.22 p=0.22 c=0.56 derived
s10 context show:calc/core.py noul=0.73 p=0.73 c=0.46 derived
s10 context show:calc/__init__.py noul=0.08 p=0.08 c=0.84 derived
s10 context show:hypothesis/__init__.py noul=0.04 p=0.04 c=0.92 derived
s10 context show:hypothesis/strategies.py noul=0.04 p=0.04 c=0.92 derived
s10 context show:notes.txt noul=0.07 p=0.07 c=0.86 derived
s10 context show:pytest.ini noul=0.10 p=0.10 c=0.80 derived
s10 context show:README.md noul=0.05 p=0.05 c=0.90 derived
s10 context show:tests/test_core.py noul=0.33 p=0.33 c=0.34 derived
step 9/40  ⠦ context  wall 18m59s/30m  tokens gen 44.5k jev 138.5k  cost gen $0.114 jev $0.006 / cap $2.000
[?2026l[?2026h[2K[1A[2K[1A[2K[1A[2K[1A[2K[1A[2K[1A[2K[1A[2K[1A[2K[1A[2K[1A[2K[1A[2K[1A[2K[1A[2K[1A[2K[1A[2K[1A[2K[G────────────────────────────────────────────────────────────────────────────────────────────────────────────────────────
streaming action… 680 chars

s10 intent can_verify noul=0.31 p=0.31 c=0.38 derived
s10 intent can_fix_environment noul=0.02 p=0.02 c=0.96 derived
s10 intent can_finish noul=0.41 p=0.41 c=0.18 derived
s10 intent plan_still_valid noul=0.22 p=0.22 c=0.56 derived
s10 context show:calc/core.py noul=0.73 p=0.73 c=0.46 derived
s10 context show:calc/__init__.py noul=0.08 p=0.08 c=0.84 derived
s10 context show:hypothesis/__init__.py noul=0.04 p=0.04 c=0.92 derived
s10 context show:hypothesis/strategies.py noul=0.04 p=0.04 c=0.92 derived
s10 context show:notes.txt noul=0.07 p=0.07 c=0.86 derived
s10 context show:pytest.ini noul=0.10 p=0.10 c=0.80 derived
s10 context show:README.md noul=0.05 p=0.05 c=0.90 derived
s10 context show:tests/test_core.py noul=0.33 p=0.33 c=0.34 derived
step 9/40  ⠧ context  wall 18m59s/30m  tokens gen 44.5k jev 138.5k  cost gen $0.114 jev $0.006 / cap $2.000
[?2026l[?2026h[2K[1A[2K[1A[2K[1A[2K[1A[2K[1A[2K[1A[2K[1A[2K[1A[2K[1A[2K[1A[2K[1A[2K[1A[2K[1A[2K[1A[2K[1A[2K[1A[2K[G────────────────────────────────────────────────────────────────────────────────────────────────────────────────────────
streaming action… 712 chars

s10 intent can_verify noul=0.31 p=0.31 c=0.38 derived
s10 intent can_fix_environment noul=0.02 p=0.02 c=0.96 derived
s10 intent can_finish noul=0.41 p=0.41 c=0.18 derived
s10 intent plan_still_valid noul=0.22 p=0.22 c=0.56 derived
s10 context show:calc/core.py noul=0.73 p=0.73 c=0.46 derived
s10 context show:calc/__init__.py noul=0.08 p=0.08 c=0.84 derived
s10 context show:hypothesis/__init__.py noul=0.04 p=0.04 c=0.92 derived
s10 context show:hypothesis/strategies.py noul=0.04 p=0.04 c=0.92 derived
s10 context show:notes.txt noul=0.07 p=0.07 c=0.86 derived
s10 context show:pytest.ini noul=0.10 p=0.10 c=0.80 derived
s10 context show:README.md noul=0.05 p=0.05 c=0.90 derived
s10 context show:tests/test_core.py noul=0.33 p=0.33 c=0.34 derived
step 9/40  ⠧ context  wall 18m59s/30m  tokens gen 44.5k jev 138.5k  cost gen $0.114 jev $0.006 / cap $2.000
[?2026l[?2026h[2K[1A[2K[1A[2K[1A[2K[1A[2K[1A[2K[1A[2K[1A[2K[1A[2K[1A[2K[1A[2K[1A[2K[1A[2K[1A[2K[1A[2K[1A[2K[1A[2K[G────────────────────────────────────────────────────────────────────────────────────────────────────────────────────────
streaming action… 723 chars

s10 intent can_verify noul=0.31 p=0.31 c=0.38 derived
s10 intent can_fix_environment noul=0.02 p=0.02 c=0.96 derived
s10 intent can_finish noul=0.41 p=0.41 c=0.18 derived
s10 intent plan_still_valid noul=0.22 p=0.22 c=0.56 derived
s10 context show:calc/core.py noul=0.73 p=0.73 c=0.46 derived
s10 context show:calc/__init__.py noul=0.08 p=0.08 c=0.84 derived
s10 context show:hypothesis/__init__.py noul=0.04 p=0.04 c=0.92 derived
s10 context show:hypothesis/strategies.py noul=0.04 p=0.04 c=0.92 derived
s10 context show:notes.txt noul=0.07 p=0.07 c=0.86 derived
s10 context show:pytest.ini noul=0.10 p=0.10 c=0.80 derived
s10 context show:README.md noul=0.05 p=0.05 c=0.90 derived
s10 context show:tests/test_core.py noul=0.33 p=0.33 c=0.34 derived
step 9/40  ⠧ context  wall 18m59s/30m  tokens gen 44.5k jev 138.5k  cost gen $0.114 jev $0.006 / cap $2.000
[?2026l[?2026h[2K[1A[2K[1A[2K[1A[2K[1A[2K[1A[2K[1A[2K[1A[2K[1A[2K[1A[2K[1A[2K[1A[2K[1A[2K[1A[2K[1A[2K[1A[2K[1A[2K[G────────────────────────────────────────────────────────────────────────────────────────────────────────────────────────
streaming action… 723 chars

s10 intent can_verify noul=0.31 p=0.31 c=0.38 derived
s10 intent can_fix_environment noul=0.02 p=0.02 c=0.96 derived
s10 intent can_finish noul=0.41 p=0.41 c=0.18 derived
s10 intent plan_still_valid noul=0.22 p=0.22 c=0.56 derived
s10 context show:calc/core.py noul=0.73 p=0.73 c=0.46 derived
s10 context show:calc/__init__.py noul=0.08 p=0.08 c=0.84 derived
s10 context show:hypothesis/__init__.py noul=0.04 p=0.04 c=0.92 derived
s10 context show:hypothesis/strategies.py noul=0.04 p=0.04 c=0.92 derived
s10 context show:notes.txt noul=0.07 p=0.07 c=0.86 derived
s10 context show:pytest.ini noul=0.10 p=0.10 c=0.80 derived
s10 context show:README.md noul=0.05 p=0.05 c=0.90 derived
s10 context show:tests/test_core.py noul=0.33 p=0.33 c=0.34 derived
step 9/40  ⠇ context  wall 18m59s/30m  tokens gen 44.5k jev 138.5k  cost gen $0.114 jev $0.006 / cap $2.000
[?2026l[?2026h[2K[1A[2K[1A[2K[1A[2K[1A[2K[1A[2K[1A[2K[1A[2K[1A[2K[1A[2K[1A[2K[1A[2K[1A[2K[1A[2K[1A[2K[1A[2K[1A[2K[G────────────────────────────────────────────────────────────────────────────────────────────────────────────────────────
streaming action… 734 chars

s10 intent can_verify noul=0.31 p=0.31 c=0.38 derived
s10 intent can_fix_environment noul=0.02 p=0.02 c=0.96 derived
s10 intent can_finish noul=0.41 p=0.41 c=0.18 derived
s10 intent plan_still_valid noul=0.22 p=0.22 c=0.56 derived
s10 context show:calc/core.py noul=0.73 p=0.73 c=0.46 derived
s10 context show:calc/__init__.py noul=0.08 p=0.08 c=0.84 derived
s10 context show:hypothesis/__init__.py noul=0.04 p=0.04 c=0.92 derived
s10 context show:hypothesis/strategies.py noul=0.04 p=0.04 c=0.92 derived
s10 context show:notes.txt noul=0.07 p=0.07 c=0.86 derived
s10 context show:pytest.ini noul=0.10 p=0.10 c=0.80 derived
s10 context show:README.md noul=0.05 p=0.05 c=0.90 derived
s10 context show:tests/test_core.py noul=0.33 p=0.33 c=0.34 derived
step 9/40  ⠇ context  wall 18m59s/30m  tokens gen 44.5k jev 138.5k  cost gen $0.114 jev $0.006 / cap $2.000
[?2026l[?2026h[2K[1A[2K[1A[2K[1A[2K[1A[2K[1A[2K[1A[2K[1A[2K[1A[2K[1A[2K[1A[2K[1A[2K[1A[2K[1A[2K[1A[2K[1A[2K[1A[2K[G────────────────────────────────────────────────────────────────────────────────────────────────────────────────────────
streaming action… 734 chars

s10 intent can_verify noul=0.31 p=0.31 c=0.38 derived
s10 intent can_fix_environment noul=0.02 p=0.02 c=0.96 derived
s10 intent can_finish noul=0.41 p=0.41 c=0.18 derived
s10 intent plan_still_valid noul=0.22 p=0.22 c=0.56 derived
s10 context show:calc/core.py noul=0.73 p=0.73 c=0.46 derived
s10 context show:calc/__init__.py noul=0.08 p=0.08 c=0.84 derived
s10 context show:hypothesis/__init__.py noul=0.04 p=0.04 c=0.92 derived
s10 context show:hypothesis/strategies.py noul=0.04 p=0.04 c=0.92 derived
s10 context show:notes.txt noul=0.07 p=0.07 c=0.86 derived
s10 context show:pytest.ini noul=0.10 p=0.10 c=0.80 derived
s10 context show:README.md noul=0.05 p=0.05 c=0.90 derived
s10 context show:tests/test_core.py noul=0.33 p=0.33 c=0.34 derived
step 9/40  ⠏ context  wall 18m59s/30m  tokens gen 44.5k jev 138.5k  cost gen $0.114 jev $0.006 / cap $2.000
[?2026l[?2026h[2K[1A[2K[1A[2K[1A[2K[1A[2K[1A[2K[1A[2K[1A[2K[1A[2K[1A[2K[1A[2K[1A[2K[1A[2K[1A[2K[1A[2K[1A[2K[1A[2K[G────────────────────────────────────────────────────────────────────────────────────────────────────────────────────────
streaming action… 759 chars

s10 intent can_verify noul=0.31 p=0.31 c=0.38 derived
s10 intent can_fix_environment noul=0.02 p=0.02 c=0.96 derived
s10 intent can_finish noul=0.41 p=0.41 c=0.18 derived
s10 intent plan_still_valid noul=0.22 p=0.22 c=0.56 derived
s10 context show:calc/core.py noul=0.73 p=0.73 c=0.46 derived
s10 context show:calc/__init__.py noul=0.08 p=0.08 c=0.84 derived
s10 context show:hypothesis/__init__.py noul=0.04 p=0.04 c=0.92 derived
s10 context show:hypothesis/strategies.py noul=0.04 p=0.04 c=0.92 derived
s10 context show:notes.txt noul=0.07 p=0.07 c=0.86 derived
s10 context show:pytest.ini noul=0.10 p=0.10 c=0.80 derived
s10 context show:README.md noul=0.05 p=0.05 c=0.90 derived
s10 context show:tests/test_core.py noul=0.33 p=0.33 c=0.34 derived
step 9/40  ⠏ context  wall 18m59s/30m  tokens gen 44.5k jev 138.5k  cost gen $0.114 jev $0.006 / cap $2.000
[?2026l[?2026h[2K[1A[2K[1A[2K[1A[2K[1A[2K[1A[2K[1A[2K[1A[2K[1A[2K[1A[2K[1A[2K[1A[2K[1A[2K[1A[2K[1A[2K[1A[2K[1A[2K[G────────────────────────────────────────────────────────────────────────────────────────────────────────────────────────
streaming action… 759 chars

s10 intent can_verify noul=0.31 p=0.31 c=0.38 derived
s10 intent can_fix_environment noul=0.02 p=0.02 c=0.96 derived
s10 intent can_finish noul=0.41 p=0.41 c=0.18 derived
s10 intent plan_still_valid noul=0.22 p=0.22 c=0.56 derived
s10 context show:calc/core.py noul=0.73 p=0.73 c=0.46 derived
s10 context show:calc/__init__.py noul=0.08 p=0.08 c=0.84 derived
s10 context show:hypothesis/__init__.py noul=0.04 p=0.04 c=0.92 derived
s10 context show:hypothesis/strategies.py noul=0.04 p=0.04 c=0.92 derived
s10 context show:notes.txt noul=0.07 p=0.07 c=0.86 derived
s10 context show:pytest.ini noul=0.10 p=0.10 c=0.80 derived
s10 context show:README.md noul=0.05 p=0.05 c=0.90 derived
s10 context show:tests/test_core.py noul=0.33 p=0.33 c=0.34 derived
step 9/40  ⠋ context  wall 18m59s/30m  tokens gen 44.5k jev 138.5k  cost gen $0.114 jev $0.006 / cap $2.000
[?2026l[?2026h[2K[1A[2K[1A[2K[1A[2K[1A[2K[1A[2K[1A[2K[1A[2K[1A[2K[1A[2K[1A[2K[1A[2K[1A[2K[1A[2K[1A[2K[1A[2K[1A[2K[G────────────────────────────────────────────────────────────────────────────────────────────────────────────────────────
streaming action… 799 chars

s10 intent can_verify noul=0.31 p=0.31 c=0.38 derived
s10 intent can_fix_environment noul=0.02 p=0.02 c=0.96 derived
s10 intent can_finish noul=0.41 p=0.41 c=0.18 derived
s10 intent plan_still_valid noul=0.22 p=0.22 c=0.56 derived
s10 context show:calc/core.py noul=0.73 p=0.73 c=0.46 derived
s10 context show:calc/__init__.py noul=0.08 p=0.08 c=0.84 derived
s10 context show:hypothesis/__init__.py noul=0.04 p=0.04 c=0.92 derived
s10 context show:hypothesis/strategies.py noul=0.04 p=0.04 c=0.92 derived
s10 context show:notes.txt noul=0.07 p=0.07 c=0.86 derived
s10 context show:pytest.ini noul=0.10 p=0.10 c=0.80 derived
s10 context show:README.md noul=0.05 p=0.05 c=0.90 derived
s10 context show:tests/test_core.py noul=0.33 p=0.33 c=0.34 derived
step 9/40  ⠋ context  wall 18m59s/30m  tokens gen 44.5k jev 138.5k  cost gen $0.114 jev $0.006 / cap $2.000
[?2026l[?2026h[2K[1A[2K[1A[2K[1A[2K[1A[2K[1A[2K[1A[2K[1A[2K[1A[2K[1A[2K[1A[2K[1A[2K[1A[2K[1A[2K[1A[2K[1A[2K[1A[2K[G────────────────────────────────────────────────────────────────────────────────────────────────────────────────────────
streaming action… 802 chars

s10 intent can_verify noul=0.31 p=0.31 c=0.38 derived
s10 intent can_fix_environment noul=0.02 p=0.02 c=0.96 derived
s10 intent can_finish noul=0.41 p=0.41 c=0.18 derived
s10 intent plan_still_valid noul=0.22 p=0.22 c=0.56 derived
s10 context show:calc/core.py noul=0.73 p=0.73 c=0.46 derived
s10 context show:calc/__init__.py noul=0.08 p=0.08 c=0.84 derived
s10 context show:hypothesis/__init__.py noul=0.04 p=0.04 c=0.92 derived
s10 context show:hypothesis/strategies.py noul=0.04 p=0.04 c=0.92 derived
s10 context show:notes.txt noul=0.07 p=0.07 c=0.86 derived
s10 context show:pytest.ini noul=0.10 p=0.10 c=0.80 derived
s10 context show:README.md noul=0.05 p=0.05 c=0.90 derived
s10 context show:tests/test_core.py noul=0.33 p=0.33 c=0.34 derived
step 9/40  ⠋ context  wall 18m59s/30m  tokens gen 44.5k jev 138.5k  cost gen $0.114 jev $0.006 / cap $2.000
[?2026l[?2026h[2K[1A[2K[1A[2K[1A[2K[1A[2K[1A[2K[1A[2K[1A[2K[1A[2K[1A[2K[1A[2K[1A[2K[1A[2K[1A[2K[1A[2K[1A[2K[1A[2K[G────────────────────────────────────────────────────────────────────────────────────────────────────────────────────────
streaming action… 802 chars

s10 intent can_verify noul=0.31 p=0.31 c=0.38 derived
s10 intent can_fix_environment noul=0.02 p=0.02 c=0.96 derived
s10 intent can_finish noul=0.41 p=0.41 c=0.18 derived
s10 intent plan_still_valid noul=0.22 p=0.22 c=0.56 derived
s10 context show:calc/core.py noul=0.73 p=0.73 c=0.46 derived
s10 context show:calc/__init__.py noul=0.08 p=0.08 c=0.84 derived
s10 context show:hypothesis/__init__.py noul=0.04 p=0.04 c=0.92 derived
s10 context show:hypothesis/strategies.py noul=0.04 p=0.04 c=0.92 derived
s10 context show:notes.txt noul=0.07 p=0.07 c=0.86 derived
s10 context show:pytest.ini noul=0.10 p=0.10 c=0.80 derived
s10 context show:README.md noul=0.05 p=0.05 c=0.90 derived
s10 context show:tests/test_core.py noul=0.33 p=0.33 c=0.34 derived
step 9/40  ⠙ context  wall 18m59s/30m  tokens gen 44.5k jev 138.5k  cost gen $0.114 jev $0.006 / cap $2.000
[?2026l[?2026h[2K[1A[2K[1A[2K[1A[2K[1A[2K[1A[2K[1A[2K[1A[2K[1A[2K[1A[2K[1A[2K[1A[2K[1A[2K[1A[2K[1A[2K[1A[2K[1A[2K[G────────────────────────────────────────────────────────────────────────────────────────────────────────────────────────
streaming action… 802 chars

s10 intent can_verify noul=0.31 p=0.31 c=0.38 derived
s10 intent can_fix_environment noul=0.02 p=0.02 c=0.96 derived
s10 intent can_finish noul=0.41 p=0.41 c=0.18 derived
s10 intent plan_still_valid noul=0.22 p=0.22 c=0.56 derived
s10 context show:calc/core.py noul=0.73 p=0.73 c=0.46 derived
s10 context show:calc/__init__.py noul=0.08 p=0.08 c=0.84 derived
s10 context show:hypothesis/__init__.py noul=0.04 p=0.04 c=0.92 derived
s10 context show:hypothesis/strategies.py noul=0.04 p=0.04 c=0.92 derived
s10 context show:notes.txt noul=0.07 p=0.07 c=0.86 derived
s10 context show:pytest.ini noul=0.10 p=0.10 c=0.80 derived
s10 context show:README.md noul=0.05 p=0.05 c=0.90 derived
s10 context show:tests/test_core.py noul=0.33 p=0.33 c=0.34 derived
step 9/40  ⠹ context  wall 18m59s/30m  tokens gen 44.5k jev 138.5k  cost gen $0.114 jev $0.006 / cap $2.000
[?2026l[?2026h[2K[1A[2K[1A[2K[1A[2K[1A[2K[1A[2K[1A[2K[1A[2K[1A[2K[1A[2K[1A[2K[1A[2K[1A[2K[1A[2K[1A[2K[1A[2K[1A[2K[G────────────────────────────────────────────────────────────────────────────────────────────────────────────────────────
streaming action… 803 chars

s10 intent can_verify noul=0.31 p=0.31 c=0.38 derived
s10 intent can_fix_environment noul=0.02 p=0.02 c=0.96 derived
s10 intent can_finish noul=0.41 p=0.41 c=0.18 derived
s10 intent plan_still_valid noul=0.22 p=0.22 c=0.56 derived
s10 context show:calc/core.py noul=0.73 p=0.73 c=0.46 derived
s10 context show:calc/__init__.py noul=0.08 p=0.08 c=0.84 derived
s10 context show:hypothesis/__init__.py noul=0.04 p=0.04 c=0.92 derived
s10 context show:hypothesis/strategies.py noul=0.04 p=0.04 c=0.92 derived
s10 context show:notes.txt noul=0.07 p=0.07 c=0.86 derived
s10 context show:pytest.ini noul=0.10 p=0.10 c=0.80 derived
s10 context show:README.md noul=0.05 p=0.05 c=0.90 derived
s10 context show:tests/test_core.py noul=0.33 p=0.33 c=0.34 derived
step 9/40  ⠹ context  wall 18m59s/30m  tokens gen 44.5k jev 138.5k  cost gen $0.114 jev $0.006 / cap $2.000
[?2026l[?2026h[2K[1A[2K[1A[2K[1A[2K[1A[2K[1A[2K[1A[2K[1A[2K[1A[2K[1A[2K[1A[2K[1A[2K[1A[2K[1A[2K[1A[2K[1A[2K[1A[2K[G[step 10] proposal run $ grep -n '"""' calc/core.py && pytest -q: Do a final fresh combined check of docstrings and
tests, then finish, since all work is already verified. | plan done=2 remaining=2 open=1
grep -n '"""' calc/core.py && pytest -q
────────────────────────────────────────────────────────────────────────────────────────────────────────────────────────


s10 intent can_verify noul=0.31 p=0.31 c=0.38 derived
s10 intent can_fix_environment noul=0.02 p=0.02 c=0.96 derived
s10 intent can_finish noul=0.41 p=0.41 c=0.18 derived
s10 intent plan_still_valid noul=0.22 p=0.22 c=0.56 derived
s10 context show:calc/core.py noul=0.73 p=0.73 c=0.46 derived
s10 context show:calc/__init__.py noul=0.08 p=0.08 c=0.84 derived
s10 context show:hypothesis/__init__.py noul=0.04 p=0.04 c=0.92 derived
s10 context show:hypothesis/strategies.py noul=0.04 p=0.04 c=0.92 derived
s10 context show:notes.txt noul=0.07 p=0.07 c=0.86 derived
s10 context show:pytest.ini noul=0.10 p=0.10 c=0.80 derived
s10 context show:README.md noul=0.05 p=0.05 c=0.90 derived
s10 context show:tests/test_core.py noul=0.33 p=0.33 c=0.34 derived
step 9/40  ⠹ propose  wall 19m4s/30m  tokens gen 51.5k jev 138.5k  cost gen $0.130 jev $0.006 / cap $2.000
[?2026l[?2026h[2K[1A[2K[1A[2K[1A[2K[1A[2K[1A[2K[1A[2K[1A[2K[1A[2K[1A[2K[1A[2K[1A[2K[1A[2K[1A[2K[1A[2K[1A[2K[1A[2K[G────────────────────────────────────────────────────────────────────────────────────────────────────────────────────────


s10 intent can_verify noul=0.31 p=0.31 c=0.38 derived
s10 intent can_fix_environment noul=0.02 p=0.02 c=0.96 derived
s10 intent can_finish noul=0.41 p=0.41 c=0.18 derived
s10 intent plan_still_valid noul=0.22 p=0.22 c=0.56 derived
s10 context show:calc/core.py noul=0.73 p=0.73 c=0.46 derived
s10 context show:calc/__init__.py noul=0.08 p=0.08 c=0.84 derived
s10 context show:hypothesis/__init__.py noul=0.04 p=0.04 c=0.92 derived
s10 context show:hypothesis/strategies.py noul=0.04 p=0.04 c=0.92 derived
s10 context show:notes.txt noul=0.07 p=0.07 c=0.86 derived
s10 context show:pytest.ini noul=0.10 p=0.10 c=0.80 derived
s10 context show:README.md noul=0.05 p=0.05 c=0.90 derived
s10 context show:tests/test_core.py noul=0.33 p=0.33 c=0.34 derived
step 9/40  ⠸ propose  wall 19m4s/30m  tokens gen 51.5k jev 138.5k  cost gen $0.130 jev $0.006 / cap $2.000
[?2026l[?2026h[2K[1A[2K[1A[2K[1A[2K[1A[2K[1A[2K[1A[2K[1A[2K[1A[2K[1A[2K[1A[2K[1A[2K[1A[2K[1A[2K[1A[2K[1A[2K[1A[2K[G[step 10] risk=0.06 ok: risk 0.06 (ok) from plan_mismatch: 0.06 probability of level 3 or above; dominant level 0
"matches `intent` and the plan"; Jev confidence 0.63
────────────────────────────────────────────────────────────────────────────────────────────────────────────────────────


s10 context show:calc/__init__.py noul=0.08 p=0.08 c=0.84 derived
s10 context show:hypothesis/__init__.py noul=0.04 p=0.04 c=0.92 derived
s10 context show:hypothesis/strategies.py noul=0.04 p=0.04 c=0.92 derived
s10 context show:notes.txt noul=0.07 p=0.07 c=0.86 derived
s10 context show:pytest.ini noul=0.10 p=0.10 c=0.80 derived
s10 context show:README.md noul=0.05 p=0.05 c=0.90 derived
s10 context show:tests/test_core.py noul=0.33 p=0.33 c=0.34 derived
s10 risk destructive score=0 p=1.00 c=1.00 [ok]
s10 risk out_of_scope score=0.12 p=0.91 c=0.92 [ok]
s10 risk plan_mismatch score=0.44 p=0.77 c=0.63 [ok]
s10 risk irreversible score=0 p=1.00 c=1.00 [ok]
s10 risk matches_intent noul=0.93 p=0.93 c=0.86 derived
step 9/40  ⠸ risk  wall 19m4s/30m  tokens gen 51.5k jev 143.3k  cost gen $0.130 jev $0.006 / cap $2.000
[?2026l[?2026h[2K[1A[2K[1A[2K[1A[2K[1A[2K[1A[2K[1A[2K[1A[2K[1A[2K[1A[2K[1A[2K[1A[2K[1A[2K[1A[2K[1A[2K[1A[2K[1A[2K[G────────────────────────────────────────────────────────────────────────────────────────────────────────────────────────


s10 context show:calc/__init__.py noul=0.08 p=0.08 c=0.84 derived
s10 context show:hypothesis/__init__.py noul=0.04 p=0.04 c=0.92 derived
s10 context show:hypothesis/strategies.py noul=0.04 p=0.04 c=0.92 derived
s10 context show:notes.txt noul=0.07 p=0.07 c=0.86 derived
s10 context show:pytest.ini noul=0.10 p=0.10 c=0.80 derived
s10 context show:README.md noul=0.05 p=0.05 c=0.90 derived
s10 context show:tests/test_core.py noul=0.33 p=0.33 c=0.34 derived
s10 risk destructive score=0 p=1.00 c=1.00 [ok]
s10 risk out_of_scope score=0.12 p=0.91 c=0.92 [ok]
s10 risk plan_mismatch score=0.44 p=0.77 c=0.63 [ok]
s10 risk irreversible score=0 p=1.00 c=1.00 [ok]
s10 risk matches_intent noul=0.93 p=0.93 c=0.86 derived
step 9/40  ⠼ risk  wall 19m4s/30m  tokens gen 51.5k jev 143.3k  cost gen $0.130 jev $0.006 / cap $2.000
[?2026l[?2026h[2K[1A[2K[1A[2K[1A[2K[1A[2K[1A[2K[1A[2K[1A[2K[1A[2K[1A[2K[1A[2K[1A[2K[1A[2K[1A[2K[1A[2K[1A[2K[1A[2K[G────────────────────────────────────────────────────────────────────────────────────────────────────────────────────────
26:    """Return the arithmetic mean of the given values."""
37:    """Parse a simple binary arithmetic expression string."""
s10 context show:calc/__init__.py noul=0.08 p=0.08 c=0.84 derived
s10 context show:hypothesis/__init__.py noul=0.04 p=0.04 c=0.92 derived
s10 context show:hypothesis/strategies.py noul=0.04 p=0.04 c=0.92 derived
s10 context show:notes.txt noul=0.07 p=0.07 c=0.86 derived
s10 context show:pytest.ini noul=0.10 p=0.10 c=0.80 derived
s10 context show:README.md noul=0.05 p=0.05 c=0.90 derived
s10 context show:tests/test_core.py noul=0.33 p=0.33 c=0.34 derived
s10 risk destructive score=0 p=1.00 c=1.00 [ok]
s10 risk out_of_scope score=0.12 p=0.91 c=0.92 [ok]
s10 risk plan_mismatch score=0.44 p=0.77 c=0.63 [ok]
s10 risk irreversible score=0 p=1.00 c=1.00 [ok]
s10 risk matches_intent noul=0.93 p=0.93 c=0.86 derived
step 9/40  ⠼ risk  wall 19m4s/30m  tokens gen 51.5k jev 143.3k  cost gen $0.130 jev $0.006 / cap $2.000
[?2026l[?2026h[2K[1A[2K[1A[2K[1A[2K[1A[2K[1A[2K[1A[2K[1A[2K[1A[2K[1A[2K[1A[2K[1A[2K[1A[2K[1A[2K[1A[2K[1A[2K[1A[2K[G[step 10] outcome executed: exit 0 (exit 0, 107ms)
────────────────────────────────────────────────────────────────────────────────────────────────────────────────────────


s10 context show:calc/__init__.py noul=0.08 p=0.08 c=0.84 derived
s10 context show:hypothesis/__init__.py noul=0.04 p=0.04 c=0.92 derived
s10 context show:hypothesis/strategies.py noul=0.04 p=0.04 c=0.92 derived
s10 context show:notes.txt noul=0.07 p=0.07 c=0.86 derived
s10 context show:pytest.ini noul=0.10 p=0.10 c=0.80 derived
s10 context show:README.md noul=0.05 p=0.05 c=0.90 derived
s10 context show:tests/test_core.py noul=0.33 p=0.33 c=0.34 derived
s10 risk destructive score=0 p=1.00 c=1.00 [ok]
s10 risk out_of_scope score=0.12 p=0.91 c=0.92 [ok]
s10 risk plan_mismatch score=0.44 p=0.77 c=0.63 [ok]
s10 risk irreversible score=0 p=1.00 c=1.00 [ok]
s10 risk matches_intent noul=0.93 p=0.93 c=0.86 derived
step 9/40  ⠼ execute  wall 19m4s/30m  tokens gen 51.5k jev 143.3k  cost gen $0.130 jev $0.006 / cap $2.000
[?2026l[?2026h[2K[1A[2K[1A[2K[1A[2K[1A[2K[1A[2K[1A[2K[1A[2K[1A[2K[1A[2K[1A[2K[1A[2K[1A[2K[1A[2K[1A[2K[1A[2K[1A[2K[G────────────────────────────────────────────────────────────────────────────────────────────────────────────────────────


s10 context show:calc/__init__.py noul=0.08 p=0.08 c=0.84 derived
s10 context show:hypothesis/__init__.py noul=0.04 p=0.04 c=0.92 derived
s10 context show:hypothesis/strategies.py noul=0.04 p=0.04 c=0.92 derived
s10 context show:notes.txt noul=0.07 p=0.07 c=0.86 derived
s10 context show:pytest.ini noul=0.10 p=0.10 c=0.80 derived
s10 context show:README.md noul=0.05 p=0.05 c=0.90 derived
s10 context show:tests/test_core.py noul=0.33 p=0.33 c=0.34 derived
s10 risk destructive score=0 p=1.00 c=1.00 [ok]
s10 risk out_of_scope score=0.12 p=0.91 c=0.92 [ok]
s10 risk plan_mismatch score=0.44 p=0.77 c=0.63 [ok]
s10 risk irreversible score=0 p=1.00 c=1.00 [ok]
s10 risk matches_intent noul=0.93 p=0.93 c=0.86 derived
step 9/40  ⠴ execute  wall 19m4s/30m  tokens gen 51.5k jev 143.3k  cost gen $0.130 jev $0.006 / cap $2.000
[?2026l[?2026h[2K[1A[2K[1A[2K[1A[2K[1A[2K[1A[2K[1A[2K[1A[2K[1A[2K[1A[2K[1A[2K[1A[2K[1A[2K[1A[2K[1A[2K[1A[2K[1A[2K[G────────────────────────────────────────────────────────────────────────────────────────────────────────────────────────


s10 context show:calc/__init__.py noul=0.08 p=0.08 c=0.84 derived
s10 context show:hypothesis/__init__.py noul=0.04 p=0.04 c=0.92 derived
s10 context show:hypothesis/strategies.py noul=0.04 p=0.04 c=0.92 derived
s10 context show:notes.txt noul=0.07 p=0.07 c=0.86 derived
s10 context show:pytest.ini noul=0.10 p=0.10 c=0.80 derived
s10 context show:README.md noul=0.05 p=0.05 c=0.90 derived
s10 context show:tests/test_core.py noul=0.33 p=0.33 c=0.34 derived
s10 risk destructive score=0 p=1.00 c=1.00 [ok]
s10 risk out_of_scope score=0.12 p=0.91 c=0.92 [ok]
s10 risk plan_mismatch score=0.44 p=0.77 c=0.63 [ok]
s10 risk irreversible score=0 p=1.00 c=1.00 [ok]
s10 risk matches_intent noul=0.93 p=0.93 c=0.86 derived
step 9/40  ⠦ execute  wall 19m4s/30m  tokens gen 51.5k jev 143.3k  cost gen $0.130 jev $0.006 / cap $2.000
[?2026l[?2026h[2K[1A[2K[1A[2K[1A[2K[1A[2K[1A[2K[1A[2K[1A[2K[1A[2K[1A[2K[1A[2K[1A[2K[1A[2K[1A[2K[1A[2K[1A[2K[1A[2K[G[step 10] judge succeeded=0.92 error_present=0.04 new_info=0.08 tests=none claims=2/2 completion=0.80
[step 10] plan done=12 remaining=2 unverified=0 problems=5
────────────────────────────────────────────────────────────────────────────────────────────────────────────────────────


s10 context show:tests/test_core.py noul=0.33 p=0.33 c=0.34 derived
s10 risk destructive score=0 p=1.00 c=1.00 [ok]
s10 risk out_of_scope score=0.12 p=0.91 c=0.92 [ok]
s10 risk plan_mismatch score=0.44 p=0.77 c=0.63 [ok]
s10 risk irreversible score=0 p=1.00 c=1.00 [ok]
s10 risk matches_intent noul=0.93 p=0.93 c=0.86 derived
s10 judge succeeded noul=0.92 p=0.92 c=0.84 derived
s10 judge error_present noul=0.04 p=0.04 c=0.92 derived
s10 judge new_information noul=0.08 p=0.08 c=0.84 derived
s10 judge done_0 noul=0.93 p=0.93 c=0.86 derived
s10 judge done_1 noul=0.91 p=0.91 c=0.82 derived
s10 complete task_complete noul=0.80 p=0.80 c=0.60 derived
step 10/40  ⠦ judge  wall 19m5s/30m  tokens gen 51.5k jev 148.8k  cost gen $0.130 jev $0.006 / cap $2.000
[?2026l[?2026h[2K[1A[2K[1A[2K[1A[2K[1A[2K[1A[2K[1A[2K[1A[2K[1A[2K[1A[2K[1A[2K[1A[2K[1A[2K[1A[2K[1A[2K[1A[2K[1A[2K[G────────────────────────────────────────────────────────────────────────────────────────────────────────────────────────


s10 context show:tests/test_core.py noul=0.33 p=0.33 c=0.34 derived
s10 risk destructive score=0 p=1.00 c=1.00 [ok]
s10 risk out_of_scope score=0.12 p=0.91 c=0.92 [ok]
s10 risk plan_mismatch score=0.44 p=0.77 c=0.63 [ok]
s10 risk irreversible score=0 p=1.00 c=1.00 [ok]
s10 risk matches_intent noul=0.93 p=0.93 c=0.86 derived
s10 judge succeeded noul=0.92 p=0.92 c=0.84 derived
s10 judge error_present noul=0.04 p=0.04 c=0.92 derived
s10 judge new_information noul=0.08 p=0.08 c=0.84 derived
s10 judge done_0 noul=0.93 p=0.93 c=0.86 derived
s10 judge done_1 noul=0.91 p=0.91 c=0.82 derived
s10 complete task_complete noul=0.80 p=0.80 c=0.60 derived
step 10/40  ⠧ judge  wall 19m5s/30m  tokens gen 51.5k jev 148.8k  cost gen $0.130 jev $0.006 / cap $2.000
[?2026l[?2026h[2K[1A[2K[1A[2K[1A[2K[1A[2K[1A[2K[1A[2K[1A[2K[1A[2K[1A[2K[1A[2K[1A[2K[1A[2K[1A[2K[1A[2K[1A[2K[1A[2K[G────────────────────────────────────────────────────────────────────────────────────────────────────────────────────────


s10 context show:tests/test_core.py noul=0.33 p=0.33 c=0.34 derived
s10 risk destructive score=0 p=1.00 c=1.00 [ok]
s10 risk out_of_scope score=0.12 p=0.91 c=0.92 [ok]
s10 risk plan_mismatch score=0.44 p=0.77 c=0.63 [ok]
s10 risk irreversible score=0 p=1.00 c=1.00 [ok]
s10 risk matches_intent noul=0.93 p=0.93 c=0.86 derived
s10 judge succeeded noul=0.92 p=0.92 c=0.84 derived
s10 judge error_present noul=0.04 p=0.04 c=0.92 derived
s10 judge new_information noul=0.08 p=0.08 c=0.84 derived
s10 judge done_0 noul=0.93 p=0.93 c=0.86 derived
s10 judge done_1 noul=0.91 p=0.91 c=0.82 derived
s10 complete task_complete noul=0.80 p=0.80 c=0.60 derived
step 10/40  ⠇ judge  wall 19m5s/30m  tokens gen 51.5k jev 148.8k  cost gen $0.130 jev $0.006 / cap $2.000
[?2026l[?2026h[2K[1A[2K[1A[2K[1A[2K[1A[2K[1A[2K[1A[2K[1A[2K[1A[2K[1A[2K[1A[2K[1A[2K[1A[2K[1A[2K[1A[2K[1A[2K[1A[2K[G[step 11] intent=finish p=0.99 c=0.99
────────────────────────────────────────────────────────────────────────────────────────────────────────────────────────


s10 judge error_present noul=0.04 p=0.04 c=0.92 derived
s10 judge new_information noul=0.08 p=0.08 c=0.84 derived
s10 judge done_0 noul=0.93 p=0.93 c=0.86 derived
s10 judge done_1 noul=0.91 p=0.91 c=0.82 derived
s10 complete task_complete noul=0.80 p=0.80 c=0.60 derived
s11 intent intent choice=finish p=0.99 c=0.99 [chosen]
s11 intent can_investigate noul=0.12 p=0.12 c=0.76 derived
s11 intent can_edit noul=0.06 p=0.06 c=0.88 derived
s11 intent can_verify noul=0.28 p=0.28 c=0.44 derived
s11 intent can_fix_environment noul=0.02 p=0.02 c=0.96 derived
s11 intent can_finish noul=0.80 p=0.80 c=0.60 derived
s11 intent plan_still_valid noul=0.20 p=0.20 c=0.60 derived
step 10/40  ⠇ intent  wall 19m5s/30m  tokens gen 51.5k jev 153.7k  cost gen $0.130 jev $0.006 / cap $2.000
[?2026l[?2026h[2K[1A[2K[1A[2K[1A[2K[1A[2K[1A[2K[1A[2K[1A[2K[1A[2K[1A[2K[1A[2K[1A[2K[1A[2K[1A[2K[1A[2K[1A[2K[1A[2K[G────────────────────────────────────────────────────────────────────────────────────────────────────────────────────────


s10 judge error_present noul=0.04 p=0.04 c=0.92 derived
s10 judge new_information noul=0.08 p=0.08 c=0.84 derived
s10 judge done_0 noul=0.93 p=0.93 c=0.86 derived
s10 judge done_1 noul=0.91 p=0.91 c=0.82 derived
s10 complete task_complete noul=0.80 p=0.80 c=0.60 derived
s11 intent intent choice=finish p=0.99 c=0.99 [chosen]
s11 intent can_investigate noul=0.12 p=0.12 c=0.76 derived
s11 intent can_edit noul=0.06 p=0.06 c=0.88 derived
s11 intent can_verify noul=0.28 p=0.28 c=0.44 derived
s11 intent can_fix_environment noul=0.02 p=0.02 c=0.96 derived
s11 intent can_finish noul=0.80 p=0.80 c=0.60 derived
s11 intent plan_still_valid noul=0.20 p=0.20 c=0.60 derived
step 10/40  ⠏ intent  wall 19m5s/30m  tokens gen 51.5k jev 153.7k  cost gen $0.130 jev $0.006 / cap $2.000
[?2026l[?2026h[2K[1A[2K[1A[2K[1A[2K[1A[2K[1A[2K[1A[2K[1A[2K[1A[2K[1A[2K[1A[2K[1A[2K[1A[2K[1A[2K[1A[2K[1A[2K[1A[2K[G────────────────────────────────────────────────────────────────────────────────────────────────────────────────────────


s10 judge error_present noul=0.04 p=0.04 c=0.92 derived
s10 judge new_information noul=0.08 p=0.08 c=0.84 derived
s10 judge done_0 noul=0.93 p=0.93 c=0.86 derived
s10 judge done_1 noul=0.91 p=0.91 c=0.82 derived
s10 complete task_complete noul=0.80 p=0.80 c=0.60 derived
s11 intent intent choice=finish p=0.99 c=0.99 [chosen]
s11 intent can_investigate noul=0.12 p=0.12 c=0.76 derived
s11 intent can_edit noul=0.06 p=0.06 c=0.88 derived
s11 intent can_verify noul=0.28 p=0.28 c=0.44 derived
s11 intent can_fix_environment noul=0.02 p=0.02 c=0.96 derived
s11 intent can_finish noul=0.80 p=0.80 c=0.60 derived
s11 intent plan_still_valid noul=0.20 p=0.20 c=0.60 derived
step 10/40  ⠋ intent  wall 19m5s/30m  tokens gen 51.5k jev 153.7k  cost gen $0.130 jev $0.006 / cap $2.000
[?2026l[?2026h[2K[1A[2K[1A[2K[1A[2K[1A[2K[1A[2K[1A[2K[1A[2K[1A[2K[1A[2K[1A[2K[1A[2K[1A[2K[1A[2K[1A[2K[1A[2K[1A[2K[G[step 11] context 0 files 0B of 8 candidates:
────────────────────────────────────────────────────────────────────────────────────────────────────────────────────────


s11 intent can_verify noul=0.28 p=0.28 c=0.44 derived
s11 intent can_fix_environment noul=0.02 p=0.02 c=0.96 derived
s11 intent can_finish noul=0.80 p=0.80 c=0.60 derived
s11 intent plan_still_valid noul=0.20 p=0.20 c=0.60 derived
s11 context show:calc/core.py noul=0.44 p=0.44 c=0.12 derived
s11 context show:calc/__init__.py noul=0.05 p=0.05 c=0.90 derived
s11 context show:hypothesis/__init__.py noul=0.04 p=0.04 c=0.92 derived
s11 context show:hypothesis/strategies.py noul=0.03 p=0.03 c=0.94 derived
s11 context show:notes.txt noul=0.05 p=0.05 c=0.90 derived
s11 context show:pytest.ini noul=0.06 p=0.06 c=0.88 derived
s11 context show:README.md noul=0.04 p=0.04 c=0.92 derived
s11 context show:tests/test_core.py noul=0.18 p=0.18 c=0.64 derived
step 10/40  ⠋ context  wall 19m5s/30m  tokens gen 51.5k jev 158.2k  cost gen $0.130 jev $0.006 / cap $2.000
[?2026l[?2026h[2K[1A[2K[1A[2K[1A[2K[1A[2K[1A[2K[1A[2K[1A[2K[1A[2K[1A[2K[1A[2K[1A[2K[1A[2K[1A[2K[1A[2K[1A[2K[1A[2K[G────────────────────────────────────────────────────────────────────────────────────────────────────────────────────────


s11 intent can_verify noul=0.28 p=0.28 c=0.44 derived
s11 intent can_fix_environment noul=0.02 p=0.02 c=0.96 derived
s11 intent can_finish noul=0.80 p=0.80 c=0.60 derived
s11 intent plan_still_valid noul=0.20 p=0.20 c=0.60 derived
s11 context show:calc/core.py noul=0.44 p=0.44 c=0.12 derived
s11 context show:calc/__init__.py noul=0.05 p=0.05 c=0.90 derived
s11 context show:hypothesis/__init__.py noul=0.04 p=0.04 c=0.92 derived
s11 context show:hypothesis/strategies.py noul=0.03 p=0.03 c=0.94 derived
s11 context show:notes.txt noul=0.05 p=0.05 c=0.90 derived
s11 context show:pytest.ini noul=0.06 p=0.06 c=0.88 derived
s11 context show:README.md noul=0.04 p=0.04 c=0.92 derived
s11 context show:tests/test_core.py noul=0.18 p=0.18 c=0.64 derived
step 10/40  ⠙ context  wall 19m5s/30m  tokens gen 51.5k jev 158.2k  cost gen $0.130 jev $0.006 / cap $2.000
[?2026l[?2026h[2K[1A[2K[1A[2K[1A[2K[1A[2K[1A[2K[1A[2K[1A[2K[1A[2K[1A[2K[1A[2K[1A[2K[1A[2K[1A[2K[1A[2K[1A[2K[1A[2K[G────────────────────────────────────────────────────────────────────────────────────────────────────────────────────────


s11 intent can_verify noul=0.28 p=0.28 c=0.44 derived
s11 intent can_fix_environment noul=0.02 p=0.02 c=0.96 derived
s11 intent can_finish noul=0.80 p=0.80 c=0.60 derived
s11 intent plan_still_valid noul=0.20 p=0.20 c=0.60 derived
s11 context show:calc/core.py noul=0.44 p=0.44 c=0.12 derived
s11 context show:calc/__init__.py noul=0.05 p=0.05 c=0.90 derived
s11 context show:hypothesis/__init__.py noul=0.04 p=0.04 c=0.92 derived
s11 context show:hypothesis/strategies.py noul=0.03 p=0.03 c=0.94 derived
s11 context show:notes.txt noul=0.05 p=0.05 c=0.90 derived
s11 context show:pytest.ini noul=0.06 p=0.06 c=0.88 derived
s11 context show:README.md noul=0.04 p=0.04 c=0.92 derived
s11 context show:tests/test_core.py noul=0.18 p=0.18 c=0.64 derived
step 10/40  ⠹ context  wall 19m5s/30m  tokens gen 51.5k jev 158.2k  cost gen $0.130 jev $0.006 / cap $2.000
[?2026l[?2026h[2K[1A[2K[1A[2K[1A[2K[1A[2K[1A[2K[1A[2K[1A[2K[1A[2K[1A[2K[1A[2K[1A[2K[1A[2K[1A[2K[1A[2K[1A[2K[1A[2K[G────────────────────────────────────────────────────────────────────────────────────────────────────────────────────────


s11 intent can_verify noul=0.28 p=0.28 c=0.44 derived
s11 intent can_fix_environment noul=0.02 p=0.02 c=0.96 derived
s11 intent can_finish noul=0.80 p=0.80 c=0.60 derived
s11 intent plan_still_valid noul=0.20 p=0.20 c=0.60 derived
s11 context show:calc/core.py noul=0.44 p=0.44 c=0.12 derived
s11 context show:calc/__init__.py noul=0.05 p=0.05 c=0.90 derived
s11 context show:hypothesis/__init__.py noul=0.04 p=0.04 c=0.92 derived
s11 context show:hypothesis/strategies.py noul=0.03 p=0.03 c=0.94 derived
s11 context show:notes.txt noul=0.05 p=0.05 c=0.90 derived
s11 context show:pytest.ini noul=0.06 p=0.06 c=0.88 derived
s11 context show:README.md noul=0.04 p=0.04 c=0.92 derived
s11 context show:tests/test_core.py noul=0.18 p=0.18 c=0.64 derived
step 10/40  ⠸ context  wall 19m5s/30m  tokens gen 51.5k jev 158.2k  cost gen $0.130 jev $0.006 / cap $2.000
[?2026l[?2026h[2K[1A[2K[1A[2K[1A[2K[1A[2K[1A[2K[1A[2K[1A[2K[1A[2K[1A[2K[1A[2K[1A[2K[1A[2K[1A[2K[1A[2K[1A[2K[1A[2K[G────────────────────────────────────────────────────────────────────────────────────────────────────────────────────────


s11 intent can_verify noul=0.28 p=0.28 c=0.44 derived
s11 intent can_fix_environment noul=0.02 p=0.02 c=0.96 derived
s11 intent can_finish noul=0.80 p=0.80 c=0.60 derived
s11 intent plan_still_valid noul=0.20 p=0.20 c=0.60 derived
s11 context show:calc/core.py noul=0.44 p=0.44 c=0.12 derived
s11 context show:calc/__init__.py noul=0.05 p=0.05 c=0.90 derived
s11 context show:hypothesis/__init__.py noul=0.04 p=0.04 c=0.92 derived
s11 context show:hypothesis/strategies.py noul=0.03 p=0.03 c=0.94 derived
s11 context show:notes.txt noul=0.05 p=0.05 c=0.90 derived
s11 context show:pytest.ini noul=0.06 p=0.06 c=0.88 derived
s11 context show:README.md noul=0.04 p=0.04 c=0.92 derived
s11 context show:tests/test_core.py noul=0.18 p=0.18 c=0.64 derived
step 10/40  ⠼ context  wall 19m5s/30m  tokens gen 51.5k jev 158.2k  cost gen $0.130 jev $0.006 / cap $2.000
[?2026l[?2026h[2K[1A[2K[1A[2K[1A[2K[1A[2K[1A[2K[1A[2K[1A[2K[1A[2K[1A[2K[1A[2K[1A[2K[1A[2K[1A[2K[1A[2K[1A[2K[1A[2K[G────────────────────────────────────────────────────────────────────────────────────────────────────────────────────────


s11 intent can_verify noul=0.28 p=0.28 c=0.44 derived
s11 intent can_fix_environment noul=0.02 p=0.02 c=0.96 derived
s11 intent can_finish noul=0.80 p=0.80 c=0.60 derived
s11 intent plan_still_valid noul=0.20 p=0.20 c=0.60 derived
s11 context show:calc/core.py noul=0.44 p=0.44 c=0.12 derived
s11 context show:calc/__init__.py noul=0.05 p=0.05 c=0.90 derived
s11 context show:hypothesis/__init__.py noul=0.04 p=0.04 c=0.92 derived
s11 context show:hypothesis/strategies.py noul=0.03 p=0.03 c=0.94 derived
s11 context show:notes.txt noul=0.05 p=0.05 c=0.90 derived
s11 context show:pytest.ini noul=0.06 p=0.06 c=0.88 derived
s11 context show:README.md noul=0.04 p=0.04 c=0.92 derived
s11 context show:tests/test_core.py noul=0.18 p=0.18 c=0.64 derived
step 10/40  ⠴ context  wall 19m5s/30m  tokens gen 51.5k jev 158.2k  cost gen $0.130 jev $0.006 / cap $2.000
[?2026l[?2026h[2K[1A[2K[1A[2K[1A[2K[1A[2K[1A[2K[1A[2K[1A[2K[1A[2K[1A[2K[1A[2K[1A[2K[1A[2K[1A[2K[1A[2K[1A[2K[1A[2K[G────────────────────────────────────────────────────────────────────────────────────────────────────────────────────────


s11 intent can_verify noul=0.28 p=0.28 c=0.44 derived
s11 intent can_fix_environment noul=0.02 p=0.02 c=0.96 derived
s11 intent can_finish noul=0.80 p=0.80 c=0.60 derived
s11 intent plan_still_valid noul=0.20 p=0.20 c=0.60 derived
s11 context show:calc/core.py noul=0.44 p=0.44 c=0.12 derived
s11 context show:calc/__init__.py noul=0.05 p=0.05 c=0.90 derived
s11 context show:hypothesis/__init__.py noul=0.04 p=0.04 c=0.92 derived
s11 context show:hypothesis/strategies.py noul=0.03 p=0.03 c=0.94 derived
s11 context show:notes.txt noul=0.05 p=0.05 c=0.90 derived
s11 context show:pytest.ini noul=0.06 p=0.06 c=0.88 derived
s11 context show:README.md noul=0.04 p=0.04 c=0.92 derived
s11 context show:tests/test_core.py noul=0.18 p=0.18 c=0.64 derived
step 10/40  ⠦ context  wall 19m5s/30m  tokens gen 51.5k jev 158.2k  cost gen $0.130 jev $0.006 / cap $2.000
[?2026l[?2026h[2K[1A[2K[1A[2K[1A[2K[1A[2K[1A[2K[1A[2K[1A[2K[1A[2K[1A[2K[1A[2K[1A[2K[1A[2K[1A[2K[1A[2K[1A[2K[1A[2K[G────────────────────────────────────────────────────────────────────────────────────────────────────────────────────────


s11 intent can_verify noul=0.28 p=0.28 c=0.44 derived
s11 intent can_fix_environment noul=0.02 p=0.02 c=0.96 derived
s11 intent can_finish noul=0.80 p=0.80 c=0.60 derived
s11 intent plan_still_valid noul=0.20 p=0.20 c=0.60 derived
s11 context show:calc/core.py noul=0.44 p=0.44 c=0.12 derived
s11 context show:calc/__init__.py noul=0.05 p=0.05 c=0.90 derived
s11 context show:hypothesis/__init__.py noul=0.04 p=0.04 c=0.92 derived
s11 context show:hypothesis/strategies.py noul=0.03 p=0.03 c=0.94 derived
s11 context show:notes.txt noul=0.05 p=0.05 c=0.90 derived
s11 context show:pytest.ini noul=0.06 p=0.06 c=0.88 derived
s11 context show:README.md noul=0.04 p=0.04 c=0.92 derived
s11 context show:tests/test_core.py noul=0.18 p=0.18 c=0.64 derived
step 10/40  ⠧ context  wall 19m5s/30m  tokens gen 51.5k jev 158.2k  cost gen $0.130 jev $0.006 / cap $2.000
[?2026l[?2026h[2K[1A[2K[1A[2K[1A[2K[1A[2K[1A[2K[1A[2K[1A[2K[1A[2K[1A[2K[1A[2K[1A[2K[1A[2K[1A[2K[1A[2K[1A[2K[1A[2K[G────────────────────────────────────────────────────────────────────────────────────────────────────────────────────────


s11 intent can_verify noul=0.28 p=0.28 c=0.44 derived
s11 intent can_fix_environment noul=0.02 p=0.02 c=0.96 derived
s11 intent can_finish noul=0.80 p=0.80 c=0.60 derived
s11 intent plan_still_valid noul=0.20 p=0.20 c=0.60 derived
s11 context show:calc/core.py noul=0.44 p=0.44 c=0.12 derived
s11 context show:calc/__init__.py noul=0.05 p=0.05 c=0.90 derived
s11 context show:hypothesis/__init__.py noul=0.04 p=0.04 c=0.92 derived
s11 context show:hypothesis/strategies.py noul=0.03 p=0.03 c=0.94 derived
s11 context show:notes.txt noul=0.05 p=0.05 c=0.90 derived
s11 context show:pytest.ini noul=0.06 p=0.06 c=0.88 derived
s11 context show:README.md noul=0.04 p=0.04 c=0.92 derived
s11 context show:tests/test_core.py noul=0.18 p=0.18 c=0.64 derived
step 10/40  ⠇ context  wall 19m5s/30m  tokens gen 51.5k jev 158.2k  cost gen $0.130 jev $0.006 / cap $2.000
[?2026l[?2026h[2K[1A[2K[1A[2K[1A[2K[1A[2K[1A[2K[1A[2K[1A[2K[1A[2K[1A[2K[1A[2K[1A[2K[1A[2K[1A[2K[1A[2K[1A[2K[1A[2K[G────────────────────────────────────────────────────────────────────────────────────────────────────────────────────────


s11 intent can_verify noul=0.28 p=0.28 c=0.44 derived
s11 intent can_fix_environment noul=0.02 p=0.02 c=0.96 derived
s11 intent can_finish noul=0.80 p=0.80 c=0.60 derived
s11 intent plan_still_valid noul=0.20 p=0.20 c=0.60 derived
s11 context show:calc/core.py noul=0.44 p=0.44 c=0.12 derived
s11 context show:calc/__init__.py noul=0.05 p=0.05 c=0.90 derived
s11 context show:hypothesis/__init__.py noul=0.04 p=0.04 c=0.92 derived
s11 context show:hypothesis/strategies.py noul=0.03 p=0.03 c=0.94 derived
s11 context show:notes.txt noul=0.05 p=0.05 c=0.90 derived
s11 context show:pytest.ini noul=0.06 p=0.06 c=0.88 derived
s11 context show:README.md noul=0.04 p=0.04 c=0.92 derived
s11 context show:tests/test_core.py noul=0.18 p=0.18 c=0.64 derived
step 10/40  ⠏ context  wall 19m5s/30m  tokens gen 51.5k jev 158.2k  cost gen $0.130 jev $0.006 / cap $2.000
[?2026l[?2026h[2K[1A[2K[1A[2K[1A[2K[1A[2K[1A[2K[1A[2K[1A[2K[1A[2K[1A[2K[1A[2K[1A[2K[1A[2K[1A[2K[1A[2K[1A[2K[1A[2K[G────────────────────────────────────────────────────────────────────────────────────────────────────────────────────────


s11 intent can_verify noul=0.28 p=0.28 c=0.44 derived
s11 intent can_fix_environment noul=0.02 p=0.02 c=0.96 derived
s11 intent can_finish noul=0.80 p=0.80 c=0.60 derived
s11 intent plan_still_valid noul=0.20 p=0.20 c=0.60 derived
s11 context show:calc/core.py noul=0.44 p=0.44 c=0.12 derived
s11 context show:calc/__init__.py noul=0.05 p=0.05 c=0.90 derived
s11 context show:hypothesis/__init__.py noul=0.04 p=0.04 c=0.92 derived
s11 context show:hypothesis/strategies.py noul=0.03 p=0.03 c=0.94 derived
s11 context show:notes.txt noul=0.05 p=0.05 c=0.90 derived
s11 context show:pytest.ini noul=0.06 p=0.06 c=0.88 derived
s11 context show:README.md noul=0.04 p=0.04 c=0.92 derived
s11 context show:tests/test_core.py noul=0.18 p=0.18 c=0.64 derived
step 10/40  ⠋ context  wall 19m5s/30m  tokens gen 51.5k jev 158.2k  cost gen $0.130 jev $0.006 / cap $2.000
[?2026l[?2026h[2K[1A[2K[1A[2K[1A[2K[1A[2K[1A[2K[1A[2K[1A[2K[1A[2K[1A[2K[1A[2K[1A[2K[1A[2K[1A[2K[1A[2K[1A[2K[1A[2K[G────────────────────────────────────────────────────────────────────────────────────────────────────────────────────────


s11 intent can_verify noul=0.28 p=0.28 c=0.44 derived
s11 intent can_fix_environment noul=0.02 p=0.02 c=0.96 derived
s11 intent can_finish noul=0.80 p=0.80 c=0.60 derived
s11 intent plan_still_valid noul=0.20 p=0.20 c=0.60 derived
s11 context show:calc/core.py noul=0.44 p=0.44 c=0.12 derived
s11 context show:calc/__init__.py noul=0.05 p=0.05 c=0.90 derived
s11 context show:hypothesis/__init__.py noul=0.04 p=0.04 c=0.92 derived
s11 context show:hypothesis/strategies.py noul=0.03 p=0.03 c=0.94 derived
s11 context show:notes.txt noul=0.05 p=0.05 c=0.90 derived
s11 context show:pytest.ini noul=0.06 p=0.06 c=0.88 derived
s11 context show:README.md noul=0.04 p=0.04 c=0.92 derived
s11 context show:tests/test_core.py noul=0.18 p=0.18 c=0.64 derived
step 10/40  ⠙ context  wall 19m5s/30m  tokens gen 51.5k jev 158.2k  cost gen $0.130 jev $0.006 / cap $2.000
[?2026l[?2026h[2K[1A[2K[1A[2K[1A[2K[1A[2K[1A[2K[1A[2K[1A[2K[1A[2K[1A[2K[1A[2K[1A[2K[1A[2K[1A[2K[1A[2K[1A[2K[1A[2K[G────────────────────────────────────────────────────────────────────────────────────────────────────────────────────────


s11 intent can_verify noul=0.28 p=0.28 c=0.44 derived
s11 intent can_fix_environment noul=0.02 p=0.02 c=0.96 derived
s11 intent can_finish noul=0.80 p=0.80 c=0.60 derived
s11 intent plan_still_valid noul=0.20 p=0.20 c=0.60 derived
s11 context show:calc/core.py noul=0.44 p=0.44 c=0.12 derived
s11 context show:calc/__init__.py noul=0.05 p=0.05 c=0.90 derived
s11 context show:hypothesis/__init__.py noul=0.04 p=0.04 c=0.92 derived
s11 context show:hypothesis/strategies.py noul=0.03 p=0.03 c=0.94 derived
s11 context show:notes.txt noul=0.05 p=0.05 c=0.90 derived
s11 context show:pytest.ini noul=0.06 p=0.06 c=0.88 derived
s11 context show:README.md noul=0.04 p=0.04 c=0.92 derived
s11 context show:tests/test_core.py noul=0.18 p=0.18 c=0.64 derived
step 10/40  ⠹ context  wall 19m5s/30m  tokens gen 51.5k jev 158.2k  cost gen $0.130 jev $0.006 / cap $2.000
[?2026l[?2026h[2K[1A[2K[1A[2K[1A[2K[1A[2K[1A[2K[1A[2K[1A[2K[1A[2K[1A[2K[1A[2K[1A[2K[1A[2K[1A[2K[1A[2K[1A[2K[1A[2K[G────────────────────────────────────────────────────────────────────────────────────────────────────────────────────────


s11 intent can_verify noul=0.28 p=0.28 c=0.44 derived
s11 intent can_fix_environment noul=0.02 p=0.02 c=0.96 derived
s11 intent can_finish noul=0.80 p=0.80 c=0.60 derived
s11 intent plan_still_valid noul=0.20 p=0.20 c=0.60 derived
s11 context show:calc/core.py noul=0.44 p=0.44 c=0.12 derived
s11 context show:calc/__init__.py noul=0.05 p=0.05 c=0.90 derived
s11 context show:hypothesis/__init__.py noul=0.04 p=0.04 c=0.92 derived
s11 context show:hypothesis/strategies.py noul=0.03 p=0.03 c=0.94 derived
s11 context show:notes.txt noul=0.05 p=0.05 c=0.90 derived
s11 context show:pytest.ini noul=0.06 p=0.06 c=0.88 derived
s11 context show:README.md noul=0.04 p=0.04 c=0.92 derived
s11 context show:tests/test_core.py noul=0.18 p=0.18 c=0.64 derived
step 10/40  ⠸ context  wall 19m5s/30m  tokens gen 51.5k jev 158.2k  cost gen $0.130 jev $0.006 / cap $2.000
[?2026l[?2026h[2K[1A[2K[1A[2K[1A[2K[1A[2K[1A[2K[1A[2K[1A[2K[1A[2K[1A[2K[1A[2K[1A[2K[1A[2K[1A[2K[1A[2K[1A[2K[1A[2K[G────────────────────────────────────────────────────────────────────────────────────────────────────────────────────────
streaming action… 100 chars

s11 intent can_verify noul=0.28 p=0.28 c=0.44 derived
s11 intent can_fix_environment noul=0.02 p=0.02 c=0.96 derived
s11 intent can_finish noul=0.80 p=0.80 c=0.60 derived
s11 intent plan_still_valid noul=0.20 p=0.20 c=0.60 derived
s11 context show:calc/core.py noul=0.44 p=0.44 c=0.12 derived
s11 context show:calc/__init__.py noul=0.05 p=0.05 c=0.90 derived
s11 context show:hypothesis/__init__.py noul=0.04 p=0.04 c=0.92 derived
s11 context show:hypothesis/strategies.py noul=0.03 p=0.03 c=0.94 derived
s11 context show:notes.txt noul=0.05 p=0.05 c=0.90 derived
s11 context show:pytest.ini noul=0.06 p=0.06 c=0.88 derived
s11 context show:README.md noul=0.04 p=0.04 c=0.92 derived
s11 context show:tests/test_core.py noul=0.18 p=0.18 c=0.64 derived
step 10/40  ⠸ context  wall 19m5s/30m  tokens gen 51.5k jev 158.2k  cost gen $0.130 jev $0.006 / cap $2.000
[?2026l[?2026h[2K[1A[2K[1A[2K[1A[2K[1A[2K[1A[2K[1A[2K[1A[2K[1A[2K[1A[2K[1A[2K[1A[2K[1A[2K[1A[2K[1A[2K[1A[2K[1A[2K[G────────────────────────────────────────────────────────────────────────────────────────────────────────────────────────
streaming action… 100 chars

s11 intent can_verify noul=0.28 p=0.28 c=0.44 derived
s11 intent can_fix_environment noul=0.02 p=0.02 c=0.96 derived
s11 intent can_finish noul=0.80 p=0.80 c=0.60 derived
s11 intent plan_still_valid noul=0.20 p=0.20 c=0.60 derived
s11 context show:calc/core.py noul=0.44 p=0.44 c=0.12 derived
s11 context show:calc/__init__.py noul=0.05 p=0.05 c=0.90 derived
s11 context show:hypothesis/__init__.py noul=0.04 p=0.04 c=0.92 derived
s11 context show:hypothesis/strategies.py noul=0.03 p=0.03 c=0.94 derived
s11 context show:notes.txt noul=0.05 p=0.05 c=0.90 derived
s11 context show:pytest.ini noul=0.06 p=0.06 c=0.88 derived
s11 context show:README.md noul=0.04 p=0.04 c=0.92 derived
s11 context show:tests/test_core.py noul=0.18 p=0.18 c=0.64 derived
step 10/40  ⠼ context  wall 19m5s/30m  tokens gen 51.5k jev 158.2k  cost gen $0.130 jev $0.006 / cap $2.000
[?2026l[?2026h[2K[1A[2K[1A[2K[1A[2K[1A[2K[1A[2K[1A[2K[1A[2K[1A[2K[1A[2K[1A[2K[1A[2K[1A[2K[1A[2K[1A[2K[1A[2K[1A[2K[G────────────────────────────────────────────────────────────────────────────────────────────────────────────────────────
streaming action… 100 chars

s11 intent can_verify noul=0.28 p=0.28 c=0.44 derived
s11 intent can_fix_environment noul=0.02 p=0.02 c=0.96 derived
s11 intent can_finish noul=0.80 p=0.80 c=0.60 derived
s11 intent plan_still_valid noul=0.20 p=0.20 c=0.60 derived
s11 context show:calc/core.py noul=0.44 p=0.44 c=0.12 derived
s11 context show:calc/__init__.py noul=0.05 p=0.05 c=0.90 derived
s11 context show:hypothesis/__init__.py noul=0.04 p=0.04 c=0.92 derived
s11 context show:hypothesis/strategies.py noul=0.03 p=0.03 c=0.94 derived
s11 context show:notes.txt noul=0.05 p=0.05 c=0.90 derived
s11 context show:pytest.ini noul=0.06 p=0.06 c=0.88 derived
s11 context show:README.md noul=0.04 p=0.04 c=0.92 derived
s11 context show:tests/test_core.py noul=0.18 p=0.18 c=0.64 derived
step 10/40  ⠴ context  wall 19m5s/30m  tokens gen 51.5k jev 158.2k  cost gen $0.130 jev $0.006 / cap $2.000
[?2026l[?2026h[2K[1A[2K[1A[2K[1A[2K[1A[2K[1A[2K[1A[2K[1A[2K[1A[2K[1A[2K[1A[2K[1A[2K[1A[2K[1A[2K[1A[2K[1A[2K[1A[2K[G────────────────────────────────────────────────────────────────────────────────────────────────────────────────────────
streaming action… 100 chars

s11 intent can_verify noul=0.28 p=0.28 c=0.44 derived
s11 intent can_fix_environment noul=0.02 p=0.02 c=0.96 derived
s11 intent can_finish noul=0.80 p=0.80 c=0.60 derived
s11 intent plan_still_valid noul=0.20 p=0.20 c=0.60 derived
s11 context show:calc/core.py noul=0.44 p=0.44 c=0.12 derived
s11 context show:calc/__init__.py noul=0.05 p=0.05 c=0.90 derived
s11 context show:hypothesis/__init__.py noul=0.04 p=0.04 c=0.92 derived
s11 context show:hypothesis/strategies.py noul=0.03 p=0.03 c=0.94 derived
s11 context show:notes.txt noul=0.05 p=0.05 c=0.90 derived
s11 context show:pytest.ini noul=0.06 p=0.06 c=0.88 derived
s11 context show:README.md noul=0.04 p=0.04 c=0.92 derived
s11 context show:tests/test_core.py noul=0.18 p=0.18 c=0.64 derived
step 10/40  ⠦ context  wall 19m5s/30m  tokens gen 51.5k jev 158.2k  cost gen $0.130 jev $0.006 / cap $2.000
[?2026l[?2026h[2K[1A[2K[1A[2K[1A[2K[1A[2K[1A[2K[1A[2K[1A[2K[1A[2K[1A[2K[1A[2K[1A[2K[1A[2K[1A[2K[1A[2K[1A[2K[1A[2K[G────────────────────────────────────────────────────────────────────────────────────────────────────────────────────────
streaming action… 205 chars

s11 intent can_verify noul=0.28 p=0.28 c=0.44 derived
s11 intent can_fix_environment noul=0.02 p=0.02 c=0.96 derived
s11 intent can_finish noul=0.80 p=0.80 c=0.60 derived
s11 intent plan_still_valid noul=0.20 p=0.20 c=0.60 derived
s11 context show:calc/core.py noul=0.44 p=0.44 c=0.12 derived
s11 context show:calc/__init__.py noul=0.05 p=0.05 c=0.90 derived
s11 context show:hypothesis/__init__.py noul=0.04 p=0.04 c=0.92 derived
s11 context show:hypothesis/strategies.py noul=0.03 p=0.03 c=0.94 derived
s11 context show:notes.txt noul=0.05 p=0.05 c=0.90 derived
s11 context show:pytest.ini noul=0.06 p=0.06 c=0.88 derived
s11 context show:README.md noul=0.04 p=0.04 c=0.92 derived
s11 context show:tests/test_core.py noul=0.18 p=0.18 c=0.64 derived
step 10/40  ⠦ context  wall 19m5s/30m  tokens gen 51.5k jev 158.2k  cost gen $0.130 jev $0.006 / cap $2.000
[?2026l[?2026h[2K[1A[2K[1A[2K[1A[2K[1A[2K[1A[2K[1A[2K[1A[2K[1A[2K[1A[2K[1A[2K[1A[2K[1A[2K[1A[2K[1A[2K[1A[2K[1A[2K[G────────────────────────────────────────────────────────────────────────────────────────────────────────────────────────
streaming action… 205 chars

s11 intent can_verify noul=0.28 p=0.28 c=0.44 derived
s11 intent can_fix_environment noul=0.02 p=0.02 c=0.96 derived
s11 intent can_finish noul=0.80 p=0.80 c=0.60 derived
s11 intent plan_still_valid noul=0.20 p=0.20 c=0.60 derived
s11 context show:calc/core.py noul=0.44 p=0.44 c=0.12 derived
s11 context show:calc/__init__.py noul=0.05 p=0.05 c=0.90 derived
s11 context show:hypothesis/__init__.py noul=0.04 p=0.04 c=0.92 derived
s11 context show:hypothesis/strategies.py noul=0.03 p=0.03 c=0.94 derived
s11 context show:notes.txt noul=0.05 p=0.05 c=0.90 derived
s11 context show:pytest.ini noul=0.06 p=0.06 c=0.88 derived
s11 context show:README.md noul=0.04 p=0.04 c=0.92 derived
s11 context show:tests/test_core.py noul=0.18 p=0.18 c=0.64 derived
step 10/40  ⠧ context  wall 19m5s/30m  tokens gen 51.5k jev 158.2k  cost gen $0.130 jev $0.006 / cap $2.000
[?2026l[?2026h[2K[1A[2K[1A[2K[1A[2K[1A[2K[1A[2K[1A[2K[1A[2K[1A[2K[1A[2K[1A[2K[1A[2K[1A[2K[1A[2K[1A[2K[1A[2K[1A[2K[G────────────────────────────────────────────────────────────────────────────────────────────────────────────────────────
streaming action… 224 chars

s11 intent can_verify noul=0.28 p=0.28 c=0.44 derived
s11 intent can_fix_environment noul=0.02 p=0.02 c=0.96 derived
s11 intent can_finish noul=0.80 p=0.80 c=0.60 derived
s11 intent plan_still_valid noul=0.20 p=0.20 c=0.60 derived
s11 context show:calc/core.py noul=0.44 p=0.44 c=0.12 derived
s11 context show:calc/__init__.py noul=0.05 p=0.05 c=0.90 derived
s11 context show:hypothesis/__init__.py noul=0.04 p=0.04 c=0.92 derived
s11 context show:hypothesis/strategies.py noul=0.03 p=0.03 c=0.94 derived
s11 context show:notes.txt noul=0.05 p=0.05 c=0.90 derived
s11 context show:pytest.ini noul=0.06 p=0.06 c=0.88 derived
s11 context show:README.md noul=0.04 p=0.04 c=0.92 derived
s11 context show:tests/test_core.py noul=0.18 p=0.18 c=0.64 derived
step 10/40  ⠧ context  wall 19m5s/30m  tokens gen 51.5k jev 158.2k  cost gen $0.130 jev $0.006 / cap $2.000
[?2026l[?2026h[2K[1A[2K[1A[2K[1A[2K[1A[2K[1A[2K[1A[2K[1A[2K[1A[2K[1A[2K[1A[2K[1A[2K[1A[2K[1A[2K[1A[2K[1A[2K[1A[2K[G────────────────────────────────────────────────────────────────────────────────────────────────────────────────────────
streaming action… 271 chars

s11 intent can_verify noul=0.28 p=0.28 c=0.44 derived
s11 intent can_fix_environment noul=0.02 p=0.02 c=0.96 derived
s11 intent can_finish noul=0.80 p=0.80 c=0.60 derived
s11 intent plan_still_valid noul=0.20 p=0.20 c=0.60 derived
s11 context show:calc/core.py noul=0.44 p=0.44 c=0.12 derived
s11 context show:calc/__init__.py noul=0.05 p=0.05 c=0.90 derived
s11 context show:hypothesis/__init__.py noul=0.04 p=0.04 c=0.92 derived
s11 context show:hypothesis/strategies.py noul=0.03 p=0.03 c=0.94 derived
s11 context show:notes.txt noul=0.05 p=0.05 c=0.90 derived
s11 context show:pytest.ini noul=0.06 p=0.06 c=0.88 derived
s11 context show:README.md noul=0.04 p=0.04 c=0.92 derived
s11 context show:tests/test_core.py noul=0.18 p=0.18 c=0.64 derived
step 10/40  ⠧ context  wall 19m5s/30m  tokens gen 51.5k jev 158.2k  cost gen $0.130 jev $0.006 / cap $2.000
[?2026l[?2026h[2K[1A[2K[1A[2K[1A[2K[1A[2K[1A[2K[1A[2K[1A[2K[1A[2K[1A[2K[1A[2K[1A[2K[1A[2K[1A[2K[1A[2K[1A[2K[1A[2K[G────────────────────────────────────────────────────────────────────────────────────────────────────────────────────────
streaming action… 271 chars

s11 intent can_verify noul=0.28 p=0.28 c=0.44 derived
s11 intent can_fix_environment noul=0.02 p=0.02 c=0.96 derived
s11 intent can_finish noul=0.80 p=0.80 c=0.60 derived
s11 intent plan_still_valid noul=0.20 p=0.20 c=0.60 derived
s11 context show:calc/core.py noul=0.44 p=0.44 c=0.12 derived
s11 context show:calc/__init__.py noul=0.05 p=0.05 c=0.90 derived
s11 context show:hypothesis/__init__.py noul=0.04 p=0.04 c=0.92 derived
s11 context show:hypothesis/strategies.py noul=0.03 p=0.03 c=0.94 derived
s11 context show:notes.txt noul=0.05 p=0.05 c=0.90 derived
s11 context show:pytest.ini noul=0.06 p=0.06 c=0.88 derived
s11 context show:README.md noul=0.04 p=0.04 c=0.92 derived
s11 context show:tests/test_core.py noul=0.18 p=0.18 c=0.64 derived
step 10/40  ⠇ context  wall 19m5s/30m  tokens gen 51.5k jev 158.2k  cost gen $0.130 jev $0.006 / cap $2.000
[?2026l[?2026h[2K[1A[2K[1A[2K[1A[2K[1A[2K[1A[2K[1A[2K[1A[2K[1A[2K[1A[2K[1A[2K[1A[2K[1A[2K[1A[2K[1A[2K[1A[2K[1A[2K[G────────────────────────────────────────────────────────────────────────────────────────────────────────────────────────
streaming action… 294 chars

s11 intent can_verify noul=0.28 p=0.28 c=0.44 derived
s11 intent can_fix_environment noul=0.02 p=0.02 c=0.96 derived
s11 intent can_finish noul=0.80 p=0.80 c=0.60 derived
s11 intent plan_still_valid noul=0.20 p=0.20 c=0.60 derived
s11 context show:calc/core.py noul=0.44 p=0.44 c=0.12 derived
s11 context show:calc/__init__.py noul=0.05 p=0.05 c=0.90 derived
s11 context show:hypothesis/__init__.py noul=0.04 p=0.04 c=0.92 derived
s11 context show:hypothesis/strategies.py noul=0.03 p=0.03 c=0.94 derived
s11 context show:notes.txt noul=0.05 p=0.05 c=0.90 derived
s11 context show:pytest.ini noul=0.06 p=0.06 c=0.88 derived
s11 context show:README.md noul=0.04 p=0.04 c=0.92 derived
s11 context show:tests/test_core.py noul=0.18 p=0.18 c=0.64 derived
step 10/40  ⠇ context  wall 19m5s/30m  tokens gen 51.5k jev 158.2k  cost gen $0.130 jev $0.006 / cap $2.000
[?2026l[?2026h[2K[1A[2K[1A[2K[1A[2K[1A[2K[1A[2K[1A[2K[1A[2K[1A[2K[1A[2K[1A[2K[1A[2K[1A[2K[1A[2K[1A[2K[1A[2K[1A[2K[G────────────────────────────────────────────────────────────────────────────────────────────────────────────────────────
streaming action… 294 chars

s11 intent can_verify noul=0.28 p=0.28 c=0.44 derived
s11 intent can_fix_environment noul=0.02 p=0.02 c=0.96 derived
s11 intent can_finish noul=0.80 p=0.80 c=0.60 derived
s11 intent plan_still_valid noul=0.20 p=0.20 c=0.60 derived
s11 context show:calc/core.py noul=0.44 p=0.44 c=0.12 derived
s11 context show:calc/__init__.py noul=0.05 p=0.05 c=0.90 derived
s11 context show:hypothesis/__init__.py noul=0.04 p=0.04 c=0.92 derived
s11 context show:hypothesis/strategies.py noul=0.03 p=0.03 c=0.94 derived
s11 context show:notes.txt noul=0.05 p=0.05 c=0.90 derived
s11 context show:pytest.ini noul=0.06 p=0.06 c=0.88 derived
s11 context show:README.md noul=0.04 p=0.04 c=0.92 derived
s11 context show:tests/test_core.py noul=0.18 p=0.18 c=0.64 derived
step 10/40  ⠏ context  wall 19m5s/30m  tokens gen 51.5k jev 158.2k  cost gen $0.130 jev $0.006 / cap $2.000
[?2026l[?2026h[2K[1A[2K[1A[2K[1A[2K[1A[2K[1A[2K[1A[2K[1A[2K[1A[2K[1A[2K[1A[2K[1A[2K[1A[2K[1A[2K[1A[2K[1A[2K[1A[2K[G────────────────────────────────────────────────────────────────────────────────────────────────────────────────────────
streaming action… 335 chars

s11 intent can_verify noul=0.28 p=0.28 c=0.44 derived
s11 intent can_fix_environment noul=0.02 p=0.02 c=0.96 derived
s11 intent can_finish noul=0.80 p=0.80 c=0.60 derived
s11 intent plan_still_valid noul=0.20 p=0.20 c=0.60 derived
s11 context show:calc/core.py noul=0.44 p=0.44 c=0.12 derived
s11 context show:calc/__init__.py noul=0.05 p=0.05 c=0.90 derived
s11 context show:hypothesis/__init__.py noul=0.04 p=0.04 c=0.92 derived
s11 context show:hypothesis/strategies.py noul=0.03 p=0.03 c=0.94 derived
s11 context show:notes.txt noul=0.05 p=0.05 c=0.90 derived
s11 context show:pytest.ini noul=0.06 p=0.06 c=0.88 derived
s11 context show:README.md noul=0.04 p=0.04 c=0.92 derived
s11 context show:tests/test_core.py noul=0.18 p=0.18 c=0.64 derived
step 10/40  ⠏ context  wall 19m5s/30m  tokens gen 51.5k jev 158.2k  cost gen $0.130 jev $0.006 / cap $2.000
[?2026l[?2026h[2K[1A[2K[1A[2K[1A[2K[1A[2K[1A[2K[1A[2K[1A[2K[1A[2K[1A[2K[1A[2K[1A[2K[1A[2K[1A[2K[1A[2K[1A[2K[1A[2K[G────────────────────────────────────────────────────────────────────────────────────────────────────────────────────────
streaming action… 353 chars

s11 intent can_verify noul=0.28 p=0.28 c=0.44 derived
s11 intent can_fix_environment noul=0.02 p=0.02 c=0.96 derived
s11 intent can_finish noul=0.80 p=0.80 c=0.60 derived
s11 intent plan_still_valid noul=0.20 p=0.20 c=0.60 derived
s11 context show:calc/core.py noul=0.44 p=0.44 c=0.12 derived
s11 context show:calc/__init__.py noul=0.05 p=0.05 c=0.90 derived
s11 context show:hypothesis/__init__.py noul=0.04 p=0.04 c=0.92 derived
s11 context show:hypothesis/strategies.py noul=0.03 p=0.03 c=0.94 derived
s11 context show:notes.txt noul=0.05 p=0.05 c=0.90 derived
s11 context show:pytest.ini noul=0.06 p=0.06 c=0.88 derived
s11 context show:README.md noul=0.04 p=0.04 c=0.92 derived
s11 context show:tests/test_core.py noul=0.18 p=0.18 c=0.64 derived
step 10/40  ⠏ context  wall 19m5s/30m  tokens gen 51.5k jev 158.2k  cost gen $0.130 jev $0.006 / cap $2.000
[?2026l[?2026h[2K[1A[2K[1A[2K[1A[2K[1A[2K[1A[2K[1A[2K[1A[2K[1A[2K[1A[2K[1A[2K[1A[2K[1A[2K[1A[2K[1A[2K[1A[2K[1A[2K[G────────────────────────────────────────────────────────────────────────────────────────────────────────────────────────
streaming action… 353 chars

s11 intent can_verify noul=0.28 p=0.28 c=0.44 derived
s11 intent can_fix_environment noul=0.02 p=0.02 c=0.96 derived
s11 intent can_finish noul=0.80 p=0.80 c=0.60 derived
s11 intent plan_still_valid noul=0.20 p=0.20 c=0.60 derived
s11 context show:calc/core.py noul=0.44 p=0.44 c=0.12 derived
s11 context show:calc/__init__.py noul=0.05 p=0.05 c=0.90 derived
s11 context show:hypothesis/__init__.py noul=0.04 p=0.04 c=0.92 derived
s11 context show:hypothesis/strategies.py noul=0.03 p=0.03 c=0.94 derived
s11 context show:notes.txt noul=0.05 p=0.05 c=0.90 derived
s11 context show:pytest.ini noul=0.06 p=0.06 c=0.88 derived
s11 context show:README.md noul=0.04 p=0.04 c=0.92 derived
s11 context show:tests/test_core.py noul=0.18 p=0.18 c=0.64 derived
step 10/40  ⠋ context  wall 19m5s/30m  tokens gen 51.5k jev 158.2k  cost gen $0.130 jev $0.006 / cap $2.000
[?2026l[?2026h[2K[1A[2K[1A[2K[1A[2K[1A[2K[1A[2K[1A[2K[1A[2K[1A[2K[1A[2K[1A[2K[1A[2K[1A[2K[1A[2K[1A[2K[1A[2K[1A[2K[G────────────────────────────────────────────────────────────────────────────────────────────────────────────────────────
streaming action… 391 chars

s11 intent can_verify noul=0.28 p=0.28 c=0.44 derived
s11 intent can_fix_environment noul=0.02 p=0.02 c=0.96 derived
s11 intent can_finish noul=0.80 p=0.80 c=0.60 derived
s11 intent plan_still_valid noul=0.20 p=0.20 c=0.60 derived
s11 context show:calc/core.py noul=0.44 p=0.44 c=0.12 derived
s11 context show:calc/__init__.py noul=0.05 p=0.05 c=0.90 derived
s11 context show:hypothesis/__init__.py noul=0.04 p=0.04 c=0.92 derived
s11 context show:hypothesis/strategies.py noul=0.03 p=0.03 c=0.94 derived
s11 context show:notes.txt noul=0.05 p=0.05 c=0.90 derived
s11 context show:pytest.ini noul=0.06 p=0.06 c=0.88 derived
s11 context show:README.md noul=0.04 p=0.04 c=0.92 derived
s11 context show:tests/test_core.py noul=0.18 p=0.18 c=0.64 derived
step 10/40  ⠋ context  wall 19m5s/30m  tokens gen 51.5k jev 158.2k  cost gen $0.130 jev $0.006 / cap $2.000
[?2026l[?2026h[2K[1A[2K[1A[2K[1A[2K[1A[2K[1A[2K[1A[2K[1A[2K[1A[2K[1A[2K[1A[2K[1A[2K[1A[2K[1A[2K[1A[2K[1A[2K[1A[2K[G────────────────────────────────────────────────────────────────────────────────────────────────────────────────────────
streaming action… 391 chars

s11 intent can_verify noul=0.28 p=0.28 c=0.44 derived
s11 intent can_fix_environment noul=0.02 p=0.02 c=0.96 derived
s11 intent can_finish noul=0.80 p=0.80 c=0.60 derived
s11 intent plan_still_valid noul=0.20 p=0.20 c=0.60 derived
s11 context show:calc/core.py noul=0.44 p=0.44 c=0.12 derived
s11 context show:calc/__init__.py noul=0.05 p=0.05 c=0.90 derived
s11 context show:hypothesis/__init__.py noul=0.04 p=0.04 c=0.92 derived
s11 context show:hypothesis/strategies.py noul=0.03 p=0.03 c=0.94 derived
s11 context show:notes.txt noul=0.05 p=0.05 c=0.90 derived
s11 context show:pytest.ini noul=0.06 p=0.06 c=0.88 derived
s11 context show:README.md noul=0.04 p=0.04 c=0.92 derived
s11 context show:tests/test_core.py noul=0.18 p=0.18 c=0.64 derived
step 10/40  ⠙ context  wall 19m5s/30m  tokens gen 51.5k jev 158.2k  cost gen $0.130 jev $0.006 / cap $2.000
[?2026l[?2026h[2K[1A[2K[1A[2K[1A[2K[1A[2K[1A[2K[1A[2K[1A[2K[1A[2K[1A[2K[1A[2K[1A[2K[1A[2K[1A[2K[1A[2K[1A[2K[1A[2K[G────────────────────────────────────────────────────────────────────────────────────────────────────────────────────────
streaming action… 407 chars

s11 intent can_verify noul=0.28 p=0.28 c=0.44 derived
s11 intent can_fix_environment noul=0.02 p=0.02 c=0.96 derived
s11 intent can_finish noul=0.80 p=0.80 c=0.60 derived
s11 intent plan_still_valid noul=0.20 p=0.20 c=0.60 derived
s11 context show:calc/core.py noul=0.44 p=0.44 c=0.12 derived
s11 context show:calc/__init__.py noul=0.05 p=0.05 c=0.90 derived
s11 context show:hypothesis/__init__.py noul=0.04 p=0.04 c=0.92 derived
s11 context show:hypothesis/strategies.py noul=0.03 p=0.03 c=0.94 derived
s11 context show:notes.txt noul=0.05 p=0.05 c=0.90 derived
s11 context show:pytest.ini noul=0.06 p=0.06 c=0.88 derived
s11 context show:README.md noul=0.04 p=0.04 c=0.92 derived
s11 context show:tests/test_core.py noul=0.18 p=0.18 c=0.64 derived
step 10/40  ⠙ context  wall 19m5s/30m  tokens gen 51.5k jev 158.2k  cost gen $0.130 jev $0.006 / cap $2.000
[?2026l[?2026h[2K[1A[2K[1A[2K[1A[2K[1A[2K[1A[2K[1A[2K[1A[2K[1A[2K[1A[2K[1A[2K[1A[2K[1A[2K[1A[2K[1A[2K[1A[2K[1A[2K[G────────────────────────────────────────────────────────────────────────────────────────────────────────────────────────
streaming action… 407 chars

s11 intent can_verify noul=0.28 p=0.28 c=0.44 derived
s11 intent can_fix_environment noul=0.02 p=0.02 c=0.96 derived
s11 intent can_finish noul=0.80 p=0.80 c=0.60 derived
s11 intent plan_still_valid noul=0.20 p=0.20 c=0.60 derived
s11 context show:calc/core.py noul=0.44 p=0.44 c=0.12 derived
s11 context show:calc/__init__.py noul=0.05 p=0.05 c=0.90 derived
s11 context show:hypothesis/__init__.py noul=0.04 p=0.04 c=0.92 derived
s11 context show:hypothesis/strategies.py noul=0.03 p=0.03 c=0.94 derived
s11 context show:notes.txt noul=0.05 p=0.05 c=0.90 derived
s11 context show:pytest.ini noul=0.06 p=0.06 c=0.88 derived
s11 context show:README.md noul=0.04 p=0.04 c=0.92 derived
s11 context show:tests/test_core.py noul=0.18 p=0.18 c=0.64 derived
step 10/40  ⠹ context  wall 19m5s/30m  tokens gen 51.5k jev 158.2k  cost gen $0.130 jev $0.006 / cap $2.000
[?2026l[?2026h[2K[1A[2K[1A[2K[1A[2K[1A[2K[1A[2K[1A[2K[1A[2K[1A[2K[1A[2K[1A[2K[1A[2K[1A[2K[1A[2K[1A[2K[1A[2K[1A[2K[G────────────────────────────────────────────────────────────────────────────────────────────────────────────────────────
streaming action… 418 chars

s11 intent can_verify noul=0.28 p=0.28 c=0.44 derived
s11 intent can_fix_environment noul=0.02 p=0.02 c=0.96 derived
s11 intent can_finish noul=0.80 p=0.80 c=0.60 derived
s11 intent plan_still_valid noul=0.20 p=0.20 c=0.60 derived
s11 context show:calc/core.py noul=0.44 p=0.44 c=0.12 derived
s11 context show:calc/__init__.py noul=0.05 p=0.05 c=0.90 derived
s11 context show:hypothesis/__init__.py noul=0.04 p=0.04 c=0.92 derived
s11 context show:hypothesis/strategies.py noul=0.03 p=0.03 c=0.94 derived
s11 context show:notes.txt noul=0.05 p=0.05 c=0.90 derived
s11 context show:pytest.ini noul=0.06 p=0.06 c=0.88 derived
s11 context show:README.md noul=0.04 p=0.04 c=0.92 derived
s11 context show:tests/test_core.py noul=0.18 p=0.18 c=0.64 derived
step 10/40  ⠹ context  wall 19m5s/30m  tokens gen 51.5k jev 158.2k  cost gen $0.130 jev $0.006 / cap $2.000
[?2026l[?2026h[2K[1A[2K[1A[2K[1A[2K[1A[2K[1A[2K[1A[2K[1A[2K[1A[2K[1A[2K[1A[2K[1A[2K[1A[2K[1A[2K[1A[2K[1A[2K[1A[2K[G────────────────────────────────────────────────────────────────────────────────────────────────────────────────────────
streaming action… 435 chars

s11 intent can_verify noul=0.28 p=0.28 c=0.44 derived
s11 intent can_fix_environment noul=0.02 p=0.02 c=0.96 derived
s11 intent can_finish noul=0.80 p=0.80 c=0.60 derived
s11 intent plan_still_valid noul=0.20 p=0.20 c=0.60 derived
s11 context show:calc/core.py noul=0.44 p=0.44 c=0.12 derived
s11 context show:calc/__init__.py noul=0.05 p=0.05 c=0.90 derived
s11 context show:hypothesis/__init__.py noul=0.04 p=0.04 c=0.92 derived
s11 context show:hypothesis/strategies.py noul=0.03 p=0.03 c=0.94 derived
s11 context show:notes.txt noul=0.05 p=0.05 c=0.90 derived
s11 context show:pytest.ini noul=0.06 p=0.06 c=0.88 derived
s11 context show:README.md noul=0.04 p=0.04 c=0.92 derived
s11 context show:tests/test_core.py noul=0.18 p=0.18 c=0.64 derived
step 10/40  ⠹ context  wall 19m5s/30m  tokens gen 51.5k jev 158.2k  cost gen $0.130 jev $0.006 / cap $2.000
[?2026l[?2026h[2K[1A[2K[1A[2K[1A[2K[1A[2K[1A[2K[1A[2K[1A[2K[1A[2K[1A[2K[1A[2K[1A[2K[1A[2K[1A[2K[1A[2K[1A[2K[1A[2K[G────────────────────────────────────────────────────────────────────────────────────────────────────────────────────────
streaming action… 435 chars

s11 intent can_verify noul=0.28 p=0.28 c=0.44 derived
s11 intent can_fix_environment noul=0.02 p=0.02 c=0.96 derived
s11 intent can_finish noul=0.80 p=0.80 c=0.60 derived
s11 intent plan_still_valid noul=0.20 p=0.20 c=0.60 derived
s11 context show:calc/core.py noul=0.44 p=0.44 c=0.12 derived
s11 context show:calc/__init__.py noul=0.05 p=0.05 c=0.90 derived
s11 context show:hypothesis/__init__.py noul=0.04 p=0.04 c=0.92 derived
s11 context show:hypothesis/strategies.py noul=0.03 p=0.03 c=0.94 derived
s11 context show:notes.txt noul=0.05 p=0.05 c=0.90 derived
s11 context show:pytest.ini noul=0.06 p=0.06 c=0.88 derived
s11 context show:README.md noul=0.04 p=0.04 c=0.92 derived
s11 context show:tests/test_core.py noul=0.18 p=0.18 c=0.64 derived
step 10/40  ⠸ context  wall 19m5s/30m  tokens gen 51.5k jev 158.2k  cost gen $0.130 jev $0.006 / cap $2.000
[?2026l[?2026h[2K[1A[2K[1A[2K[1A[2K[1A[2K[1A[2K[1A[2K[1A[2K[1A[2K[1A[2K[1A[2K[1A[2K[1A[2K[1A[2K[1A[2K[1A[2K[1A[2K[G────────────────────────────────────────────────────────────────────────────────────────────────────────────────────────
streaming action… 456 chars

s11 intent can_verify noul=0.28 p=0.28 c=0.44 derived
s11 intent can_fix_environment noul=0.02 p=0.02 c=0.96 derived
s11 intent can_finish noul=0.80 p=0.80 c=0.60 derived
s11 intent plan_still_valid noul=0.20 p=0.20 c=0.60 derived
s11 context show:calc/core.py noul=0.44 p=0.44 c=0.12 derived
s11 context show:calc/__init__.py noul=0.05 p=0.05 c=0.90 derived
s11 context show:hypothesis/__init__.py noul=0.04 p=0.04 c=0.92 derived
s11 context show:hypothesis/strategies.py noul=0.03 p=0.03 c=0.94 derived
s11 context show:notes.txt noul=0.05 p=0.05 c=0.90 derived
s11 context show:pytest.ini noul=0.06 p=0.06 c=0.88 derived
s11 context show:README.md noul=0.04 p=0.04 c=0.92 derived
s11 context show:tests/test_core.py noul=0.18 p=0.18 c=0.64 derived
step 10/40  ⠸ context  wall 19m5s/30m  tokens gen 51.5k jev 158.2k  cost gen $0.130 jev $0.006 / cap $2.000
[?2026l[?2026h[2K[1A[2K[1A[2K[1A[2K[1A[2K[1A[2K[1A[2K[1A[2K[1A[2K[1A[2K[1A[2K[1A[2K[1A[2K[1A[2K[1A[2K[1A[2K[1A[2K[G────────────────────────────────────────────────────────────────────────────────────────────────────────────────────────
streaming action… 456 chars

s11 intent can_verify noul=0.28 p=0.28 c=0.44 derived
s11 intent can_fix_environment noul=0.02 p=0.02 c=0.96 derived
s11 intent can_finish noul=0.80 p=0.80 c=0.60 derived
s11 intent plan_still_valid noul=0.20 p=0.20 c=0.60 derived
s11 context show:calc/core.py noul=0.44 p=0.44 c=0.12 derived
s11 context show:calc/__init__.py noul=0.05 p=0.05 c=0.90 derived
s11 context show:hypothesis/__init__.py noul=0.04 p=0.04 c=0.92 derived
s11 context show:hypothesis/strategies.py noul=0.03 p=0.03 c=0.94 derived
s11 context show:notes.txt noul=0.05 p=0.05 c=0.90 derived
s11 context show:pytest.ini noul=0.06 p=0.06 c=0.88 derived
s11 context show:README.md noul=0.04 p=0.04 c=0.92 derived
s11 context show:tests/test_core.py noul=0.18 p=0.18 c=0.64 derived
step 10/40  ⠼ context  wall 19m5s/30m  tokens gen 51.5k jev 158.2k  cost gen $0.130 jev $0.006 / cap $2.000
[?2026l[?2026h[2K[1A[2K[1A[2K[1A[2K[1A[2K[1A[2K[1A[2K[1A[2K[1A[2K[1A[2K[1A[2K[1A[2K[1A[2K[1A[2K[1A[2K[1A[2K[1A[2K[G────────────────────────────────────────────────────────────────────────────────────────────────────────────────────────
streaming action… 467 chars

s11 intent can_verify noul=0.28 p=0.28 c=0.44 derived
s11 intent can_fix_environment noul=0.02 p=0.02 c=0.96 derived
s11 intent can_finish noul=0.80 p=0.80 c=0.60 derived
s11 intent plan_still_valid noul=0.20 p=0.20 c=0.60 derived
s11 context show:calc/core.py noul=0.44 p=0.44 c=0.12 derived
s11 context show:calc/__init__.py noul=0.05 p=0.05 c=0.90 derived
s11 context show:hypothesis/__init__.py noul=0.04 p=0.04 c=0.92 derived
s11 context show:hypothesis/strategies.py noul=0.03 p=0.03 c=0.94 derived
s11 context show:notes.txt noul=0.05 p=0.05 c=0.90 derived
s11 context show:pytest.ini noul=0.06 p=0.06 c=0.88 derived
s11 context show:README.md noul=0.04 p=0.04 c=0.92 derived
s11 context show:tests/test_core.py noul=0.18 p=0.18 c=0.64 derived
step 10/40  ⠼ context  wall 19m5s/30m  tokens gen 51.5k jev 158.2k  cost gen $0.130 jev $0.006 / cap $2.000
[?2026l[?2026h[2K[1A[2K[1A[2K[1A[2K[1A[2K[1A[2K[1A[2K[1A[2K[1A[2K[1A[2K[1A[2K[1A[2K[1A[2K[1A[2K[1A[2K[1A[2K[1A[2K[G────────────────────────────────────────────────────────────────────────────────────────────────────────────────────────
streaming action… 497 chars

s11 intent can_verify noul=0.28 p=0.28 c=0.44 derived
s11 intent can_fix_environment noul=0.02 p=0.02 c=0.96 derived
s11 intent can_finish noul=0.80 p=0.80 c=0.60 derived
s11 intent plan_still_valid noul=0.20 p=0.20 c=0.60 derived
s11 context show:calc/core.py noul=0.44 p=0.44 c=0.12 derived
s11 context show:calc/__init__.py noul=0.05 p=0.05 c=0.90 derived
s11 context show:hypothesis/__init__.py noul=0.04 p=0.04 c=0.92 derived
s11 context show:hypothesis/strategies.py noul=0.03 p=0.03 c=0.94 derived
s11 context show:notes.txt noul=0.05 p=0.05 c=0.90 derived
s11 context show:pytest.ini noul=0.06 p=0.06 c=0.88 derived
s11 context show:README.md noul=0.04 p=0.04 c=0.92 derived
s11 context show:tests/test_core.py noul=0.18 p=0.18 c=0.64 derived
step 10/40  ⠼ context  wall 19m5s/30m  tokens gen 51.5k jev 158.2k  cost gen $0.130 jev $0.006 / cap $2.000
[?2026l[?2026h[2K[1A[2K[1A[2K[1A[2K[1A[2K[1A[2K[1A[2K[1A[2K[1A[2K[1A[2K[1A[2K[1A[2K[1A[2K[1A[2K[1A[2K[1A[2K[1A[2K[G────────────────────────────────────────────────────────────────────────────────────────────────────────────────────────
streaming action… 497 chars

s11 intent can_verify noul=0.28 p=0.28 c=0.44 derived
s11 intent can_fix_environment noul=0.02 p=0.02 c=0.96 derived
s11 intent can_finish noul=0.80 p=0.80 c=0.60 derived
s11 intent plan_still_valid noul=0.20 p=0.20 c=0.60 derived
s11 context show:calc/core.py noul=0.44 p=0.44 c=0.12 derived
s11 context show:calc/__init__.py noul=0.05 p=0.05 c=0.90 derived
s11 context show:hypothesis/__init__.py noul=0.04 p=0.04 c=0.92 derived
s11 context show:hypothesis/strategies.py noul=0.03 p=0.03 c=0.94 derived
s11 context show:notes.txt noul=0.05 p=0.05 c=0.90 derived
s11 context show:pytest.ini noul=0.06 p=0.06 c=0.88 derived
s11 context show:README.md noul=0.04 p=0.04 c=0.92 derived
s11 context show:tests/test_core.py noul=0.18 p=0.18 c=0.64 derived
step 10/40  ⠴ context  wall 19m5s/30m  tokens gen 51.5k jev 158.2k  cost gen $0.130 jev $0.006 / cap $2.000
[?2026l[?2026h[2K[1A[2K[1A[2K[1A[2K[1A[2K[1A[2K[1A[2K[1A[2K[1A[2K[1A[2K[1A[2K[1A[2K[1A[2K[1A[2K[1A[2K[1A[2K[1A[2K[G────────────────────────────────────────────────────────────────────────────────────────────────────────────────────────
streaming action… 497 chars

s11 intent can_verify noul=0.28 p=0.28 c=0.44 derived
s11 intent can_fix_environment noul=0.02 p=0.02 c=0.96 derived
s11 intent can_finish noul=0.80 p=0.80 c=0.60 derived
s11 intent plan_still_valid noul=0.20 p=0.20 c=0.60 derived
s11 context show:calc/core.py noul=0.44 p=0.44 c=0.12 derived
s11 context show:calc/__init__.py noul=0.05 p=0.05 c=0.90 derived
s11 context show:hypothesis/__init__.py noul=0.04 p=0.04 c=0.92 derived
s11 context show:hypothesis/strategies.py noul=0.03 p=0.03 c=0.94 derived
s11 context show:notes.txt noul=0.05 p=0.05 c=0.90 derived
s11 context show:pytest.ini noul=0.06 p=0.06 c=0.88 derived
s11 context show:README.md noul=0.04 p=0.04 c=0.92 derived
s11 context show:tests/test_core.py noul=0.18 p=0.18 c=0.64 derived
step 10/40  ⠦ context  wall 19m5s/30m  tokens gen 51.5k jev 158.2k  cost gen $0.130 jev $0.006 / cap $2.000
[?2026l[?2026h[2K[1A[2K[1A[2K[1A[2K[1A[2K[1A[2K[1A[2K[1A[2K[1A[2K[1A[2K[1A[2K[1A[2K[1A[2K[1A[2K[1A[2K[1A[2K[1A[2K[G────────────────────────────────────────────────────────────────────────────────────────────────────────────────────────
streaming action… 580 chars

s11 intent can_verify noul=0.28 p=0.28 c=0.44 derived
s11 intent can_fix_environment noul=0.02 p=0.02 c=0.96 derived
s11 intent can_finish noul=0.80 p=0.80 c=0.60 derived
s11 intent plan_still_valid noul=0.20 p=0.20 c=0.60 derived
s11 context show:calc/core.py noul=0.44 p=0.44 c=0.12 derived
s11 context show:calc/__init__.py noul=0.05 p=0.05 c=0.90 derived
s11 context show:hypothesis/__init__.py noul=0.04 p=0.04 c=0.92 derived
s11 context show:hypothesis/strategies.py noul=0.03 p=0.03 c=0.94 derived
s11 context show:notes.txt noul=0.05 p=0.05 c=0.90 derived
s11 context show:pytest.ini noul=0.06 p=0.06 c=0.88 derived
s11 context show:README.md noul=0.04 p=0.04 c=0.92 derived
s11 context show:tests/test_core.py noul=0.18 p=0.18 c=0.64 derived
step 10/40  ⠦ context  wall 19m5s/30m  tokens gen 51.5k jev 158.2k  cost gen $0.130 jev $0.006 / cap $2.000
[?2026l[?2026h[2K[1A[2K[1A[2K[1A[2K[1A[2K[1A[2K[1A[2K[1A[2K[1A[2K[1A[2K[1A[2K[1A[2K[1A[2K[1A[2K[1A[2K[1A[2K[1A[2K[G────────────────────────────────────────────────────────────────────────────────────────────────────────────────────────
streaming action… 586 chars

s11 intent can_verify noul=0.28 p=0.28 c=0.44 derived
s11 intent can_fix_environment noul=0.02 p=0.02 c=0.96 derived
s11 intent can_finish noul=0.80 p=0.80 c=0.60 derived
s11 intent plan_still_valid noul=0.20 p=0.20 c=0.60 derived
s11 context show:calc/core.py noul=0.44 p=0.44 c=0.12 derived
s11 context show:calc/__init__.py noul=0.05 p=0.05 c=0.90 derived
s11 context show:hypothesis/__init__.py noul=0.04 p=0.04 c=0.92 derived
s11 context show:hypothesis/strategies.py noul=0.03 p=0.03 c=0.94 derived
s11 context show:notes.txt noul=0.05 p=0.05 c=0.90 derived
s11 context show:pytest.ini noul=0.06 p=0.06 c=0.88 derived
s11 context show:README.md noul=0.04 p=0.04 c=0.92 derived
s11 context show:tests/test_core.py noul=0.18 p=0.18 c=0.64 derived
step 10/40  ⠦ context  wall 19m5s/30m  tokens gen 51.5k jev 158.2k  cost gen $0.130 jev $0.006 / cap $2.000
[?2026l[?2026h[2K[1A[2K[1A[2K[1A[2K[1A[2K[1A[2K[1A[2K[1A[2K[1A[2K[1A[2K[1A[2K[1A[2K[1A[2K[1A[2K[1A[2K[1A[2K[1A[2K[G────────────────────────────────────────────────────────────────────────────────────────────────────────────────────────
streaming action… 586 chars

s11 intent can_verify noul=0.28 p=0.28 c=0.44 derived
s11 intent can_fix_environment noul=0.02 p=0.02 c=0.96 derived
s11 intent can_finish noul=0.80 p=0.80 c=0.60 derived
s11 intent plan_still_valid noul=0.20 p=0.20 c=0.60 derived
s11 context show:calc/core.py noul=0.44 p=0.44 c=0.12 derived
s11 context show:calc/__init__.py noul=0.05 p=0.05 c=0.90 derived
s11 context show:hypothesis/__init__.py noul=0.04 p=0.04 c=0.92 derived
s11 context show:hypothesis/strategies.py noul=0.03 p=0.03 c=0.94 derived
s11 context show:notes.txt noul=0.05 p=0.05 c=0.90 derived
s11 context show:pytest.ini noul=0.06 p=0.06 c=0.88 derived
s11 context show:README.md noul=0.04 p=0.04 c=0.92 derived
s11 context show:tests/test_core.py noul=0.18 p=0.18 c=0.64 derived
step 10/40  ⠧ context  wall 19m5s/30m  tokens gen 51.5k jev 158.2k  cost gen $0.130 jev $0.006 / cap $2.000
[?2026l[?2026h[2K[1A[2K[1A[2K[1A[2K[1A[2K[1A[2K[1A[2K[1A[2K[1A[2K[1A[2K[1A[2K[1A[2K[1A[2K[1A[2K[1A[2K[1A[2K[1A[2K[G────────────────────────────────────────────────────────────────────────────────────────────────────────────────────────
streaming action… 650 chars

s11 intent can_verify noul=0.28 p=0.28 c=0.44 derived
s11 intent can_fix_environment noul=0.02 p=0.02 c=0.96 derived
s11 intent can_finish noul=0.80 p=0.80 c=0.60 derived
s11 intent plan_still_valid noul=0.20 p=0.20 c=0.60 derived
s11 context show:calc/core.py noul=0.44 p=0.44 c=0.12 derived
s11 context show:calc/__init__.py noul=0.05 p=0.05 c=0.90 derived
s11 context show:hypothesis/__init__.py noul=0.04 p=0.04 c=0.92 derived
s11 context show:hypothesis/strategies.py noul=0.03 p=0.03 c=0.94 derived
s11 context show:notes.txt noul=0.05 p=0.05 c=0.90 derived
s11 context show:pytest.ini noul=0.06 p=0.06 c=0.88 derived
s11 context show:README.md noul=0.04 p=0.04 c=0.92 derived
s11 context show:tests/test_core.py noul=0.18 p=0.18 c=0.64 derived
step 10/40  ⠧ context  wall 19m5s/30m  tokens gen 51.5k jev 158.2k  cost gen $0.130 jev $0.006 / cap $2.000
[?2026l[?2026h[2K[1A[2K[1A[2K[1A[2K[1A[2K[1A[2K[1A[2K[1A[2K[1A[2K[1A[2K[1A[2K[1A[2K[1A[2K[1A[2K[1A[2K[1A[2K[1A[2K[G────────────────────────────────────────────────────────────────────────────────────────────────────────────────────────
streaming action… 650 chars

s11 intent can_verify noul=0.28 p=0.28 c=0.44 derived
s11 intent can_fix_environment noul=0.02 p=0.02 c=0.96 derived
s11 intent can_finish noul=0.80 p=0.80 c=0.60 derived
s11 intent plan_still_valid noul=0.20 p=0.20 c=0.60 derived
s11 context show:calc/core.py noul=0.44 p=0.44 c=0.12 derived
s11 context show:calc/__init__.py noul=0.05 p=0.05 c=0.90 derived
s11 context show:hypothesis/__init__.py noul=0.04 p=0.04 c=0.92 derived
s11 context show:hypothesis/strategies.py noul=0.03 p=0.03 c=0.94 derived
s11 context show:notes.txt noul=0.05 p=0.05 c=0.90 derived
s11 context show:pytest.ini noul=0.06 p=0.06 c=0.88 derived
s11 context show:README.md noul=0.04 p=0.04 c=0.92 derived
s11 context show:tests/test_core.py noul=0.18 p=0.18 c=0.64 derived
step 10/40  ⠇ context  wall 19m5s/30m  tokens gen 51.5k jev 158.2k  cost gen $0.130 jev $0.006 / cap $2.000
[?2026l[?2026h[2K[1A[2K[1A[2K[1A[2K[1A[2K[1A[2K[1A[2K[1A[2K[1A[2K[1A[2K[1A[2K[1A[2K[1A[2K[1A[2K[1A[2K[1A[2K[1A[2K[G────────────────────────────────────────────────────────────────────────────────────────────────────────────────────────
streaming action… 668 chars

s11 intent can_verify noul=0.28 p=0.28 c=0.44 derived
s11 intent can_fix_environment noul=0.02 p=0.02 c=0.96 derived
s11 intent can_finish noul=0.80 p=0.80 c=0.60 derived
s11 intent plan_still_valid noul=0.20 p=0.20 c=0.60 derived
s11 context show:calc/core.py noul=0.44 p=0.44 c=0.12 derived
s11 context show:calc/__init__.py noul=0.05 p=0.05 c=0.90 derived
s11 context show:hypothesis/__init__.py noul=0.04 p=0.04 c=0.92 derived
s11 context show:hypothesis/strategies.py noul=0.03 p=0.03 c=0.94 derived
s11 context show:notes.txt noul=0.05 p=0.05 c=0.90 derived
s11 context show:pytest.ini noul=0.06 p=0.06 c=0.88 derived
s11 context show:README.md noul=0.04 p=0.04 c=0.92 derived
s11 context show:tests/test_core.py noul=0.18 p=0.18 c=0.64 derived
step 10/40  ⠇ context  wall 19m5s/30m  tokens gen 51.5k jev 158.2k  cost gen $0.130 jev $0.006 / cap $2.000
[?2026l[?2026h[2K[1A[2K[1A[2K[1A[2K[1A[2K[1A[2K[1A[2K[1A[2K[1A[2K[1A[2K[1A[2K[1A[2K[1A[2K[1A[2K[1A[2K[1A[2K[1A[2K[G────────────────────────────────────────────────────────────────────────────────────────────────────────────────────────
streaming action… 668 chars

s11 intent can_verify noul=0.28 p=0.28 c=0.44 derived
s11 intent can_fix_environment noul=0.02 p=0.02 c=0.96 derived
s11 intent can_finish noul=0.80 p=0.80 c=0.60 derived
s11 intent plan_still_valid noul=0.20 p=0.20 c=0.60 derived
s11 context show:calc/core.py noul=0.44 p=0.44 c=0.12 derived
s11 context show:calc/__init__.py noul=0.05 p=0.05 c=0.90 derived
s11 context show:hypothesis/__init__.py noul=0.04 p=0.04 c=0.92 derived
s11 context show:hypothesis/strategies.py noul=0.03 p=0.03 c=0.94 derived
s11 context show:notes.txt noul=0.05 p=0.05 c=0.90 derived
s11 context show:pytest.ini noul=0.06 p=0.06 c=0.88 derived
s11 context show:README.md noul=0.04 p=0.04 c=0.92 derived
s11 context show:tests/test_core.py noul=0.18 p=0.18 c=0.64 derived
step 10/40  ⠏ context  wall 19m5s/30m  tokens gen 51.5k jev 158.2k  cost gen $0.130 jev $0.006 / cap $2.000
[?2026l[?2026h[2K[1A[2K[1A[2K[1A[2K[1A[2K[1A[2K[1A[2K[1A[2K[1A[2K[1A[2K[1A[2K[1A[2K[1A[2K[1A[2K[1A[2K[1A[2K[1A[2K[G────────────────────────────────────────────────────────────────────────────────────────────────────────────────────────
streaming action… 701 chars

s11 intent can_verify noul=0.28 p=0.28 c=0.44 derived
s11 intent can_fix_environment noul=0.02 p=0.02 c=0.96 derived
s11 intent can_finish noul=0.80 p=0.80 c=0.60 derived
s11 intent plan_still_valid noul=0.20 p=0.20 c=0.60 derived
s11 context show:calc/core.py noul=0.44 p=0.44 c=0.12 derived
s11 context show:calc/__init__.py noul=0.05 p=0.05 c=0.90 derived
s11 context show:hypothesis/__init__.py noul=0.04 p=0.04 c=0.92 derived
s11 context show:hypothesis/strategies.py noul=0.03 p=0.03 c=0.94 derived
s11 context show:notes.txt noul=0.05 p=0.05 c=0.90 derived
s11 context show:pytest.ini noul=0.06 p=0.06 c=0.88 derived
s11 context show:README.md noul=0.04 p=0.04 c=0.92 derived
s11 context show:tests/test_core.py noul=0.18 p=0.18 c=0.64 derived
step 10/40  ⠏ context  wall 19m5s/30m  tokens gen 51.5k jev 158.2k  cost gen $0.130 jev $0.006 / cap $2.000
[?2026l[?2026h[2K[1A[2K[1A[2K[1A[2K[1A[2K[1A[2K[1A[2K[1A[2K[1A[2K[1A[2K[1A[2K[1A[2K[1A[2K[1A[2K[1A[2K[1A[2K[1A[2K[G────────────────────────────────────────────────────────────────────────────────────────────────────────────────────────
streaming action… 715 chars

s11 intent can_verify noul=0.28 p=0.28 c=0.44 derived
s11 intent can_fix_environment noul=0.02 p=0.02 c=0.96 derived
s11 intent can_finish noul=0.80 p=0.80 c=0.60 derived
s11 intent plan_still_valid noul=0.20 p=0.20 c=0.60 derived
s11 context show:calc/core.py noul=0.44 p=0.44 c=0.12 derived
s11 context show:calc/__init__.py noul=0.05 p=0.05 c=0.90 derived
s11 context show:hypothesis/__init__.py noul=0.04 p=0.04 c=0.92 derived
s11 context show:hypothesis/strategies.py noul=0.03 p=0.03 c=0.94 derived
s11 context show:notes.txt noul=0.05 p=0.05 c=0.90 derived
s11 context show:pytest.ini noul=0.06 p=0.06 c=0.88 derived
s11 context show:README.md noul=0.04 p=0.04 c=0.92 derived
s11 context show:tests/test_core.py noul=0.18 p=0.18 c=0.64 derived
step 10/40  ⠏ context  wall 19m5s/30m  tokens gen 51.5k jev 158.2k  cost gen $0.130 jev $0.006 / cap $2.000
[?2026l[?2026h[2K[1A[2K[1A[2K[1A[2K[1A[2K[1A[2K[1A[2K[1A[2K[1A[2K[1A[2K[1A[2K[1A[2K[1A[2K[1A[2K[1A[2K[1A[2K[1A[2K[G────────────────────────────────────────────────────────────────────────────────────────────────────────────────────────
streaming action… 715 chars

s11 intent can_verify noul=0.28 p=0.28 c=0.44 derived
s11 intent can_fix_environment noul=0.02 p=0.02 c=0.96 derived
s11 intent can_finish noul=0.80 p=0.80 c=0.60 derived
s11 intent plan_still_valid noul=0.20 p=0.20 c=0.60 derived
s11 context show:calc/core.py noul=0.44 p=0.44 c=0.12 derived
s11 context show:calc/__init__.py noul=0.05 p=0.05 c=0.90 derived
s11 context show:hypothesis/__init__.py noul=0.04 p=0.04 c=0.92 derived
s11 context show:hypothesis/strategies.py noul=0.03 p=0.03 c=0.94 derived
s11 context show:notes.txt noul=0.05 p=0.05 c=0.90 derived
s11 context show:pytest.ini noul=0.06 p=0.06 c=0.88 derived
s11 context show:README.md noul=0.04 p=0.04 c=0.92 derived
s11 context show:tests/test_core.py noul=0.18 p=0.18 c=0.64 derived
step 10/40  ⠋ context  wall 19m5s/30m  tokens gen 51.5k jev 158.2k  cost gen $0.130 jev $0.006 / cap $2.000
[?2026l[?2026h[2K[1A[2K[1A[2K[1A[2K[1A[2K[1A[2K[1A[2K[1A[2K[1A[2K[1A[2K[1A[2K[1A[2K[1A[2K[1A[2K[1A[2K[1A[2K[1A[2K[G────────────────────────────────────────────────────────────────────────────────────────────────────────────────────────
streaming action… 739 chars

s11 intent can_verify noul=0.28 p=0.28 c=0.44 derived
s11 intent can_fix_environment noul=0.02 p=0.02 c=0.96 derived
s11 intent can_finish noul=0.80 p=0.80 c=0.60 derived
s11 intent plan_still_valid noul=0.20 p=0.20 c=0.60 derived
s11 context show:calc/core.py noul=0.44 p=0.44 c=0.12 derived
s11 context show:calc/__init__.py noul=0.05 p=0.05 c=0.90 derived
s11 context show:hypothesis/__init__.py noul=0.04 p=0.04 c=0.92 derived
s11 context show:hypothesis/strategies.py noul=0.03 p=0.03 c=0.94 derived
s11 context show:notes.txt noul=0.05 p=0.05 c=0.90 derived
s11 context show:pytest.ini noul=0.06 p=0.06 c=0.88 derived
s11 context show:README.md noul=0.04 p=0.04 c=0.92 derived
s11 context show:tests/test_core.py noul=0.18 p=0.18 c=0.64 derived
step 10/40  ⠋ context  wall 19m5s/30m  tokens gen 51.5k jev 158.2k  cost gen $0.130 jev $0.006 / cap $2.000
[?2026l[?2026h[2K[1A[2K[1A[2K[1A[2K[1A[2K[1A[2K[1A[2K[1A[2K[1A[2K[1A[2K[1A[2K[1A[2K[1A[2K[1A[2K[1A[2K[1A[2K[1A[2K[G────────────────────────────────────────────────────────────────────────────────────────────────────────────────────────
streaming action… 739 chars

s11 intent can_verify noul=0.28 p=0.28 c=0.44 derived
s11 intent can_fix_environment noul=0.02 p=0.02 c=0.96 derived
s11 intent can_finish noul=0.80 p=0.80 c=0.60 derived
s11 intent plan_still_valid noul=0.20 p=0.20 c=0.60 derived
s11 context show:calc/core.py noul=0.44 p=0.44 c=0.12 derived
s11 context show:calc/__init__.py noul=0.05 p=0.05 c=0.90 derived
s11 context show:hypothesis/__init__.py noul=0.04 p=0.04 c=0.92 derived
s11 context show:hypothesis/strategies.py noul=0.03 p=0.03 c=0.94 derived
s11 context show:notes.txt noul=0.05 p=0.05 c=0.90 derived
s11 context show:pytest.ini noul=0.06 p=0.06 c=0.88 derived
s11 context show:README.md noul=0.04 p=0.04 c=0.92 derived
s11 context show:tests/test_core.py noul=0.18 p=0.18 c=0.64 derived
step 10/40  ⠙ context  wall 19m5s/30m  tokens gen 51.5k jev 158.2k  cost gen $0.130 jev $0.006 / cap $2.000
[?2026l[?2026h[2K[1A[2K[1A[2K[1A[2K[1A[2K[1A[2K[1A[2K[1A[2K[1A[2K[1A[2K[1A[2K[1A[2K[1A[2K[1A[2K[1A[2K[1A[2K[1A[2K[G────────────────────────────────────────────────────────────────────────────────────────────────────────────────────────
streaming action… 749 chars

s11 intent can_verify noul=0.28 p=0.28 c=0.44 derived
s11 intent can_fix_environment noul=0.02 p=0.02 c=0.96 derived
s11 intent can_finish noul=0.80 p=0.80 c=0.60 derived
s11 intent plan_still_valid noul=0.20 p=0.20 c=0.60 derived
s11 context show:calc/core.py noul=0.44 p=0.44 c=0.12 derived
s11 context show:calc/__init__.py noul=0.05 p=0.05 c=0.90 derived
s11 context show:hypothesis/__init__.py noul=0.04 p=0.04 c=0.92 derived
s11 context show:hypothesis/strategies.py noul=0.03 p=0.03 c=0.94 derived
s11 context show:notes.txt noul=0.05 p=0.05 c=0.90 derived
s11 context show:pytest.ini noul=0.06 p=0.06 c=0.88 derived
s11 context show:README.md noul=0.04 p=0.04 c=0.92 derived
s11 context show:tests/test_core.py noul=0.18 p=0.18 c=0.64 derived
step 10/40  ⠙ context  wall 19m5s/30m  tokens gen 51.5k jev 158.2k  cost gen $0.130 jev $0.006 / cap $2.000
[?2026l[?2026h[2K[1A[2K[1A[2K[1A[2K[1A[2K[1A[2K[1A[2K[1A[2K[1A[2K[1A[2K[1A[2K[1A[2K[1A[2K[1A[2K[1A[2K[1A[2K[1A[2K[G────────────────────────────────────────────────────────────────────────────────────────────────────────────────────────
streaming action… 782 chars

s11 intent can_verify noul=0.28 p=0.28 c=0.44 derived
s11 intent can_fix_environment noul=0.02 p=0.02 c=0.96 derived
s11 intent can_finish noul=0.80 p=0.80 c=0.60 derived
s11 intent plan_still_valid noul=0.20 p=0.20 c=0.60 derived
s11 context show:calc/core.py noul=0.44 p=0.44 c=0.12 derived
s11 context show:calc/__init__.py noul=0.05 p=0.05 c=0.90 derived
s11 context show:hypothesis/__init__.py noul=0.04 p=0.04 c=0.92 derived
s11 context show:hypothesis/strategies.py noul=0.03 p=0.03 c=0.94 derived
s11 context show:notes.txt noul=0.05 p=0.05 c=0.90 derived
s11 context show:pytest.ini noul=0.06 p=0.06 c=0.88 derived
s11 context show:README.md noul=0.04 p=0.04 c=0.92 derived
s11 context show:tests/test_core.py noul=0.18 p=0.18 c=0.64 derived
step 10/40  ⠙ context  wall 19m5s/30m  tokens gen 51.5k jev 158.2k  cost gen $0.130 jev $0.006 / cap $2.000
[?2026l[?2026h[2K[1A[2K[1A[2K[1A[2K[1A[2K[1A[2K[1A[2K[1A[2K[1A[2K[1A[2K[1A[2K[1A[2K[1A[2K[1A[2K[1A[2K[1A[2K[1A[2K[G────────────────────────────────────────────────────────────────────────────────────────────────────────────────────────
streaming action… 782 chars

s11 intent can_verify noul=0.28 p=0.28 c=0.44 derived
s11 intent can_fix_environment noul=0.02 p=0.02 c=0.96 derived
s11 intent can_finish noul=0.80 p=0.80 c=0.60 derived
s11 intent plan_still_valid noul=0.20 p=0.20 c=0.60 derived
s11 context show:calc/core.py noul=0.44 p=0.44 c=0.12 derived
s11 context show:calc/__init__.py noul=0.05 p=0.05 c=0.90 derived
s11 context show:hypothesis/__init__.py noul=0.04 p=0.04 c=0.92 derived
s11 context show:hypothesis/strategies.py noul=0.03 p=0.03 c=0.94 derived
s11 context show:notes.txt noul=0.05 p=0.05 c=0.90 derived
s11 context show:pytest.ini noul=0.06 p=0.06 c=0.88 derived
s11 context show:README.md noul=0.04 p=0.04 c=0.92 derived
s11 context show:tests/test_core.py noul=0.18 p=0.18 c=0.64 derived
step 10/40  ⠹ context  wall 19m5s/30m  tokens gen 51.5k jev 158.2k  cost gen $0.130 jev $0.006 / cap $2.000
[?2026l[?2026h[2K[1A[2K[1A[2K[1A[2K[1A[2K[1A[2K[1A[2K[1A[2K[1A[2K[1A[2K[1A[2K[1A[2K[1A[2K[1A[2K[1A[2K[1A[2K[1A[2K[G────────────────────────────────────────────────────────────────────────────────────────────────────────────────────────
streaming action… 806 chars

s11 intent can_verify noul=0.28 p=0.28 c=0.44 derived
s11 intent can_fix_environment noul=0.02 p=0.02 c=0.96 derived
s11 intent can_finish noul=0.80 p=0.80 c=0.60 derived
s11 intent plan_still_valid noul=0.20 p=0.20 c=0.60 derived
s11 context show:calc/core.py noul=0.44 p=0.44 c=0.12 derived
s11 context show:calc/__init__.py noul=0.05 p=0.05 c=0.90 derived
s11 context show:hypothesis/__init__.py noul=0.04 p=0.04 c=0.92 derived
s11 context show:hypothesis/strategies.py noul=0.03 p=0.03 c=0.94 derived
s11 context show:notes.txt noul=0.05 p=0.05 c=0.90 derived
s11 context show:pytest.ini noul=0.06 p=0.06 c=0.88 derived
s11 context show:README.md noul=0.04 p=0.04 c=0.92 derived
s11 context show:tests/test_core.py noul=0.18 p=0.18 c=0.64 derived
step 10/40  ⠹ context  wall 19m5s/30m  tokens gen 51.5k jev 158.2k  cost gen $0.130 jev $0.006 / cap $2.000
[?2026l[?2026h[2K[1A[2K[1A[2K[1A[2K[1A[2K[1A[2K[1A[2K[1A[2K[1A[2K[1A[2K[1A[2K[1A[2K[1A[2K[1A[2K[1A[2K[1A[2K[1A[2K[G────────────────────────────────────────────────────────────────────────────────────────────────────────────────────────
streaming action… 806 chars

s11 intent can_verify noul=0.28 p=0.28 c=0.44 derived
s11 intent can_fix_environment noul=0.02 p=0.02 c=0.96 derived
s11 intent can_finish noul=0.80 p=0.80 c=0.60 derived
s11 intent plan_still_valid noul=0.20 p=0.20 c=0.60 derived
s11 context show:calc/core.py noul=0.44 p=0.44 c=0.12 derived
s11 context show:calc/__init__.py noul=0.05 p=0.05 c=0.90 derived
s11 context show:hypothesis/__init__.py noul=0.04 p=0.04 c=0.92 derived
s11 context show:hypothesis/strategies.py noul=0.03 p=0.03 c=0.94 derived
s11 context show:notes.txt noul=0.05 p=0.05 c=0.90 derived
s11 context show:pytest.ini noul=0.06 p=0.06 c=0.88 derived
s11 context show:README.md noul=0.04 p=0.04 c=0.92 derived
s11 context show:tests/test_core.py noul=0.18 p=0.18 c=0.64 derived
step 10/40  ⠸ context  wall 19m5s/30m  tokens gen 51.5k jev 158.2k  cost gen $0.130 jev $0.006 / cap $2.000
[?2026l[?2026h[2K[1A[2K[1A[2K[1A[2K[1A[2K[1A[2K[1A[2K[1A[2K[1A[2K[1A[2K[1A[2K[1A[2K[1A[2K[1A[2K[1A[2K[1A[2K[1A[2K[G────────────────────────────────────────────────────────────────────────────────────────────────────────────────────────
streaming action… 846 chars

s11 intent can_verify noul=0.28 p=0.28 c=0.44 derived
s11 intent can_fix_environment noul=0.02 p=0.02 c=0.96 derived
s11 intent can_finish noul=0.80 p=0.80 c=0.60 derived
s11 intent plan_still_valid noul=0.20 p=0.20 c=0.60 derived
s11 context show:calc/core.py noul=0.44 p=0.44 c=0.12 derived
s11 context show:calc/__init__.py noul=0.05 p=0.05 c=0.90 derived
s11 context show:hypothesis/__init__.py noul=0.04 p=0.04 c=0.92 derived
s11 context show:hypothesis/strategies.py noul=0.03 p=0.03 c=0.94 derived
s11 context show:notes.txt noul=0.05 p=0.05 c=0.90 derived
s11 context show:pytest.ini noul=0.06 p=0.06 c=0.88 derived
s11 context show:README.md noul=0.04 p=0.04 c=0.92 derived
s11 context show:tests/test_core.py noul=0.18 p=0.18 c=0.64 derived
step 10/40  ⠸ context  wall 19m5s/30m  tokens gen 51.5k jev 158.2k  cost gen $0.130 jev $0.006 / cap $2.000
[?2026l[?2026h[2K[1A[2K[1A[2K[1A[2K[1A[2K[1A[2K[1A[2K[1A[2K[1A[2K[1A[2K[1A[2K[1A[2K[1A[2K[1A[2K[1A[2K[1A[2K[1A[2K[G────────────────────────────────────────────────────────────────────────────────────────────────────────────────────────
streaming action… 846 chars

s11 intent can_verify noul=0.28 p=0.28 c=0.44 derived
s11 intent can_fix_environment noul=0.02 p=0.02 c=0.96 derived
s11 intent can_finish noul=0.80 p=0.80 c=0.60 derived
s11 intent plan_still_valid noul=0.20 p=0.20 c=0.60 derived
s11 context show:calc/core.py noul=0.44 p=0.44 c=0.12 derived
s11 context show:calc/__init__.py noul=0.05 p=0.05 c=0.90 derived
s11 context show:hypothesis/__init__.py noul=0.04 p=0.04 c=0.92 derived
s11 context show:hypothesis/strategies.py noul=0.03 p=0.03 c=0.94 derived
s11 context show:notes.txt noul=0.05 p=0.05 c=0.90 derived
s11 context show:pytest.ini noul=0.06 p=0.06 c=0.88 derived
s11 context show:README.md noul=0.04 p=0.04 c=0.92 derived
s11 context show:tests/test_core.py noul=0.18 p=0.18 c=0.64 derived
step 10/40  ⠼ context  wall 19m5s/30m  tokens gen 51.5k jev 158.2k  cost gen $0.130 jev $0.006 / cap $2.000
[?2026l[?2026h[2K[1A[2K[1A[2K[1A[2K[1A[2K[1A[2K[1A[2K[1A[2K[1A[2K[1A[2K[1A[2K[1A[2K[1A[2K[1A[2K[1A[2K[1A[2K[1A[2K[G────────────────────────────────────────────────────────────────────────────────────────────────────────────────────────
streaming action… 882 chars

s11 intent can_verify noul=0.28 p=0.28 c=0.44 derived
s11 intent can_fix_environment noul=0.02 p=0.02 c=0.96 derived
s11 intent can_finish noul=0.80 p=0.80 c=0.60 derived
s11 intent plan_still_valid noul=0.20 p=0.20 c=0.60 derived
s11 context show:calc/core.py noul=0.44 p=0.44 c=0.12 derived
s11 context show:calc/__init__.py noul=0.05 p=0.05 c=0.90 derived
s11 context show:hypothesis/__init__.py noul=0.04 p=0.04 c=0.92 derived
s11 context show:hypothesis/strategies.py noul=0.03 p=0.03 c=0.94 derived
s11 context show:notes.txt noul=0.05 p=0.05 c=0.90 derived
s11 context show:pytest.ini noul=0.06 p=0.06 c=0.88 derived
s11 context show:README.md noul=0.04 p=0.04 c=0.92 derived
s11 context show:tests/test_core.py noul=0.18 p=0.18 c=0.64 derived
step 10/40  ⠼ context  wall 19m5s/30m  tokens gen 51.5k jev 158.2k  cost gen $0.130 jev $0.006 / cap $2.000
[?2026l[?2026h[2K[1A[2K[1A[2K[1A[2K[1A[2K[1A[2K[1A[2K[1A[2K[1A[2K[1A[2K[1A[2K[1A[2K[1A[2K[1A[2K[1A[2K[1A[2K[1A[2K[G────────────────────────────────────────────────────────────────────────────────────────────────────────────────────────
streaming action… 900 chars

s11 intent can_verify noul=0.28 p=0.28 c=0.44 derived
s11 intent can_fix_environment noul=0.02 p=0.02 c=0.96 derived
s11 intent can_finish noul=0.80 p=0.80 c=0.60 derived
s11 intent plan_still_valid noul=0.20 p=0.20 c=0.60 derived
s11 context show:calc/core.py noul=0.44 p=0.44 c=0.12 derived
s11 context show:calc/__init__.py noul=0.05 p=0.05 c=0.90 derived
s11 context show:hypothesis/__init__.py noul=0.04 p=0.04 c=0.92 derived
s11 context show:hypothesis/strategies.py noul=0.03 p=0.03 c=0.94 derived
s11 context show:notes.txt noul=0.05 p=0.05 c=0.90 derived
s11 context show:pytest.ini noul=0.06 p=0.06 c=0.88 derived
s11 context show:README.md noul=0.04 p=0.04 c=0.92 derived
s11 context show:tests/test_core.py noul=0.18 p=0.18 c=0.64 derived
step 10/40  ⠼ context  wall 19m5s/30m  tokens gen 51.5k jev 158.2k  cost gen $0.130 jev $0.006 / cap $2.000
[?2026l[?2026h[2K[1A[2K[1A[2K[1A[2K[1A[2K[1A[2K[1A[2K[1A[2K[1A[2K[1A[2K[1A[2K[1A[2K[1A[2K[1A[2K[1A[2K[1A[2K[1A[2K[G────────────────────────────────────────────────────────────────────────────────────────────────────────────────────────
streaming action… 900 chars

s11 intent can_verify noul=0.28 p=0.28 c=0.44 derived
s11 intent can_fix_environment noul=0.02 p=0.02 c=0.96 derived
s11 intent can_finish noul=0.80 p=0.80 c=0.60 derived
s11 intent plan_still_valid noul=0.20 p=0.20 c=0.60 derived
s11 context show:calc/core.py noul=0.44 p=0.44 c=0.12 derived
s11 context show:calc/__init__.py noul=0.05 p=0.05 c=0.90 derived
s11 context show:hypothesis/__init__.py noul=0.04 p=0.04 c=0.92 derived
s11 context show:hypothesis/strategies.py noul=0.03 p=0.03 c=0.94 derived
s11 context show:notes.txt noul=0.05 p=0.05 c=0.90 derived
s11 context show:pytest.ini noul=0.06 p=0.06 c=0.88 derived
s11 context show:README.md noul=0.04 p=0.04 c=0.92 derived
s11 context show:tests/test_core.py noul=0.18 p=0.18 c=0.64 derived
step 10/40  ⠴ context  wall 19m5s/30m  tokens gen 51.5k jev 158.2k  cost gen $0.130 jev $0.006 / cap $2.000
[?2026l[?2026h[2K[1A[2K[1A[2K[1A[2K[1A[2K[1A[2K[1A[2K[1A[2K[1A[2K[1A[2K[1A[2K[1A[2K[1A[2K[1A[2K[1A[2K[1A[2K[1A[2K[G────────────────────────────────────────────────────────────────────────────────────────────────────────────────────────
streaming action… 911 chars

s11 intent can_verify noul=0.28 p=0.28 c=0.44 derived
s11 intent can_fix_environment noul=0.02 p=0.02 c=0.96 derived
s11 intent can_finish noul=0.80 p=0.80 c=0.60 derived
s11 intent plan_still_valid noul=0.20 p=0.20 c=0.60 derived
s11 context show:calc/core.py noul=0.44 p=0.44 c=0.12 derived
s11 context show:calc/__init__.py noul=0.05 p=0.05 c=0.90 derived
s11 context show:hypothesis/__init__.py noul=0.04 p=0.04 c=0.92 derived
s11 context show:hypothesis/strategies.py noul=0.03 p=0.03 c=0.94 derived
s11 context show:notes.txt noul=0.05 p=0.05 c=0.90 derived
s11 context show:pytest.ini noul=0.06 p=0.06 c=0.88 derived
s11 context show:README.md noul=0.04 p=0.04 c=0.92 derived
s11 context show:tests/test_core.py noul=0.18 p=0.18 c=0.64 derived
step 10/40  ⠴ context  wall 19m5s/30m  tokens gen 51.5k jev 158.2k  cost gen $0.130 jev $0.006 / cap $2.000
[?2026l[?2026h[2K[1A[2K[1A[2K[1A[2K[1A[2K[1A[2K[1A[2K[1A[2K[1A[2K[1A[2K[1A[2K[1A[2K[1A[2K[1A[2K[1A[2K[1A[2K[1A[2K[G────────────────────────────────────────────────────────────────────────────────────────────────────────────────────────
streaming action… 922 chars

s11 intent can_verify noul=0.28 p=0.28 c=0.44 derived
s11 intent can_fix_environment noul=0.02 p=0.02 c=0.96 derived
s11 intent can_finish noul=0.80 p=0.80 c=0.60 derived
s11 intent plan_still_valid noul=0.20 p=0.20 c=0.60 derived
s11 context show:calc/core.py noul=0.44 p=0.44 c=0.12 derived
s11 context show:calc/__init__.py noul=0.05 p=0.05 c=0.90 derived
s11 context show:hypothesis/__init__.py noul=0.04 p=0.04 c=0.92 derived
s11 context show:hypothesis/strategies.py noul=0.03 p=0.03 c=0.94 derived
s11 context show:notes.txt noul=0.05 p=0.05 c=0.90 derived
s11 context show:pytest.ini noul=0.06 p=0.06 c=0.88 derived
s11 context show:README.md noul=0.04 p=0.04 c=0.92 derived
s11 context show:tests/test_core.py noul=0.18 p=0.18 c=0.64 derived
step 10/40  ⠴ context  wall 19m5s/30m  tokens gen 51.5k jev 158.2k  cost gen $0.130 jev $0.006 / cap $2.000
[?2026l[?2026h[2K[1A[2K[1A[2K[1A[2K[1A[2K[1A[2K[1A[2K[1A[2K[1A[2K[1A[2K[1A[2K[1A[2K[1A[2K[1A[2K[1A[2K[1A[2K[1A[2K[G────────────────────────────────────────────────────────────────────────────────────────────────────────────────────────
streaming action… 922 chars

s11 intent can_verify noul=0.28 p=0.28 c=0.44 derived
s11 intent can_fix_environment noul=0.02 p=0.02 c=0.96 derived
s11 intent can_finish noul=0.80 p=0.80 c=0.60 derived
s11 intent plan_still_valid noul=0.20 p=0.20 c=0.60 derived
s11 context show:calc/core.py noul=0.44 p=0.44 c=0.12 derived
s11 context show:calc/__init__.py noul=0.05 p=0.05 c=0.90 derived
s11 context show:hypothesis/__init__.py noul=0.04 p=0.04 c=0.92 derived
s11 context show:hypothesis/strategies.py noul=0.03 p=0.03 c=0.94 derived
s11 context show:notes.txt noul=0.05 p=0.05 c=0.90 derived
s11 context show:pytest.ini noul=0.06 p=0.06 c=0.88 derived
s11 context show:README.md noul=0.04 p=0.04 c=0.92 derived
s11 context show:tests/test_core.py noul=0.18 p=0.18 c=0.64 derived
step 10/40  ⠦ context  wall 19m5s/30m  tokens gen 51.5k jev 158.2k  cost gen $0.130 jev $0.006 / cap $2.000
[?2026l[?2026h[2K[1A[2K[1A[2K[1A[2K[1A[2K[1A[2K[1A[2K[1A[2K[1A[2K[1A[2K[1A[2K[1A[2K[1A[2K[1A[2K[1A[2K[1A[2K[1A[2K[G────────────────────────────────────────────────────────────────────────────────────────────────────────────────────────
streaming action… 923 chars

s11 intent can_verify noul=0.28 p=0.28 c=0.44 derived
s11 intent can_fix_environment noul=0.02 p=0.02 c=0.96 derived
s11 intent can_finish noul=0.80 p=0.80 c=0.60 derived
s11 intent plan_still_valid noul=0.20 p=0.20 c=0.60 derived
s11 context show:calc/core.py noul=0.44 p=0.44 c=0.12 derived
s11 context show:calc/__init__.py noul=0.05 p=0.05 c=0.90 derived
s11 context show:hypothesis/__init__.py noul=0.04 p=0.04 c=0.92 derived
s11 context show:hypothesis/strategies.py noul=0.03 p=0.03 c=0.94 derived
s11 context show:notes.txt noul=0.05 p=0.05 c=0.90 derived
s11 context show:pytest.ini noul=0.06 p=0.06 c=0.88 derived
s11 context show:README.md noul=0.04 p=0.04 c=0.92 derived
s11 context show:tests/test_core.py noul=0.18 p=0.18 c=0.64 derived
step 10/40  ⠦ context  wall 19m5s/30m  tokens gen 51.5k jev 158.2k  cost gen $0.130 jev $0.006 / cap $2.000
[?2026l[?2026h[2K[1A[2K[1A[2K[1A[2K[1A[2K[1A[2K[1A[2K[1A[2K[1A[2K[1A[2K[1A[2K[1A[2K[1A[2K[1A[2K[1A[2K[1A[2K[1A[2K[G────────────────────────────────────────────────────────────────────────────────────────────────────────────────────────
streaming action… 923 chars

s11 intent can_verify noul=0.28 p=0.28 c=0.44 derived
s11 intent can_fix_environment noul=0.02 p=0.02 c=0.96 derived
s11 intent can_finish noul=0.80 p=0.80 c=0.60 derived
s11 intent plan_still_valid noul=0.20 p=0.20 c=0.60 derived
s11 context show:calc/core.py noul=0.44 p=0.44 c=0.12 derived
s11 context show:calc/__init__.py noul=0.05 p=0.05 c=0.90 derived
s11 context show:hypothesis/__init__.py noul=0.04 p=0.04 c=0.92 derived
s11 context show:hypothesis/strategies.py noul=0.03 p=0.03 c=0.94 derived
s11 context show:notes.txt noul=0.05 p=0.05 c=0.90 derived
s11 context show:pytest.ini noul=0.06 p=0.06 c=0.88 derived
s11 context show:README.md noul=0.04 p=0.04 c=0.92 derived
s11 context show:tests/test_core.py noul=0.18 p=0.18 c=0.64 derived
step 10/40  ⠧ context  wall 19m5s/30m  tokens gen 51.5k jev 158.2k  cost gen $0.130 jev $0.006 / cap $2.000
[?2026l[?2026h[2K[1A[2K[1A[2K[1A[2K[1A[2K[1A[2K[1A[2K[1A[2K[1A[2K[1A[2K[1A[2K[1A[2K[1A[2K[1A[2K[1A[2K[1A[2K[1A[2K[G[step 11] proposal done All four functions in calc/core.py (add, safe_divide, mean, parse_expression) have one-line
docstrings, confirmed via grep output in step 10 showing docstring lines for each function. Tests verified passing
multiple times, most recently in step 10's combined run: pytest -q reported 8 passed, 0 failed, 0 errors.: Confirm
completion: all functions in calc/core.py have one-line docstrings and tests pass. | plan done=5 remaining=0 open=0
All four functions in calc/core.py (add, safe_divide, mean, parse_expression) have one-line docstrings, confirmed via
grep output in step 10 showing docstring lines for each function. Tests verified passing multiple times, most recently
in step 10's combined run: pytest -q reported 8 passed, 0 failed, 0 errors.
────────────────────────────────────────────────────────────────────────────────────────────────────────────────────────


s11 intent can_verify noul=0.28 p=0.28 c=0.44 derived
s11 intent can_fix_environment noul=0.02 p=0.02 c=0.96 derived
s11 intent can_finish noul=0.80 p=0.80 c=0.60 derived
s11 intent plan_still_valid noul=0.20 p=0.20 c=0.60 derived
s11 context show:calc/core.py noul=0.44 p=0.44 c=0.12 derived
s11 context show:calc/__init__.py noul=0.05 p=0.05 c=0.90 derived
s11 context show:hypothesis/__init__.py noul=0.04 p=0.04 c=0.92 derived
s11 context show:hypothesis/strategies.py noul=0.03 p=0.03 c=0.94 derived
s11 context show:notes.txt noul=0.05 p=0.05 c=0.90 derived
s11 context show:pytest.ini noul=0.06 p=0.06 c=0.88 derived
s11 context show:README.md noul=0.04 p=0.04 c=0.92 derived
s11 context show:tests/test_core.py noul=0.18 p=0.18 c=0.64 derived
step 10/40  ⠧ propose  wall 19m10s/30m  tokens gen 57.4k jev 158.2k  cost gen $0.146 jev $0.006 / cap $2.000
[?2026l[?2026h[2K[1A[2K[1A[2K[1A[2K[1A[2K[1A[2K[1A[2K[1A[2K[1A[2K[1A[2K[1A[2K[1A[2K[1A[2K[1A[2K[1A[2K[1A[2K[1A[2K[G────────────────────────────────────────────────────────────────────────────────────────────────────────────────────────


s11 intent can_verify noul=0.28 p=0.28 c=0.44 derived
s11 intent can_fix_environment noul=0.02 p=0.02 c=0.96 derived
s11 intent can_finish noul=0.80 p=0.80 c=0.60 derived
s11 intent plan_still_valid noul=0.20 p=0.20 c=0.60 derived
s11 context show:calc/core.py noul=0.44 p=0.44 c=0.12 derived
s11 context show:calc/__init__.py noul=0.05 p=0.05 c=0.90 derived
s11 context show:hypothesis/__init__.py noul=0.04 p=0.04 c=0.92 derived
s11 context show:hypothesis/strategies.py noul=0.03 p=0.03 c=0.94 derived
s11 context show:notes.txt noul=0.05 p=0.05 c=0.90 derived
s11 context show:pytest.ini noul=0.06 p=0.06 c=0.88 derived
s11 context show:README.md noul=0.04 p=0.04 c=0.92 derived
s11 context show:tests/test_core.py noul=0.18 p=0.18 c=0.64 derived
step 10/40  ⠇ propose  wall 19m10s/30m  tokens gen 57.4k jev 158.2k  cost gen $0.146 jev $0.006 / cap $2.000
[?2026l[?2026h[2K[1A[2K[1A[2K[1A[2K[1A[2K[1A[2K[1A[2K[1A[2K[1A[2K[1A[2K[1A[2K[1A[2K[1A[2K[1A[2K[1A[2K[1A[2K[1A[2K[G[step 11] risk=0.10 ok: risk 0.10 (ok) from plan_mismatch: 0.10 probability of level 3 or above; dominant level 0
"matches `intent` and the plan"; Jev confidence 0.68
[step 11] outcome noop: All four functions in calc/core.py (add, safe_divide, mean, parse_expression) have one-line
docstrings, confirmed via grep output in step 10 showing docstring lines for each function. Tests verified passing
multiple times, most recently in step 10's combined run: pytest -q reported 8 passed, 0 failed, 0 errors.
────────────────────────────────────────────────────────────────────────────────────────────────────────────────────────


s11 context show:calc/__init__.py noul=0.05 p=0.05 c=0.90 derived
s11 context show:hypothesis/__init__.py noul=0.04 p=0.04 c=0.92 derived
s11 context show:hypothesis/strategies.py noul=0.03 p=0.03 c=0.94 derived
s11 context show:notes.txt noul=0.05 p=0.05 c=0.90 derived
s11 context show:pytest.ini noul=0.06 p=0.06 c=0.88 derived
s11 context show:README.md noul=0.04 p=0.04 c=0.92 derived
s11 context show:tests/test_core.py noul=0.18 p=0.18 c=0.64 derived
s11 risk destructive score=0.01 p=1.00 c=1.00 [ok]
s11 risk out_of_scope score=0.06 p=0.98 c=0.97 [ok]
s11 risk plan_mismatch score=0.39 p=0.86 c=0.68 [ok]
s11 risk irreversible score=0.02 p=1.00 c=1.00 [ok]
s11 risk matches_intent noul=0.94 p=0.94 c=0.88 derived
step 10/40  ⠇ execute  wall 19m10s/30m  tokens gen 57.4k jev 162.7k  cost gen $0.146 jev $0.007 / cap $2.000
[?2026l[?2026h[2K[1A[2K[1A[2K[1A[2K[1A[2K[1A[2K[1A[2K[1A[2K[1A[2K[1A[2K[1A[2K[1A[2K[1A[2K[1A[2K[1A[2K[1A[2K[1A[2K[G────────────────────────────────────────────────────────────────────────────────────────────────────────────────────────


s11 context show:calc/__init__.py noul=0.05 p=0.05 c=0.90 derived
s11 context show:hypothesis/__init__.py noul=0.04 p=0.04 c=0.92 derived
s11 context show:hypothesis/strategies.py noul=0.03 p=0.03 c=0.94 derived
s11 context show:notes.txt noul=0.05 p=0.05 c=0.90 derived
s11 context show:pytest.ini noul=0.06 p=0.06 c=0.88 derived
s11 context show:README.md noul=0.04 p=0.04 c=0.92 derived
s11 context show:tests/test_core.py noul=0.18 p=0.18 c=0.64 derived
s11 risk destructive score=0.01 p=1.00 c=1.00 [ok]
s11 risk out_of_scope score=0.06 p=0.98 c=0.97 [ok]
s11 risk plan_mismatch score=0.39 p=0.86 c=0.68 [ok]
s11 risk irreversible score=0.02 p=1.00 c=1.00 [ok]
s11 risk matches_intent noul=0.94 p=0.94 c=0.88 derived
step 10/40  ⠏ execute  wall 19m10s/30m  tokens gen 57.4k jev 162.7k  cost gen $0.146 jev $0.007 / cap $2.000
[?2026l[?2026h[2K[1A[2K[1A[2K[1A[2K[1A[2K[1A[2K[1A[2K[1A[2K[1A[2K[1A[2K[1A[2K[1A[2K[1A[2K[1A[2K[1A[2K[1A[2K[1A[2K[G────────────────────────────────────────────────────────────────────────────────────────────────────────────────────────


s11 context show:calc/__init__.py noul=0.05 p=0.05 c=0.90 derived
s11 context show:hypothesis/__init__.py noul=0.04 p=0.04 c=0.92 derived
s11 context show:hypothesis/strategies.py noul=0.03 p=0.03 c=0.94 derived
s11 context show:notes.txt noul=0.05 p=0.05 c=0.90 derived
s11 context show:pytest.ini noul=0.06 p=0.06 c=0.88 derived
s11 context show:README.md noul=0.04 p=0.04 c=0.92 derived
s11 context show:tests/test_core.py noul=0.18 p=0.18 c=0.64 derived
s11 risk destructive score=0.01 p=1.00 c=1.00 [ok]
s11 risk out_of_scope score=0.06 p=0.98 c=0.97 [ok]
s11 risk plan_mismatch score=0.39 p=0.86 c=0.68 [ok]
s11 risk irreversible score=0.02 p=1.00 c=1.00 [ok]
s11 risk matches_intent noul=0.94 p=0.94 c=0.88 derived
step 10/40  ⠋ execute  wall 19m10s/30m  tokens gen 57.4k jev 162.7k  cost gen $0.146 jev $0.007 / cap $2.000
[?2026l[?2026h[2K[1A[2K[1A[2K[1A[2K[1A[2K[1A[2K[1A[2K[1A[2K[1A[2K[1A[2K[1A[2K[1A[2K[1A[2K[1A[2K[1A[2K[1A[2K[1A[2K[G────────────────────────────────────────────────────────────────────────────────────────────────────────────────────────


s11 context show:calc/__init__.py noul=0.05 p=0.05 c=0.90 derived
s11 context show:hypothesis/__init__.py noul=0.04 p=0.04 c=0.92 derived
s11 context show:hypothesis/strategies.py noul=0.03 p=0.03 c=0.94 derived
s11 context show:notes.txt noul=0.05 p=0.05 c=0.90 derived
s11 context show:pytest.ini noul=0.06 p=0.06 c=0.88 derived
s11 context show:README.md noul=0.04 p=0.04 c=0.92 derived
s11 context show:tests/test_core.py noul=0.18 p=0.18 c=0.64 derived
s11 risk destructive score=0.01 p=1.00 c=1.00 [ok]
s11 risk out_of_scope score=0.06 p=0.98 c=0.97 [ok]
s11 risk plan_mismatch score=0.39 p=0.86 c=0.68 [ok]
s11 risk irreversible score=0.02 p=1.00 c=1.00 [ok]
s11 risk matches_intent noul=0.94 p=0.94 c=0.88 derived
step 10/40  ⠙ execute  wall 19m10s/30m  tokens gen 57.4k jev 162.7k  cost gen $0.146 jev $0.007 / cap $2.000
[?2026l[?2026h[2K[1A[2K[1A[2K[1A[2K[1A[2K[1A[2K[1A[2K[1A[2K[1A[2K[1A[2K[1A[2K[1A[2K[1A[2K[1A[2K[1A[2K[1A[2K[1A[2K[G[step 11] judge skipped completion=0.86
[step 11] plan done=12 remaining=7 unverified=0 problems=9 rejected: "Added one-line docstrings to all functions in
calc/core.py (add, safe_divide, m…"; "Confirmed via grep in step 10 that each function has exactly one docstring line";
"Ran tests with pytest -q in step 10 combined check: 8 passed, 0 failed, 0 errors"; "Ran tests with pytest -v in step 7:
 8 passed, 0 failed, 0 errors"; "Multiple prior reads (steps 3,4,6,8) confirmed docstrings present"
────────────────────────────────────────────────────────────────────────────────────────────────────────────────────────


s11 context show:hypothesis/__init__.py noul=0.04 p=0.04 c=0.92 derived
s11 context show:hypothesis/strategies.py noul=0.03 p=0.03 c=0.94 derived
s11 context show:notes.txt noul=0.05 p=0.05 c=0.90 derived
s11 context show:pytest.ini noul=0.06 p=0.06 c=0.88 derived
s11 context show:README.md noul=0.04 p=0.04 c=0.92 derived
s11 context show:tests/test_core.py noul=0.18 p=0.18 c=0.64 derived
s11 risk destructive score=0.01 p=1.00 c=1.00 [ok]
s11 risk out_of_scope score=0.06 p=0.98 c=0.97 [ok]
s11 risk plan_mismatch score=0.39 p=0.86 c=0.68 [ok]
s11 risk irreversible score=0.02 p=1.00 c=1.00 [ok]
s11 risk matches_intent noul=0.94 p=0.94 c=0.88 derived
s11 complete task_complete noul=0.86 p=0.86 c=0.72 derived
step 11/40  ⠙ judge  wall 19m10s/30m  tokens gen 57.4k jev 166.6k  cost gen $0.146 jev $0.007 / cap $2.000
[?2026l[?2026h[2K[1A[2K[1A[2K[1A[2K[1A[2K[1A[2K[1A[2K[1A[2K[1A[2K[1A[2K[1A[2K[1A[2K[1A[2K[1A[2K[1A[2K[1A[2K[1A[2K[G[run] stop: complete at step 11
────────────────────────────────────────────────────────────────────────────────────────────────────────────────────────


s11 context show:hypothesis/__init__.py noul=0.04 p=0.04 c=0.92 derived
s11 context show:hypothesis/strategies.py noul=0.03 p=0.03 c=0.94 derived
s11 context show:notes.txt noul=0.05 p=0.05 c=0.90 derived
s11 context show:pytest.ini noul=0.06 p=0.06 c=0.88 derived
s11 context show:README.md noul=0.04 p=0.04 c=0.92 derived
s11 context show:tests/test_core.py noul=0.18 p=0.18 c=0.64 derived
s11 risk destructive score=0.01 p=1.00 c=1.00 [ok]
s11 risk out_of_scope score=0.06 p=0.98 c=0.97 [ok]
s11 risk plan_mismatch score=0.39 p=0.86 c=0.68 [ok]
s11 risk irreversible score=0.02 p=1.00 c=1.00 [ok]
s11 risk matches_intent noul=0.94 p=0.94 c=0.88 derived
s11 complete task_complete noul=0.86 p=0.86 c=0.72 derived
step 11/40  ⠙ judge  wall 19m10s/30m  tokens gen 57.4k jev 166.6k  cost gen $0.146 jev $0.007 / cap $2.000
[?2026l[?25h[?25h[?25h
<<demo: exit 0>>
