[6 q[?2026h[run] jevcode session · JevCode | step 0/– starting
[?25l[2m────────────────────────────────────────────────────────────────────────────────────────────────────────────────────────[22m
> [2mDescribe the task…   / commands · @ files · ? help · Enter runs[22m
idle                                                                                                    step 0/–  ? help
[2A[3G[?25h[?2026l[?2004h[?2026h[?25l[2B[1G[2K[1A[2K[1A[2K[1A[2K[G[2m[sandbox] seatbelt — writes confined to the workspace and run dirs; harness secret files, ~/.ssh, ~/.aws unreadable; [22m
[2mreads elsewhere and network allowed unless --no-network[22m
[2m────────────────────────────────────────────────────────────────────────────────────────────────────────────────────────[22m
> [2mDescribe the task…   / commands · @ files · ? help · Enter runs[22m
idle                                                                                                    step 0/–  ? help
[2A[3G[?25h[?2026l[?2026h[?25l[2B[1G[2K[1A[2K[1A[2K[1A[2K[G[2m[ui] recent: "Remove the untracked scratch file notes.txt." · 1m ago  (Enter continues, /resume browses)[22m
[2m────────────────────────────────────────────────────────────────────────────────────────────────────────────────────────[22m
> [2mDescribe the task…   / commands · @ files · ? help · Enter runs[22m
idle                                                                                step 0/–  sess $0.00/5.00 ok  ? help
[2A[3G[?25h[?2026l[?2026h[?25l[2B[1G[2K[1A[2K[1A[2K[1A[2K[G[2m────────────────────────────────────────────────────────────────────────────────────────────────────────────────────────[22m
[33m> [39m[2mType to steer the next step…   Esc pauses · Esc Esc aborts[22m
starting                                                                            step 0/–  sess $0.00/5.00 ok  ? help
[2A[3G[?25h[?2026l[?2026h[?25l[2B[1G[2K[1A[2K[1A[2K[1A[2K[G[run] start 20260921-103525-arhva4xt mode=jev-on task: Fix the failing tests in tests/test_core.py without changing the
tests.
[2m[run] ready 20260921-103525-arhva4xt step 0/12[22m
[2m[run] git main · 1 modified · 1091 untracked[22m
[2m─── decisions s0 · c~ derived |2p−1| ────────────────────────────────── [d]ecisions [p]lan [t]imeline [s]ynth ─── plan ─[22m
[2m(no decisions yet)                                         │ (no plan yet)[22m











[33m> [39m[2mType to steer the next step…   Esc pauses · Esc Esc aborts[22m
starting                20260921-103525-arhva4xt                step 0/12  sess $0.00/5.00 ok  ⎇ main · 1~ 1091?  ? help
[2A[3G[?25h[?2026l[?2026h[?25l[2B[1G[2K[1A[2K[1A[2K[1A[2K[1A[2K[1A[2K[1A[2K[1A[2K[1A[2K[1A[2K[1A[2K[1A[2K[1A[2K[1A[2K[1A[2K[1A[2K[G[2m[step 1] intent=verify p=0.92 c=0.90[22m
[2m─── decisions s0 · c~ derived |2p−1| ────────────────────────────────── [d]ecisions [p]lan [t]imeline [s]ynth ─── plan ─[22m
s1 intent  intent          veri… █████████▎ 0.92 chosen    │ (no plan yet)
s1 intent  can_investigate noul  █████████▎ 0.92           │
s1 intent  can_edit        noul  █▎········ 0.13           │
s1 intent  can_verify      noul  ████████▍· 0.84           │
s1 intent  can_fix_enviro… noul  █▊········ 0.18           │
s1 intent  can_finish      noul  ▎········· 0.03           │
s1 intent  plan_still_val… noul  █████▎···· 0.53           │





[33m> [39m[2mType to steer the next step…   Esc pauses · Esc Esc aborts[22m
⠋ intent             step 0/12 0m00s  run $0.00/1.00 ok  sess $0.00/5.00 ok  ⎇ main · 1~ 1091?  jev            ▃  ? help
[2A[3G[?25h[?2026l[?2026h[?25l[2B[1G[2K[1A[2K[1A[2K[1A[2K[1A[2K[1A[2K[1A[2K[1A[2K[1A[2K[1A[2K[1A[2K[1A[2K[1A[2K[1A[2K[1A[2K[1A[2K[G[2m─── decisions s0 · c~ derived |2p−1| ────────────────────────────────── [d]ecisions [p]lan [t]imeline [s]ynth ─── plan ─[22m
s1 intent  intent          veri… █████████▎ 0.92 chosen    │ (no plan yet)
s1 intent  can_investigate noul  █████████▎ 0.92           │
s1 intent  can_edit        noul  █▎········ 0.13           │
s1 intent  can_verify      noul  ████████▍· 0.84           │
s1 intent  can_fix_enviro… noul  █▊········ 0.18           │
s1 intent  can_finish      noul  ▎········· 0.03           │
s1 intent  plan_still_val… noul  █████▎···· 0.53           │





[33m> [39m[2mType to steer the next step…   Esc pauses · Esc Esc aborts[22m
⠙ intent             step 0/12 0m00s  run $0.00/1.00 ok  sess $0.00/5.00 ok  ⎇ main · 1~ 1091?  jev            ▃  ? help
[2A[3G[?25h[?2026l[?2026h[?25l[2B[1G[2K[1A[2K[1A[2K[1A[2K[1A[2K[1A[2K[1A[2K[1A[2K[1A[2K[1A[2K[1A[2K[1A[2K[1A[2K[1A[2K[1A[2K[1A[2K[G[2m─── decisions s0 · c~ derived |2p−1| ────────────────────────────────── [d]ecisions [p]lan [t]imeline [s]ynth ─── plan ─[22m
s1 intent  intent          veri… █████████▎ 0.92 chosen    │ (no plan yet)
s1 intent  can_investigate noul  █████████▎ 0.92           │
s1 intent  can_edit        noul  █▎········ 0.13           │
s1 intent  can_verify      noul  ████████▍· 0.84           │
s1 intent  can_fix_enviro… noul  █▊········ 0.18           │
s1 intent  can_finish      noul  ▎········· 0.03           │
s1 intent  plan_still_val… noul  █████▎···· 0.53           │





[33m> [39m[2mType to steer the next step…   Esc pauses · Esc Esc aborts[22m
⠹ intent             step 0/12 0m00s  run $0.00/1.00 ok  sess $0.00/5.00 ok  ⎇ main · 1~ 1091?  jev            ▃  ? help
[2A[3G[?25h[?2026l[?2026h[?25l[2B[1G[2K[1A[2K[1A[2K[1A[2K[1A[2K[1A[2K[1A[2K[1A[2K[1A[2K[1A[2K[1A[2K[1A[2K[1A[2K[1A[2K[1A[2K[1A[2K[G[2m─── decisions s0 · c~ derived |2p−1| ────────────────────────────────── [d]ecisions [p]lan [t]imeline [s]ynth ─── plan ─[22m
s1 intent  intent          veri… █████████▎ 0.92 chosen    │ (no plan yet)
s1 intent  can_investigate noul  █████████▎ 0.92           │
s1 intent  can_edit        noul  █▎········ 0.13           │
s1 intent  can_verify      noul  ████████▍· 0.84           │
s1 intent  can_fix_enviro… noul  █▊········ 0.18           │
s1 intent  can_finish      noul  ▎········· 0.03           │
s1 intent  plan_still_val… noul  █████▎···· 0.53           │





[33m> [39m[2mType to steer the next step…   Esc pauses · Esc Esc aborts[22m
⠸ intent             step 0/12 0m00s  run $0.00/1.00 ok  sess $0.00/5.00 ok  ⎇ main · 1~ 1091?  jev            ▃  ? help
[2A[3G[?25h[?2026l[?2026h[?25l[2B[1G[2K[1A[2K[1A[2K[1A[2K[1A[2K[1A[2K[1A[2K[1A[2K[1A[2K[1A[2K[1A[2K[1A[2K[1A[2K[1A[2K[1A[2K[1A[2K[G[2m─── decisions s0 · c~ derived |2p−1| ────────────────────────────────── [d]ecisions [p]lan [t]imeline [s]ynth ─── plan ─[22m
s1 intent  intent          veri… █████████▎ 0.92 chosen    │ (no plan yet)
s1 intent  can_investigate noul  █████████▎ 0.92           │
s1 intent  can_edit        noul  █▎········ 0.13           │
s1 intent  can_verify      noul  ████████▍· 0.84           │
s1 intent  can_fix_enviro… noul  █▊········ 0.18           │
s1 intent  can_finish      noul  ▎········· 0.03           │
s1 intent  plan_still_val… noul  █████▎···· 0.53           │





[33m> [39m[2mType to steer the next step…   Esc pauses · Esc Esc aborts[22m
⠼ intent             step 0/12 0m00s  run $0.00/1.00 ok  sess $0.00/5.00 ok  ⎇ main · 1~ 1091?  jev            ▃  ? help
[2A[3G[?25h[?2026l[?2026h[?25l[2B[1G[2K[1A[2K[1A[2K[1A[2K[1A[2K[1A[2K[1A[2K[1A[2K[1A[2K[1A[2K[1A[2K[1A[2K[1A[2K[1A[2K[1A[2K[1A[2K[G[2m─── decisions s0 · c~ derived |2p−1| ────────────────────────────────── [d]ecisions [p]lan [t]imeline [s]ynth ─── plan ─[22m
s1 context show:.venv/lib… noul  ▌········· 0.05           │ (no plan yet)
s1 context show:.venv/lib… noul  ▍········· 0.04           │
s1 context show:.venv/lib… noul  ▍········· 0.04           │
s1 context show:.venv/lib… noul  ▎········· 0.03           │
s1 context show:.venv/lib… noul  ▍········· 0.04           │
s1 context show:.venv/lib… noul  ▍········· 0.04           │
s1 context show:.venv/lib… noul  ▎········· 0.03           │
s1 context show:.venv/lib… noul  ▍········· 0.04           │
s1 context show:.venv/lib… noul  ▎········· 0.03           │
s1 context show:.venv/lib… noul  ▍········· 0.04           │
s1 context show:.venv/lib… noul  ▍········· 0.04           │
s1 context show:.venv/lib… noul  ▍········· 0.04           │
[33m> [39m[2mType to steer the next step…   Esc pauses · Esc Esc aborts[22m
⠼ intent             step 0/12 0m00s  run $0.00/1.00 ok  sess $0.00/5.00 ok  ⎇ main · 1~ 1091?  jev           ▃▅  ? help
[2A[3G[?25h[?2026l[?2026h[?25l[2B[1G[2K[1A[2K[1A[2K[1A[2K[1A[2K[1A[2K[1A[2K[1A[2K[1A[2K[1A[2K[1A[2K[1A[2K[1A[2K[1A[2K[1A[2K[1A[2K[G[2m─── decisions s0 · c~ derived |2p−1| ────────────────────────────────── [d]ecisions [p]lan [t]imeline [s]ynth ─── plan ─[22m
s1 context show:.venv/lib… noul  ▌········· 0.05           │ (no plan yet)
s1 context show:.venv/lib… noul  ▍········· 0.04           │
s1 context show:.venv/lib… noul  ▍········· 0.04           │
s1 context show:.venv/lib… noul  ▎········· 0.03           │
s1 context show:.venv/lib… noul  ▍········· 0.04           │
s1 context show:.venv/lib… noul  ▍········· 0.04           │
s1 context show:.venv/lib… noul  ▎········· 0.03           │
s1 context show:.venv/lib… noul  ▍········· 0.04           │
s1 context show:.venv/lib… noul  ▎········· 0.03           │
s1 context show:.venv/lib… noul  ▍········· 0.04           │
s1 context show:.venv/lib… noul  ▍········· 0.04           │
s1 context show:.venv/lib… noul  ▍········· 0.04           │
[33m> [39m[2mType to steer the next step…   Esc pauses · Esc Esc aborts[22m
⠴ intent             step 0/12 0m00s  run $0.00/1.00 ok  sess $0.00/5.00 ok  ⎇ main · 1~ 1091?  jev           ▃▅  ? help
[2A[3G[?25h[?2026l[?2026h[?25l[2B[1G[2K[1A[2K[1A[2K[1A[2K[1A[2K[1A[2K[1A[2K[1A[2K[1A[2K[1A[2K[1A[2K[1A[2K[1A[2K[1A[2K[1A[2K[1A[2K[G[2m─── decisions s0 · c~ derived |2p−1| ────────────────────────────────── [d]ecisions [p]lan [t]imeline [s]ynth ─── plan ─[22m
s1 context show:.venv/lib… noul  ▌········· 0.05           │ (no plan yet)
s1 context show:.venv/lib… noul  ▍········· 0.04           │
s1 context show:.venv/lib… noul  ▍········· 0.04           │
s1 context show:.venv/lib… noul  ▎········· 0.03           │
s1 context show:.venv/lib… noul  ▍········· 0.04           │
s1 context show:.venv/lib… noul  ▍········· 0.04           │
s1 context show:.venv/lib… noul  ▎········· 0.03           │
s1 context show:.venv/lib… noul  ▍········· 0.04           │
s1 context show:.venv/lib… noul  ▎········· 0.03           │
s1 context show:.venv/lib… noul  ▍········· 0.04           │
s1 context show:.venv/lib… noul  ▍········· 0.04           │
s1 context show:.venv/lib… noul  ▍········· 0.04           │
[33m> [39m[2mType to steer the next step…   Esc pauses · Esc Esc aborts[22m
⠦ intent             step 0/12 0m00s  run $0.00/1.00 ok  sess $0.00/5.00 ok  ⎇ main · 1~ 1091?  jev           ▃▅  ? help
[2A[3G[?25h[?2026l[?2026h[?25l[2B[1G[2K[1A[2K[1A[2K[1A[2K[1A[2K[1A[2K[1A[2K[1A[2K[1A[2K[1A[2K[1A[2K[1A[2K[1A[2K[1A[2K[1A[2K[1A[2K[G[2m[step 1] context 1 files 636B of 300 candidates: tests/test_core.py[22m
[2m─── decisions s0 · c~ derived |2p−1| ────────────────────────────────── [d]ecisions [p]lan [t]imeline [s]ynth ─── plan ─[22m
s1 context show:.venv/lib… noul  ▌········· 0.05           │ (no plan yet)
s1 context show:.venv/lib… noul  ▍········· 0.04           │
s1 context show:.venv/lib… noul  ▍········· 0.04           │
s1 context show:.venv/lib… noul  ▎········· 0.03           │
s1 context show:.venv/lib… noul  ▍········· 0.04           │
s1 context show:.venv/lib… noul  ▍········· 0.04           │
s1 context show:.venv/lib… noul  ▎········· 0.03           │
s1 context show:.venv/lib… noul  ▍········· 0.04           │
s1 context show:.venv/lib… noul  ▎········· 0.03           │
s1 context show:.venv/lib… noul  ▍········· 0.04           │
s1 context show:.venv/lib… noul  ▍········· 0.04           │
s1 context show:.venv/lib… noul  ▍········· 0.04           │
[33m> [39m[2mType to steer the next step…   Esc pauses · Esc Esc aborts[22m
⠦ context            step 0/12 0m01s  run $0.00/1.00 ok  sess $0.00/5.00 ok  ⎇ main · 1~ 1091?  jev           ▃▅  ? help
[2A[3G[?25h[?2026l[?2026h[?25l[2B[1G[2K[1A[2K[1A[2K[1A[2K[1A[2K[1A[2K[1A[2K[1A[2K[1A[2K[1A[2K[1A[2K[1A[2K[1A[2K[1A[2K[1A[2K[1A[2K[G[2m─── decisions s0 · c~ derived |2p−1| ────────────────────────────────── [d]ecisions [p]lan [t]imeline [s]ynth ─── plan ─[22m
s1 context show:.venv/lib… noul  ▌········· 0.05           │ (no plan yet)
s1 context show:.venv/lib… noul  ▍········· 0.04           │
s1 context show:.venv/lib… noul  ▍········· 0.04           │
s1 context show:.venv/lib… noul  ▎········· 0.03           │
s1 context show:.venv/lib… noul  ▍········· 0.04           │
s1 context show:.venv/lib… noul  ▍········· 0.04           │
s1 context show:.venv/lib… noul  ▎········· 0.03           │
s1 context show:.venv/lib… noul  ▍········· 0.04           │
s1 context show:.venv/lib… noul  ▎········· 0.03           │
s1 context show:.venv/lib… noul  ▍········· 0.04           │
s1 context show:.venv/lib… noul  ▍········· 0.04           │
s1 context show:.venv/lib… noul  ▍········· 0.04           │
[33m> [39m[2mType to steer the next step…   Esc pauses · Esc Esc aborts[22m
⠧ context            step 0/12 0m01s  run $0.00/1.00 ok  sess $0.00/5.00 ok  ⎇ main · 1~ 1091?  jev           ▃▅  ? help
[2A[3G[?25h[?2026l[?2026h[?25l[2B[1G[2K[1A[2K[1A[2K[1A[2K[1A[2K[1A[2K[1A[2K[1A[2K[1A[2K[1A[2K[1A[2K[1A[2K[1A[2K[1A[2K[1A[2K[1A[2K[G[2m─── decisions s0 · c~ derived |2p−1| ────────────────────────────────── [d]ecisions [p]lan [t]imeline [s]ynth ─── plan ─[22m
s1 context show:.venv/lib… noul  ▌········· 0.05           │ (no plan yet)
s1 context show:.venv/lib… noul  ▍········· 0.04           │
s1 context show:.venv/lib… noul  ▍········· 0.04           │
s1 context show:.venv/lib… noul  ▎········· 0.03           │
s1 context show:.venv/lib… noul  ▍········· 0.04           │
s1 context show:.venv/lib… noul  ▍········· 0.04           │
s1 context show:.venv/lib… noul  ▎········· 0.03           │
s1 context show:.venv/lib… noul  ▍········· 0.04           │
s1 context show:.venv/lib… noul  ▎········· 0.03           │
s1 context show:.venv/lib… noul  ▍········· 0.04           │
s1 context show:.venv/lib… noul  ▍········· 0.04           │
s1 context show:.venv/lib… noul  ▍········· 0.04           │
[33m> [39m[2mType to steer the next step…   Esc pauses · Esc Esc aborts[22m
⠇ context            step 0/12 0m01s  run $0.00/1.00 ok  sess $0.00/5.00 ok  ⎇ main · 1~ 1091?  jev           ▃▅  ? help
[2A[3G[?25h[?2026l[?2026h[?25l[2B[1G[2K[1A[2K[1A[2K[1A[2K[1A[2K[1A[2K[1A[2K[1A[2K[1A[2K[1A[2K[1A[2K[1A[2K[1A[2K[1A[2K[1A[2K[1A[2K[G[2m─── decisions s0 · c~ derived |2p−1| ────────────────────────────────── [d]ecisions [p]lan [t]imeline [s]ynth ─── plan ─[22m
s1 context show:.venv/lib… noul  ▌········· 0.05           │ (no plan yet)
s1 context show:.venv/lib… noul  ▍········· 0.04           │
s1 context show:.venv/lib… noul  ▍········· 0.04           │
s1 context show:.venv/lib… noul  ▎········· 0.03           │
s1 context show:.venv/lib… noul  ▍········· 0.04           │
s1 context show:.venv/lib… noul  ▍········· 0.04           │
s1 context show:.venv/lib… noul  ▎········· 0.03           │
s1 context show:.venv/lib… noul  ▍········· 0.04           │
s1 context show:.venv/lib… noul  ▎········· 0.03           │
s1 context show:.venv/lib… noul  ▍········· 0.04           │
s1 context show:.venv/lib… noul  ▍········· 0.04           │
s1 context show:.venv/lib… noul  ▍········· 0.04           │
[33m> [39m[2mType to steer the next step…   Esc pauses · Esc Esc aborts[22m
⠏ context            step 0/12 0m01s  run $0.00/1.00 ok  sess $0.00/5.00 ok  ⎇ main · 1~ 1091?  jev           ▃▅  ? help
[2A[3G[?25h[?2026l[?2026h[?25l[2B[1G[2K[1A[2K[1A[2K[1A[2K[1A[2K[1A[2K[1A[2K[1A[2K[1A[2K[1A[2K[1A[2K[1A[2K[1A[2K[1A[2K[1A[2K[1A[2K[G[2m─── decisions s0 · c~ derived |2p−1| ────────────────────────────────── [d]ecisions [p]lan [t]imeline [s]ynth ─── plan ─[22m
s1 context show:.venv/lib… noul  ▌········· 0.05           │ (no plan yet)
s1 context show:.venv/lib… noul  ▍········· 0.04           │
s1 context show:.venv/lib… noul  ▍········· 0.04           │
s1 context show:.venv/lib… noul  ▎········· 0.03           │
s1 context show:.venv/lib… noul  ▍········· 0.04           │
s1 context show:.venv/lib… noul  ▍········· 0.04           │
s1 context show:.venv/lib… noul  ▎········· 0.03           │
s1 context show:.venv/lib… noul  ▍········· 0.04           │
s1 context show:.venv/lib… noul  ▎········· 0.03           │
s1 context show:.venv/lib… noul  ▍········· 0.04           │
s1 context show:.venv/lib… noul  ▍········· 0.04           │
s1 context show:.venv/lib… noul  ▍········· 0.04           │
[33m> [39m[2mType to steer the next step…   Esc pauses · Esc Esc aborts[22m
⠋ context            step 0/12 0m01s  run $0.00/1.00 ok  sess $0.00/5.00 ok  ⎇ main · 1~ 1091?  jev           ▃▅  ? help
[2A[3G[?25h[?2026l[?2026h[?25l[2B[1G[2K[1A[2K[1A[2K[1A[2K[1A[2K[1A[2K[1A[2K[1A[2K[1A[2K[1A[2K[1A[2K[1A[2K[1A[2K[1A[2K[1A[2K[1A[2K[G[2m─── decisions s0 · c~ derived |2p−1| ────────────────────────────────── [d]ecisions [p]lan [t]imeline [s]ynth ─── plan ─[22m
s1 context show:.venv/lib… noul  ▌········· 0.05           │ (no plan yet)
s1 context show:.venv/lib… noul  ▍········· 0.04           │
s1 context show:.venv/lib… noul  ▍········· 0.04           │
s1 context show:.venv/lib… noul  ▎········· 0.03           │
s1 context show:.venv/lib… noul  ▍········· 0.04           │
s1 context show:.venv/lib… noul  ▍········· 0.04           │
s1 context show:.venv/lib… noul  ▎········· 0.03           │
s1 context show:.venv/lib… noul  ▍········· 0.04           │
s1 context show:.venv/lib… noul  ▎········· 0.03           │
s1 context show:.venv/lib… noul  ▍········· 0.04           │
s1 context show:.venv/lib… noul  ▍········· 0.04           │
s1 context show:.venv/lib… noul  ▍········· 0.04           │
[33m> [39m[2mType to steer the next step…   Esc pauses · Esc Esc aborts[22m
⠙ context            step 0/12 0m01s  run $0.00/1.00 ok  sess $0.00/5.00 ok  ⎇ main · 1~ 1091?  jev           ▃▅  ? help
[2A[3G[?25h[?2026l[?2026h[?25l[2B[1G[2K[1A[2K[1A[2K[1A[2K[1A[2K[1A[2K[1A[2K[1A[2K[1A[2K[1A[2K[1A[2K[1A[2K[1A[2K[1A[2K[1A[2K[1A[2K[G[2m─── decisions s0 · c~ derived |2p−1| ────────────────────────────────── [d]ecisions [p]lan [t]imeline [s]ynth ─── plan ─[22m
s1 context show:.venv/lib… noul  ▌········· 0.05           │ (no plan yet)
s1 context show:.venv/lib… noul  ▍········· 0.04           │
s1 context show:.venv/lib… noul  ▍········· 0.04           │
s1 context show:.venv/lib… noul  ▎········· 0.03           │
s1 context show:.venv/lib… noul  ▍········· 0.04           │
s1 context show:.venv/lib… noul  ▍········· 0.04           │
s1 context show:.venv/lib… noul  ▎········· 0.03           │
s1 context show:.venv/lib… noul  ▍········· 0.04           │
s1 context show:.venv/lib… noul  ▎········· 0.03           │
s1 context show:.venv/lib… noul  ▍········· 0.04           │
s1 context show:.venv/lib… noul  ▍········· 0.04           │
s1 context show:.venv/lib… noul  ▍········· 0.04           │
[33m> [39m[2mType to steer the next step…   Esc pauses · Esc Esc aborts[22m
⠹ context            step 0/12 0m01s  run $0.00/1.00 ok  sess $0.00/5.00 ok  ⎇ main · 1~ 1091?  jev           ▃▅  ? help
[2A[3G[?25h[?2026l[?2026h[?25l[2B[1G[2K[1A[2K[1A[2K[1A[2K[1A[2K[1A[2K[1A[2K[1A[2K[1A[2K[1A[2K[1A[2K[1A[2K[1A[2K[1A[2K[1A[2K[1A[2K[G[2m[step 1] steer queued (1) for step 1: Prefer the smallest change and run the tests after every edit.[22m
[2m─── decisions s0 · c~ derived |2p−1| ────────────────────────────────── [d]ecisions [p]lan [t]imeline [s]ynth ─── plan ─[22m
s1 context show:.venv/lib… noul  ▌········· 0.05           │ (no plan yet)
s1 context show:.venv/lib… noul  ▍········· 0.04           │
s1 context show:.venv/lib… noul  ▍········· 0.04           │
s1 context show:.venv/lib… noul  ▎········· 0.03           │
s1 context show:.venv/lib… noul  ▍········· 0.04           │
s1 context show:.venv/lib… noul  ▍········· 0.04           │
s1 context show:.venv/lib… noul  ▎········· 0.03           │
s1 context show:.venv/lib… noul  ▍········· 0.04           │
s1 context show:.venv/lib… noul  ▎········· 0.03           │
s1 context show:.venv/lib… noul  ▍········· 0.04           │
s1 context show:.venv/lib… noul  ▍········· 0.04           │
s1 context show:.venv/lib… noul  ▍········· 0.04           │
[2m↑1 queued for step 1: Prefer the smallest change and run the tests after every edit.                      [↑ takes back][22m
[33m> [39m[2mType to steer the next step…   Esc pauses · Esc Esc aborts[22m
⠹ propose            step 0/12 0m02s  run $0.00/1.00 ok  sess $0.00/5.00 ok  ⎇ main · 1~ 1091?  jev           ▃▅  ? help
[2A[3G[?25h[?2026l[?2026h[?25l[2B[1G[2K[1A[2K[1A[2K[1A[2K[1A[2K[1A[2K[1A[2K[1A[2K[1A[2K[1A[2K[1A[2K[1A[2K[1A[2K[1A[2K[1A[2K[1A[2K[1A[2K[G[2m─── decisions s0 · c~ derived |2p−1| ────────────────────────────────── [d]ecisions [p]lan [t]imeline [s]ynth ─── plan ─[22m
s1 context show:.venv/lib… noul  ▌········· 0.05           │ (no plan yet)
s1 context show:.venv/lib… noul  ▍········· 0.04           │
s1 context show:.venv/lib… noul  ▍········· 0.04           │
s1 context show:.venv/lib… noul  ▎········· 0.03           │
s1 context show:.venv/lib… noul  ▍········· 0.04           │
s1 context show:.venv/lib… noul  ▍········· 0.04           │
s1 context show:.venv/lib… noul  ▎········· 0.03           │
s1 context show:.venv/lib… noul  ▍········· 0.04           │
s1 context show:.venv/lib… noul  ▎········· 0.03           │
s1 context show:.venv/lib… noul  ▍········· 0.04           │
s1 context show:.venv/lib… noul  ▍········· 0.04           │
s1 context show:.venv/lib… noul  ▍········· 0.04           │
[2m↑1 queued for step 1: Prefer the smallest change and run the tests after every edit.                      [↑ takes back][22m
[33m> [39m[2mType to steer the next step…   Esc pauses · Esc Esc aborts[22m
⠸ propose            step 0/12 0m02s  run $0.00/1.00 ok  sess $0.00/5.00 ok  ⎇ main · 1~ 1091?  jev           ▃▅  ? help
[2A[3G[?25h[?2026l[?2026h[?25l[2B[1G[2K[1A[2K[1A[2K[1A[2K[1A[2K[1A[2K[1A[2K[1A[2K[1A[2K[1A[2K[1A[2K[1A[2K[1A[2K[1A[2K[1A[2K[1A[2K[1A[2K[G[2m─── decisions s0 · c~ derived |2p−1| ────────────────────────────────── [d]ecisions [p]lan [t]imeline [s]ynth ─── plan ─[22m
s1 context show:.venv/lib… noul  ▌········· 0.05           │ (no plan yet)
s1 context show:.venv/lib… noul  ▍········· 0.04           │
s1 context show:.venv/lib… noul  ▍········· 0.04           │
s1 context show:.venv/lib… noul  ▎········· 0.03           │
s1 context show:.venv/lib… noul  ▍········· 0.04           │
s1 context show:.venv/lib… noul  ▍········· 0.04           │
s1 context show:.venv/lib… noul  ▎········· 0.03           │
s1 context show:.venv/lib… noul  ▍········· 0.04           │
s1 context show:.venv/lib… noul  ▎········· 0.03           │
s1 context show:.venv/lib… noul  ▍········· 0.04           │
s1 context show:.venv/lib… noul  ▍········· 0.04           │
s1 context show:.venv/lib… noul  ▍········· 0.04           │
[2m↑1 queued for step 1: Prefer the smallest change and run the tests after every edit.                      [↑ takes back][22m
[33m> [39m[2mType to steer the next step…   Esc pauses · Esc Esc aborts[22m
⠼ propose            step 0/12 0m02s  run $0.00/1.00 ok  sess $0.00/5.00 ok  ⎇ main · 1~ 1091?  jev           ▃▅  ? help
[2A[3G[?25h[?2026l[?2026h[?25l[2B[1G[2K[1A[2K[1A[2K[1A[2K[1A[2K[1A[2K[1A[2K[1A[2K[1A[2K[1A[2K[1A[2K[1A[2K[1A[2K[1A[2K[1A[2K[1A[2K[1A[2K[G[2m─── decisions s0 · c~ derived |2p−1| ────────────────────────────────── [d]ecisions [p]lan [t]imeline [s]ynth ─── plan ─[22m
s1 context show:.venv/lib… noul  ▌········· 0.05           │ (no plan yet)
s1 context show:.venv/lib… noul  ▍········· 0.04           │
s1 context show:.venv/lib… noul  ▍········· 0.04           │
s1 context show:.venv/lib… noul  ▎········· 0.03           │
s1 context show:.venv/lib… noul  ▍········· 0.04           │
s1 context show:.venv/lib… noul  ▍········· 0.04           │
s1 context show:.venv/lib… noul  ▎········· 0.03           │
s1 context show:.venv/lib… noul  ▍········· 0.04           │
s1 context show:.venv/lib… noul  ▎········· 0.03           │
s1 context show:.venv/lib… noul  ▍········· 0.04           │
s1 context show:.venv/lib… noul  ▍········· 0.04           │
s1 context show:.venv/lib… noul  ▍········· 0.04           │
[2m↑1 queued for step 1: Prefer the smallest change and run the tests after every edit.                      [↑ takes back][22m
[33m> [39m[2mType to steer the next step…   Esc pauses · Esc Esc aborts[22m
⠴ propose            step 0/12 0m02s  run $0.00/1.00 ok  sess $0.00/5.00 ok  ⎇ main · 1~ 1091?  jev           ▃▅  ? help
[2A[3G[?25h[?2026l[?2026h[?25l[2B[1G[2K[1A[2K[1A[2K[1A[2K[1A[2K[1A[2K[1A[2K[1A[2K[1A[2K[1A[2K[1A[2K[1A[2K[1A[2K[1A[2K[1A[2K[1A[2K[1A[2K[G[2m─── decisions s0 · c~ derived |2p−1| ────────────────────────────────── [d]ecisions [p]lan [t]imeline [s]ynth ─── plan ─[22m
s1 context show:.venv/lib… noul  ▌········· 0.05           │ (no plan yet)
s1 context show:.venv/lib… noul  ▍········· 0.04           │
s1 context show:.venv/lib… noul  ▍········· 0.04           │
s1 context show:.venv/lib… noul  ▎········· 0.03           │
s1 context show:.venv/lib… noul  ▍········· 0.04           │
s1 context show:.venv/lib… noul  ▍········· 0.04           │
s1 context show:.venv/lib… noul  ▎········· 0.03           │
s1 context show:.venv/lib… noul  ▍········· 0.04           │
s1 context show:.venv/lib… noul  ▎········· 0.03           │
s1 context show:.venv/lib… noul  ▍········· 0.04           │
s1 context show:.venv/lib… noul  ▍········· 0.04           │
s1 context show:.venv/lib… noul  ▍········· 0.04           │
[2m↑1 queued for step 1: Prefer the smallest change and run the tests after every edit.                      [↑ takes back][22m
[33m> [39m[2mType to steer the next step…   Esc pauses · Esc Esc aborts[22m
⠦ propose            step 0/12 0m02s  run $0.00/1.00 ok  sess $0.00/5.00 ok  ⎇ main · 1~ 1091?  jev           ▃▅  ? help
[2A[3G[?25h[?2026l[?2026h[?25l[2B[1G[2K[1A[2K[1A[2K[1A[2K[1A[2K[1A[2K[1A[2K[1A[2K[1A[2K[1A[2K[1A[2K[1A[2K[1A[2K[1A[2K[1A[2K[1A[2K[1A[2K[G[2m─── decisions s0 · c~ derived |2p−1| ────────────────────────────────── [d]ecisions [p]lan [t]imeline [s]ynth ─── plan ─[22m
s1 context show:.venv/lib… noul  ▌········· 0.05           │ (no plan yet)
s1 context show:.venv/lib… noul  ▍········· 0.04           │
s1 context show:.venv/lib… noul  ▍········· 0.04           │
s1 context show:.venv/lib… noul  ▎········· 0.03           │
s1 context show:.venv/lib… noul  ▍········· 0.04           │
s1 context show:.venv/lib… noul  ▍········· 0.04           │
s1 context show:.venv/lib… noul  ▎········· 0.03           │
s1 context show:.venv/lib… noul  ▍········· 0.04           │
s1 context show:.venv/lib… noul  ▎········· 0.03           │
s1 context show:.venv/lib… noul  ▍········· 0.04           │
s1 context show:.venv/lib… noul  ▍········· 0.04           │
s1 context show:.venv/lib… noul  ▍········· 0.04           │
[2m↑1 queued for step 1: Prefer the smallest change and run the tests after every edit.                      [↑ takes back][22m
[33m> [39m[2mType to steer the next step…   Esc pauses · Esc Esc aborts[22m
⠧ propose            step 0/12 0m02s  run $0.00/1.00 ok  sess $0.00/5.00 ok  ⎇ main · 1~ 1091?  jev           ▃▅  ? help
[2A[3G[?25h[?2026l[?2026h[?25l[2B[1G[2K[1A[2K[1A[2K[1A[2K[1A[2K[1A[2K[1A[2K[1A[2K[1A[2K[1A[2K[1A[2K[1A[2K[1A[2K[1A[2K[1A[2K[1A[2K[1A[2K[G[2m─── decisions s0 · c~ derived |2p−1| ────────────────────────────────── [d]ecisions [p]lan [t]imeline [s]ynth ─── plan ─[22m
s1 context show:.venv/lib… noul  ▌········· 0.05           │ (no plan yet)
s1 context show:.venv/lib… noul  ▍········· 0.04           │
s1 context show:.venv/lib… noul  ▍········· 0.04           │
s1 context show:.venv/lib… noul  ▎········· 0.03           │
s1 context show:.venv/lib… noul  ▍········· 0.04           │
s1 context show:.venv/lib… noul  ▍········· 0.04           │
s1 context show:.venv/lib… noul  ▎········· 0.03           │
s1 context show:.venv/lib… noul  ▍········· 0.04           │
s1 context show:.venv/lib… noul  ▎········· 0.03           │
s1 context show:.venv/lib… noul  ▍········· 0.04           │
s1 context show:.venv/lib… noul  ▍········· 0.04           │
s1 context show:.venv/lib… noul  ▍········· 0.04           │
[2m↑1 queued for step 1: Prefer the smallest change and run the tests after every edit.                      [↑ takes back][22m
[33m> [39m[2mType to steer the next step…   Esc pauses · Esc Esc aborts[22m
⠇ propose            step 0/12 0m02s  run $0.00/1.00 ok  sess $0.00/5.00 ok  ⎇ main · 1~ 1091?  jev           ▃▅  ? help
[2A[3G[?25h[?2026l[?2026h[?25l[2B[1G[2K[1A[2K[1A[2K[1A[2K[1A[2K[1A[2K[1A[2K[1A[2K[1A[2K[1A[2K[1A[2K[1A[2K[1A[2K[1A[2K[1A[2K[1A[2K[1A[2K[G[2m─── decisions s0 · c~ derived |2p−1| ────────────────────────────────── [d]ecisions [p]lan [t]imeline [s]ynth ─── plan ─[22m
streaming action… 79 chars
s1 context show:.venv/lib… noul  ▌········· 0.05           │ (no plan yet)
s1 context show:.venv/lib… noul  ▍········· 0.04           │
s1 context show:.venv/lib… noul  ▍········· 0.04           │
s1 context show:.venv/lib… noul  ▎········· 0.03           │
s1 context show:.venv/lib… noul  ▍········· 0.04           │
s1 context show:.venv/lib… noul  ▍········· 0.04           │
s1 context show:.venv/lib… noul  ▎········· 0.03           │
s1 context show:.venv/lib… noul  ▍········· 0.04           │
s1 context show:.venv/lib… noul  ▎········· 0.03           │
s1 context show:.venv/lib… noul  ▍········· 0.04           │
s1 context show:.venv/lib… noul  ▍········· 0.04           │
s1 context show:.venv/lib… noul  ▍········· 0.04           │
[2m↑1 queued for step 1: Prefer the smallest change and run the tests after every edit.                      [↑ takes back][22m
[33m> [39m[2mType to steer the next step…   Esc pauses · Esc Esc aborts[22m
⠇ propose            step 0/12 0m02s  run $0.00/1.00 ok  sess $0.00/5.00 ok  ⎇ main · 1~ 1091?  jev           ▃▅  ? help
[2A[3G[?25h[?2026l[?2026h[?25l[2B[1G[2K[1A[2K[1A[2K[1A[2K[1A[2K[1A[2K[1A[2K[1A[2K[1A[2K[1A[2K[1A[2K[1A[2K[1A[2K[1A[2K[1A[2K[1A[2K[1A[2K[1A[2K[G[2m─── decisions s0 · c~ derived |2p−1| ────────────────────────────────── [d]ecisions [p]lan [t]imeline [s]ynth ─── plan ─[22m
streaming action… 79 chars
s1 context show:.venv/lib… noul  ▌········· 0.05           │ (no plan yet)
s1 context show:.venv/lib… noul  ▍········· 0.04           │
s1 context show:.venv/lib… noul  ▍········· 0.04           │
s1 context show:.venv/lib… noul  ▎········· 0.03           │
s1 context show:.venv/lib… noul  ▍········· 0.04           │
s1 context show:.venv/lib… noul  ▍········· 0.04           │
s1 context show:.venv/lib… noul  ▎········· 0.03           │
s1 context show:.venv/lib… noul  ▍········· 0.04           │
s1 context show:.venv/lib… noul  ▎········· 0.03           │
s1 context show:.venv/lib… noul  ▍········· 0.04           │
s1 context show:.venv/lib… noul  ▍········· 0.04           │
s1 context show:.venv/lib… noul  ▍········· 0.04           │
[2m↑1 queued for step 1: Prefer the smallest change and run the tests after every edit.                      [↑ takes back][22m
[33m> [39m[2mType to steer the next step…   Esc pauses · Esc Esc aborts[22m
⠏ propose            step 0/12 0m02s  run $0.00/1.00 ok  sess $0.00/5.00 ok  ⎇ main · 1~ 1091?  jev           ▃▅  ? help
[2A[3G[?25h[?2026l[?2026h[?25l[2B[1G[2K[1A[2K[1A[2K[1A[2K[1A[2K[1A[2K[1A[2K[1A[2K[1A[2K[1A[2K[1A[2K[1A[2K[1A[2K[1A[2K[1A[2K[1A[2K[1A[2K[1A[2K[G[2m─── decisions s0 · c~ derived |2p−1| ────────────────────────────────── [d]ecisions [p]lan [t]imeline [s]ynth ─── plan ─[22m
streaming action… 118 chars
s1 context show:.venv/lib… noul  ▌········· 0.05           │ (no plan yet)
s1 context show:.venv/lib… noul  ▍········· 0.04           │
s1 context show:.venv/lib… noul  ▍········· 0.04           │
s1 context show:.venv/lib… noul  ▎········· 0.03           │
s1 context show:.venv/lib… noul  ▍········· 0.04           │
s1 context show:.venv/lib… noul  ▍········· 0.04           │
s1 context show:.venv/lib… noul  ▎········· 0.03           │
s1 context show:.venv/lib… noul  ▍········· 0.04           │
s1 context show:.venv/lib… noul  ▎········· 0.03           │
s1 context show:.venv/lib… noul  ▍········· 0.04           │
s1 context show:.venv/lib… noul  ▍········· 0.04           │
s1 context show:.venv/lib… noul  ▍········· 0.04           │
[2m↑1 queued for step 1: Prefer the smallest change and run the tests after every edit.                      [↑ takes back][22m
[33m> [39m[2mType to steer the next step…   Esc pauses · Esc Esc aborts[22m
⠏ propose            step 0/12 0m02s  run $0.00/1.00 ok  sess $0.00/5.00 ok  ⎇ main · 1~ 1091?  jev           ▃▅  ? help
[2A[3G[?25h[?2026l[?2026h[?25l[2B[1G[2K[1A[2K[1A[2K[1A[2K[1A[2K[1A[2K[1A[2K[1A[2K[1A[2K[1A[2K[1A[2K[1A[2K[1A[2K[1A[2K[1A[2K[1A[2K[1A[2K[1A[2K[G[2m─── decisions s0 · c~ derived |2p−1| ────────────────────────────────── [d]ecisions [p]lan [t]imeline [s]ynth ─── plan ─[22m
streaming action… 140 chars
s1 context show:.venv/lib… noul  ▌········· 0.05           │ (no plan yet)
s1 context show:.venv/lib… noul  ▍········· 0.04           │
s1 context show:.venv/lib… noul  ▍········· 0.04           │
s1 context show:.venv/lib… noul  ▎········· 0.03           │
s1 context show:.venv/lib… noul  ▍········· 0.04           │
s1 context show:.venv/lib… noul  ▍········· 0.04           │
s1 context show:.venv/lib… noul  ▎········· 0.03           │
s1 context show:.venv/lib… noul  ▍········· 0.04           │
s1 context show:.venv/lib… noul  ▎········· 0.03           │
s1 context show:.venv/lib… noul  ▍········· 0.04           │
s1 context show:.venv/lib… noul  ▍········· 0.04           │
s1 context show:.venv/lib… noul  ▍········· 0.04           │
[2m↑1 queued for step 1: Prefer the smallest change and run the tests after every edit.                      [↑ takes back][22m
[33m> [39m[2mType to steer the next step…   Esc pauses · Esc Esc aborts[22m
⠏ propose            step 0/12 0m02s  run $0.00/1.00 ok  sess $0.00/5.00 ok  ⎇ main · 1~ 1091?  jev           ▃▅  ? help
[2A[3G[?25h[?2026l[?2026h[?25l[2B[1G[2K[1A[2K[1A[2K[1A[2K[1A[2K[1A[2K[1A[2K[1A[2K[1A[2K[1A[2K[1A[2K[1A[2K[1A[2K[1A[2K[1A[2K[1A[2K[1A[2K[1A[2K[G[2m─── decisions s0 · c~ derived |2p−1| ────────────────────────────────── [d]ecisions [p]lan [t]imeline [s]ynth ─── plan ─[22m
streaming action… 140 chars
s1 context show:.venv/lib… noul  ▌········· 0.05           │ (no plan yet)
s1 context show:.venv/lib… noul  ▍········· 0.04           │
s1 context show:.venv/lib… noul  ▍········· 0.04           │
s1 context show:.venv/lib… noul  ▎········· 0.03           │
s1 context show:.venv/lib… noul  ▍········· 0.04           │
s1 context show:.venv/lib… noul  ▍········· 0.04           │
s1 context show:.venv/lib… noul  ▎········· 0.03           │
s1 context show:.venv/lib… noul  ▍········· 0.04           │
s1 context show:.venv/lib… noul  ▎········· 0.03           │
s1 context show:.venv/lib… noul  ▍········· 0.04           │
s1 context show:.venv/lib… noul  ▍········· 0.04           │
s1 context show:.venv/lib… noul  ▍········· 0.04           │
[2m↑1 queued for step 1: Prefer the smallest change and run the tests after every edit.                      [↑ takes back][22m
[33m> [39m[2mType to steer the next step…   Esc pauses · Esc Esc aborts[22m
⠋ propose            step 0/12 0m02s  run $0.00/1.00 ok  sess $0.00/5.00 ok  ⎇ main · 1~ 1091?  jev           ▃▅  ? help
[2A[3G[?25h[?2026l[?2026h[?25l[2B[1G[2K[1A[2K[1A[2K[1A[2K[1A[2K[1A[2K[1A[2K[1A[2K[1A[2K[1A[2K[1A[2K[1A[2K[1A[2K[1A[2K[1A[2K[1A[2K[1A[2K[1A[2K[G[2m─── decisions s0 · c~ derived |2p−1| ────────────────────────────────── [d]ecisions [p]lan [t]imeline [s]ynth ─── plan ─[22m
streaming action… 140 chars
s1 context show:.venv/lib… noul  ▌········· 0.05           │ (no plan yet)
s1 context show:.venv/lib… noul  ▍········· 0.04           │
s1 context show:.venv/lib… noul  ▍········· 0.04           │
s1 context show:.venv/lib… noul  ▎········· 0.03           │
s1 context show:.venv/lib… noul  ▍········· 0.04           │
s1 context show:.venv/lib… noul  ▍········· 0.04           │
s1 context show:.venv/lib… noul  ▎········· 0.03           │
s1 context show:.venv/lib… noul  ▍········· 0.04           │
s1 context show:.venv/lib… noul  ▎········· 0.03           │
s1 context show:.venv/lib… noul  ▍········· 0.04           │
s1 context show:.venv/lib… noul  ▍········· 0.04           │
s1 context show:.venv/lib… noul  ▍········· 0.04           │
[2m↑1 queued for step 1: Prefer the smallest change and run the tests after every edit.                      [↑ takes back][22m
[33m> [39m[2mType to steer the next step…   Esc pauses · Esc Esc aborts[22m
⠙ propose            step 0/12 0m02s  run $0.00/1.00 ok  sess $0.00/5.00 ok  ⎇ main · 1~ 1091?  jev           ▃▅  ? help
[2A[3G[?25h[?2026l[?2026h[?25l[2B[1G[2K[1A[2K[1A[2K[1A[2K[1A[2K[1A[2K[1A[2K[1A[2K[1A[2K[1A[2K[1A[2K[1A[2K[1A[2K[1A[2K[1A[2K[1A[2K[1A[2K[1A[2K[G[2m─── decisions s0 · c~ derived |2p−1| ────────────────────────────────── [d]ecisions [p]lan [t]imeline [s]ynth ─── plan ─[22m
streaming action… 159 chars
s1 context show:.venv/lib… noul  ▌········· 0.05           │ (no plan yet)
s1 context show:.venv/lib… noul  ▍········· 0.04           │
s1 context show:.venv/lib… noul  ▍········· 0.04           │
s1 context show:.venv/lib… noul  ▎········· 0.03           │
s1 context show:.venv/lib… noul  ▍········· 0.04           │
s1 context show:.venv/lib… noul  ▍········· 0.04           │
s1 context show:.venv/lib… noul  ▎········· 0.03           │
s1 context show:.venv/lib… noul  ▍········· 0.04           │
s1 context show:.venv/lib… noul  ▎········· 0.03           │
s1 context show:.venv/lib… noul  ▍········· 0.04           │
s1 context show:.venv/lib… noul  ▍········· 0.04           │
s1 context show:.venv/lib… noul  ▍········· 0.04           │
[2m↑1 queued for step 1: Prefer the smallest change and run the tests after every edit.                      [↑ takes back][22m
[33m> [39m[2mType to steer the next step…   Esc pauses · Esc Esc aborts[22m
⠙ propose            step 0/12 0m02s  run $0.00/1.00 ok  sess $0.00/5.00 ok  ⎇ main · 1~ 1091?  jev           ▃▅  ? help
[2A[3G[?25h[?2026l[?2026h[?25l[2B[1G[2K[1A[2K[1A[2K[1A[2K[1A[2K[1A[2K[1A[2K[1A[2K[1A[2K[1A[2K[1A[2K[1A[2K[1A[2K[1A[2K[1A[2K[1A[2K[1A[2K[1A[2K[G[2m─── decisions s0 · c~ derived |2p−1| ────────────────────────────────── [d]ecisions [p]lan [t]imeline [s]ynth ─── plan ─[22m
streaming action… 159 chars
s1 context show:.venv/lib… noul  ▌········· 0.05           │ (no plan yet)
s1 context show:.venv/lib… noul  ▍········· 0.04           │
s1 context show:.venv/lib… noul  ▍········· 0.04           │
s1 context show:.venv/lib… noul  ▎········· 0.03           │
s1 context show:.venv/lib… noul  ▍········· 0.04           │
s1 context show:.venv/lib… noul  ▍········· 0.04           │
s1 context show:.venv/lib… noul  ▎········· 0.03           │
s1 context show:.venv/lib… noul  ▍········· 0.04           │
s1 context show:.venv/lib… noul  ▎········· 0.03           │
s1 context show:.venv/lib… noul  ▍········· 0.04           │
s1 context show:.venv/lib… noul  ▍········· 0.04           │
s1 context show:.venv/lib… noul  ▍········· 0.04           │
[2m↑1 queued for step 1: Prefer the smallest change and run the tests after every edit.                      [↑ takes back][22m
[33m> [39m[2mType to steer the next step…   Esc pauses · Esc Esc aborts[22m
⠹ propose            step 0/12 0m02s  run $0.00/1.00 ok  sess $0.00/5.00 ok  ⎇ main · 1~ 1091?  jev           ▃▅  ? help
[2A[3G[?25h[?2026l[?2026h[?25l[2B[1G[2K[1A[2K[1A[2K[1A[2K[1A[2K[1A[2K[1A[2K[1A[2K[1A[2K[1A[2K[1A[2K[1A[2K[1A[2K[1A[2K[1A[2K[1A[2K[1A[2K[1A[2K[G[2m─── decisions s0 · c~ derived |2p−1| ────────────────────────────────── [d]ecisions [p]lan [t]imeline [s]ynth ─── plan ─[22m
streaming action… 159 chars
s1 context show:.venv/lib… noul  ▌········· 0.05           │ (no plan yet)
s1 context show:.venv/lib… noul  ▍········· 0.04           │
s1 context show:.venv/lib… noul  ▍········· 0.04           │
s1 context show:.venv/lib… noul  ▎········· 0.03           │
s1 context show:.venv/lib… noul  ▍········· 0.04           │
s1 context show:.venv/lib… noul  ▍········· 0.04           │
s1 context show:.venv/lib… noul  ▎········· 0.03           │
s1 context show:.venv/lib… noul  ▍········· 0.04           │
s1 context show:.venv/lib… noul  ▎········· 0.03           │
s1 context show:.venv/lib… noul  ▍········· 0.04           │
s1 context show:.venv/lib… noul  ▍········· 0.04           │
s1 context show:.venv/lib… noul  ▍········· 0.04           │
[2m↑1 queued for step 1: Prefer the smallest change and run the tests after every edit.                      [↑ takes back][22m
[33m> [39m[2mType to steer the next step…   Esc pauses · Esc Esc aborts[22m
⠸ propose            step 0/12 0m02s  run $0.00/1.00 ok  sess $0.00/5.00 ok  ⎇ main · 1~ 1091?  jev           ▃▅  ? help
[2A[3G[?25h[?2026l[?2026h[?25l[2B[1G[2K[1A[2K[1A[2K[1A[2K[1A[2K[1A[2K[1A[2K[1A[2K[1A[2K[1A[2K[1A[2K[1A[2K[1A[2K[1A[2K[1A[2K[1A[2K[1A[2K[1A[2K[G[2m─── decisions s0 · c~ derived |2p−1| ────────────────────────────────── [d]ecisions [p]lan [t]imeline [s]ynth ─── plan ─[22m
streaming action… 216 chars
s1 context show:.venv/lib… noul  ▌········· 0.05           │ (no plan yet)
s1 context show:.venv/lib… noul  ▍········· 0.04           │
s1 context show:.venv/lib… noul  ▍········· 0.04           │
s1 context show:.venv/lib… noul  ▎········· 0.03           │
s1 context show:.venv/lib… noul  ▍········· 0.04           │
s1 context show:.venv/lib… noul  ▍········· 0.04           │
s1 context show:.venv/lib… noul  ▎········· 0.03           │
s1 context show:.venv/lib… noul  ▍········· 0.04           │
s1 context show:.venv/lib… noul  ▎········· 0.03           │
s1 context show:.venv/lib… noul  ▍········· 0.04           │
s1 context show:.venv/lib… noul  ▍········· 0.04           │
s1 context show:.venv/lib… noul  ▍········· 0.04           │
[2m↑1 queued for step 1: Prefer the smallest change and run the tests after every edit.                      [↑ takes back][22m
[33m> [39m[2mType to steer the next step…   Esc pauses · Esc Esc aborts[22m
⠸ propose            step 0/12 0m02s  run $0.00/1.00 ok  sess $0.00/5.00 ok  ⎇ main · 1~ 1091?  jev           ▃▅  ? help
[2A[3G[?25h[?2026l[?2026h[?25l[2B[1G[2K[1A[2K[1A[2K[1A[2K[1A[2K[1A[2K[1A[2K[1A[2K[1A[2K[1A[2K[1A[2K[1A[2K[1A[2K[1A[2K[1A[2K[1A[2K[1A[2K[1A[2K[G[2m─── decisions s0 · c~ derived |2p−1| ────────────────────────────────── [d]ecisions [p]lan [t]imeline [s]ynth ─── plan ─[22m
streaming action… 244 chars
s1 context show:.venv/lib… noul  ▌········· 0.05           │ (no plan yet)
s1 context show:.venv/lib… noul  ▍········· 0.04           │
s1 context show:.venv/lib… noul  ▍········· 0.04           │
s1 context show:.venv/lib… noul  ▎········· 0.03           │
s1 context show:.venv/lib… noul  ▍········· 0.04           │
s1 context show:.venv/lib… noul  ▍········· 0.04           │
s1 context show:.venv/lib… noul  ▎········· 0.03           │
s1 context show:.venv/lib… noul  ▍········· 0.04           │
s1 context show:.venv/lib… noul  ▎········· 0.03           │
s1 context show:.venv/lib… noul  ▍········· 0.04           │
s1 context show:.venv/lib… noul  ▍········· 0.04           │
s1 context show:.venv/lib… noul  ▍········· 0.04           │
[2m↑1 queued for step 1: Prefer the smallest change and run the tests after every edit.                      [↑ takes back][22m
[33m> [39m[2mType to steer the next step…   Esc pauses · Esc Esc aborts[22m
⠸ propose            step 0/12 0m02s  run $0.00/1.00 ok  sess $0.00/5.00 ok  ⎇ main · 1~ 1091?  jev           ▃▅  ? help
[2A[3G[?25h[?2026l[?2026h[?25l[2B[1G[2K[1A[2K[1A[2K[1A[2K[1A[2K[1A[2K[1A[2K[1A[2K[1A[2K[1A[2K[1A[2K[1A[2K[1A[2K[1A[2K[1A[2K[1A[2K[1A[2K[1A[2K[G[2m─── decisions s0 · c~ derived |2p−1| ────────────────────────────────── [d]ecisions [p]lan [t]imeline [s]ynth ─── plan ─[22m
streaming action… 244 chars
s1 context show:.venv/lib… noul  ▌········· 0.05           │ (no plan yet)
s1 context show:.venv/lib… noul  ▍········· 0.04           │
s1 context show:.venv/lib… noul  ▍········· 0.04           │
s1 context show:.venv/lib… noul  ▎········· 0.03           │
s1 context show:.venv/lib… noul  ▍········· 0.04           │
s1 context show:.venv/lib… noul  ▍········· 0.04           │
s1 context show:.venv/lib… noul  ▎········· 0.03           │
s1 context show:.venv/lib… noul  ▍········· 0.04           │
s1 context show:.venv/lib… noul  ▎········· 0.03           │
s1 context show:.venv/lib… noul  ▍········· 0.04           │
s1 context show:.venv/lib… noul  ▍········· 0.04           │
s1 context show:.venv/lib… noul  ▍········· 0.04           │
[2m↑1 queued for step 1: Prefer the smallest change and run the tests after every edit.                      [↑ takes back][22m
[33m> [39m[2mType to steer the next step…   Esc pauses · Esc Esc aborts[22m
⠼ propose            step 0/12 0m02s  run $0.00/1.00 ok  sess $0.00/5.00 ok  ⎇ main · 1~ 1091?  jev           ▃▅  ? help
[2A[3G[?25h[?2026l[?2026h[?25l[2B[1G[2K[1A[2K[1A[2K[1A[2K[1A[2K[1A[2K[1A[2K[1A[2K[1A[2K[1A[2K[1A[2K[1A[2K[1A[2K[1A[2K[1A[2K[1A[2K[1A[2K[1A[2K[G[2m─── decisions s0 · c~ derived |2p−1| ────────────────────────────────── [d]ecisions [p]lan [t]imeline [s]ynth ─── plan ─[22m
streaming action… 244 chars
s1 context show:.venv/lib… noul  ▌········· 0.05           │ (no plan yet)
s1 context show:.venv/lib… noul  ▍········· 0.04           │
s1 context show:.venv/lib… noul  ▍········· 0.04           │
s1 context show:.venv/lib… noul  ▎········· 0.03           │
s1 context show:.venv/lib… noul  ▍········· 0.04           │
s1 context show:.venv/lib… noul  ▍········· 0.04           │
s1 context show:.venv/lib… noul  ▎········· 0.03           │
s1 context show:.venv/lib… noul  ▍········· 0.04           │
s1 context show:.venv/lib… noul  ▎········· 0.03           │
s1 context show:.venv/lib… noul  ▍········· 0.04           │
s1 context show:.venv/lib… noul  ▍········· 0.04           │
s1 context show:.venv/lib… noul  ▍········· 0.04           │
[2m↑1 queued for step 1: Prefer the smallest change and run the tests after every edit.                      [↑ takes back][22m
[33m> [39m[2mType to steer the next step…   Esc pauses · Esc Esc aborts[22m
⠼ propose            step 0/12 0m03s  run $0.00/1.00 ok  sess $0.00/5.00 ok  ⎇ main · 1~ 1091?  jev           ▃▅  ? help
[2A[3G[?25h[?2026l[?2026h[?25l[2B[1G[2K[1A[2K[1A[2K[1A[2K[1A[2K[1A[2K[1A[2K[1A[2K[1A[2K[1A[2K[1A[2K[1A[2K[1A[2K[1A[2K[1A[2K[1A[2K[1A[2K[1A[2K[G[2m─── decisions s0 · c~ derived |2p−1| ────────────────────────────────── [d]ecisions [p]lan [t]imeline [s]ynth ─── plan ─[22m
streaming action… 268 chars
s1 context show:.venv/lib… noul  ▌········· 0.05           │ (no plan yet)
s1 context show:.venv/lib… noul  ▍········· 0.04           │
s1 context show:.venv/lib… noul  ▍········· 0.04           │
s1 context show:.venv/lib… noul  ▎········· 0.03           │
s1 context show:.venv/lib… noul  ▍········· 0.04           │
s1 context show:.venv/lib… noul  ▍········· 0.04           │
s1 context show:.venv/lib… noul  ▎········· 0.03           │
s1 context show:.venv/lib… noul  ▍········· 0.04           │
s1 context show:.venv/lib… noul  ▎········· 0.03           │
s1 context show:.venv/lib… noul  ▍········· 0.04           │
s1 context show:.venv/lib… noul  ▍········· 0.04           │
s1 context show:.venv/lib… noul  ▍········· 0.04           │
[2m↑1 queued for step 1: Prefer the smallest change and run the tests after every edit.                      [↑ takes back][22m
[33m> [39m[2mType to steer the next step…   Esc pauses · Esc Esc aborts[22m
⠼ propose            step 0/12 0m03s  run $0.00/1.00 ok  sess $0.00/5.00 ok  ⎇ main · 1~ 1091?  jev           ▃▅  ? help
[2A[3G[?25h[?2026l[?2026h[?25l[2B[1G[2K[1A[2K[1A[2K[1A[2K[1A[2K[1A[2K[1A[2K[1A[2K[1A[2K[1A[2K[1A[2K[1A[2K[1A[2K[1A[2K[1A[2K[1A[2K[1A[2K[1A[2K[G[2m─── decisions s0 · c~ derived |2p−1| ────────────────────────────────── [d]ecisions [p]lan [t]imeline [s]ynth ─── plan ─[22m
streaming action… 268 chars
s1 context show:.venv/lib… noul  ▌········· 0.05           │ (no plan yet)
s1 context show:.venv/lib… noul  ▍········· 0.04           │
s1 context show:.venv/lib… noul  ▍········· 0.04           │
s1 context show:.venv/lib… noul  ▎········· 0.03           │
s1 context show:.venv/lib… noul  ▍········· 0.04           │
s1 context show:.venv/lib… noul  ▍········· 0.04           │
s1 context show:.venv/lib… noul  ▎········· 0.03           │
s1 context show:.venv/lib… noul  ▍········· 0.04           │
s1 context show:.venv/lib… noul  ▎········· 0.03           │
s1 context show:.venv/lib… noul  ▍········· 0.04           │
s1 context show:.venv/lib… noul  ▍········· 0.04           │
s1 context show:.venv/lib… noul  ▍········· 0.04           │
[2m↑1 queued for step 1: Prefer the smallest change and run the tests after every edit.                      [↑ takes back][22m
[33m> [39m[2mType to steer the next step…   Esc pauses · Esc Esc aborts[22m
⠴ propose            step 0/12 0m03s  run $0.00/1.00 ok  sess $0.00/5.00 ok  ⎇ main · 1~ 1091?  jev           ▃▅  ? help
[2A[3G[?25h[?2026l[?2026h[?25l[2B[1G[2K[1A[2K[1A[2K[1A[2K[1A[2K[1A[2K[1A[2K[1A[2K[1A[2K[1A[2K[1A[2K[1A[2K[1A[2K[1A[2K[1A[2K[1A[2K[1A[2K[1A[2K[G[2m─── decisions s0 · c~ derived |2p−1| ────────────────────────────────── [d]ecisions [p]lan [t]imeline [s]ynth ─── plan ─[22m
streaming action… 294 chars
s1 context show:.venv/lib… noul  ▌········· 0.05           │ (no plan yet)
s1 context show:.venv/lib… noul  ▍········· 0.04           │
s1 context show:.venv/lib… noul  ▍········· 0.04           │
s1 context show:.venv/lib… noul  ▎········· 0.03           │
s1 context show:.venv/lib… noul  ▍········· 0.04           │
s1 context show:.venv/lib… noul  ▍········· 0.04           │
s1 context show:.venv/lib… noul  ▎········· 0.03           │
s1 context show:.venv/lib… noul  ▍········· 0.04           │
s1 context show:.venv/lib… noul  ▎········· 0.03           │
s1 context show:.venv/lib… noul  ▍········· 0.04           │
s1 context show:.venv/lib… noul  ▍········· 0.04           │
s1 context show:.venv/lib… noul  ▍········· 0.04           │
[2m↑1 queued for step 1: Prefer the smallest change and run the tests after every edit.                      [↑ takes back][22m
[33m> [39m[2mType to steer the next step…   Esc pauses · Esc Esc aborts[22m
⠴ propose            step 0/12 0m03s  run $0.00/1.00 ok  sess $0.00/5.00 ok  ⎇ main · 1~ 1091?  jev           ▃▅  ? help
[2A[3G[?25h[?2026l[?2026h[?25l[2B[1G[2K[1A[2K[1A[2K[1A[2K[1A[2K[1A[2K[1A[2K[1A[2K[1A[2K[1A[2K[1A[2K[1A[2K[1A[2K[1A[2K[1A[2K[1A[2K[1A[2K[1A[2K[G[2m─── decisions s0 · c~ derived |2p−1| ────────────────────────────────── [d]ecisions [p]lan [t]imeline [s]ynth ─── plan ─[22m
streaming action… 312 chars
s1 context show:.venv/lib… noul  ▌········· 0.05           │ (no plan yet)
s1 context show:.venv/lib… noul  ▍········· 0.04           │
s1 context show:.venv/lib… noul  ▍········· 0.04           │
s1 context show:.venv/lib… noul  ▎········· 0.03           │
s1 context show:.venv/lib… noul  ▍········· 0.04           │
s1 context show:.venv/lib… noul  ▍········· 0.04           │
s1 context show:.venv/lib… noul  ▎········· 0.03           │
s1 context show:.venv/lib… noul  ▍········· 0.04           │
s1 context show:.venv/lib… noul  ▎········· 0.03           │
s1 context show:.venv/lib… noul  ▍········· 0.04           │
s1 context show:.venv/lib… noul  ▍········· 0.04           │
s1 context show:.venv/lib… noul  ▍········· 0.04           │
[2m↑1 queued for step 1: Prefer the smallest change and run the tests after every edit.                      [↑ takes back][22m
[33m> [39m[2mType to steer the next step…   Esc pauses · Esc Esc aborts[22m
⠴ propose            step 0/12 0m03s  run $0.00/1.00 ok  sess $0.00/5.00 ok  ⎇ main · 1~ 1091?  jev           ▃▅  ? help
[2A[3G[?25h[?2026l[?2026h[?25l[2B[1G[2K[1A[2K[1A[2K[1A[2K[1A[2K[1A[2K[1A[2K[1A[2K[1A[2K[1A[2K[1A[2K[1A[2K[1A[2K[1A[2K[1A[2K[1A[2K[1A[2K[1A[2K[G[2m─── decisions s0 · c~ derived |2p−1| ────────────────────────────────── [d]ecisions [p]lan [t]imeline [s]ynth ─── plan ─[22m
streaming action… 312 chars
s1 context show:.venv/lib… noul  ▌········· 0.05           │ (no plan yet)
s1 context show:.venv/lib… noul  ▍········· 0.04           │
s1 context show:.venv/lib… noul  ▍········· 0.04           │
s1 context show:.venv/lib… noul  ▎········· 0.03           │
s1 context show:.venv/lib… noul  ▍········· 0.04           │
s1 context show:.venv/lib… noul  ▍········· 0.04           │
s1 context show:.venv/lib… noul  ▎········· 0.03           │
s1 context show:.venv/lib… noul  ▍········· 0.04           │
s1 context show:.venv/lib… noul  ▎········· 0.03           │
s1 context show:.venv/lib… noul  ▍········· 0.04           │
s1 context show:.venv/lib… noul  ▍········· 0.04           │
s1 context show:.venv/lib… noul  ▍········· 0.04           │
[2m↑1 queued for step 1: Prefer the smallest change and run the tests after every edit.                      [↑ takes back][22m
[33m> [39m[2mType to steer the next step…   Esc pauses · Esc Esc aborts[22m
⠦ propose            step 0/12 0m03s  run $0.00/1.00 ok  sess $0.00/5.00 ok  ⎇ main · 1~ 1091?  jev           ▃▅  ? help
[2A[3G[?25h[?2026l[?2026h[?25l[2B[1G[2K[1A[2K[1A[2K[1A[2K[1A[2K[1A[2K[1A[2K[1A[2K[1A[2K[1A[2K[1A[2K[1A[2K[1A[2K[1A[2K[1A[2K[1A[2K[1A[2K[1A[2K[G[2m─── decisions s0 · c~ derived |2p−1| ────────────────────────────────── [d]ecisions [p]lan [t]imeline [s]ynth ─── plan ─[22m
streaming action… 343 chars
s1 context show:.venv/lib… noul  ▌········· 0.05           │ (no plan yet)
s1 context show:.venv/lib… noul  ▍········· 0.04           │
s1 context show:.venv/lib… noul  ▍········· 0.04           │
s1 context show:.venv/lib… noul  ▎········· 0.03           │
s1 context show:.venv/lib… noul  ▍········· 0.04           │
s1 context show:.venv/lib… noul  ▍········· 0.04           │
s1 context show:.venv/lib… noul  ▎········· 0.03           │
s1 context show:.venv/lib… noul  ▍········· 0.04           │
s1 context show:.venv/lib… noul  ▎········· 0.03           │
s1 context show:.venv/lib… noul  ▍········· 0.04           │
s1 context show:.venv/lib… noul  ▍········· 0.04           │
s1 context show:.venv/lib… noul  ▍········· 0.04           │
[2m↑1 queued for step 1: Prefer the smallest change and run the tests after every edit.                      [↑ takes back][22m
[33m> [39m[2mType to steer the next step…   Esc pauses · Esc Esc aborts[22m
⠦ propose            step 0/12 0m03s  run $0.00/1.00 ok  sess $0.00/5.00 ok  ⎇ main · 1~ 1091?  jev           ▃▅  ? help
[2A[3G[?25h[?2026l[?2026h[?25l[2B[1G[2K[1A[2K[1A[2K[1A[2K[1A[2K[1A[2K[1A[2K[1A[2K[1A[2K[1A[2K[1A[2K[1A[2K[1A[2K[1A[2K[1A[2K[1A[2K[1A[2K[1A[2K[G[2m─── decisions s0 · c~ derived |2p−1| ────────────────────────────────── [d]ecisions [p]lan [t]imeline [s]ynth ─── plan ─[22m
streaming action… 343 chars
s1 context show:.venv/lib… noul  ▌········· 0.05           │ (no plan yet)
s1 context show:.venv/lib… noul  ▍········· 0.04           │
s1 context show:.venv/lib… noul  ▍········· 0.04           │
s1 context show:.venv/lib… noul  ▎········· 0.03           │
s1 context show:.venv/lib… noul  ▍········· 0.04           │
s1 context show:.venv/lib… noul  ▍········· 0.04           │
s1 context show:.venv/lib… noul  ▎········· 0.03           │
s1 context show:.venv/lib… noul  ▍········· 0.04           │
s1 context show:.venv/lib… noul  ▎········· 0.03           │
s1 context show:.venv/lib… noul  ▍········· 0.04           │
s1 context show:.venv/lib… noul  ▍········· 0.04           │
s1 context show:.venv/lib… noul  ▍········· 0.04           │
[2m↑1 queued for step 1: Prefer the smallest change and run the tests after every edit.                      [↑ takes back][22m
[33m> [39m[2mType to steer the next step…   Esc pauses · Esc Esc aborts[22m
⠧ propose            step 0/12 0m03s  run $0.00/1.00 ok  sess $0.00/5.00 ok  ⎇ main · 1~ 1091?  jev           ▃▅  ? help
[2A[3G[?25h[?2026l[?2026h[?25l[2B[1G[2K[1A[2K[1A[2K[1A[2K[1A[2K[1A[2K[1A[2K[1A[2K[1A[2K[1A[2K[1A[2K[1A[2K[1A[2K[1A[2K[1A[2K[1A[2K[1A[2K[1A[2K[G[2m─── decisions s0 · c~ derived |2p−1| ────────────────────────────────── [d]ecisions [p]lan [t]imeline [s]ynth ─── plan ─[22m
streaming action… 357 chars
s1 context show:.venv/lib… noul  ▌········· 0.05           │ (no plan yet)
s1 context show:.venv/lib… noul  ▍········· 0.04           │
s1 context show:.venv/lib… noul  ▍········· 0.04           │
s1 context show:.venv/lib… noul  ▎········· 0.03           │
s1 context show:.venv/lib… noul  ▍········· 0.04           │
s1 context show:.venv/lib… noul  ▍········· 0.04           │
s1 context show:.venv/lib… noul  ▎········· 0.03           │
s1 context show:.venv/lib… noul  ▍········· 0.04           │
s1 context show:.venv/lib… noul  ▎········· 0.03           │
s1 context show:.venv/lib… noul  ▍········· 0.04           │
s1 context show:.venv/lib… noul  ▍········· 0.04           │
s1 context show:.venv/lib… noul  ▍········· 0.04           │
[2m↑1 queued for step 1: Prefer the smallest change and run the tests after every edit.                      [↑ takes back][22m
[33m> [39m[2mType to steer the next step…   Esc pauses · Esc Esc aborts[22m
⠧ propose            step 0/12 0m03s  run $0.00/1.00 ok  sess $0.00/5.00 ok  ⎇ main · 1~ 1091?  jev           ▃▅  ? help
[2A[3G[?25h[?2026l[?2026h[?25l[2B[1G[2K[1A[2K[1A[2K[1A[2K[1A[2K[1A[2K[1A[2K[1A[2K[1A[2K[1A[2K[1A[2K[1A[2K[1A[2K[1A[2K[1A[2K[1A[2K[1A[2K[1A[2K[G[2m─── decisions s0 · c~ derived |2p−1| ────────────────────────────────── [d]ecisions [p]lan [t]imeline [s]ynth ─── plan ─[22m
streaming action… 357 chars
s1 context show:.venv/lib… noul  ▌········· 0.05           │ (no plan yet)
s1 context show:.venv/lib… noul  ▍········· 0.04           │
s1 context show:.venv/lib… noul  ▍········· 0.04           │
s1 context show:.venv/lib… noul  ▎········· 0.03           │
s1 context show:.venv/lib… noul  ▍········· 0.04           │
s1 context show:.venv/lib… noul  ▍········· 0.04           │
s1 context show:.venv/lib… noul  ▎········· 0.03           │
s1 context show:.venv/lib… noul  ▍········· 0.04           │
s1 context show:.venv/lib… noul  ▎········· 0.03           │
s1 context show:.venv/lib… noul  ▍········· 0.04           │
s1 context show:.venv/lib… noul  ▍········· 0.04           │
s1 context show:.venv/lib… noul  ▍········· 0.04           │
[2m↑1 queued for step 1: Prefer the smallest change and run the tests after every edit.                      [↑ takes back][22m
[33m> [39m[2mType to steer the next step…   Esc pauses · Esc Esc aborts[22m
⠇ propose            step 0/12 0m03s  run $0.00/1.00 ok  sess $0.00/5.00 ok  ⎇ main · 1~ 1091?  jev           ▃▅  ? help
[2A[3G[?25h[?2026l[?2026h[?25l[2B[1G[2K[1A[2K[1A[2K[1A[2K[1A[2K[1A[2K[1A[2K[1A[2K[1A[2K[1A[2K[1A[2K[1A[2K[1A[2K[1A[2K[1A[2K[1A[2K[1A[2K[1A[2K[G[2m─── decisions s0 · c~ derived |2p−1| ────────────────────────────────── [d]ecisions [p]lan [t]imeline [s]ynth ─── plan ─[22m
streaming action… 357 chars
s1 context show:.venv/lib… noul  ▌········· 0.05           │ (no plan yet)
s1 context show:.venv/lib… noul  ▍········· 0.04           │
s1 context show:.venv/lib… noul  ▍········· 0.04           │
s1 context show:.venv/lib… noul  ▎········· 0.03           │
s1 context show:.venv/lib… noul  ▍········· 0.04           │
s1 context show:.venv/lib… noul  ▍········· 0.04           │
s1 context show:.venv/lib… noul  ▎········· 0.03           │
s1 context show:.venv/lib… noul  ▍········· 0.04           │
s1 context show:.venv/lib… noul  ▎········· 0.03           │
s1 context show:.venv/lib… noul  ▍········· 0.04           │
s1 context show:.venv/lib… noul  ▍········· 0.04           │
s1 context show:.venv/lib… noul  ▍········· 0.04           │
[2m↑1 queued for step 1: Prefer the smallest change and run the tests after every edit.                      [↑ takes back][22m
[33m> [39m[2mType to steer the next step…   Esc pauses · Esc Esc aborts[22m
⠏ propose            step 0/12 0m03s  run $0.00/1.00 ok  sess $0.00/5.00 ok  ⎇ main · 1~ 1091?  jev           ▃▅  ? help
[2A[3G[?25h[?2026l[?2026h[?25l[2B[1G[2K[1A[2K[1A[2K[1A[2K[1A[2K[1A[2K[1A[2K[1A[2K[1A[2K[1A[2K[1A[2K[1A[2K[1A[2K[1A[2K[1A[2K[1A[2K[1A[2K[1A[2K[G[2m─── decisions s0 · c~ derived |2p−1| ────────────────────────────────── [d]ecisions [p]lan [t]imeline [s]ynth ─── plan ─[22m
streaming action… 358 chars
s1 context show:.venv/lib… noul  ▌········· 0.05           │ (no plan yet)
s1 context show:.venv/lib… noul  ▍········· 0.04           │
s1 context show:.venv/lib… noul  ▍········· 0.04           │
s1 context show:.venv/lib… noul  ▎········· 0.03           │
s1 context show:.venv/lib… noul  ▍········· 0.04           │
s1 context show:.venv/lib… noul  ▍········· 0.04           │
s1 context show:.venv/lib… noul  ▎········· 0.03           │
s1 context show:.venv/lib… noul  ▍········· 0.04           │
s1 context show:.venv/lib… noul  ▎········· 0.03           │
s1 context show:.venv/lib… noul  ▍········· 0.04           │
s1 context show:.venv/lib… noul  ▍········· 0.04           │
s1 context show:.venv/lib… noul  ▍········· 0.04           │
[2m↑1 queued for step 1: Prefer the smallest change and run the tests after every edit.                      [↑ takes back][22m
[33m> [39m[2mType to steer the next step…   Esc pauses · Esc Esc aborts[22m
⠏ propose            step 0/12 0m03s  run $0.00/1.00 ok  sess $0.00/5.00 ok  ⎇ main · 1~ 1091?  jev           ▃▅  ? help
[2A[3G[?25h[?2026l[?2026h[?25l[2B[1G[2K[1A[2K[1A[2K[1A[2K[1A[2K[1A[2K[1A[2K[1A[2K[1A[2K[1A[2K[1A[2K[1A[2K[1A[2K[1A[2K[1A[2K[1A[2K[1A[2K[1A[2K[G[step 1] proposal run $ python -m pytest -q; echo '---'; find . -name 'calc*': Run the test suite to see current
failures and locate the calc module | plan done=0 remaining=4 open=0
[2mpython -m pytest -q; echo '---'; find . -name 'calc*'[22m
[2m─── decisions s0 · c~ derived |2p−1| ────────────────────────────────── [d]ecisions [p]lan [t]imeline [s]ynth ─── plan ─[22m
s1 context show:.venv/lib… noul  ▌········· 0.05           │ (no plan yet)
s1 context show:.venv/lib… noul  ▍········· 0.04           │
s1 context show:.venv/lib… noul  ▍········· 0.04           │
s1 context show:.venv/lib… noul  ▎········· 0.03           │
s1 context show:.venv/lib… noul  ▍········· 0.04           │
s1 context show:.venv/lib… noul  ▍········· 0.04           │
s1 context show:.venv/lib… noul  ▎········· 0.03           │
s1 context show:.venv/lib… noul  ▍········· 0.04           │
s1 context show:.venv/lib… noul  ▎········· 0.03           │
s1 context show:.venv/lib… noul  ▍········· 0.04           │
s1 context show:.venv/lib… noul  ▍········· 0.04           │
s1 context show:.venv/lib… noul  ▍········· 0.04           │
[2m↑1 queued for step 1: Prefer the smallest change and run the tests after every edit.                      [↑ takes back][22m
[33m> [39m[2mType to steer the next step…   Esc pauses · Esc Esc aborts[22m
⠏ propose            step 0/12 0m04s  run $0.01/1.00 ok  sess $0.00/5.00 ok  ⎇ main · 1~ 1091?  jev           ▃▅  ? help
[2A[3G[?25h[?2026l[?2026h[?25l[2B[1G[2K[1A[2K[1A[2K[1A[2K[1A[2K[1A[2K[1A[2K[1A[2K[1A[2K[1A[2K[1A[2K[1A[2K[1A[2K[1A[2K[1A[2K[1A[2K[1A[2K[G[2m─── decisions s0 · c~ derived |2p−1| ────────────────────────────────── [d]ecisions [p]lan [t]imeline [s]ynth ─── plan ─[22m
s1 context show:.venv/lib… noul  ▌········· 0.05           │ (no plan yet)
s1 context show:.venv/lib… noul  ▍········· 0.04           │
s1 context show:.venv/lib… noul  ▍········· 0.04           │
s1 context show:.venv/lib… noul  ▎········· 0.03           │
s1 context show:.venv/lib… noul  ▍········· 0.04           │
s1 context show:.venv/lib… noul  ▍········· 0.04           │
s1 context show:.venv/lib… noul  ▎········· 0.03           │
s1 context show:.venv/lib… noul  ▍········· 0.04           │
s1 context show:.venv/lib… noul  ▎········· 0.03           │
s1 context show:.venv/lib… noul  ▍········· 0.04           │
s1 context show:.venv/lib… noul  ▍········· 0.04           │
s1 context show:.venv/lib… noul  ▍········· 0.04           │
[2m↑1 queued for step 1: Prefer the smallest change and run the tests after every edit.                      [↑ takes back][22m
[33m> [39m[2mType to steer the next step…   Esc pauses · Esc Esc aborts[22m
⠋ propose            step 0/12 0m04s  run $0.01/1.00 ok  sess $0.00/5.00 ok  ⎇ main · 1~ 1091?  jev           ▃▅  ? help
[2A[3G[?25h[?2026l[?2026h[?25l[2B[1G[2K[1A[2K[1A[2K[1A[2K[1A[2K[1A[2K[1A[2K[1A[2K[1A[2K[1A[2K[1A[2K[1A[2K[1A[2K[1A[2K[1A[2K[1A[2K[1A[2K[G[2m─── decisions s0 · c~ derived |2p−1| ────────────────────────────────── [d]ecisions [p]lan [t]imeline [s]ynth ─── plan ─[22m
s1 context show:.venv/lib… noul  ▌········· 0.05           │ (no plan yet)
s1 context show:.venv/lib… noul  ▍········· 0.04           │
s1 context show:.venv/lib… noul  ▍········· 0.04           │
s1 context show:.venv/lib… noul  ▎········· 0.03           │
s1 context show:.venv/lib… noul  ▍········· 0.04           │
s1 context show:.venv/lib… noul  ▍········· 0.04           │
s1 context show:.venv/lib… noul  ▎········· 0.03           │
s1 context show:.venv/lib… noul  ▍········· 0.04           │
s1 context show:.venv/lib… noul  ▎········· 0.03           │
s1 context show:.venv/lib… noul  ▍········· 0.04           │
s1 context show:.venv/lib… noul  ▍········· 0.04           │
s1 context show:.venv/lib… noul  ▍········· 0.04           │
[2m↑1 queued for step 1: Prefer the smallest change and run the tests after every edit.                      [↑ takes back][22m
[33m> [39m[2mType to steer the next step…   Esc pauses · Esc Esc aborts[22m
⠙ propose            step 0/12 0m04s  run $0.01/1.00 ok  sess $0.00/5.00 ok  ⎇ main · 1~ 1091?  jev           ▃▅  ? help
[2A[3G[?25h[?2026l[?2026h[?25l[2B[1G[2K[1A[2K[1A[2K[1A[2K[1A[2K[1A[2K[1A[2K[1A[2K[1A[2K[1A[2K[1A[2K[1A[2K[1A[2K[1A[2K[1A[2K[1A[2K[1A[2K[G[2m─── decisions s0 · c~ derived |2p−1| ────────────────────────────────── [d]ecisions [p]lan [t]imeline [s]ynth ─── plan ─[22m
s1 context show:.venv/lib… noul  ▌········· 0.05           │ (no plan yet)
s1 context show:.venv/lib… noul  ▍········· 0.04           │
s1 context show:.venv/lib… noul  ▍········· 0.04           │
s1 context show:.venv/lib… noul  ▎········· 0.03           │
s1 context show:.venv/lib… noul  ▍········· 0.04           │
s1 context show:.venv/lib… noul  ▍········· 0.04           │
s1 context show:.venv/lib… noul  ▎········· 0.03           │
s1 context show:.venv/lib… noul  ▍········· 0.04           │
s1 context show:.venv/lib… noul  ▎········· 0.03           │
s1 context show:.venv/lib… noul  ▍········· 0.04           │
s1 context show:.venv/lib… noul  ▍········· 0.04           │
s1 context show:.venv/lib… noul  ▍········· 0.04           │
[2m↑1 queued for step 1: Prefer the smallest change and run the tests after every edit.                      [↑ takes back][22m
[33m> [39m[2mType to steer the next step…   Esc pauses · Esc Esc aborts[22m
⠹ propose            step 0/12 0m04s  run $0.01/1.00 ok  sess $0.00/5.00 ok  ⎇ main · 1~ 1091?  jev           ▃▅  ? help
[2A[3G[?25h[?2026l[?2026h[?25l[2B[1G[2K[1A[2K[1A[2K[1A[2K[1A[2K[1A[2K[1A[2K[1A[2K[1A[2K[1A[2K[1A[2K[1A[2K[1A[2K[1A[2K[1A[2K[1A[2K[1A[2K[G[2m[step 1] risk=0.03 ok: risk 0.03 (ok) from plan_mismatch: 0.03 probability of level 3 or above; dominant level 0 [22m
[2m"matches `intent` and the plan"; Jev confidence 0.82[22m
[2m─── decisions s0 · c~ derived |2p−1| ────────────────────────────────── [d]ecisions [p]lan [t]imeline [s]ynth ─── plan ─[22m
s1 context show:.venv/lib… noul  ▍········· 0.04           │ (no plan yet)
s1 context show:.venv/lib… noul  ▎········· 0.03           │
s1 context show:.venv/lib… noul  ▍········· 0.04           │
s1 context show:.venv/lib… noul  ▎········· 0.03           │
s1 context show:.venv/lib… noul  ▍········· 0.04           │
s1 context show:.venv/lib… noul  ▍········· 0.04           │
s1 context show:.venv/lib… noul  ▍········· 0.04           │
s1 risk    destructive     L0.02 █████████▊ 0.98 [ok]      │
s1 risk    out_of_scope    L0.57 █████▊···· 0.57 [ok]      │
s1 risk    plan_mismatch   L0.18 █████████· 0.90 [ok]      │
s1 risk    irreversible    L0    ██████████ 1.00 [ok]      │
s1 risk    matches_intent  noul  █████████▍ 0.94           │
[2m↑1 queued for step 1: Prefer the smallest change and run the tests after every edit.                      [↑ takes back][22m
[33m> [39m[2mType to steer the next step…   Esc pauses · Esc Esc aborts[22m
⠹ risk               step 0/12 0m04s  run $0.01/1.00 ok  sess $0.00/5.00 ok  ⎇ main · 1~ 1091?  jev          ▃▅▃  ? help
[2A[3G[?25h[?2026l[?2026h[?25l[2B[1G[2K[1A[2K[1A[2K[1A[2K[1A[2K[1A[2K[1A[2K[1A[2K[1A[2K[1A[2K[1A[2K[1A[2K[1A[2K[1A[2K[1A[2K[1A[2K[1A[2K[G[2m─── decisions s0 · c~ derived |2p−1| ────────────────────────────────── [d]ecisions [p]lan [t]imeline [s]ynth ─── plan ─[22m
s1 context show:.venv/lib… noul  ▍········· 0.04           │ (no plan yet)
s1 context show:.venv/lib… noul  ▎········· 0.03           │
s1 context show:.venv/lib… noul  ▍········· 0.04           │
s1 context show:.venv/lib… noul  ▎········· 0.03           │
s1 context show:.venv/lib… noul  ▍········· 0.04           │
s1 context show:.venv/lib… noul  ▍········· 0.04           │
s1 context show:.venv/lib… noul  ▍········· 0.04           │
s1 risk    destructive     L0.02 █████████▊ 0.98 [ok]      │
s1 risk    out_of_scope    L0.57 █████▊···· 0.57 [ok]      │
s1 risk    plan_mismatch   L0.18 █████████· 0.90 [ok]      │
s1 risk    irreversible    L0    ██████████ 1.00 [ok]      │
s1 risk    matches_intent  noul  █████████▍ 0.94           │
[2m↑1 queued for step 1: Prefer the smallest change and run the tests after every edit.                      [↑ takes back][22m
[33m> [39m[2mType to steer the next step…   Esc pauses · Esc Esc aborts[22m
⠸ risk               step 0/12 0m04s  run $0.01/1.00 ok  sess $0.00/5.00 ok  ⎇ main · 1~ 1091?  jev          ▃▅▃  ? help
[2A[3G[?25h[?2026l[?2026h[?25l[2B[1G[2K[1A[2K[1A[2K[1A[2K[1A[2K[1A[2K[1A[2K[1A[2K[1A[2K[1A[2K[1A[2K[1A[2K[1A[2K[1A[2K[1A[2K[1A[2K[1A[2K[G[2m─── decisions s0 · c~ derived |2p−1| ────────────────────────────────── [d]ecisions [p]lan [t]imeline [s]ynth ─── plan ─[22m
s1 context show:.venv/lib… noul  ▍········· 0.04           │ (no plan yet)
s1 context show:.venv/lib… noul  ▎········· 0.03           │
s1 context show:.venv/lib… noul  ▍········· 0.04           │
s1 context show:.venv/lib… noul  ▎········· 0.03           │
s1 context show:.venv/lib… noul  ▍········· 0.04           │
s1 context show:.venv/lib… noul  ▍········· 0.04           │
s1 context show:.venv/lib… noul  ▍········· 0.04           │
s1 risk    destructive     L0.02 █████████▊ 0.98 [ok]      │
s1 risk    out_of_scope    L0.57 █████▊···· 0.57 [ok]      │
s1 risk    plan_mismatch   L0.18 █████████· 0.90 [ok]      │
s1 risk    irreversible    L0    ██████████ 1.00 [ok]      │
s1 risk    matches_intent  noul  █████████▍ 0.94           │
[2m↑1 queued for step 1: Prefer the smallest change and run the tests after every edit.                      [↑ takes back][22m
[33m> [39m[2mType to steer the next step…   Esc pauses · Esc Esc aborts[22m
⠼ risk               step 0/12 0m04s  run $0.01/1.00 ok  sess $0.00/5.00 ok  ⎇ main · 1~ 1091?  jev          ▃▅▃  ? help
[2A[3G[?25h[?2026l[?2026h[?25l[2B[1G[2K[1A[2K[1A[2K[1A[2K[1A[2K[1A[2K[1A[2K[1A[2K[1A[2K[1A[2K[1A[2K[1A[2K[1A[2K[1A[2K[1A[2K[1A[2K[1A[2K[G[2m─── decisions s0 · c~ derived |2p−1| ────────────────────────────────── [d]ecisions [p]lan [t]imeline [s]ynth ─── plan ─[22m
s1 context show:.venv/lib… noul  ▍········· 0.04           │ (no plan yet)
s1 context show:.venv/lib… noul  ▎········· 0.03           │
s1 context show:.venv/lib… noul  ▍········· 0.04           │
s1 context show:.venv/lib… noul  ▎········· 0.03           │
s1 context show:.venv/lib… noul  ▍········· 0.04           │
s1 context show:.venv/lib… noul  ▍········· 0.04           │
s1 context show:.venv/lib… noul  ▍········· 0.04           │
s1 risk    destructive     L0.02 █████████▊ 0.98 [ok]      │
s1 risk    out_of_scope    L0.57 █████▊···· 0.57 [ok]      │
s1 risk    plan_mismatch   L0.18 █████████· 0.90 [ok]      │
s1 risk    irreversible    L0    ██████████ 1.00 [ok]      │
s1 risk    matches_intent  noul  █████████▍ 0.94           │
[2m↑1 queued for step 1: Prefer the smallest change and run the tests after every edit.                      [↑ takes back][22m
[33m> [39m[2mType to steer the next step…   Esc pauses · Esc Esc aborts[22m
⠴ risk               step 0/12 0m04s  run $0.01/1.00 ok  sess $0.00/5.00 ok  ⎇ main · 1~ 1091?  jev          ▃▅▃  ? help
[2A[3G[?25h[?2026l[?2026h[?25l[2B[1G[2K[1A[2K[1A[2K[1A[2K[1A[2K[1A[2K[1A[2K[1A[2K[1A[2K[1A[2K[1A[2K[1A[2K[1A[2K[1A[2K[1A[2K[1A[2K[1A[2K[G[2m─── decisions s0 · c~ derived |2p−1| ────────────────────────────────── [d]ecisions [p]lan [t]imeline [s]ynth ─── plan ─[22m
s1 context show:.venv/lib… noul  ▍········· 0.04           │ (no plan yet)
s1 context show:.venv/lib… noul  ▎········· 0.03           │
s1 context show:.venv/lib… noul  ▍········· 0.04           │
s1 context show:.venv/lib… noul  ▎········· 0.03           │
s1 context show:.venv/lib… noul  ▍········· 0.04           │
s1 context show:.venv/lib… noul  ▍········· 0.04           │
s1 context show:.venv/lib… noul  ▍········· 0.04           │
s1 risk    destructive     L0.02 █████████▊ 0.98 [ok]      │
s1 risk    out_of_scope    L0.57 █████▊···· 0.57 [ok]      │
s1 risk    plan_mismatch   L0.18 █████████· 0.90 [ok]      │
s1 risk    irreversible    L0    ██████████ 1.00 [ok]      │
s1 risk    matches_intent  noul  █████████▍ 0.94           │
[2m↑1 queued for step 1: Prefer the smallest change and run the tests after every edit.                      [↑ takes back][22m
[33m> [39m[2mType to steer the next step…   Esc pauses · Esc Esc aborts[22m
⠴ execute            step 0/12 0m04s  run $0.01/1.00 ok  sess $0.00/5.00 ok  ⎇ main · 1~ 1091?  jev          ▃▅▃  ? help
[2A[3G[?25h[?2026l[?2026h[?25l[2B[1G[2K[1A[2K[1A[2K[1A[2K[1A[2K[1A[2K[1A[2K[1A[2K[1A[2K[1A[2K[1A[2K[1A[2K[1A[2K[1A[2K[1A[2K[1A[2K[1A[2K[G[2m[step 1] outcome executed: exit 0 (exit 0, 348ms)[22m
[2m─── decisions s0 · c~ derived |2p−1| ────────────────────────────────── [d]ecisions [p]lan [t]imeline [s]ynth ─── plan ─[22m
s1 context show:.venv/lib… noul  ▍········· 0.04           │ (no plan yet)
s1 context show:.venv/lib… noul  ▎········· 0.03           │
s1 context show:.venv/lib… noul  ▍········· 0.04           │
s1 context show:.venv/lib… noul  ▎········· 0.03           │
s1 context show:.venv/lib… noul  ▍········· 0.04           │
s1 context show:.venv/lib… noul  ▍········· 0.04           │
s1 context show:.venv/lib… noul  ▍········· 0.04           │
s1 risk    destructive     L0.02 █████████▊ 0.98 [ok]      │
s1 risk    out_of_scope    L0.57 █████▊···· 0.57 [ok]      │
s1 risk    plan_mismatch   L0.18 █████████· 0.90 [ok]      │
s1 risk    irreversible    L0    ██████████ 1.00 [ok]      │
s1 risk    matches_intent  noul  █████████▍ 0.94           │
[2m↑1 queued for step 1: Prefer the smallest change and run the tests after every edit.                      [↑ takes back][22m
[33m> [39m[2mType to steer the next step…   Esc pauses · Esc Esc aborts[22m
⠴ execute            step 0/12 0m04s  run $0.01/1.00 ok  sess $0.00/5.00 ok  ⎇ main · 1~ 1091?  jev          ▃▅▃  ? help
[2A[3G[?25h[?2026l[?2026h[?25l[2B[1G[2K[1A[2K[1A[2K[1A[2K[1A[2K[1A[2K[1A[2K[1A[2K[1A[2K[1A[2K[1A[2K[1A[2K[1A[2K[1A[2K[1A[2K[1A[2K[1A[2K[G[2m─── decisions s0 · c~ derived |2p−1| ────────────────────────────────── [d]ecisions [p]lan [t]imeline [s]ynth ─── plan ─[22m
s1 context show:.venv/lib… noul  ▍········· 0.04           │ (no plan yet)
s1 context show:.venv/lib… noul  ▎········· 0.03           │
s1 context show:.venv/lib… noul  ▍········· 0.04           │
s1 context show:.venv/lib… noul  ▎········· 0.03           │
s1 context show:.venv/lib… noul  ▍········· 0.04           │
s1 context show:.venv/lib… noul  ▍········· 0.04           │
s1 context show:.venv/lib… noul  ▍········· 0.04           │
s1 risk    destructive     L0.02 █████████▊ 0.98 [ok]      │
s1 risk    out_of_scope    L0.57 █████▊···· 0.57 [ok]      │
s1 risk    plan_mismatch   L0.18 █████████· 0.90 [ok]      │
s1 risk    irreversible    L0    ██████████ 1.00 [ok]      │
s1 risk    matches_intent  noul  █████████▍ 0.94           │
[2m↑1 queued for step 1: Prefer the smallest change and run the tests after every edit.                      [↑ takes back][22m
[33m> [39m[2mType to steer the next step…   Esc pauses · Esc Esc aborts[22m
⠦ execute            step 0/12 0m04s  run $0.01/1.00 ok  sess $0.00/5.00 ok  ⎇ main · 1~ 1091?  jev          ▃▅▃  ? help
[2A[3G[?25h[?2026l[?2026h[?25l[2B[1G[2K[1A[2K[1A[2K[1A[2K[1A[2K[1A[2K[1A[2K[1A[2K[1A[2K[1A[2K[1A[2K[1A[2K[1A[2K[1A[2K[1A[2K[1A[2K[1A[2K[G[2m─── decisions s0 · c~ derived |2p−1| ────────────────────────────────── [d]ecisions [p]lan [t]imeline [s]ynth ─── plan ─[22m
s1 context show:.venv/lib… noul  ▍········· 0.04           │ (no plan yet)
s1 context show:.venv/lib… noul  ▎········· 0.03           │
s1 context show:.venv/lib… noul  ▍········· 0.04           │
s1 context show:.venv/lib… noul  ▎········· 0.03           │
s1 context show:.venv/lib… noul  ▍········· 0.04           │
s1 context show:.venv/lib… noul  ▍········· 0.04           │
s1 context show:.venv/lib… noul  ▍········· 0.04           │
s1 risk    destructive     L0.02 █████████▊ 0.98 [ok]      │
s1 risk    out_of_scope    L0.57 █████▊···· 0.57 [ok]      │
s1 risk    plan_mismatch   L0.18 █████████· 0.90 [ok]      │
s1 risk    irreversible    L0    ██████████ 1.00 [ok]      │
s1 risk    matches_intent  noul  █████████▍ 0.94           │
[2m↑1 queued for step 1: Prefer the smallest change and run the tests after every edit.                      [↑ takes back][22m
[33m> [39m[2mType to steer the next step…   Esc pauses · Esc Esc aborts[22m
⠧ execute            step 0/12 0m04s  run $0.01/1.00 ok  sess $0.00/5.00 ok  ⎇ main · 1~ 1091?  jev          ▃▅▃  ? help
[2A[3G[?25h[?2026l[?2026h[?25l[2B[1G[2K[1A[2K[1A[2K[1A[2K[1A[2K[1A[2K[1A[2K[1A[2K[1A[2K[1A[2K[1A[2K[1A[2K[1A[2K[1A[2K[1A[2K[1A[2K[1A[2K[G[2m[step 1] judge succeeded=0.92 error_present=0.03 new_info=0.10 tests=7p/0f/0e pass claims=0/0 completion=0.76[22m
[2m[step 1] plan done=0 remaining=4 unverified=0 problems=0[22m
[2m[step 2] steer applied to step 2 (1 directive)[22m
[2m─── decisions s1 · c~ derived |2p−1| ────────────────────────────────── [d]ecisions [p]lan [t]imeline [s]ynth ─── plan ─[22m
s1 context show:.venv/lib… noul  ▍········· 0.04           │ plan  done 0  remaining 4  unverified 0  problems 0
s1 context show:.venv/lib… noul  ▍········· 0.04           │ [ ] Run tests to see failures
s1 context show:.venv/lib… noul  ▍········· 0.04           │ [ ] Inspect calc module source
s1 risk    destructive     L0.02 █████████▊ 0.98 [ok]      │ [ ] Fix bugs in calc.py to satisfy tests
s1 risk    out_of_scope    L0.57 █████▊···· 0.57 [ok]      │ [ ] Re-run tests to verify
s1 risk    plan_mismatch   L0.18 █████████· 0.90 [ok]      │
s1 risk    irreversible    L0    ██████████ 1.00 [ok]      │
s1 risk    matches_intent  noul  █████████▍ 0.94           │
s1 judge   succeeded       noul  █████████▎ 0.92           │
s1 judge   error_present   noul  ▎········· 0.03           │
s1 judge   new_information noul  █········· 0.10           │
s1 complete task_complete  noul  ███████▋·· 0.76           │
[33m> [39m[2mType to steer the next step…   Esc pauses · Esc Esc aborts[22m
starting             step 1/12 0m05s  run $0.01/1.00 ok  sess $0.00/5.00 ok  ⎇ main · 1~ 1091?  jev         ▃▅▃▂  ? help
[2A[3G[?25h[?2026l[?2026h[?25l[2B[1G[2K[1A[2K[1A[2K[1A[2K[1A[2K[1A[2K[1A[2K[1A[2K[1A[2K[1A[2K[1A[2K[1A[2K[1A[2K[1A[2K[1A[2K[1A[2K[G[2m[step 2] intent=investigate p=0.93 c=0.92 (jev answered finish)[22m
[2m─── decisions s1 · c~ derived |2p−1| ────────────────────────────────── [d]ecisions [p]lan [t]imeline [s]ynth ─── plan ─[22m
s1 risk    matches_intent  noul  █████████▍ 0.94           │ plan  done 0  remaining 4  unverified 0  problems 0
s1 judge   succeeded       noul  █████████▎ 0.92           │ [ ] Run tests to see failures
s1 judge   error_present   noul  ▎········· 0.03           │ [ ] Inspect calc module source
s1 judge   new_information noul  █········· 0.10           │ [ ] Fix bugs in calc.py to satisfy tests
s1 complete task_complete  noul  ███████▋·· 0.76           │ [ ] Re-run tests to verify
s2 intent  intent          fini… █████████▎ 0.93 fallback  │
s2 intent  can_investigate noul  ███▎······ 0.32           │
s2 intent  can_edit        noul  ▊········· 0.07           │
s2 intent  can_verify      noul  █▉········ 0.19           │
s2 intent  can_fix_enviro… noul  ▎········· 0.03           │
s2 intent  can_finish      noul  ███▋······ 0.36           │
s2 intent  plan_still_val… noul  ▉········· 0.09           │
[33m> [39m[2mType to steer the next step…   Esc pauses · Esc Esc aborts[22m
⠧ intent             step 1/12 0m05s  run $0.01/1.00 ok  sess $0.00/5.00 ok  ⎇ main · 1~ 1091?  jev        ▃▅▃▂▁  ? help
[2A[3G[?25h[?2026l[?2026h[?25l[2B[1G[2K[1A[2K[1A[2K[1A[2K[1A[2K[1A[2K[1A[2K[1A[2K[1A[2K[1A[2K[1A[2K[1A[2K[1A[2K[1A[2K[1A[2K[1A[2K[G[2m─── decisions s1 · c~ derived |2p−1| ────────────────────────────────── [d]ecisions [p]lan [t]imeline [s]ynth ─── plan ─[22m
s1 risk    matches_intent  noul  █████████▍ 0.94           │ plan  done 0  remaining 4  unverified 0  problems 0
s1 judge   succeeded       noul  █████████▎ 0.92           │ [ ] Run tests to see failures
s1 judge   error_present   noul  ▎········· 0.03           │ [ ] Inspect calc module source
s1 judge   new_information noul  █········· 0.10           │ [ ] Fix bugs in calc.py to satisfy tests
s1 complete task_complete  noul  ███████▋·· 0.76           │ [ ] Re-run tests to verify
s2 intent  intent          fini… █████████▎ 0.93 fallback  │
s2 intent  can_investigate noul  ███▎······ 0.32           │
s2 intent  can_edit        noul  ▊········· 0.07           │
s2 intent  can_verify      noul  █▉········ 0.19           │
s2 intent  can_fix_enviro… noul  ▎········· 0.03           │
s2 intent  can_finish      noul  ███▋······ 0.36           │
s2 intent  plan_still_val… noul  ▉········· 0.09           │
[33m> [39m[2mType to steer the next step…   Esc pauses · Esc Esc aborts[22m
⠇ intent             step 1/12 0m05s  run $0.01/1.00 ok  sess $0.00/5.00 ok  ⎇ main · 1~ 1091?  jev        ▃▅▃▂▁  ? help
[2A[3G[?25h[?2026l[?2026h[?25l[2B[1G[2K[1A[2K[1A[2K[1A[2K[1A[2K[1A[2K[1A[2K[1A[2K[1A[2K[1A[2K[1A[2K[1A[2K[1A[2K[1A[2K[1A[2K[1A[2K[G[2m─── decisions s1 · c~ derived |2p−1| ────────────────────────────────── [d]ecisions [p]lan [t]imeline [s]ynth ─── plan ─[22m
s1 risk    matches_intent  noul  █████████▍ 0.94           │ plan  done 0  remaining 4  unverified 0  problems 0
s1 judge   succeeded       noul  █████████▎ 0.92           │ [ ] Run tests to see failures
s1 judge   error_present   noul  ▎········· 0.03           │ [ ] Inspect calc module source
s1 judge   new_information noul  █········· 0.10           │ [ ] Fix bugs in calc.py to satisfy tests
s1 complete task_complete  noul  ███████▋·· 0.76           │ [ ] Re-run tests to verify
s2 intent  intent          fini… █████████▎ 0.93 fallback  │
s2 intent  can_investigate noul  ███▎······ 0.32           │
s2 intent  can_edit        noul  ▊········· 0.07           │
s2 intent  can_verify      noul  █▉········ 0.19           │
s2 intent  can_fix_enviro… noul  ▎········· 0.03           │
s2 intent  can_finish      noul  ███▋······ 0.36           │
s2 intent  plan_still_val… noul  ▉········· 0.09           │
[33m> [39m[2mType to steer the next step…   Esc pauses · Esc Esc aborts[22m
⠏ intent             step 1/12 0m05s  run $0.01/1.00 ok  sess $0.00/5.00 ok  ⎇ main · 1~ 1091?  jev        ▃▅▃▂▁  ? help
[2A[3G[?25h[?2026l[?2026h[?25l[2B[1G[2K[1A[2K[1A[2K[1A[2K[1A[2K[1A[2K[1A[2K[1A[2K[1A[2K[1A[2K[1A[2K[1A[2K[1A[2K[1A[2K[1A[2K[1A[2K[G[2m─── decisions s1 · c~ derived |2p−1| ────────────────────────────────── [d]ecisions [p]lan [t]imeline [s]ynth ─── plan ─[22m
s1 risk    matches_intent  noul  █████████▍ 0.94           │ plan  done 0  remaining 4  unverified 0  problems 0
s1 judge   succeeded       noul  █████████▎ 0.92           │ [ ] Run tests to see failures
s1 judge   error_present   noul  ▎········· 0.03           │ [ ] Inspect calc module source
s1 judge   new_information noul  █········· 0.10           │ [ ] Fix bugs in calc.py to satisfy tests
s1 complete task_complete  noul  ███████▋·· 0.76           │ [ ] Re-run tests to verify
s2 intent  intent          fini… █████████▎ 0.93 fallback  │
s2 intent  can_investigate noul  ███▎······ 0.32           │
s2 intent  can_edit        noul  ▊········· 0.07           │
s2 intent  can_verify      noul  █▉········ 0.19           │
s2 intent  can_fix_enviro… noul  ▎········· 0.03           │
s2 intent  can_finish      noul  ███▋······ 0.36           │
s2 intent  plan_still_val… noul  ▉········· 0.09           │
[33m> [39m[2mType to steer the next step…   Esc pauses · Esc Esc aborts[22m
⠋ intent             step 1/12 0m05s  run $0.01/1.00 ok  sess $0.00/5.00 ok  ⎇ main · 1~ 1091?  jev        ▃▅▃▂▁  ? help
[2A[3G[?25h[?2026l[?2026h[?25l[2B[1G[2K[1A[2K[1A[2K[1A[2K[1A[2K[1A[2K[1A[2K[1A[2K[1A[2K[1A[2K[1A[2K[1A[2K[1A[2K[1A[2K[1A[2K[1A[2K[G[2m─── decisions s1 · c~ derived |2p−1| ────────────────────────────────── [d]ecisions [p]lan [t]imeline [s]ynth ─── plan ─[22m
s1 risk    matches_intent  noul  █████████▍ 0.94           │ plan  done 0  remaining 4  unverified 0  problems 0
s1 judge   succeeded       noul  █████████▎ 0.92           │ [ ] Run tests to see failures
s1 judge   error_present   noul  ▎········· 0.03           │ [ ] Inspect calc module source
s1 judge   new_information noul  █········· 0.10           │ [ ] Fix bugs in calc.py to satisfy tests
s1 complete task_complete  noul  ███████▋·· 0.76           │ [ ] Re-run tests to verify
s2 intent  intent          fini… █████████▎ 0.93 fallback  │
s2 intent  can_investigate noul  ███▎······ 0.32           │
s2 intent  can_edit        noul  ▊········· 0.07           │
s2 intent  can_verify      noul  █▉········ 0.19           │
s2 intent  can_fix_enviro… noul  ▎········· 0.03           │
s2 intent  can_finish      noul  ███▋······ 0.36           │
s2 intent  plan_still_val… noul  ▉········· 0.09           │
[33m> [39m[2mType to steer the next step…   Esc pauses · Esc Esc aborts[22m
⠙ intent             step 1/12 0m05s  run $0.01/1.00 ok  sess $0.00/5.00 ok  ⎇ main · 1~ 1091?  jev        ▃▅▃▂▁  ? help
[2A[3G[?25h[?2026l[?2026h[?25l[2B[1G[2K[1A[2K[1A[2K[1A[2K[1A[2K[1A[2K[1A[2K[1A[2K[1A[2K[1A[2K[1A[2K[1A[2K[1A[2K[1A[2K[1A[2K[1A[2K[G[2m─── decisions s1 · c~ derived |2p−1| ────────────────────────────────── [d]ecisions [p]lan [t]imeline [s]ynth ─── plan ─[22m
s2 context show:.venv/lib… noul  ▎········· 0.03           │ plan  done 0  remaining 4  unverified 0  problems 0
s2 context show:.venv/lib… noul  ▎········· 0.03           │ [ ] Run tests to see failures
s2 context show:.venv/lib… noul  ▎········· 0.03           │ [ ] Inspect calc module source
s2 context show:.venv/lib… noul  ▎········· 0.03           │ [ ] Fix bugs in calc.py to satisfy tests
s2 context show:.venv/lib… noul  ▎········· 0.03           │ [ ] Re-run tests to verify
s2 context show:.venv/lib… noul  ▎········· 0.03           │
s2 context show:.venv/lib… noul  ▎········· 0.03           │
s2 context show:.venv/lib… noul  ▎········· 0.03           │
s2 context show:.venv/lib… noul  ▎········· 0.02           │
s2 context show:.venv/lib… noul  ▎········· 0.03           │
s2 context show:.venv/lib… noul  ▎········· 0.02           │
s2 context show:.venv/lib… noul  ▎········· 0.02           │
[33m> [39m[2mType to steer the next step…   Esc pauses · Esc Esc aborts[22m
⠙ intent             step 1/12 0m05s  run $0.01/1.00 ok  sess $0.00/5.00 ok  ⎇ main · 1~ 1091?  jev       ▃▅▃▂▁▅  ? help
[2A[3G[?25h[?2026l[?2026h[?25l[2B[1G[2K[1A[2K[1A[2K[1A[2K[1A[2K[1A[2K[1A[2K[1A[2K[1A[2K[1A[2K[1A[2K[1A[2K[1A[2K[1A[2K[1A[2K[1A[2K[G[2m[step 2] context 1 files 636B of 300 candidates: tests/test_core.py[22m
[2m─── decisions s1 · c~ derived |2p−1| ────────────────────────────────── [d]ecisions [p]lan [t]imeline [s]ynth ─── plan ─[22m
s2 context show:.venv/lib… noul  ▎········· 0.03           │ plan  done 0  remaining 4  unverified 0  problems 0
s2 context show:.venv/lib… noul  ▎········· 0.03           │ [ ] Run tests to see failures
s2 context show:.venv/lib… noul  ▎········· 0.03           │ [ ] Inspect calc module source
s2 context show:.venv/lib… noul  ▎········· 0.03           │ [ ] Fix bugs in calc.py to satisfy tests
s2 context show:.venv/lib… noul  ▎········· 0.03           │ [ ] Re-run tests to verify
s2 context show:.venv/lib… noul  ▎········· 0.03           │
s2 context show:.venv/lib… noul  ▎········· 0.03           │
s2 context show:.venv/lib… noul  ▎········· 0.03           │
s2 context show:.venv/lib… noul  ▎········· 0.02           │
s2 context show:.venv/lib… noul  ▎········· 0.03           │
s2 context show:.venv/lib… noul  ▎········· 0.02           │
s2 context show:.venv/lib… noul  ▎········· 0.02           │
[33m> [39m[2mType to steer the next step…   Esc pauses · Esc Esc aborts[22m
⠙ context            step 1/12 0m05s  run $0.01/1.00 ok  sess $0.00/5.00 ok  ⎇ main · 1~ 1091?  jev       ▃▅▃▂▁▅  ? help
[2A[3G[?25h[?2026l[?2026h[?25l[2B[1G[2K[1A[2K[1A[2K[1A[2K[1A[2K[1A[2K[1A[2K[1A[2K[1A[2K[1A[2K[1A[2K[1A[2K[1A[2K[1A[2K[1A[2K[1A[2K[G[2m─── decisions s1 · c~ derived |2p−1| ────────────────────────────────── [d]ecisions [p]lan [t]imeline [s]ynth ─── plan ─[22m
s2 context show:.venv/lib… noul  ▎········· 0.03           │ plan  done 0  remaining 4  unverified 0  problems 0
s2 context show:.venv/lib… noul  ▎········· 0.03           │ [ ] Run tests to see failures
s2 context show:.venv/lib… noul  ▎········· 0.03           │ [ ] Inspect calc module source
s2 context show:.venv/lib… noul  ▎········· 0.03           │ [ ] Fix bugs in calc.py to satisfy tests
s2 context show:.venv/lib… noul  ▎········· 0.03           │ [ ] Re-run tests to verify
s2 context show:.venv/lib… noul  ▎········· 0.03           │
s2 context show:.venv/lib… noul  ▎········· 0.03           │
s2 context show:.venv/lib… noul  ▎········· 0.03           │
s2 context show:.venv/lib… noul  ▎········· 0.02           │
s2 context show:.venv/lib… noul  ▎········· 0.03           │
s2 context show:.venv/lib… noul  ▎········· 0.02           │
s2 context show:.venv/lib… noul  ▎········· 0.02           │
[33m> [39m[2mType to steer the next step…   Esc pauses · Esc Esc aborts[22m
⠹ context            step 1/12 0m05s  run $0.01/1.00 ok  sess $0.00/5.00 ok  ⎇ main · 1~ 1091?  jev       ▃▅▃▂▁▅  ? help
[2A[3G[?25h[?2026l[?2026h[?25l[2B[1G[2K[1A[2K[1A[2K[1A[2K[1A[2K[1A[2K[1A[2K[1A[2K[1A[2K[1A[2K[1A[2K[1A[2K[1A[2K[1A[2K[1A[2K[1A[2K[G[2m─── decisions s1 · c~ derived |2p−1| ────────────────────────────────── [d]ecisions [p]lan [t]imeline [s]ynth ─── plan ─[22m
s2 context show:.venv/lib… noul  ▎········· 0.03           │ plan  done 0  remaining 4  unverified 0  problems 0
s2 context show:.venv/lib… noul  ▎········· 0.03           │ [ ] Run tests to see failures
s2 context show:.venv/lib… noul  ▎········· 0.03           │ [ ] Inspect calc module source
s2 context show:.venv/lib… noul  ▎········· 0.03           │ [ ] Fix bugs in calc.py to satisfy tests
s2 context show:.venv/lib… noul  ▎········· 0.03           │ [ ] Re-run tests to verify
s2 context show:.venv/lib… noul  ▎········· 0.03           │
s2 context show:.venv/lib… noul  ▎········· 0.03           │
s2 context show:.venv/lib… noul  ▎········· 0.03           │
s2 context show:.venv/lib… noul  ▎········· 0.02           │
s2 context show:.venv/lib… noul  ▎········· 0.03           │
s2 context show:.venv/lib… noul  ▎········· 0.02           │
s2 context show:.venv/lib… noul  ▎········· 0.02           │
[33m> [39m[2mType to steer the next step…   Esc pauses · Esc Esc aborts[22m
⠸ context            step 1/12 0m05s  run $0.01/1.00 ok  sess $0.00/5.00 ok  ⎇ main · 1~ 1091?  jev       ▃▅▃▂▁▅  ? help
[2A[3G[?25h[?2026l[?2026h[?25l[2B[1G[2K[1A[2K[1A[2K[1A[2K[1A[2K[1A[2K[1A[2K[1A[2K[1A[2K[1A[2K[1A[2K[1A[2K[1A[2K[1A[2K[1A[2K[1A[2K[G[2m─── decisions s1 · c~ derived |2p−1| ────────────────────────────────── [d]ecisions [p]lan [t]imeline [s]ynth ─── plan ─[22m
s2 context show:.venv/lib… noul  ▎········· 0.03           │ plan  done 0  remaining 4  unverified 0  problems 0
s2 context show:.venv/lib… noul  ▎········· 0.03           │ [ ] Run tests to see failures
s2 context show:.venv/lib… noul  ▎········· 0.03           │ [ ] Inspect calc module source
s2 context show:.venv/lib… noul  ▎········· 0.03           │ [ ] Fix bugs in calc.py to satisfy tests
s2 context show:.venv/lib… noul  ▎········· 0.03           │ [ ] Re-run tests to verify
s2 context show:.venv/lib… noul  ▎········· 0.03           │
s2 context show:.venv/lib… noul  ▎········· 0.03           │
s2 context show:.venv/lib… noul  ▎········· 0.03           │
s2 context show:.venv/lib… noul  ▎········· 0.02           │
s2 context show:.venv/lib… noul  ▎········· 0.03           │
s2 context show:.venv/lib… noul  ▎········· 0.02           │
s2 context show:.venv/lib… noul  ▎········· 0.02           │
[33m> [39m[2mType to steer the next step…   Esc pauses · Esc Esc aborts[22m
⠼ context            step 1/12 0m05s  run $0.01/1.00 ok  sess $0.00/5.00 ok  ⎇ main · 1~ 1091?  jev       ▃▅▃▂▁▅  ? help
[2A[3G[?25h[?2026l[?2026h[?25l[2B[1G[2K[1A[2K[1A[2K[1A[2K[1A[2K[1A[2K[1A[2K[1A[2K[1A[2K[1A[2K[1A[2K[1A[2K[1A[2K[1A[2K[1A[2K[1A[2K[G[2m─── decisions s1 · c~ derived |2p−1| ────────────────────────────────── [d]ecisions [p]lan [t]imeline [s]ynth ─── plan ─[22m
s2 context show:.venv/lib… noul  ▎········· 0.03           │ plan  done 0  remaining 4  unverified 0  problems 0
s2 context show:.venv/lib… noul  ▎········· 0.03           │ [ ] Run tests to see failures
s2 context show:.venv/lib… noul  ▎········· 0.03           │ [ ] Inspect calc module source
s2 context show:.venv/lib… noul  ▎········· 0.03           │ [ ] Fix bugs in calc.py to satisfy tests
s2 context show:.venv/lib… noul  ▎········· 0.03           │ [ ] Re-run tests to verify
s2 context show:.venv/lib… noul  ▎········· 0.03           │
s2 context show:.venv/lib… noul  ▎········· 0.03           │
s2 context show:.venv/lib… noul  ▎········· 0.03           │
s2 context show:.venv/lib… noul  ▎········· 0.02           │
s2 context show:.venv/lib… noul  ▎········· 0.03           │
s2 context show:.venv/lib… noul  ▎········· 0.02           │
s2 context show:.venv/lib… noul  ▎········· 0.02           │
[33m> [39m[2mType to steer the next step…   Esc pauses · Esc Esc aborts[22m
⠴ context            step 1/12 0m05s  run $0.01/1.00 ok  sess $0.00/5.00 ok  ⎇ main · 1~ 1091?  jev       ▃▅▃▂▁▅  ? help
[2A[3G[?25h[?2026l[?2026h[?25l[2B[1G[2K[1A[2K[1A[2K[1A[2K[1A[2K[1A[2K[1A[2K[1A[2K[1A[2K[1A[2K[1A[2K[1A[2K[1A[2K[1A[2K[1A[2K[1A[2K[G[2m─── decisions s1 · c~ derived |2p−1| ────────────────────────────────── [d]ecisions [p]lan [t]imeline [s]ynth ─── plan ─[22m
s2 context show:.venv/lib… noul  ▎········· 0.03           │ plan  done 0  remaining 4  unverified 0  problems 0
s2 context show:.venv/lib… noul  ▎········· 0.03           │ [ ] Run tests to see failures
s2 context show:.venv/lib… noul  ▎········· 0.03           │ [ ] Inspect calc module source
s2 context show:.venv/lib… noul  ▎········· 0.03           │ [ ] Fix bugs in calc.py to satisfy tests
s2 context show:.venv/lib… noul  ▎········· 0.03           │ [ ] Re-run tests to verify
s2 context show:.venv/lib… noul  ▎········· 0.03           │
s2 context show:.venv/lib… noul  ▎········· 0.03           │
s2 context show:.venv/lib… noul  ▎········· 0.03           │
s2 context show:.venv/lib… noul  ▎········· 0.02           │
s2 context show:.venv/lib… noul  ▎········· 0.03           │
s2 context show:.venv/lib… noul  ▎········· 0.02           │
s2 context show:.venv/lib… noul  ▎········· 0.02           │
[33m> [39m[2mType to steer the next step…   Esc pauses · Esc Esc aborts[22m
⠦ context            step 1/12 0m05s  run $0.01/1.00 ok  sess $0.00/5.00 ok  ⎇ main · 1~ 1091?  jev       ▃▅▃▂▁▅  ? help
[2A[3G[?25h[?2026l[?2026h[?25l[2B[1G[2K[1A[2K[1A[2K[1A[2K[1A[2K[1A[2K[1A[2K[1A[2K[1A[2K[1A[2K[1A[2K[1A[2K[1A[2K[1A[2K[1A[2K[1A[2K[G[2m─── decisions s1 · c~ derived |2p−1| ────────────────────────────────── [d]ecisions [p]lan [t]imeline [s]ynth ─── plan ─[22m
s2 context show:.venv/lib… noul  ▎········· 0.03           │ plan  done 0  remaining 4  unverified 0  problems 0
s2 context show:.venv/lib… noul  ▎········· 0.03           │ [ ] Run tests to see failures
s2 context show:.venv/lib… noul  ▎········· 0.03           │ [ ] Inspect calc module source
s2 context show:.venv/lib… noul  ▎········· 0.03           │ [ ] Fix bugs in calc.py to satisfy tests
s2 context show:.venv/lib… noul  ▎········· 0.03           │ [ ] Re-run tests to verify
s2 context show:.venv/lib… noul  ▎········· 0.03           │
s2 context show:.venv/lib… noul  ▎········· 0.03           │
s2 context show:.venv/lib… noul  ▎········· 0.03           │
s2 context show:.venv/lib… noul  ▎········· 0.02           │
s2 context show:.venv/lib… noul  ▎········· 0.03           │
s2 context show:.venv/lib… noul  ▎········· 0.02           │
s2 context show:.venv/lib… noul  ▎········· 0.02           │
[33m> [39m[2mType to steer the next step…   Esc pauses · Esc Esc aborts[22m
⠦ context            step 1/12 0m06s  run $0.01/1.00 ok  sess $0.00/5.00 ok  ⎇ main · 1~ 1091?  jev       ▃▅▃▂▁▅  ? help
[2A[3G[?25h[?2026l[?2026h[?25l[2B[1G[2K[1A[2K[1A[2K[1A[2K[1A[2K[1A[2K[1A[2K[1A[2K[1A[2K[1A[2K[1A[2K[1A[2K[1A[2K[1A[2K[1A[2K[1A[2K[G[2m─── decisions s1 · c~ derived |2p−1| ────────────────────────────────── [d]ecisions [p]lan [t]imeline [s]ynth ─── plan ─[22m
s2 context show:.venv/lib… noul  ▎········· 0.03           │ plan  done 0  remaining 4  unverified 0  problems 0
s2 context show:.venv/lib… noul  ▎········· 0.03           │ [ ] Run tests to see failures
s2 context show:.venv/lib… noul  ▎········· 0.03           │ [ ] Inspect calc module source
s2 context show:.venv/lib… noul  ▎········· 0.03           │ [ ] Fix bugs in calc.py to satisfy tests
s2 context show:.venv/lib… noul  ▎········· 0.03           │ [ ] Re-run tests to verify
s2 context show:.venv/lib… noul  ▎········· 0.03           │
s2 context show:.venv/lib… noul  ▎········· 0.03           │
s2 context show:.venv/lib… noul  ▎········· 0.03           │
s2 context show:.venv/lib… noul  ▎········· 0.02           │
s2 context show:.venv/lib… noul  ▎········· 0.03           │
s2 context show:.venv/lib… noul  ▎········· 0.02           │
s2 context show:.venv/lib… noul  ▎········· 0.02           │
[33m> [39m[2mType to steer the next step…   Esc pauses · Esc Esc aborts[22m
⠧ context            step 1/12 0m06s  run $0.01/1.00 ok  sess $0.00/5.00 ok  ⎇ main · 1~ 1091?  jev       ▃▅▃▂▁▅  ? help
[2A[3G[?25h[?2026l[?2026h[?25l[2B[1G[2K[1A[2K[1A[2K[1A[2K[1A[2K[1A[2K[1A[2K[1A[2K[1A[2K[1A[2K[1A[2K[1A[2K[1A[2K[1A[2K[1A[2K[1A[2K[G[2m─── decisions s1 · c~ derived |2p−1| ────────────────────────────────── [d]ecisions [p]lan [t]imeline [s]ynth ─── plan ─[22m
s2 context show:.venv/lib… noul  ▎········· 0.03           │ plan  done 0  remaining 4  unverified 0  problems 0
s2 context show:.venv/lib… noul  ▎········· 0.03           │ [ ] Run tests to see failures
s2 context show:.venv/lib… noul  ▎········· 0.03           │ [ ] Inspect calc module source
s2 context show:.venv/lib… noul  ▎········· 0.03           │ [ ] Fix bugs in calc.py to satisfy tests
s2 context show:.venv/lib… noul  ▎········· 0.03           │ [ ] Re-run tests to verify
s2 context show:.venv/lib… noul  ▎········· 0.03           │
s2 context show:.venv/lib… noul  ▎········· 0.03           │
s2 context show:.venv/lib… noul  ▎········· 0.03           │
s2 context show:.venv/lib… noul  ▎········· 0.02           │
s2 context show:.venv/lib… noul  ▎········· 0.03           │
s2 context show:.venv/lib… noul  ▎········· 0.02           │
s2 context show:.venv/lib… noul  ▎········· 0.02           │
[33m> [39m[2mType to steer the next step…   Esc pauses · Esc Esc aborts[22m
⠇ context            step 1/12 0m06s  run $0.01/1.00 ok  sess $0.00/5.00 ok  ⎇ main · 1~ 1091?  jev       ▃▅▃▂▁▅  ? help
[2A[3G[?25h[?2026l[?2026h[?25l[2B[1G[2K[1A[2K[1A[2K[1A[2K[1A[2K[1A[2K[1A[2K[1A[2K[1A[2K[1A[2K[1A[2K[1A[2K[1A[2K[1A[2K[1A[2K[1A[2K[G[2m─── decisions s1 · c~ derived |2p−1| ────────────────────────────────── [d]ecisions [p]lan [t]imeline [s]ynth ─── plan ─[22m
s2 context show:.venv/lib… noul  ▎········· 0.03           │ plan  done 0  remaining 4  unverified 0  problems 0
s2 context show:.venv/lib… noul  ▎········· 0.03           │ [ ] Run tests to see failures
s2 context show:.venv/lib… noul  ▎········· 0.03           │ [ ] Inspect calc module source
s2 context show:.venv/lib… noul  ▎········· 0.03           │ [ ] Fix bugs in calc.py to satisfy tests
s2 context show:.venv/lib… noul  ▎········· 0.03           │ [ ] Re-run tests to verify
s2 context show:.venv/lib… noul  ▎········· 0.03           │
s2 context show:.venv/lib… noul  ▎········· 0.03           │
s2 context show:.venv/lib… noul  ▎········· 0.03           │
s2 context show:.venv/lib… noul  ▎········· 0.02           │
s2 context show:.venv/lib… noul  ▎········· 0.03           │
s2 context show:.venv/lib… noul  ▎········· 0.02           │
s2 context show:.venv/lib… noul  ▎········· 0.02           │
[33m> [39m[2mType to steer the next step…   Esc pauses · Esc Esc aborts[22m
⠏ context            step 1/12 0m06s  run $0.01/1.00 ok  sess $0.00/5.00 ok  ⎇ main · 1~ 1091?  jev       ▃▅▃▂▁▅  ? help
[2A[3G[?25h[?2026l[?2026h[?25l[2B[1G[2K[1A[2K[1A[2K[1A[2K[1A[2K[1A[2K[1A[2K[1A[2K[1A[2K[1A[2K[1A[2K[1A[2K[1A[2K[1A[2K[1A[2K[1A[2K[G[2m─── decisions s1 · c~ derived |2p−1| ────────────────────────────────── [d]ecisions [p]lan [t]imeline [s]ynth ─── plan ─[22m
s2 context show:.venv/lib… noul  ▎········· 0.03           │ plan  done 0  remaining 4  unverified 0  problems 0
s2 context show:.venv/lib… noul  ▎········· 0.03           │ [ ] Run tests to see failures
s2 context show:.venv/lib… noul  ▎········· 0.03           │ [ ] Inspect calc module source
s2 context show:.venv/lib… noul  ▎········· 0.03           │ [ ] Fix bugs in calc.py to satisfy tests
s2 context show:.venv/lib… noul  ▎········· 0.03           │ [ ] Re-run tests to verify
s2 context show:.venv/lib… noul  ▎········· 0.03           │
s2 context show:.venv/lib… noul  ▎········· 0.03           │
s2 context show:.venv/lib… noul  ▎········· 0.03           │
s2 context show:.venv/lib… noul  ▎········· 0.02           │
s2 context show:.venv/lib… noul  ▎········· 0.03           │
s2 context show:.venv/lib… noul  ▎········· 0.02           │
s2 context show:.venv/lib… noul  ▎········· 0.02           │
[33m> [39m[2mType to steer the next step…   Esc pauses · Esc Esc aborts[22m
⠋ context            step 1/12 0m06s  run $0.01/1.00 ok  sess $0.00/5.00 ok  ⎇ main · 1~ 1091?  jev       ▃▅▃▂▁▅  ? help
[2A[3G[?25h[?2026l[?2026h[?25l[2B[1G[2K[1A[2K[1A[2K[1A[2K[1A[2K[1A[2K[1A[2K[1A[2K[1A[2K[1A[2K[1A[2K[1A[2K[1A[2K[1A[2K[1A[2K[1A[2K[G[2m─── decisions s1 · c~ derived |2p−1| ────────────────────────────────── [d]ecisions [p]lan [t]imeline [s]ynth ─── plan ─[22m
s2 context show:.venv/lib… noul  ▎········· 0.03           │ plan  done 0  remaining 4  unverified 0  problems 0
s2 context show:.venv/lib… noul  ▎········· 0.03           │ [ ] Run tests to see failures
s2 context show:.venv/lib… noul  ▎········· 0.03           │ [ ] Inspect calc module source
s2 context show:.venv/lib… noul  ▎········· 0.03           │ [ ] Fix bugs in calc.py to satisfy tests
s2 context show:.venv/lib… noul  ▎········· 0.03           │ [ ] Re-run tests to verify
s2 context show:.venv/lib… noul  ▎········· 0.03           │
s2 context show:.venv/lib… noul  ▎········· 0.03           │
s2 context show:.venv/lib… noul  ▎········· 0.03           │
s2 context show:.venv/lib… noul  ▎········· 0.02           │
s2 context show:.venv/lib… noul  ▎········· 0.03           │
s2 context show:.venv/lib… noul  ▎········· 0.02           │
s2 context show:.venv/lib… noul  ▎········· 0.02           │
[33m> [39m[2mType to steer the next step…   Esc pauses · Esc Esc aborts[22m
⠙ context            step 1/12 0m06s  run $0.01/1.00 ok  sess $0.00/5.00 ok  ⎇ main · 1~ 1091?  jev       ▃▅▃▂▁▅  ? help
[2A[3G[?25h[?2026l[?2026h[?25l[2B[1G[2K[1A[2K[1A[2K[1A[2K[1A[2K[1A[2K[1A[2K[1A[2K[1A[2K[1A[2K[1A[2K[1A[2K[1A[2K[1A[2K[1A[2K[1A[2K[G[2m─── decisions s1 · c~ derived |2p−1| ────────────────────────────────── [d]ecisions [p]lan [t]imeline [s]ynth ─── plan ─[22m
s2 context show:.venv/lib… noul  ▎········· 0.03           │ plan  done 0  remaining 4  unverified 0  problems 0
s2 context show:.venv/lib… noul  ▎········· 0.03           │ [ ] Run tests to see failures
s2 context show:.venv/lib… noul  ▎········· 0.03           │ [ ] Inspect calc module source
s2 context show:.venv/lib… noul  ▎········· 0.03           │ [ ] Fix bugs in calc.py to satisfy tests
s2 context show:.venv/lib… noul  ▎········· 0.03           │ [ ] Re-run tests to verify
s2 context show:.venv/lib… noul  ▎········· 0.03           │
s2 context show:.venv/lib… noul  ▎········· 0.03           │
s2 context show:.venv/lib… noul  ▎········· 0.03           │
s2 context show:.venv/lib… noul  ▎········· 0.02           │
s2 context show:.venv/lib… noul  ▎········· 0.03           │
s2 context show:.venv/lib… noul  ▎········· 0.02           │
s2 context show:.venv/lib… noul  ▎········· 0.02           │
[33m> [39m[2mType to steer the next step…   Esc pauses · Esc Esc aborts[22m
⠹ context            step 1/12 0m06s  run $0.01/1.00 ok  sess $0.00/5.00 ok  ⎇ main · 1~ 1091?  jev       ▃▅▃▂▁▅  ? help
[2A[3G[?25h[?2026l[?2026h[?25l[2B[1G[2K[1A[2K[1A[2K[1A[2K[1A[2K[1A[2K[1A[2K[1A[2K[1A[2K[1A[2K[1A[2K[1A[2K[1A[2K[1A[2K[1A[2K[1A[2K[G[2m─── decisions s1 · c~ derived |2p−1| ────────────────────────────────── [d]ecisions [p]lan [t]imeline [s]ynth ─── plan ─[22m
s2 context show:.venv/lib… noul  ▎········· 0.03           │ plan  done 0  remaining 4  unverified 0  problems 0
s2 context show:.venv/lib… noul  ▎········· 0.03           │ [ ] Run tests to see failures
s2 context show:.venv/lib… noul  ▎········· 0.03           │ [ ] Inspect calc module source
s2 context show:.venv/lib… noul  ▎········· 0.03           │ [ ] Fix bugs in calc.py to satisfy tests
s2 context show:.venv/lib… noul  ▎········· 0.03           │ [ ] Re-run tests to verify
s2 context show:.venv/lib… noul  ▎········· 0.03           │
s2 context show:.venv/lib… noul  ▎········· 0.03           │
s2 context show:.venv/lib… noul  ▎········· 0.03           │
s2 context show:.venv/lib… noul  ▎········· 0.02           │
s2 context show:.venv/lib… noul  ▎········· 0.03           │
s2 context show:.venv/lib… noul  ▎········· 0.02           │
s2 context show:.venv/lib… noul  ▎········· 0.02           │
[33m> [39m[2mType to steer the next step…   Esc pauses · Esc Esc aborts[22m
⠸ context            step 1/12 0m06s  run $0.01/1.00 ok  sess $0.00/5.00 ok  ⎇ main · 1~ 1091?  jev       ▃▅▃▂▁▅  ? help
[2A[3G[?25h[?2026l[?2026h[?25l[2B[1G[2K[1A[2K[1A[2K[1A[2K[1A[2K[1A[2K[1A[2K[1A[2K[1A[2K[1A[2K[1A[2K[1A[2K[1A[2K[1A[2K[1A[2K[1A[2K[G[2m─── decisions s1 · c~ derived |2p−1| ────────────────────────────────── [d]ecisions [p]lan [t]imeline [s]ynth ─── plan ─[22m
s2 context show:.venv/lib… noul  ▎········· 0.03           │ plan  done 0  remaining 4  unverified 0  problems 0
s2 context show:.venv/lib… noul  ▎········· 0.03           │ [ ] Run tests to see failures
s2 context show:.venv/lib… noul  ▎········· 0.03           │ [ ] Inspect calc module source
s2 context show:.venv/lib… noul  ▎········· 0.03           │ [ ] Fix bugs in calc.py to satisfy tests
s2 context show:.venv/lib… noul  ▎········· 0.03           │ [ ] Re-run tests to verify
s2 context show:.venv/lib… noul  ▎········· 0.03           │
s2 context show:.venv/lib… noul  ▎········· 0.03           │
s2 context show:.venv/lib… noul  ▎········· 0.03           │
s2 context show:.venv/lib… noul  ▎········· 0.02           │
s2 context show:.venv/lib… noul  ▎········· 0.03           │
s2 context show:.venv/lib… noul  ▎········· 0.02           │
s2 context show:.venv/lib… noul  ▎········· 0.02           │
[33m> [39m[2mType to steer the next step…   Esc pauses · Esc Esc aborts[22m
⠼ context            step 1/12 0m06s  run $0.01/1.00 ok  sess $0.00/5.00 ok  ⎇ main · 1~ 1091?  jev       ▃▅▃▂▁▅  ? help
[2A[3G[?25h[?2026l[?2026h[?25l[2B[1G[2K[1A[2K[1A[2K[1A[2K[1A[2K[1A[2K[1A[2K[1A[2K[1A[2K[1A[2K[1A[2K[1A[2K[1A[2K[1A[2K[1A[2K[1A[2K[G[2m─── decisions s1 · c~ derived |2p−1| ────────────────────────────────── [d]ecisions [p]lan [t]imeline [s]ynth ─── plan ─[22m
s2 context show:.venv/lib… noul  ▎········· 0.03           │ plan  done 0  remaining 4  unverified 0  problems 0
s2 context show:.venv/lib… noul  ▎········· 0.03           │ [ ] Run tests to see failures
s2 context show:.venv/lib… noul  ▎········· 0.03           │ [ ] Inspect calc module source
s2 context show:.venv/lib… noul  ▎········· 0.03           │ [ ] Fix bugs in calc.py to satisfy tests
s2 context show:.venv/lib… noul  ▎········· 0.03           │ [ ] Re-run tests to verify
s2 context show:.venv/lib… noul  ▎········· 0.03           │
s2 context show:.venv/lib… noul  ▎········· 0.03           │
s2 context show:.venv/lib… noul  ▎········· 0.03           │
s2 context show:.venv/lib… noul  ▎········· 0.02           │
s2 context show:.venv/lib… noul  ▎········· 0.03           │
s2 context show:.venv/lib… noul  ▎········· 0.02           │
s2 context show:.venv/lib… noul  ▎········· 0.02           │
[33m> [39m[2mType to steer the next step…   Esc pauses · Esc Esc aborts[22m
⠼ context            step 1/12 0m07s  run $0.01/1.00 ok  sess $0.00/5.00 ok  ⎇ main · 1~ 1091?  jev       ▃▅▃▂▁▅  ? help
[2A[3G[?25h[?2026l[?2026h[?25l[2B[1G[2K[1A[2K[1A[2K[1A[2K[1A[2K[1A[2K[1A[2K[1A[2K[1A[2K[1A[2K[1A[2K[1A[2K[1A[2K[1A[2K[1A[2K[1A[2K[G[2m─── decisions s1 · c~ derived |2p−1| ────────────────────────────────── [d]ecisions [p]lan [t]imeline [s]ynth ─── plan ─[22m
s2 context show:.venv/lib… noul  ▎········· 0.03           │ plan  done 0  remaining 4  unverified 0  problems 0
s2 context show:.venv/lib… noul  ▎········· 0.03           │ [ ] Run tests to see failures
s2 context show:.venv/lib… noul  ▎········· 0.03           │ [ ] Inspect calc module source
s2 context show:.venv/lib… noul  ▎········· 0.03           │ [ ] Fix bugs in calc.py to satisfy tests
s2 context show:.venv/lib… noul  ▎········· 0.03           │ [ ] Re-run tests to verify
s2 context show:.venv/lib… noul  ▎········· 0.03           │
s2 context show:.venv/lib… noul  ▎········· 0.03           │
s2 context show:.venv/lib… noul  ▎········· 0.03           │
s2 context show:.venv/lib… noul  ▎········· 0.02           │
s2 context show:.venv/lib… noul  ▎········· 0.03           │
s2 context show:.venv/lib… noul  ▎········· 0.02           │
s2 context show:.venv/lib… noul  ▎········· 0.02           │
[33m> [39m[2mType to steer the next step…   Esc pauses · Esc Esc aborts[22m
⠴ context            step 1/12 0m07s  run $0.01/1.00 ok  sess $0.00/5.00 ok  ⎇ main · 1~ 1091?  jev       ▃▅▃▂▁▅  ? help
[2A[3G[?25h[?2026l[?2026h[?25l[2B[1G[2K[1A[2K[1A[2K[1A[2K[1A[2K[1A[2K[1A[2K[1A[2K[1A[2K[1A[2K[1A[2K[1A[2K[1A[2K[1A[2K[1A[2K[1A[2K[G[2m─── decisions s1 · c~ derived |2p−1| ────────────────────────────────── [d]ecisions [p]lan [t]imeline [s]ynth ─── plan ─[22m
streaming action… 90 chars
s2 context show:.venv/lib… noul  ▎········· 0.03           │ plan  done 0  remaining 4  unverified 0  problems 0
s2 context show:.venv/lib… noul  ▎········· 0.03           │ [ ] Run tests to see failures
s2 context show:.venv/lib… noul  ▎········· 0.03           │ [ ] Inspect calc module source
s2 context show:.venv/lib… noul  ▎········· 0.03           │ [ ] Fix bugs in calc.py to satisfy tests
s2 context show:.venv/lib… noul  ▎········· 0.03           │ [ ] Re-run tests to verify
s2 context show:.venv/lib… noul  ▎········· 0.03           │
s2 context show:.venv/lib… noul  ▎········· 0.03           │
s2 context show:.venv/lib… noul  ▎········· 0.03           │
s2 context show:.venv/lib… noul  ▎········· 0.02           │
s2 context show:.venv/lib… noul  ▎········· 0.03           │
s2 context show:.venv/lib… noul  ▎········· 0.02           │
s2 context show:.venv/lib… noul  ▎········· 0.02           │
[33m> [39m[2mType to steer the next step…   Esc pauses · Esc Esc aborts[22m
⠴ context            step 1/12 0m07s  run $0.01/1.00 ok  sess $0.00/5.00 ok  ⎇ main · 1~ 1091?  jev       ▃▅▃▂▁▅  ? help
[2A[3G[?25h[?2026l[?2026h[?25l[2B[1G[2K[1A[2K[1A[2K[1A[2K[1A[2K[1A[2K[1A[2K[1A[2K[1A[2K[1A[2K[1A[2K[1A[2K[1A[2K[1A[2K[1A[2K[1A[2K[1A[2K[G[2m─── decisions s1 · c~ derived |2p−1| ────────────────────────────────── [d]ecisions [p]lan [t]imeline [s]ynth ─── plan ─[22m
streaming action… 90 chars
s2 context show:.venv/lib… noul  ▎········· 0.03           │ plan  done 0  remaining 4  unverified 0  problems 0
s2 context show:.venv/lib… noul  ▎········· 0.03           │ [ ] Run tests to see failures
s2 context show:.venv/lib… noul  ▎········· 0.03           │ [ ] Inspect calc module source
s2 context show:.venv/lib… noul  ▎········· 0.03           │ [ ] Fix bugs in calc.py to satisfy tests
s2 context show:.venv/lib… noul  ▎········· 0.03           │ [ ] Re-run tests to verify
s2 context show:.venv/lib… noul  ▎········· 0.03           │
s2 context show:.venv/lib… noul  ▎········· 0.03           │
s2 context show:.venv/lib… noul  ▎········· 0.03           │
s2 context show:.venv/lib… noul  ▎········· 0.02           │
s2 context show:.venv/lib… noul  ▎········· 0.03           │
s2 context show:.venv/lib… noul  ▎········· 0.02           │
s2 context show:.venv/lib… noul  ▎········· 0.02           │
[33m> [39m[2mType to steer the next step…   Esc pauses · Esc Esc aborts[22m
⠦ context            step 1/12 0m07s  run $0.01/1.00 ok  sess $0.00/5.00 ok  ⎇ main · 1~ 1091?  jev       ▃▅▃▂▁▅  ? help
[2A[3G[?25h[?2026l[?2026h[?25l[2B[1G[2K[1A[2K[1A[2K[1A[2K[1A[2K[1A[2K[1A[2K[1A[2K[1A[2K[1A[2K[1A[2K[1A[2K[1A[2K[1A[2K[1A[2K[1A[2K[1A[2K[G[2m─── decisions s1 · c~ derived |2p−1| ────────────────────────────────── [d]ecisions [p]lan [t]imeline [s]ynth ─── plan ─[22m
streaming action… 152 chars
s2 context show:.venv/lib… noul  ▎········· 0.03           │ plan  done 0  remaining 4  unverified 0  problems 0
s2 context show:.venv/lib… noul  ▎········· 0.03           │ [ ] Run tests to see failures
s2 context show:.venv/lib… noul  ▎········· 0.03           │ [ ] Inspect calc module source
s2 context show:.venv/lib… noul  ▎········· 0.03           │ [ ] Fix bugs in calc.py to satisfy tests
s2 context show:.venv/lib… noul  ▎········· 0.03           │ [ ] Re-run tests to verify
s2 context show:.venv/lib… noul  ▎········· 0.03           │
s2 context show:.venv/lib… noul  ▎········· 0.03           │
s2 context show:.venv/lib… noul  ▎········· 0.03           │
s2 context show:.venv/lib… noul  ▎········· 0.02           │
s2 context show:.venv/lib… noul  ▎········· 0.03           │
s2 context show:.venv/lib… noul  ▎········· 0.02           │
s2 context show:.venv/lib… noul  ▎········· 0.02           │
[33m> [39m[2mType to steer the next step…   Esc pauses · Esc Esc aborts[22m
⠦ context            step 1/12 0m07s  run $0.01/1.00 ok  sess $0.00/5.00 ok  ⎇ main · 1~ 1091?  jev       ▃▅▃▂▁▅  ? help
[2A[3G[?25h[?2026l[?2026h[?25l[2B[1G[2K[1A[2K[1A[2K[1A[2K[1A[2K[1A[2K[1A[2K[1A[2K[1A[2K[1A[2K[1A[2K[1A[2K[1A[2K[1A[2K[1A[2K[1A[2K[1A[2K[G[2m─── decisions s1 · c~ derived |2p−1| ────────────────────────────────── [d]ecisions [p]lan [t]imeline [s]ynth ─── plan ─[22m
streaming action… 152 chars
s2 context show:.venv/lib… noul  ▎········· 0.03           │ plan  done 0  remaining 4  unverified 0  problems 0
s2 context show:.venv/lib… noul  ▎········· 0.03           │ [ ] Run tests to see failures
s2 context show:.venv/lib… noul  ▎········· 0.03           │ [ ] Inspect calc module source
s2 context show:.venv/lib… noul  ▎········· 0.03           │ [ ] Fix bugs in calc.py to satisfy tests
s2 context show:.venv/lib… noul  ▎········· 0.03           │ [ ] Re-run tests to verify
s2 context show:.venv/lib… noul  ▎········· 0.03           │
s2 context show:.venv/lib… noul  ▎········· 0.03           │
s2 context show:.venv/lib… noul  ▎········· 0.03           │
s2 context show:.venv/lib… noul  ▎········· 0.02           │
s2 context show:.venv/lib… noul  ▎········· 0.03           │
s2 context show:.venv/lib… noul  ▎········· 0.02           │
s2 context show:.venv/lib… noul  ▎········· 0.02           │
[33m> [39m[2mType to steer the next step…   Esc pauses · Esc Esc aborts[22m
⠧ context            step 1/12 0m07s  run $0.01/1.00 ok  sess $0.00/5.00 ok  ⎇ main · 1~ 1091?  jev       ▃▅▃▂▁▅  ? help
[2A[3G[?25h[?2026l[?2026h[?25l[2B[1G[2K[1A[2K[1A[2K[1A[2K[1A[2K[1A[2K[1A[2K[1A[2K[1A[2K[1A[2K[1A[2K[1A[2K[1A[2K[1A[2K[1A[2K[1A[2K[1A[2K[G[2m─── decisions s1 · c~ derived |2p−1| ────────────────────────────────── [d]ecisions [p]lan [t]imeline [s]ynth ─── plan ─[22m
streaming action… 153 chars
s2 context show:.venv/lib… noul  ▎········· 0.03           │ plan  done 0  remaining 4  unverified 0  problems 0
s2 context show:.venv/lib… noul  ▎········· 0.03           │ [ ] Run tests to see failures
s2 context show:.venv/lib… noul  ▎········· 0.03           │ [ ] Inspect calc module source
s2 context show:.venv/lib… noul  ▎········· 0.03           │ [ ] Fix bugs in calc.py to satisfy tests
s2 context show:.venv/lib… noul  ▎········· 0.03           │ [ ] Re-run tests to verify
s2 context show:.venv/lib… noul  ▎········· 0.03           │
s2 context show:.venv/lib… noul  ▎········· 0.03           │
s2 context show:.venv/lib… noul  ▎········· 0.03           │
s2 context show:.venv/lib… noul  ▎········· 0.02           │
s2 context show:.venv/lib… noul  ▎········· 0.03           │
s2 context show:.venv/lib… noul  ▎········· 0.02           │
s2 context show:.venv/lib… noul  ▎········· 0.02           │
[33m> [39m[2mType to steer the next step…   Esc pauses · Esc Esc aborts[22m
⠧ context            step 1/12 0m07s  run $0.01/1.00 ok  sess $0.00/5.00 ok  ⎇ main · 1~ 1091?  jev       ▃▅▃▂▁▅  ? help
[2A[3G[?25h[?2026l[?2026h[?25l[2B[1G[2K[1A[2K[1A[2K[1A[2K[1A[2K[1A[2K[1A[2K[1A[2K[1A[2K[1A[2K[1A[2K[1A[2K[1A[2K[1A[2K[1A[2K[1A[2K[1A[2K[G[2m─── decisions s1 · c~ derived |2p−1| ────────────────────────────────── [d]ecisions [p]lan [t]imeline [s]ynth ─── plan ─[22m
streaming action… 153 chars
s2 context show:.venv/lib… noul  ▎········· 0.03           │ plan  done 0  remaining 4  unverified 0  problems 0
s2 context show:.venv/lib… noul  ▎········· 0.03           │ [ ] Run tests to see failures
s2 context show:.venv/lib… noul  ▎········· 0.03           │ [ ] Inspect calc module source
s2 context show:.venv/lib… noul  ▎········· 0.03           │ [ ] Fix bugs in calc.py to satisfy tests
s2 context show:.venv/lib… noul  ▎········· 0.03           │ [ ] Re-run tests to verify
s2 context show:.venv/lib… noul  ▎········· 0.03           │
s2 context show:.venv/lib… noul  ▎········· 0.03           │
s2 context show:.venv/lib… noul  ▎········· 0.03           │
s2 context show:.venv/lib… noul  ▎········· 0.02           │
s2 context show:.venv/lib… noul  ▎········· 0.03           │
s2 context show:.venv/lib… noul  ▎········· 0.02           │
s2 context show:.venv/lib… noul  ▎········· 0.02           │
[33m> [39m[2mType to steer the next step…   Esc pauses · Esc Esc aborts[22m
⠇ context            step 1/12 0m07s  run $0.01/1.00 ok  sess $0.00/5.00 ok  ⎇ main · 1~ 1091?  jev       ▃▅▃▂▁▅  ? help
[2A[3G[?25h[?2026l[?2026h[?25l[2B[1G[2K[1A[2K[1A[2K[1A[2K[1A[2K[1A[2K[1A[2K[1A[2K[1A[2K[1A[2K[1A[2K[1A[2K[1A[2K[1A[2K[1A[2K[1A[2K[1A[2K[G[2m─── decisions s1 · c~ derived |2p−1| ────────────────────────────────── [d]ecisions [p]lan [t]imeline [s]ynth ─── plan ─[22m
streaming action… 164 chars
s2 context show:.venv/lib… noul  ▎········· 0.03           │ plan  done 0  remaining 4  unverified 0  problems 0
s2 context show:.venv/lib… noul  ▎········· 0.03           │ [ ] Run tests to see failures
s2 context show:.venv/lib… noul  ▎········· 0.03           │ [ ] Inspect calc module source
s2 context show:.venv/lib… noul  ▎········· 0.03           │ [ ] Fix bugs in calc.py to satisfy tests
s2 context show:.venv/lib… noul  ▎········· 0.03           │ [ ] Re-run tests to verify
s2 context show:.venv/lib… noul  ▎········· 0.03           │
s2 context show:.venv/lib… noul  ▎········· 0.03           │
s2 context show:.venv/lib… noul  ▎········· 0.03           │
s2 context show:.venv/lib… noul  ▎········· 0.02           │
s2 context show:.venv/lib… noul  ▎········· 0.03           │
s2 context show:.venv/lib… noul  ▎········· 0.02           │
s2 context show:.venv/lib… noul  ▎········· 0.02           │
[33m> [39m[2mType to steer the next step…   Esc pauses · Esc Esc aborts[22m
⠇ context            step 1/12 0m07s  run $0.01/1.00 ok  sess $0.00/5.00 ok  ⎇ main · 1~ 1091?  jev       ▃▅▃▂▁▅  ? help
[2A[3G[?25h[?2026l[?2026h[?25l[2B[1G[2K[1A[2K[1A[2K[1A[2K[1A[2K[1A[2K[1A[2K[1A[2K[1A[2K[1A[2K[1A[2K[1A[2K[1A[2K[1A[2K[1A[2K[1A[2K[1A[2K[G[2m─── decisions s1 · c~ derived |2p−1| ────────────────────────────────── [d]ecisions [p]lan [t]imeline [s]ynth ─── plan ─[22m
streaming action… 174 chars
s2 context show:.venv/lib… noul  ▎········· 0.03           │ plan  done 0  remaining 4  unverified 0  problems 0
s2 context show:.venv/lib… noul  ▎········· 0.03           │ [ ] Run tests to see failures
s2 context show:.venv/lib… noul  ▎········· 0.03           │ [ ] Inspect calc module source
s2 context show:.venv/lib… noul  ▎········· 0.03           │ [ ] Fix bugs in calc.py to satisfy tests
s2 context show:.venv/lib… noul  ▎········· 0.03           │ [ ] Re-run tests to verify
s2 context show:.venv/lib… noul  ▎········· 0.03           │
s2 context show:.venv/lib… noul  ▎········· 0.03           │
s2 context show:.venv/lib… noul  ▎········· 0.03           │
s2 context show:.venv/lib… noul  ▎········· 0.02           │
s2 context show:.venv/lib… noul  ▎········· 0.03           │
s2 context show:.venv/lib… noul  ▎········· 0.02           │
s2 context show:.venv/lib… noul  ▎········· 0.02           │
[33m> [39m[2mType to steer the next step…   Esc pauses · Esc Esc aborts[22m
⠏ context            step 1/12 0m07s  run $0.01/1.00 ok  sess $0.00/5.00 ok  ⎇ main · 1~ 1091?  jev       ▃▅▃▂▁▅  ? help
[2A[3G[?25h[?2026l[?2026h[?25l[2B[1G[2K[1A[2K[1A[2K[1A[2K[1A[2K[1A[2K[1A[2K[1A[2K[1A[2K[1A[2K[1A[2K[1A[2K[1A[2K[1A[2K[1A[2K[1A[2K[1A[2K[G[2m─── decisions s1 · c~ derived |2p−1| ────────────────────────────────── [d]ecisions [p]lan [t]imeline [s]ynth ─── plan ─[22m
streaming action… 184 chars
s2 context show:.venv/lib… noul  ▎········· 0.03           │ plan  done 0  remaining 4  unverified 0  problems 0
s2 context show:.venv/lib… noul  ▎········· 0.03           │ [ ] Run tests to see failures
s2 context show:.venv/lib… noul  ▎········· 0.03           │ [ ] Inspect calc module source
s2 context show:.venv/lib… noul  ▎········· 0.03           │ [ ] Fix bugs in calc.py to satisfy tests
s2 context show:.venv/lib… noul  ▎········· 0.03           │ [ ] Re-run tests to verify
s2 context show:.venv/lib… noul  ▎········· 0.03           │
s2 context show:.venv/lib… noul  ▎········· 0.03           │
s2 context show:.venv/lib… noul  ▎········· 0.03           │
s2 context show:.venv/lib… noul  ▎········· 0.02           │
s2 context show:.venv/lib… noul  ▎········· 0.03           │
s2 context show:.venv/lib… noul  ▎········· 0.02           │
s2 context show:.venv/lib… noul  ▎········· 0.02           │
[33m> [39m[2mType to steer the next step…   Esc pauses · Esc Esc aborts[22m
⠏ context            step 1/12 0m07s  run $0.01/1.00 ok  sess $0.00/5.00 ok  ⎇ main · 1~ 1091?  jev       ▃▅▃▂▁▅  ? help
[2A[3G[?25h[?2026l[?2026h[?25l[2B[1G[2K[1A[2K[1A[2K[1A[2K[1A[2K[1A[2K[1A[2K[1A[2K[1A[2K[1A[2K[1A[2K[1A[2K[1A[2K[1A[2K[1A[2K[1A[2K[1A[2K[G[2m─── decisions s1 · c~ derived |2p−1| ────────────────────────────────── [d]ecisions [p]lan [t]imeline [s]ynth ─── plan ─[22m
streaming action… 184 chars
s2 context show:.venv/lib… noul  ▎········· 0.03           │ plan  done 0  remaining 4  unverified 0  problems 0
s2 context show:.venv/lib… noul  ▎········· 0.03           │ [ ] Run tests to see failures
s2 context show:.venv/lib… noul  ▎········· 0.03           │ [ ] Inspect calc module source
s2 context show:.venv/lib… noul  ▎········· 0.03           │ [ ] Fix bugs in calc.py to satisfy tests
s2 context show:.venv/lib… noul  ▎········· 0.03           │ [ ] Re-run tests to verify
s2 context show:.venv/lib… noul  ▎········· 0.03           │
s2 context show:.venv/lib… noul  ▎········· 0.03           │
s2 context show:.venv/lib… noul  ▎········· 0.03           │
s2 context show:.venv/lib… noul  ▎········· 0.02           │
s2 context show:.venv/lib… noul  ▎········· 0.03           │
s2 context show:.venv/lib… noul  ▎········· 0.02           │
s2 context show:.venv/lib… noul  ▎········· 0.02           │
[33m> [39m[2mType to steer the next step…   Esc pauses · Esc Esc aborts[22m
⠋ context            step 1/12 0m07s  run $0.01/1.00 ok  sess $0.00/5.00 ok  ⎇ main · 1~ 1091?  jev       ▃▅▃▂▁▅  ? help
[2A[3G[?25h[?2026l[?2026h[?25l[2B[1G[2K[1A[2K[1A[2K[1A[2K[1A[2K[1A[2K[1A[2K[1A[2K[1A[2K[1A[2K[1A[2K[1A[2K[1A[2K[1A[2K[1A[2K[1A[2K[1A[2K[G[2m─── decisions s1 · c~ derived |2p−1| ────────────────────────────────── [d]ecisions [p]lan [t]imeline [s]ynth ─── plan ─[22m
streaming action… 196 chars
s2 context show:.venv/lib… noul  ▎········· 0.03           │ plan  done 0  remaining 4  unverified 0  problems 0
s2 context show:.venv/lib… noul  ▎········· 0.03           │ [ ] Run tests to see failures
s2 context show:.venv/lib… noul  ▎········· 0.03           │ [ ] Inspect calc module source
s2 context show:.venv/lib… noul  ▎········· 0.03           │ [ ] Fix bugs in calc.py to satisfy tests
s2 context show:.venv/lib… noul  ▎········· 0.03           │ [ ] Re-run tests to verify
s2 context show:.venv/lib… noul  ▎········· 0.03           │
s2 context show:.venv/lib… noul  ▎········· 0.03           │
s2 context show:.venv/lib… noul  ▎········· 0.03           │
s2 context show:.venv/lib… noul  ▎········· 0.02           │
s2 context show:.venv/lib… noul  ▎········· 0.03           │
s2 context show:.venv/lib… noul  ▎········· 0.02           │
s2 context show:.venv/lib… noul  ▎········· 0.02           │
[33m> [39m[2mType to steer the next step…   Esc pauses · Esc Esc aborts[22m
⠋ context            step 1/12 0m07s  run $0.01/1.00 ok  sess $0.00/5.00 ok  ⎇ main · 1~ 1091?  jev       ▃▅▃▂▁▅  ? help
[2A[3G[?25h[?2026l[?2026h[?25l[2B[1G[2K[1A[2K[1A[2K[1A[2K[1A[2K[1A[2K[1A[2K[1A[2K[1A[2K[1A[2K[1A[2K[1A[2K[1A[2K[1A[2K[1A[2K[1A[2K[1A[2K[G[2m─── decisions s1 · c~ derived |2p−1| ────────────────────────────────── [d]ecisions [p]lan [t]imeline [s]ynth ─── plan ─[22m
streaming action… 219 chars
s2 context show:.venv/lib… noul  ▎········· 0.03           │ plan  done 0  remaining 4  unverified 0  problems 0
s2 context show:.venv/lib… noul  ▎········· 0.03           │ [ ] Run tests to see failures
s2 context show:.venv/lib… noul  ▎········· 0.03           │ [ ] Inspect calc module source
s2 context show:.venv/lib… noul  ▎········· 0.03           │ [ ] Fix bugs in calc.py to satisfy tests
s2 context show:.venv/lib… noul  ▎········· 0.03           │ [ ] Re-run tests to verify
s2 context show:.venv/lib… noul  ▎········· 0.03           │
s2 context show:.venv/lib… noul  ▎········· 0.03           │
s2 context show:.venv/lib… noul  ▎········· 0.03           │
s2 context show:.venv/lib… noul  ▎········· 0.02           │
s2 context show:.venv/lib… noul  ▎········· 0.03           │
s2 context show:.venv/lib… noul  ▎········· 0.02           │
s2 context show:.venv/lib… noul  ▎········· 0.02           │
[33m> [39m[2mType to steer the next step…   Esc pauses · Esc Esc aborts[22m
⠋ context            step 1/12 0m07s  run $0.01/1.00 ok  sess $0.00/5.00 ok  ⎇ main · 1~ 1091?  jev       ▃▅▃▂▁▅  ? help
[2A[3G[?25h[?2026l[?2026h[?25l[2B[1G[2K[1A[2K[1A[2K[1A[2K[1A[2K[1A[2K[1A[2K[1A[2K[1A[2K[1A[2K[1A[2K[1A[2K[1A[2K[1A[2K[1A[2K[1A[2K[1A[2K[G[2m─── decisions s1 · c~ derived |2p−1| ────────────────────────────────── [d]ecisions [p]lan [t]imeline [s]ynth ─── plan ─[22m
streaming action… 219 chars
s2 context show:.venv/lib… noul  ▎········· 0.03           │ plan  done 0  remaining 4  unverified 0  problems 0
s2 context show:.venv/lib… noul  ▎········· 0.03           │ [ ] Run tests to see failures
s2 context show:.venv/lib… noul  ▎········· 0.03           │ [ ] Inspect calc module source
s2 context show:.venv/lib… noul  ▎········· 0.03           │ [ ] Fix bugs in calc.py to satisfy tests
s2 context show:.venv/lib… noul  ▎········· 0.03           │ [ ] Re-run tests to verify
s2 context show:.venv/lib… noul  ▎········· 0.03           │
s2 context show:.venv/lib… noul  ▎········· 0.03           │
s2 context show:.venv/lib… noul  ▎········· 0.03           │
s2 context show:.venv/lib… noul  ▎········· 0.02           │
s2 context show:.venv/lib… noul  ▎········· 0.03           │
s2 context show:.venv/lib… noul  ▎········· 0.02           │
s2 context show:.venv/lib… noul  ▎········· 0.02           │
[33m> [39m[2mType to steer the next step…   Esc pauses · Esc Esc aborts[22m
⠙ context            step 1/12 0m07s  run $0.01/1.00 ok  sess $0.00/5.00 ok  ⎇ main · 1~ 1091?  jev       ▃▅▃▂▁▅  ? help
[2A[3G[?25h[?2026l[?2026h[?25l[2B[1G[2K[1A[2K[1A[2K[1A[2K[1A[2K[1A[2K[1A[2K[1A[2K[1A[2K[1A[2K[1A[2K[1A[2K[1A[2K[1A[2K[1A[2K[1A[2K[1A[2K[G[2m─── decisions s1 · c~ derived |2p−1| ────────────────────────────────── [d]ecisions [p]lan [t]imeline [s]ynth ─── plan ─[22m
streaming action… 221 chars
s2 context show:.venv/lib… noul  ▎········· 0.03           │ plan  done 0  remaining 4  unverified 0  problems 0
s2 context show:.venv/lib… noul  ▎········· 0.03           │ [ ] Run tests to see failures
s2 context show:.venv/lib… noul  ▎········· 0.03           │ [ ] Inspect calc module source
s2 context show:.venv/lib… noul  ▎········· 0.03           │ [ ] Fix bugs in calc.py to satisfy tests
s2 context show:.venv/lib… noul  ▎········· 0.03           │ [ ] Re-run tests to verify
s2 context show:.venv/lib… noul  ▎········· 0.03           │
s2 context show:.venv/lib… noul  ▎········· 0.03           │
s2 context show:.venv/lib… noul  ▎········· 0.03           │
s2 context show:.venv/lib… noul  ▎········· 0.02           │
s2 context show:.venv/lib… noul  ▎········· 0.03           │
s2 context show:.venv/lib… noul  ▎········· 0.02           │
s2 context show:.venv/lib… noul  ▎········· 0.02           │
[33m> [39m[2mType to steer the next step…   Esc pauses · Esc Esc aborts[22m
⠙ context            step 1/12 0m07s  run $0.01/1.00 ok  sess $0.00/5.00 ok  ⎇ main · 1~ 1091?  jev       ▃▅▃▂▁▅  ? help
[2A[3G[?25h[?2026l[?2026h[?25l[2B[1G[2K[1A[2K[1A[2K[1A[2K[1A[2K[1A[2K[1A[2K[1A[2K[1A[2K[1A[2K[1A[2K[1A[2K[1A[2K[1A[2K[1A[2K[1A[2K[1A[2K[G[2m─── decisions s1 · c~ derived |2p−1| ────────────────────────────────── [d]ecisions [p]lan [t]imeline [s]ynth ─── plan ─[22m
streaming action… 248 chars
s2 context show:.venv/lib… noul  ▎········· 0.03           │ plan  done 0  remaining 4  unverified 0  problems 0
s2 context show:.venv/lib… noul  ▎········· 0.03           │ [ ] Run tests to see failures
s2 context show:.venv/lib… noul  ▎········· 0.03           │ [ ] Inspect calc module source
s2 context show:.venv/lib… noul  ▎········· 0.03           │ [ ] Fix bugs in calc.py to satisfy tests
s2 context show:.venv/lib… noul  ▎········· 0.03           │ [ ] Re-run tests to verify
s2 context show:.venv/lib… noul  ▎········· 0.03           │
s2 context show:.venv/lib… noul  ▎········· 0.03           │
s2 context show:.venv/lib… noul  ▎········· 0.03           │
s2 context show:.venv/lib… noul  ▎········· 0.02           │
s2 context show:.venv/lib… noul  ▎········· 0.03           │
s2 context show:.venv/lib… noul  ▎········· 0.02           │
s2 context show:.venv/lib… noul  ▎········· 0.02           │
[33m> [39m[2mType to steer the next step…   Esc pauses · Esc Esc aborts[22m
⠙ context            step 1/12 0m07s  run $0.01/1.00 ok  sess $0.00/5.00 ok  ⎇ main · 1~ 1091?  jev       ▃▅▃▂▁▅  ? help
[2A[3G[?25h[?2026l[?2026h[?25l[2B[1G[2K[1A[2K[1A[2K[1A[2K[1A[2K[1A[2K[1A[2K[1A[2K[1A[2K[1A[2K[1A[2K[1A[2K[1A[2K[1A[2K[1A[2K[1A[2K[1A[2K[G[2m─── decisions s1 · c~ derived |2p−1| ────────────────────────────────── [d]ecisions [p]lan [t]imeline [s]ynth ─── plan ─[22m
streaming action… 248 chars
s2 context show:.venv/lib… noul  ▎········· 0.03           │ plan  done 0  remaining 4  unverified 0  problems 0
s2 context show:.venv/lib… noul  ▎········· 0.03           │ [ ] Run tests to see failures
s2 context show:.venv/lib… noul  ▎········· 0.03           │ [ ] Inspect calc module source
s2 context show:.venv/lib… noul  ▎········· 0.03           │ [ ] Fix bugs in calc.py to satisfy tests
s2 context show:.venv/lib… noul  ▎········· 0.03           │ [ ] Re-run tests to verify
s2 context show:.venv/lib… noul  ▎········· 0.03           │
s2 context show:.venv/lib… noul  ▎········· 0.03           │
s2 context show:.venv/lib… noul  ▎········· 0.03           │
s2 context show:.venv/lib… noul  ▎········· 0.02           │
s2 context show:.venv/lib… noul  ▎········· 0.03           │
s2 context show:.venv/lib… noul  ▎········· 0.02           │
s2 context show:.venv/lib… noul  ▎········· 0.02           │
[33m> [39m[2mType to steer the next step…   Esc pauses · Esc Esc aborts[22m
⠹ context            step 1/12 0m07s  run $0.01/1.00 ok  sess $0.00/5.00 ok  ⎇ main · 1~ 1091?  jev       ▃▅▃▂▁▅  ? help
[2A[3G[?25h[?2026l[?2026h[?25l[2B[1G[2K[1A[2K[1A[2K[1A[2K[1A[2K[1A[2K[1A[2K[1A[2K[1A[2K[1A[2K[1A[2K[1A[2K[1A[2K[1A[2K[1A[2K[1A[2K[1A[2K[G[2m─── decisions s1 · c~ derived |2p−1| ────────────────────────────────── [d]ecisions [p]lan [t]imeline [s]ynth ─── plan ─[22m
streaming action… 248 chars
s2 context show:.venv/lib… noul  ▎········· 0.03           │ plan  done 0  remaining 4  unverified 0  problems 0
s2 context show:.venv/lib… noul  ▎········· 0.03           │ [ ] Run tests to see failures
s2 context show:.venv/lib… noul  ▎········· 0.03           │ [ ] Inspect calc module source
s2 context show:.venv/lib… noul  ▎········· 0.03           │ [ ] Fix bugs in calc.py to satisfy tests
s2 context show:.venv/lib… noul  ▎········· 0.03           │ [ ] Re-run tests to verify
s2 context show:.venv/lib… noul  ▎········· 0.03           │
s2 context show:.venv/lib… noul  ▎········· 0.03           │
s2 context show:.venv/lib… noul  ▎········· 0.03           │
s2 context show:.venv/lib… noul  ▎········· 0.02           │
s2 context show:.venv/lib… noul  ▎········· 0.03           │
s2 context show:.venv/lib… noul  ▎········· 0.02           │
s2 context show:.venv/lib… noul  ▎········· 0.02           │
[33m> [39m[2mType to steer the next step…   Esc pauses · Esc Esc aborts[22m
⠹ context            step 1/12 0m08s  run $0.01/1.00 ok  sess $0.00/5.00 ok  ⎇ main · 1~ 1091?  jev       ▃▅▃▂▁▅  ? help
[2A[3G[?25h[?2026l[?2026h[?25l[2B[1G[2K[1A[2K[1A[2K[1A[2K[1A[2K[1A[2K[1A[2K[1A[2K[1A[2K[1A[2K[1A[2K[1A[2K[1A[2K[1A[2K[1A[2K[1A[2K[1A[2K[G[2m─── decisions s1 · c~ derived |2p−1| ────────────────────────────────── [d]ecisions [p]lan [t]imeline [s]ynth ─── plan ─[22m
streaming action… 262 chars
s2 context show:.venv/lib… noul  ▎········· 0.03           │ plan  done 0  remaining 4  unverified 0  problems 0
s2 context show:.venv/lib… noul  ▎········· 0.03           │ [ ] Run tests to see failures
s2 context show:.venv/lib… noul  ▎········· 0.03           │ [ ] Inspect calc module source
s2 context show:.venv/lib… noul  ▎········· 0.03           │ [ ] Fix bugs in calc.py to satisfy tests
s2 context show:.venv/lib… noul  ▎········· 0.03           │ [ ] Re-run tests to verify
s2 context show:.venv/lib… noul  ▎········· 0.03           │
s2 context show:.venv/lib… noul  ▎········· 0.03           │
s2 context show:.venv/lib… noul  ▎········· 0.03           │
s2 context show:.venv/lib… noul  ▎········· 0.02           │
s2 context show:.venv/lib… noul  ▎········· 0.03           │
s2 context show:.venv/lib… noul  ▎········· 0.02           │
s2 context show:.venv/lib… noul  ▎········· 0.02           │
[33m> [39m[2mType to steer the next step…   Esc pauses · Esc Esc aborts[22m
⠹ context            step 1/12 0m08s  run $0.01/1.00 ok  sess $0.00/5.00 ok  ⎇ main · 1~ 1091?  jev       ▃▅▃▂▁▅  ? help
[2A[3G[?25h[?2026l[?2026h[?25l[2B[1G[2K[1A[2K[1A[2K[1A[2K[1A[2K[1A[2K[1A[2K[1A[2K[1A[2K[1A[2K[1A[2K[1A[2K[1A[2K[1A[2K[1A[2K[1A[2K[1A[2K[G[2m─── decisions s1 · c~ derived |2p−1| ────────────────────────────────── [d]ecisions [p]lan [t]imeline [s]ynth ─── plan ─[22m
streaming action… 273 chars
s2 context show:.venv/lib… noul  ▎········· 0.03           │ plan  done 0  remaining 4  unverified 0  problems 0
s2 context show:.venv/lib… noul  ▎········· 0.03           │ [ ] Run tests to see failures
s2 context show:.venv/lib… noul  ▎········· 0.03           │ [ ] Inspect calc module source
s2 context show:.venv/lib… noul  ▎········· 0.03           │ [ ] Fix bugs in calc.py to satisfy tests
s2 context show:.venv/lib… noul  ▎········· 0.03           │ [ ] Re-run tests to verify
s2 context show:.venv/lib… noul  ▎········· 0.03           │
s2 context show:.venv/lib… noul  ▎········· 0.03           │
s2 context show:.venv/lib… noul  ▎········· 0.03           │
s2 context show:.venv/lib… noul  ▎········· 0.02           │
s2 context show:.venv/lib… noul  ▎········· 0.03           │
s2 context show:.venv/lib… noul  ▎········· 0.02           │
s2 context show:.venv/lib… noul  ▎········· 0.02           │
[33m> [39m[2mType to steer the next step…   Esc pauses · Esc Esc aborts[22m
⠹ context            step 1/12 0m08s  run $0.01/1.00 ok  sess $0.00/5.00 ok  ⎇ main · 1~ 1091?  jev       ▃▅▃▂▁▅  ? help
[2A[3G[?25h[?2026l[?2026h[?25l[2B[1G[2K[1A[2K[1A[2K[1A[2K[1A[2K[1A[2K[1A[2K[1A[2K[1A[2K[1A[2K[1A[2K[1A[2K[1A[2K[1A[2K[1A[2K[1A[2K[1A[2K[G[2m─── decisions s1 · c~ derived |2p−1| ────────────────────────────────── [d]ecisions [p]lan [t]imeline [s]ynth ─── plan ─[22m
streaming action… 273 chars
s2 context show:.venv/lib… noul  ▎········· 0.03           │ plan  done 0  remaining 4  unverified 0  problems 0
s2 context show:.venv/lib… noul  ▎········· 0.03           │ [ ] Run tests to see failures
s2 context show:.venv/lib… noul  ▎········· 0.03           │ [ ] Inspect calc module source
s2 context show:.venv/lib… noul  ▎········· 0.03           │ [ ] Fix bugs in calc.py to satisfy tests
s2 context show:.venv/lib… noul  ▎········· 0.03           │ [ ] Re-run tests to verify
s2 context show:.venv/lib… noul  ▎········· 0.03           │
s2 context show:.venv/lib… noul  ▎········· 0.03           │
s2 context show:.venv/lib… noul  ▎········· 0.03           │
s2 context show:.venv/lib… noul  ▎········· 0.02           │
s2 context show:.venv/lib… noul  ▎········· 0.03           │
s2 context show:.venv/lib… noul  ▎········· 0.02           │
s2 context show:.venv/lib… noul  ▎········· 0.02           │
[33m> [39m[2mType to steer the next step…   Esc pauses · Esc Esc aborts[22m
⠸ context            step 1/12 0m08s  run $0.01/1.00 ok  sess $0.00/5.00 ok  ⎇ main · 1~ 1091?  jev       ▃▅▃▂▁▅  ? help
[2A[3G[?25h[?2026l[?2026h[?25l[2B[1G[2K[1A[2K[1A[2K[1A[2K[1A[2K[1A[2K[1A[2K[1A[2K[1A[2K[1A[2K[1A[2K[1A[2K[1A[2K[1A[2K[1A[2K[1A[2K[1A[2K[G[2m─── decisions s1 · c~ derived |2p−1| ────────────────────────────────── [d]ecisions [p]lan [t]imeline [s]ynth ─── plan ─[22m
streaming action… 314 chars
s2 context show:.venv/lib… noul  ▎········· 0.03           │ plan  done 0  remaining 4  unverified 0  problems 0
s2 context show:.venv/lib… noul  ▎········· 0.03           │ [ ] Run tests to see failures
s2 context show:.venv/lib… noul  ▎········· 0.03           │ [ ] Inspect calc module source
s2 context show:.venv/lib… noul  ▎········· 0.03           │ [ ] Fix bugs in calc.py to satisfy tests
s2 context show:.venv/lib… noul  ▎········· 0.03           │ [ ] Re-run tests to verify
s2 context show:.venv/lib… noul  ▎········· 0.03           │
s2 context show:.venv/lib… noul  ▎········· 0.03           │
s2 context show:.venv/lib… noul  ▎········· 0.03           │
s2 context show:.venv/lib… noul  ▎········· 0.02           │
s2 context show:.venv/lib… noul  ▎········· 0.03           │
s2 context show:.venv/lib… noul  ▎········· 0.02           │
s2 context show:.venv/lib… noul  ▎········· 0.02           │
[33m> [39m[2mType to steer the next step…   Esc pauses · Esc Esc aborts[22m
⠸ context            step 1/12 0m08s  run $0.01/1.00 ok  sess $0.00/5.00 ok  ⎇ main · 1~ 1091?  jev       ▃▅▃▂▁▅  ? help
[2A[3G[?25h[?2026l[?2026h[?25l[2B[1G[2K[1A[2K[1A[2K[1A[2K[1A[2K[1A[2K[1A[2K[1A[2K[1A[2K[1A[2K[1A[2K[1A[2K[1A[2K[1A[2K[1A[2K[1A[2K[1A[2K[G[2m─── decisions s1 · c~ derived |2p−1| ────────────────────────────────── [d]ecisions [p]lan [t]imeline [s]ynth ─── plan ─[22m
streaming action… 351 chars
s2 context show:.venv/lib… noul  ▎········· 0.03           │ plan  done 0  remaining 4  unverified 0  problems 0
s2 context show:.venv/lib… noul  ▎········· 0.03           │ [ ] Run tests to see failures
s2 context show:.venv/lib… noul  ▎········· 0.03           │ [ ] Inspect calc module source
s2 context show:.venv/lib… noul  ▎········· 0.03           │ [ ] Fix bugs in calc.py to satisfy tests
s2 context show:.venv/lib… noul  ▎········· 0.03           │ [ ] Re-run tests to verify
s2 context show:.venv/lib… noul  ▎········· 0.03           │
s2 context show:.venv/lib… noul  ▎········· 0.03           │
s2 context show:.venv/lib… noul  ▎········· 0.03           │
s2 context show:.venv/lib… noul  ▎········· 0.02           │
s2 context show:.venv/lib… noul  ▎········· 0.03           │
s2 context show:.venv/lib… noul  ▎········· 0.02           │
s2 context show:.venv/lib… noul  ▎········· 0.02           │
[33m> [39m[2mType to steer the next step…   Esc pauses · Esc Esc aborts[22m
⠸ context            step 1/12 0m08s  run $0.01/1.00 ok  sess $0.00/5.00 ok  ⎇ main · 1~ 1091?  jev       ▃▅▃▂▁▅  ? help
[2A[3G[?25h[?2026l[?2026h[?25l[2B[1G[2K[1A[2K[1A[2K[1A[2K[1A[2K[1A[2K[1A[2K[1A[2K[1A[2K[1A[2K[1A[2K[1A[2K[1A[2K[1A[2K[1A[2K[1A[2K[1A[2K[G[2m─── decisions s1 · c~ derived |2p−1| ────────────────────────────────── [d]ecisions [p]lan [t]imeline [s]ynth ─── plan ─[22m
streaming action… 351 chars
s2 context show:.venv/lib… noul  ▎········· 0.03           │ plan  done 0  remaining 4  unverified 0  problems 0
s2 context show:.venv/lib… noul  ▎········· 0.03           │ [ ] Run tests to see failures
s2 context show:.venv/lib… noul  ▎········· 0.03           │ [ ] Inspect calc module source
s2 context show:.venv/lib… noul  ▎········· 0.03           │ [ ] Fix bugs in calc.py to satisfy tests
s2 context show:.venv/lib… noul  ▎········· 0.03           │ [ ] Re-run tests to verify
s2 context show:.venv/lib… noul  ▎········· 0.03           │
s2 context show:.venv/lib… noul  ▎········· 0.03           │
s2 context show:.venv/lib… noul  ▎········· 0.03           │
s2 context show:.venv/lib… noul  ▎········· 0.02           │
s2 context show:.venv/lib… noul  ▎········· 0.03           │
s2 context show:.venv/lib… noul  ▎········· 0.02           │
s2 context show:.venv/lib… noul  ▎········· 0.02           │
[33m> [39m[2mType to steer the next step…   Esc pauses · Esc Esc aborts[22m
⠼ context            step 1/12 0m08s  run $0.01/1.00 ok  sess $0.00/5.00 ok  ⎇ main · 1~ 1091?  jev       ▃▅▃▂▁▅  ? help
[2A[3G[?25h[?2026l[?2026h[?25l[2B[1G[2K[1A[2K[1A[2K[1A[2K[1A[2K[1A[2K[1A[2K[1A[2K[1A[2K[1A[2K[1A[2K[1A[2K[1A[2K[1A[2K[1A[2K[1A[2K[1A[2K[G[2m─── decisions s1 · c~ derived |2p−1| ────────────────────────────────── [d]ecisions [p]lan [t]imeline [s]ynth ─── plan ─[22m
streaming action… 373 chars
s2 context show:.venv/lib… noul  ▎········· 0.03           │ plan  done 0  remaining 4  unverified 0  problems 0
s2 context show:.venv/lib… noul  ▎········· 0.03           │ [ ] Run tests to see failures
s2 context show:.venv/lib… noul  ▎········· 0.03           │ [ ] Inspect calc module source
s2 context show:.venv/lib… noul  ▎········· 0.03           │ [ ] Fix bugs in calc.py to satisfy tests
s2 context show:.venv/lib… noul  ▎········· 0.03           │ [ ] Re-run tests to verify
s2 context show:.venv/lib… noul  ▎········· 0.03           │
s2 context show:.venv/lib… noul  ▎········· 0.03           │
s2 context show:.venv/lib… noul  ▎········· 0.03           │
s2 context show:.venv/lib… noul  ▎········· 0.02           │
s2 context show:.venv/lib… noul  ▎········· 0.03           │
s2 context show:.venv/lib… noul  ▎········· 0.02           │
s2 context show:.venv/lib… noul  ▎········· 0.02           │
[33m> [39m[2mType to steer the next step…   Esc pauses · Esc Esc aborts[22m
⠼ context            step 1/12 0m08s  run $0.01/1.00 ok  sess $0.00/5.00 ok  ⎇ main · 1~ 1091?  jev       ▃▅▃▂▁▅  ? help
[2A[3G[?25h[?2026l[?2026h[?25l[2B[1G[2K[1A[2K[1A[2K[1A[2K[1A[2K[1A[2K[1A[2K[1A[2K[1A[2K[1A[2K[1A[2K[1A[2K[1A[2K[1A[2K[1A[2K[1A[2K[1A[2K[G[2m─── decisions s1 · c~ derived |2p−1| ────────────────────────────────── [d]ecisions [p]lan [t]imeline [s]ynth ─── plan ─[22m
streaming action… 373 chars
s2 context show:.venv/lib… noul  ▎········· 0.03           │ plan  done 0  remaining 4  unverified 0  problems 0
s2 context show:.venv/lib… noul  ▎········· 0.03           │ [ ] Run tests to see failures
s2 context show:.venv/lib… noul  ▎········· 0.03           │ [ ] Inspect calc module source
s2 context show:.venv/lib… noul  ▎········· 0.03           │ [ ] Fix bugs in calc.py to satisfy tests
s2 context show:.venv/lib… noul  ▎········· 0.03           │ [ ] Re-run tests to verify
s2 context show:.venv/lib… noul  ▎········· 0.03           │
s2 context show:.venv/lib… noul  ▎········· 0.03           │
s2 context show:.venv/lib… noul  ▎········· 0.03           │
s2 context show:.venv/lib… noul  ▎········· 0.02           │
s2 context show:.venv/lib… noul  ▎········· 0.03           │
s2 context show:.venv/lib… noul  ▎········· 0.02           │
s2 context show:.venv/lib… noul  ▎········· 0.02           │
[33m> [39m[2mType to steer the next step…   Esc pauses · Esc Esc aborts[22m
⠴ context            step 1/12 0m08s  run $0.01/1.00 ok  sess $0.00/5.00 ok  ⎇ main · 1~ 1091?  jev       ▃▅▃▂▁▅  ? help
[2A[3G[?25h[?2026l[?2026h[?25l[2B[1G[2K[1A[2K[1A[2K[1A[2K[1A[2K[1A[2K[1A[2K[1A[2K[1A[2K[1A[2K[1A[2K[1A[2K[1A[2K[1A[2K[1A[2K[1A[2K[1A[2K[G[2m─── decisions s1 · c~ derived |2p−1| ────────────────────────────────── [d]ecisions [p]lan [t]imeline [s]ynth ─── plan ─[22m
streaming action… 409 chars
s2 context show:.venv/lib… noul  ▎········· 0.03           │ plan  done 0  remaining 4  unverified 0  problems 0
s2 context show:.venv/lib… noul  ▎········· 0.03           │ [ ] Run tests to see failures
s2 context show:.venv/lib… noul  ▎········· 0.03           │ [ ] Inspect calc module source
s2 context show:.venv/lib… noul  ▎········· 0.03           │ [ ] Fix bugs in calc.py to satisfy tests
s2 context show:.venv/lib… noul  ▎········· 0.03           │ [ ] Re-run tests to verify
s2 context show:.venv/lib… noul  ▎········· 0.03           │
s2 context show:.venv/lib… noul  ▎········· 0.03           │
s2 context show:.venv/lib… noul  ▎········· 0.03           │
s2 context show:.venv/lib… noul  ▎········· 0.02           │
s2 context show:.venv/lib… noul  ▎········· 0.03           │
s2 context show:.venv/lib… noul  ▎········· 0.02           │
s2 context show:.venv/lib… noul  ▎········· 0.02           │
[33m> [39m[2mType to steer the next step…   Esc pauses · Esc Esc aborts[22m
⠴ context            step 1/12 0m08s  run $0.01/1.00 ok  sess $0.00/5.00 ok  ⎇ main · 1~ 1091?  jev       ▃▅▃▂▁▅  ? help
[2A[3G[?25h[?2026l[?2026h[?25l[2B[1G[2K[1A[2K[1A[2K[1A[2K[1A[2K[1A[2K[1A[2K[1A[2K[1A[2K[1A[2K[1A[2K[1A[2K[1A[2K[1A[2K[1A[2K[1A[2K[1A[2K[G[2m─── decisions s1 · c~ derived |2p−1| ────────────────────────────────── [d]ecisions [p]lan [t]imeline [s]ynth ─── plan ─[22m
streaming action… 409 chars
s2 context show:.venv/lib… noul  ▎········· 0.03           │ plan  done 0  remaining 4  unverified 0  problems 0
s2 context show:.venv/lib… noul  ▎········· 0.03           │ [ ] Run tests to see failures
s2 context show:.venv/lib… noul  ▎········· 0.03           │ [ ] Inspect calc module source
s2 context show:.venv/lib… noul  ▎········· 0.03           │ [ ] Fix bugs in calc.py to satisfy tests
s2 context show:.venv/lib… noul  ▎········· 0.03           │ [ ] Re-run tests to verify
s2 context show:.venv/lib… noul  ▎········· 0.03           │
s2 context show:.venv/lib… noul  ▎········· 0.03           │
s2 context show:.venv/lib… noul  ▎········· 0.03           │
s2 context show:.venv/lib… noul  ▎········· 0.02           │
s2 context show:.venv/lib… noul  ▎········· 0.03           │
s2 context show:.venv/lib… noul  ▎········· 0.02           │
s2 context show:.venv/lib… noul  ▎········· 0.02           │
[33m> [39m[2mType to steer the next step…   Esc pauses · Esc Esc aborts[22m
⠦ context            step 1/12 0m08s  run $0.01/1.00 ok  sess $0.00/5.00 ok  ⎇ main · 1~ 1091?  jev       ▃▅▃▂▁▅  ? help
[2A[3G[?25h[?2026l[?2026h[?25l[2B[1G[2K[1A[2K[1A[2K[1A[2K[1A[2K[1A[2K[1A[2K[1A[2K[1A[2K[1A[2K[1A[2K[1A[2K[1A[2K[1A[2K[1A[2K[1A[2K[1A[2K[G[2m─── decisions s1 · c~ derived |2p−1| ────────────────────────────────── [d]ecisions [p]lan [t]imeline [s]ynth ─── plan ─[22m
streaming action… 452 chars
s2 context show:.venv/lib… noul  ▎········· 0.03           │ plan  done 0  remaining 4  unverified 0  problems 0
s2 context show:.venv/lib… noul  ▎········· 0.03           │ [ ] Run tests to see failures
s2 context show:.venv/lib… noul  ▎········· 0.03           │ [ ] Inspect calc module source
s2 context show:.venv/lib… noul  ▎········· 0.03           │ [ ] Fix bugs in calc.py to satisfy tests
s2 context show:.venv/lib… noul  ▎········· 0.03           │ [ ] Re-run tests to verify
s2 context show:.venv/lib… noul  ▎········· 0.03           │
s2 context show:.venv/lib… noul  ▎········· 0.03           │
s2 context show:.venv/lib… noul  ▎········· 0.03           │
s2 context show:.venv/lib… noul  ▎········· 0.02           │
s2 context show:.venv/lib… noul  ▎········· 0.03           │
s2 context show:.venv/lib… noul  ▎········· 0.02           │
s2 context show:.venv/lib… noul  ▎········· 0.02           │
[33m> [39m[2mType to steer the next step…   Esc pauses · Esc Esc aborts[22m
⠦ context            step 1/12 0m08s  run $0.01/1.00 ok  sess $0.00/5.00 ok  ⎇ main · 1~ 1091?  jev       ▃▅▃▂▁▅  ? help
[2A[3G[?25h[?2026l[?2026h[?25l[2B[1G[2K[1A[2K[1A[2K[1A[2K[1A[2K[1A[2K[1A[2K[1A[2K[1A[2K[1A[2K[1A[2K[1A[2K[1A[2K[1A[2K[1A[2K[1A[2K[1A[2K[G[2m─── decisions s1 · c~ derived |2p−1| ────────────────────────────────── [d]ecisions [p]lan [t]imeline [s]ynth ─── plan ─[22m
streaming action… 471 chars
s2 context show:.venv/lib… noul  ▎········· 0.03           │ plan  done 0  remaining 4  unverified 0  problems 0
s2 context show:.venv/lib… noul  ▎········· 0.03           │ [ ] Run tests to see failures
s2 context show:.venv/lib… noul  ▎········· 0.03           │ [ ] Inspect calc module source
s2 context show:.venv/lib… noul  ▎········· 0.03           │ [ ] Fix bugs in calc.py to satisfy tests
s2 context show:.venv/lib… noul  ▎········· 0.03           │ [ ] Re-run tests to verify
s2 context show:.venv/lib… noul  ▎········· 0.03           │
s2 context show:.venv/lib… noul  ▎········· 0.03           │
s2 context show:.venv/lib… noul  ▎········· 0.03           │
s2 context show:.venv/lib… noul  ▎········· 0.02           │
s2 context show:.venv/lib… noul  ▎········· 0.03           │
s2 context show:.venv/lib… noul  ▎········· 0.02           │
s2 context show:.venv/lib… noul  ▎········· 0.02           │
[33m> [39m[2mType to steer the next step…   Esc pauses · Esc Esc aborts[22m
⠦ context            step 1/12 0m08s  run $0.01/1.00 ok  sess $0.00/5.00 ok  ⎇ main · 1~ 1091?  jev       ▃▅▃▂▁▅  ? help
[2A[3G[?25h[?2026l[?2026h[?25l[2B[1G[2K[1A[2K[1A[2K[1A[2K[1A[2K[1A[2K[1A[2K[1A[2K[1A[2K[1A[2K[1A[2K[1A[2K[1A[2K[1A[2K[1A[2K[1A[2K[1A[2K[G[2m─── decisions s1 · c~ derived |2p−1| ────────────────────────────────── [d]ecisions [p]lan [t]imeline [s]ynth ─── plan ─[22m
streaming action… 471 chars
s2 context show:.venv/lib… noul  ▎········· 0.03           │ plan  done 0  remaining 4  unverified 0  problems 0
s2 context show:.venv/lib… noul  ▎········· 0.03           │ [ ] Run tests to see failures
s2 context show:.venv/lib… noul  ▎········· 0.03           │ [ ] Inspect calc module source
s2 context show:.venv/lib… noul  ▎········· 0.03           │ [ ] Fix bugs in calc.py to satisfy tests
s2 context show:.venv/lib… noul  ▎········· 0.03           │ [ ] Re-run tests to verify
s2 context show:.venv/lib… noul  ▎········· 0.03           │
s2 context show:.venv/lib… noul  ▎········· 0.03           │
s2 context show:.venv/lib… noul  ▎········· 0.03           │
s2 context show:.venv/lib… noul  ▎········· 0.02           │
s2 context show:.venv/lib… noul  ▎········· 0.03           │
s2 context show:.venv/lib… noul  ▎········· 0.02           │
s2 context show:.venv/lib… noul  ▎········· 0.02           │
[33m> [39m[2mType to steer the next step…   Esc pauses · Esc Esc aborts[22m
⠧ context            step 1/12 0m08s  run $0.01/1.00 ok  sess $0.00/5.00 ok  ⎇ main · 1~ 1091?  jev       ▃▅▃▂▁▅  ? help
[2A[3G[?25h[?2026l[?2026h[?25l[2B[1G[2K[1A[2K[1A[2K[1A[2K[1A[2K[1A[2K[1A[2K[1A[2K[1A[2K[1A[2K[1A[2K[1A[2K[1A[2K[1A[2K[1A[2K[1A[2K[1A[2K[G[step 2] proposal run $ python -m pytest -q: Confirm all tests pass as-is since the last run showed 7 passed with no
failures. | plan done=1 remaining=2 open=1
[2mpython -m pytest -q[22m
[2m─── decisions s1 · c~ derived |2p−1| ────────────────────────────────── [d]ecisions [p]lan [t]imeline [s]ynth ─── plan ─[22m
s2 context show:.venv/lib… noul  ▎········· 0.03           │ plan  done 0  remaining 4  unverified 0  problems 0
s2 context show:.venv/lib… noul  ▎········· 0.03           │ [ ] Run tests to see failures
s2 context show:.venv/lib… noul  ▎········· 0.03           │ [ ] Inspect calc module source
s2 context show:.venv/lib… noul  ▎········· 0.03           │ [ ] Fix bugs in calc.py to satisfy tests
s2 context show:.venv/lib… noul  ▎········· 0.03           │ [ ] Re-run tests to verify
s2 context show:.venv/lib… noul  ▎········· 0.03           │
s2 context show:.venv/lib… noul  ▎········· 0.03           │
s2 context show:.venv/lib… noul  ▎········· 0.03           │
s2 context show:.venv/lib… noul  ▎········· 0.02           │
s2 context show:.venv/lib… noul  ▎········· 0.03           │
s2 context show:.venv/lib… noul  ▎········· 0.02           │
s2 context show:.venv/lib… noul  ▎········· 0.02           │
[33m> [39m[2mType to steer the next step…   Esc pauses · Esc Esc aborts[22m
⠧ propose            step 1/12 0m09s  run $0.02/1.00 ok  sess $0.00/5.00 ok  ⎇ main · 1~ 1091?  jev       ▃▅▃▂▁▅  ? help
[2A[3G[?25h[?2026l[?2026h[?25l[2B[1G[2K[1A[2K[1A[2K[1A[2K[1A[2K[1A[2K[1A[2K[1A[2K[1A[2K[1A[2K[1A[2K[1A[2K[1A[2K[1A[2K[1A[2K[1A[2K[G[2m─── decisions s1 · c~ derived |2p−1| ────────────────────────────────── [d]ecisions [p]lan [t]imeline [s]ynth ─── plan ─[22m
s2 context show:.venv/lib… noul  ▎········· 0.03           │ plan  done 0  remaining 4  unverified 0  problems 0
s2 context show:.venv/lib… noul  ▎········· 0.03           │ [ ] Run tests to see failures
s2 context show:.venv/lib… noul  ▎········· 0.03           │ [ ] Inspect calc module source
s2 context show:.venv/lib… noul  ▎········· 0.03           │ [ ] Fix bugs in calc.py to satisfy tests
s2 context show:.venv/lib… noul  ▎········· 0.03           │ [ ] Re-run tests to verify
s2 context show:.venv/lib… noul  ▎········· 0.03           │
s2 context show:.venv/lib… noul  ▎········· 0.03           │
s2 context show:.venv/lib… noul  ▎········· 0.03           │
s2 context show:.venv/lib… noul  ▎········· 0.02           │
s2 context show:.venv/lib… noul  ▎········· 0.03           │
s2 context show:.venv/lib… noul  ▎········· 0.02           │
s2 context show:.venv/lib… noul  ▎········· 0.02           │
[33m> [39m[2mType to steer the next step…   Esc pauses · Esc Esc aborts[22m
⠇ propose            step 1/12 0m09s  run $0.02/1.00 ok  sess $0.00/5.00 ok  ⎇ main · 1~ 1091?  jev       ▃▅▃▂▁▅  ? help
[2A[3G[?25h[?2026l[?2026h[?25l[2B[1G[2K[1A[2K[1A[2K[1A[2K[1A[2K[1A[2K[1A[2K[1A[2K[1A[2K[1A[2K[1A[2K[1A[2K[1A[2K[1A[2K[1A[2K[1A[2K[G[2m─── decisions s1 · c~ derived |2p−1| ────────────────────────────────── [d]ecisions [p]lan [t]imeline [s]ynth ─── plan ─[22m
s2 context show:.venv/lib… noul  ▎········· 0.03           │ plan  done 0  remaining 4  unverified 0  problems 0
s2 context show:.venv/lib… noul  ▎········· 0.03           │ [ ] Run tests to see failures
s2 context show:.venv/lib… noul  ▎········· 0.03           │ [ ] Inspect calc module source
s2 context show:.venv/lib… noul  ▎········· 0.03           │ [ ] Fix bugs in calc.py to satisfy tests
s2 context show:.venv/lib… noul  ▎········· 0.03           │ [ ] Re-run tests to verify
s2 context show:.venv/lib… noul  ▎········· 0.03           │
s2 context show:.venv/lib… noul  ▎········· 0.03           │
s2 context show:.venv/lib… noul  ▎········· 0.03           │
s2 context show:.venv/lib… noul  ▎········· 0.02           │
s2 context show:.venv/lib… noul  ▎········· 0.03           │
s2 context show:.venv/lib… noul  ▎········· 0.02           │
s2 context show:.venv/lib… noul  ▎········· 0.02           │
[33m> [39m[2mType to steer the next step…   Esc pauses · Esc Esc aborts[22m
⠏ propose            step 1/12 0m09s  run $0.02/1.00 ok  sess $0.00/5.00 ok  ⎇ main · 1~ 1091?  jev       ▃▅▃▂▁▅  ? help
[2A[3G[?25h[?2026l[?2026h[?25l[2B[1G[2K[1A[2K[1A[2K[1A[2K[1A[2K[1A[2K[1A[2K[1A[2K[1A[2K[1A[2K[1A[2K[1A[2K[1A[2K[1A[2K[1A[2K[1A[2K[G[2m[step 2] risk=0.00 ok: risk 0.00 (ok) from destructive: expected level 0.00 of 4; dominant level 0 "nothing existing is [22m
[2mlost: reads, searches, lists, or runs tests/builds; creates a file that did not exist (`proposal.target.existsBefore` [22m
[2mfalse); anything it changes the workspace regenerates"; Jev confidence 1.00 | irreversible: expected level 0.00 of 4; [22m
[2mdominant level 0 "no lasting effect, or restorable with one git command"; Jev confidence 1.00; verification run of the [22m
[2mworkspace test command: out_of_scope 0.07 (dominant level 0), plan_mismatch 0.21 (dominant level 0) recorded, not gating[22m
[2m─── decisions s1 · c~ derived |2p−1| ────────────────────────────────── [d]ecisions [p]lan [t]imeline [s]ynth ─── plan ─[22m
s2 context show:.venv/lib… noul  ▎········· 0.03           │ plan  done 0  remaining 4  unverified 0  problems 0
s2 context show:.venv/lib… noul  ▎········· 0.03           │ [ ] Run tests to see failures
s2 context show:.venv/lib… noul  ▎········· 0.03           │ [ ] Inspect calc module source
s2 context show:.venv/lib… noul  ▎········· 0.02           │ [ ] Fix bugs in calc.py to satisfy tests
s2 context show:.venv/lib… noul  ▎········· 0.03           │ [ ] Re-run tests to verify
s2 context show:.venv/lib… noul  ▎········· 0.02           │
s2 context show:.venv/lib… noul  ▎········· 0.02           │
s2 risk    destructive     L0    ██████████ 1.00 [ok]      │
s2 risk    out_of_scope    L0.56 ██████▍··· 0.64 [ok]      │
s2 risk    plan_mismatch   L1.03 ██████▏··· 0.61 [ok]      │
s2 risk    irreversible    L0    ██████████ 1.00 [ok]      │
s2 risk    matches_intent  noul  ███████▋·· 0.76           │
[33m> [39m[2mType to steer the next step…   Esc pauses · Esc Esc aborts[22m
⠏ risk               step 1/12 0m09s  run $0.02/1.00 ok  sess $0.00/5.00 ok  ⎇ main · 1~ 1091?  jev      ▃▅▃▂▁▅▂  ? help
[2A[3G[?25h[?2026l[?2026h[?25l[2B[1G[2K[1A[2K[1A[2K[1A[2K[1A[2K[1A[2K[1A[2K[1A[2K[1A[2K[1A[2K[1A[2K[1A[2K[1A[2K[1A[2K[1A[2K[1A[2K[G[2m─── decisions s1 · c~ derived |2p−1| ────────────────────────────────── [d]ecisions [p]lan [t]imeline [s]ynth ─── plan ─[22m
s2 context show:.venv/lib… noul  ▎········· 0.03           │ plan  done 0  remaining 4  unverified 0  problems 0
s2 context show:.venv/lib… noul  ▎········· 0.03           │ [ ] Run tests to see failures
s2 context show:.venv/lib… noul  ▎········· 0.03           │ [ ] Inspect calc module source
s2 context show:.venv/lib… noul  ▎········· 0.02           │ [ ] Fix bugs in calc.py to satisfy tests
s2 context show:.venv/lib… noul  ▎········· 0.03           │ [ ] Re-run tests to verify
s2 context show:.venv/lib… noul  ▎········· 0.02           │
s2 context show:.venv/lib… noul  ▎········· 0.02           │
s2 risk    destructive     L0    ██████████ 1.00 [ok]      │
s2 risk    out_of_scope    L0.56 ██████▍··· 0.64 [ok]      │
s2 risk    plan_mismatch   L1.03 ██████▏··· 0.61 [ok]      │
s2 risk    irreversible    L0    ██████████ 1.00 [ok]      │
s2 risk    matches_intent  noul  ███████▋·· 0.76           │
[33m> [39m[2mType to steer the next step…   Esc pauses · Esc Esc aborts[22m
⠋ risk               step 1/12 0m09s  run $0.02/1.00 ok  sess $0.00/5.00 ok  ⎇ main · 1~ 1091?  jev      ▃▅▃▂▁▅▂  ? help
[2A[3G[?25h[?2026l[?2026h[?25l[2B[1G[2K[1A[2K[1A[2K[1A[2K[1A[2K[1A[2K[1A[2K[1A[2K[1A[2K[1A[2K[1A[2K[1A[2K[1A[2K[1A[2K[1A[2K[1A[2K[G[2m─── decisions s1 · c~ derived |2p−1| ────────────────────────────────── [d]ecisions [p]lan [t]imeline [s]ynth ─── plan ─[22m
s2 context show:.venv/lib… noul  ▎········· 0.03           │ plan  done 0  remaining 4  unverified 0  problems 0
s2 context show:.venv/lib… noul  ▎········· 0.03           │ [ ] Run tests to see failures
s2 context show:.venv/lib… noul  ▎········· 0.03           │ [ ] Inspect calc module source
s2 context show:.venv/lib… noul  ▎········· 0.02           │ [ ] Fix bugs in calc.py to satisfy tests
s2 context show:.venv/lib… noul  ▎········· 0.03           │ [ ] Re-run tests to verify
s2 context show:.venv/lib… noul  ▎········· 0.02           │
s2 context show:.venv/lib… noul  ▎········· 0.02           │
s2 risk    destructive     L0    ██████████ 1.00 [ok]      │
s2 risk    out_of_scope    L0.56 ██████▍··· 0.64 [ok]      │
s2 risk    plan_mismatch   L1.03 ██████▏··· 0.61 [ok]      │
s2 risk    irreversible    L0    ██████████ 1.00 [ok]      │
s2 risk    matches_intent  noul  ███████▋·· 0.76           │
[33m> [39m[2mType to steer the next step…   Esc pauses · Esc Esc aborts[22m
⠙ risk               step 1/12 0m09s  run $0.02/1.00 ok  sess $0.00/5.00 ok  ⎇ main · 1~ 1091?  jev      ▃▅▃▂▁▅▂  ? help
[2A[3G[?25h[?2026l[?2026h[?25l[2B[1G[2K[1A[2K[1A[2K[1A[2K[1A[2K[1A[2K[1A[2K[1A[2K[1A[2K[1A[2K[1A[2K[1A[2K[1A[2K[1A[2K[1A[2K[1A[2K[G[2m─── decisions s1 · c~ derived |2p−1| ────────────────────────────────── [d]ecisions [p]lan [t]imeline [s]ynth ─── plan ─[22m
s2 context show:.venv/lib… noul  ▎········· 0.03           │ plan  done 0  remaining 4  unverified 0  problems 0
s2 context show:.venv/lib… noul  ▎········· 0.03           │ [ ] Run tests to see failures
s2 context show:.venv/lib… noul  ▎········· 0.03           │ [ ] Inspect calc module source
s2 context show:.venv/lib… noul  ▎········· 0.02           │ [ ] Fix bugs in calc.py to satisfy tests
s2 context show:.venv/lib… noul  ▎········· 0.03           │ [ ] Re-run tests to verify
s2 context show:.venv/lib… noul  ▎········· 0.02           │
s2 context show:.venv/lib… noul  ▎········· 0.02           │
s2 risk    destructive     L0    ██████████ 1.00 [ok]      │
s2 risk    out_of_scope    L0.56 ██████▍··· 0.64 [ok]      │
s2 risk    plan_mismatch   L1.03 ██████▏··· 0.61 [ok]      │
s2 risk    irreversible    L0    ██████████ 1.00 [ok]      │
s2 risk    matches_intent  noul  ███████▋·· 0.76           │
[33m> [39m[2mType to steer the next step…   Esc pauses · Esc Esc aborts[22m
⠙ execute            step 1/12 0m09s  run $0.02/1.00 ok  sess $0.00/5.00 ok  ⎇ main · 1~ 1091?  jev      ▃▅▃▂▁▅▂  ? help
[2A[3G[?25h[?2026l[?2026h[?25l[2B[1G[2K[1A[2K[1A[2K[1A[2K[1A[2K[1A[2K[1A[2K[1A[2K[1A[2K[1A[2K[1A[2K[1A[2K[1A[2K[1A[2K[1A[2K[1A[2K[G[2m[step 2] outcome executed: exit 0 (exit 0, 96ms)[22m
[2m─── decisions s1 · c~ derived |2p−1| ────────────────────────────────── [d]ecisions [p]lan [t]imeline [s]ynth ─── plan ─[22m
s2 context show:.venv/lib… noul  ▎········· 0.03           │ plan  done 0  remaining 4  unverified 0  problems 0
s2 context show:.venv/lib… noul  ▎········· 0.03           │ [ ] Run tests to see failures
s2 context show:.venv/lib… noul  ▎········· 0.03           │ [ ] Inspect calc module source
s2 context show:.venv/lib… noul  ▎········· 0.02           │ [ ] Fix bugs in calc.py to satisfy tests
s2 context show:.venv/lib… noul  ▎········· 0.03           │ [ ] Re-run tests to verify
s2 context show:.venv/lib… noul  ▎········· 0.02           │
s2 context show:.venv/lib… noul  ▎········· 0.02           │
s2 risk    destructive     L0    ██████████ 1.00 [ok]      │
s2 risk    out_of_scope    L0.56 ██████▍··· 0.64 [ok]      │
s2 risk    plan_mismatch   L1.03 ██████▏··· 0.61 [ok]      │
s2 risk    irreversible    L0    ██████████ 1.00 [ok]      │
s2 risk    matches_intent  noul  ███████▋·· 0.76           │
[33m> [39m[2mType to steer the next step…   Esc pauses · Esc Esc aborts[22m
⠙ execute            step 1/12 0m09s  run $0.02/1.00 ok  sess $0.00/5.00 ok  ⎇ main · 1~ 1091?  jev      ▃▅▃▂▁▅▂  ? help
[2A[3G[?25h[?2026l[?2026h[?25l[2B[1G[2K[1A[2K[1A[2K[1A[2K[1A[2K[1A[2K[1A[2K[1A[2K[1A[2K[1A[2K[1A[2K[1A[2K[1A[2K[1A[2K[1A[2K[1A[2K[G[2m─── decisions s1 · c~ derived |2p−1| ────────────────────────────────── [d]ecisions [p]lan [t]imeline [s]ynth ─── plan ─[22m
s2 context show:.venv/lib… noul  ▎········· 0.03           │ plan  done 0  remaining 4  unverified 0  problems 0
s2 context show:.venv/lib… noul  ▎········· 0.03           │ [ ] Run tests to see failures
s2 context show:.venv/lib… noul  ▎········· 0.03           │ [ ] Inspect calc module source
s2 context show:.venv/lib… noul  ▎········· 0.02           │ [ ] Fix bugs in calc.py to satisfy tests
s2 context show:.venv/lib… noul  ▎········· 0.03           │ [ ] Re-run tests to verify
s2 context show:.venv/lib… noul  ▎········· 0.02           │
s2 context show:.venv/lib… noul  ▎········· 0.02           │
s2 risk    destructive     L0    ██████████ 1.00 [ok]      │
s2 risk    out_of_scope    L0.56 ██████▍··· 0.64 [ok]      │
s2 risk    plan_mismatch   L1.03 ██████▏··· 0.61 [ok]      │
s2 risk    irreversible    L0    ██████████ 1.00 [ok]      │
s2 risk    matches_intent  noul  ███████▋·· 0.76           │
[33m> [39m[2mType to steer the next step…   Esc pauses · Esc Esc aborts[22m
⠹ execute            step 1/12 0m09s  run $0.02/1.00 ok  sess $0.00/5.00 ok  ⎇ main · 1~ 1091?  jev      ▃▅▃▂▁▅▂  ? help
[2A[3G[?25h[?2026l[?2026h[?25l[2B[1G[2K[1A[2K[1A[2K[1A[2K[1A[2K[1A[2K[1A[2K[1A[2K[1A[2K[1A[2K[1A[2K[1A[2K[1A[2K[1A[2K[1A[2K[1A[2K[G[2m[step 2] judge succeeded=0.81 error_present=0.03 new_info=0.07 tests=7p/0f/0e pass claims=1/1 completion=0.71[22m
[2m[step 2] plan done=1 remaining=2 unverified=0 problems=3[22m
[2m─── decisions s2 · c~ derived |2p−1| ────────────────────────────────── [d]ecisions [p]lan [t]imeline [s]ynth ─── plan ─[22m
s2 context show:.venv/lib… noul  ▎········· 0.02           │ plan  done 1  remaining 2  unverified 0  problems 2
s2 context show:.venv/lib… noul  ▎········· 0.02           │ [x] Ran tests: 7 passed, 0 failed, 0 errors… s2 done_0 0.93
s2 risk    destructive     L0    ██████████ 1.00 [ok]      │ [ ] Re-verify test run to confirm stability
s2 risk    out_of_scope    L0.56 ██████▍··· 0.64 [ok]      │ [ ] If confirmed passing, mark task complete
s2 risk    plan_mismatch   L1.03 ██████▏··· 0.61 [ok]      │ [!] human s2: Prefer the smallest change and run the tests…
s2 risk    irreversible    L0    ██████████ 1.00 [ok]      │ [!] stale_plan s2: Jev judged the plan stale at step 2 (p=…
s2 risk    matches_intent  noul  ███████▋·· 0.76           │
s2 judge   succeeded       noul  ████████▏· 0.81           │
s2 judge   error_present   noul  ▎········· 0.03           │
s2 judge   new_information noul  ▊········· 0.07           │
s2 judge   done_0          noul  █████████▎ 0.93           │
s2 complete task_complete  noul  ███████▏·· 0.71           │
[33m> [39m[2mType to steer the next step…   Esc pauses · Esc Esc aborts[22m
⠹ judge              step 2/12 0m09s  run $0.02/1.00 ok  sess $0.00/5.00 ok  ⎇ main · 1~ 1091?  jev     ▃▅▃▂▁▅▂▂  ? help
[2A[3G[?25h[?2026l[?2026h[?25l[2B[1G[2K[1A[2K[1A[2K[1A[2K[1A[2K[1A[2K[1A[2K[1A[2K[1A[2K[1A[2K[1A[2K[1A[2K[1A[2K[1A[2K[1A[2K[1A[2K[G[2m─── decisions s2 · c~ derived |2p−1| ────────────────────────────────── [d]ecisions [p]lan [t]imeline [s]ynth ─── plan ─[22m
s2 context show:.venv/lib… noul  ▎········· 0.02           │ plan  done 1  remaining 2  unverified 0  problems 2
s2 context show:.venv/lib… noul  ▎········· 0.02           │ [x] Ran tests: 7 passed, 0 failed, 0 errors… s2 done_0 0.93
s2 risk    destructive     L0    ██████████ 1.00 [ok]      │ [ ] Re-verify test run to confirm stability
s2 risk    out_of_scope    L0.56 ██████▍··· 0.64 [ok]      │ [ ] If confirmed passing, mark task complete
s2 risk    plan_mismatch   L1.03 ██████▏··· 0.61 [ok]      │ [!] human s2: Prefer the smallest change and run the tests…
s2 risk    irreversible    L0    ██████████ 1.00 [ok]      │ [!] stale_plan s2: Jev judged the plan stale at step 2 (p=…
s2 risk    matches_intent  noul  ███████▋·· 0.76           │
s2 judge   succeeded       noul  ████████▏· 0.81           │
s2 judge   error_present   noul  ▎········· 0.03           │
s2 judge   new_information noul  ▊········· 0.07           │
s2 judge   done_0          noul  █████████▎ 0.93           │
s2 complete task_complete  noul  ███████▏·· 0.71           │
[33m> [39m[2mType to steer the next step…   Esc pauses · Esc Esc aborts[22m
⠸ judge              step 2/12 0m09s  run $0.02/1.00 ok  sess $0.00/5.00 ok  ⎇ main · 1~ 1091?  jev     ▃▅▃▂▁▅▂▂  ? help
[2A[3G[?25h[?2026l[?2026h[?25l[2B[1G[2K[1A[2K[1A[2K[1A[2K[1A[2K[1A[2K[1A[2K[1A[2K[1A[2K[1A[2K[1A[2K[1A[2K[1A[2K[1A[2K[1A[2K[1A[2K[G[2m─── decisions s2 · c~ derived |2p−1| ────────────────────────────────── [d]ecisions [p]lan [t]imeline [s]ynth ─── plan ─[22m
s2 context show:.venv/lib… noul  ▎········· 0.02           │ plan  done 1  remaining 2  unverified 0  problems 2
s2 context show:.venv/lib… noul  ▎········· 0.02           │ [x] Ran tests: 7 passed, 0 failed, 0 errors… s2 done_0 0.93
s2 risk    destructive     L0    ██████████ 1.00 [ok]      │ [ ] Re-verify test run to confirm stability
s2 risk    out_of_scope    L0.56 ██████▍··· 0.64 [ok]      │ [ ] If confirmed passing, mark task complete
s2 risk    plan_mismatch   L1.03 ██████▏··· 0.61 [ok]      │ [!] human s2: Prefer the smallest change and run the tests…
s2 risk    irreversible    L0    ██████████ 1.00 [ok]      │ [!] stale_plan s2: Jev judged the plan stale at step 2 (p=…
s2 risk    matches_intent  noul  ███████▋·· 0.76           │
s2 judge   succeeded       noul  ████████▏· 0.81           │
s2 judge   error_present   noul  ▎········· 0.03           │
s2 judge   new_information noul  ▊········· 0.07           │
s2 judge   done_0          noul  █████████▎ 0.93           │
s2 complete task_complete  noul  ███████▏·· 0.71           │
[33m> [39m[2mType to steer the next step…   Esc pauses · Esc Esc aborts[22m
⠼ judge              step 2/12 0m09s  run $0.02/1.00 ok  sess $0.00/5.00 ok  ⎇ main · 1~ 1091?  jev     ▃▅▃▂▁▅▂▂  ? help
[2A[3G[?25h[?2026l[?2026h[?25l[2B[1G[2K[1A[2K[1A[2K[1A[2K[1A[2K[1A[2K[1A[2K[1A[2K[1A[2K[1A[2K[1A[2K[1A[2K[1A[2K[1A[2K[1A[2K[1A[2K[G[2m[step 3] intent=verify p=0.44 c=0.40 (jev answered finish)[22m
[2m─── decisions s2 · c~ derived |2p−1| ────────────────────────────────── [d]ecisions [p]lan [t]imeline [s]ynth ─── plan ─[22m
s2 judge   succeeded       noul  ████████▏· 0.81           │ plan  done 1  remaining 2  unverified 0  problems 2
s2 judge   error_present   noul  ▎········· 0.03           │ [x] Ran tests: 7 passed, 0 failed, 0 errors… s2 done_0 0.93
s2 judge   new_information noul  ▊········· 0.07           │ [ ] Re-verify test run to confirm stability
s2 judge   done_0          noul  █████████▎ 0.93           │ [ ] If confirmed passing, mark task complete
s2 complete task_complete  noul  ███████▏·· 0.71           │ [!] human s2: Prefer the smallest change and run the tests…
s3 intent  intent          fini… █████····· 0.50 overridden│ [!] stale_plan s2: Jev judged the plan stale at step 2 (p=…
s3 intent  can_investigate noul  ██▎······· 0.23           │
s3 intent  can_edit        noul  ▋········· 0.06           │
s3 intent  can_verify      noul  █████·····!0.50 chosen    │
s3 intent  can_fix_enviro… noul  ▎········· 0.03           │
s3 intent  can_finish      noul  ███▏······ 0.31           │
s3 intent  plan_still_val… noul  ██████···· 0.60           │
[33m> [39m[2mType to steer the next step…   Esc pauses · Esc Esc aborts[22m
⠼ intent             step 2/12 0m10s  run $0.02/1.00 ok  sess $0.00/5.00 ok  ⎇ main · 1~ 1091?  jev    ▃▅▃▂▁▅▂▂▂  ? help
[2A[3G[?25h[?2026l[?2026h[?25l[2B[1G[2K[1A[2K[1A[2K[1A[2K[1A[2K[1A[2K[1A[2K[1A[2K[1A[2K[1A[2K[1A[2K[1A[2K[1A[2K[1A[2K[1A[2K[1A[2K[G[2m─── decisions s2 · c~ derived |2p−1| ────────────────────────────────── [d]ecisions [p]lan [t]imeline [s]ynth ─── plan ─[22m
s2 judge   succeeded       noul  ████████▏· 0.81           │ plan  done 1  remaining 2  unverified 0  problems 2
s2 judge   error_present   noul  ▎········· 0.03           │ [x] Ran tests: 7 passed, 0 failed, 0 errors… s2 done_0 0.93
s2 judge   new_information noul  ▊········· 0.07           │ [ ] Re-verify test run to confirm stability
s2 judge   done_0          noul  █████████▎ 0.93           │ [ ] If confirmed passing, mark task complete
s2 complete task_complete  noul  ███████▏·· 0.71           │ [!] human s2: Prefer the smallest change and run the tests…
s3 intent  intent          fini… █████····· 0.50 overridden│ [!] stale_plan s2: Jev judged the plan stale at step 2 (p=…
s3 intent  can_investigate noul  ██▎······· 0.23           │
s3 intent  can_edit        noul  ▋········· 0.06           │
s3 intent  can_verify      noul  █████·····!0.50 chosen    │
s3 intent  can_fix_enviro… noul  ▎········· 0.03           │
s3 intent  can_finish      noul  ███▏······ 0.31           │
s3 intent  plan_still_val… noul  ██████···· 0.60           │
[33m> [39m[2mType to steer the next step…   Esc pauses · Esc Esc aborts[22m
⠴ intent             step 2/12 0m10s  run $0.02/1.00 ok  sess $0.00/5.00 ok  ⎇ main · 1~ 1091?  jev    ▃▅▃▂▁▅▂▂▂  ? help
[2A[3G[?25h[?2026l[?2026h[?25l[2B[1G[2K[1A[2K[1A[2K[1A[2K[1A[2K[1A[2K[1A[2K[1A[2K[1A[2K[1A[2K[1A[2K[1A[2K[1A[2K[1A[2K[1A[2K[1A[2K[G[2m─── decisions s2 · c~ derived |2p−1| ────────────────────────────────── [d]ecisions [p]lan [t]imeline [s]ynth ─── plan ─[22m
s2 judge   succeeded       noul  ████████▏· 0.81           │ plan  done 1  remaining 2  unverified 0  problems 2
s2 judge   error_present   noul  ▎········· 0.03           │ [x] Ran tests: 7 passed, 0 failed, 0 errors… s2 done_0 0.93
s2 judge   new_information noul  ▊········· 0.07           │ [ ] Re-verify test run to confirm stability
s2 judge   done_0          noul  █████████▎ 0.93           │ [ ] If confirmed passing, mark task complete
s2 complete task_complete  noul  ███████▏·· 0.71           │ [!] human s2: Prefer the smallest change and run the tests…
s3 intent  intent          fini… █████····· 0.50 overridden│ [!] stale_plan s2: Jev judged the plan stale at step 2 (p=…
s3 intent  can_investigate noul  ██▎······· 0.23           │
s3 intent  can_edit        noul  ▋········· 0.06           │
s3 intent  can_verify      noul  █████·····!0.50 chosen    │
s3 intent  can_fix_enviro… noul  ▎········· 0.03           │
s3 intent  can_finish      noul  ███▏······ 0.31           │
s3 intent  plan_still_val… noul  ██████···· 0.60           │
[33m> [39m[2mType to steer the next step…   Esc pauses · Esc Esc aborts[22m
⠦ intent             step 2/12 0m10s  run $0.02/1.00 ok  sess $0.00/5.00 ok  ⎇ main · 1~ 1091?  jev    ▃▅▃▂▁▅▂▂▂  ? help
[2A[3G[?25h[?2026l[?2026h[?25l[2B[1G[2K[1A[2K[1A[2K[1A[2K[1A[2K[1A[2K[1A[2K[1A[2K[1A[2K[1A[2K[1A[2K[1A[2K[1A[2K[1A[2K[1A[2K[1A[2K[G[2m─── decisions s2 · c~ derived |2p−1| ────────────────────────────────── [d]ecisions [p]lan [t]imeline [s]ynth ─── plan ─[22m
s2 judge   succeeded       noul  ████████▏· 0.81           │ plan  done 1  remaining 2  unverified 0  problems 2
s2 judge   error_present   noul  ▎········· 0.03           │ [x] Ran tests: 7 passed, 0 failed, 0 errors… s2 done_0 0.93
s2 judge   new_information noul  ▊········· 0.07           │ [ ] Re-verify test run to confirm stability
s2 judge   done_0          noul  █████████▎ 0.93           │ [ ] If confirmed passing, mark task complete
s2 complete task_complete  noul  ███████▏·· 0.71           │ [!] human s2: Prefer the smallest change and run the tests…
s3 intent  intent          fini… █████····· 0.50 overridden│ [!] stale_plan s2: Jev judged the plan stale at step 2 (p=…
s3 intent  can_investigate noul  ██▎······· 0.23           │
s3 intent  can_edit        noul  ▋········· 0.06           │
s3 intent  can_verify      noul  █████·····!0.50 chosen    │
s3 intent  can_fix_enviro… noul  ▎········· 0.03           │
s3 intent  can_finish      noul  ███▏······ 0.31           │
s3 intent  plan_still_val… noul  ██████···· 0.60           │
[33m> [39m[2mType to steer the next step…   Esc pauses · Esc Esc aborts[22m
⠧ intent             step 2/12 0m10s  run $0.02/1.00 ok  sess $0.00/5.00 ok  ⎇ main · 1~ 1091?  jev    ▃▅▃▂▁▅▂▂▂  ? help
[2A[3G[?25h[?2026l[?2026h[?25l[2B[1G[2K[1A[2K[1A[2K[1A[2K[1A[2K[1A[2K[1A[2K[1A[2K[1A[2K[1A[2K[1A[2K[1A[2K[1A[2K[1A[2K[1A[2K[1A[2K[G[2m─── decisions s2 · c~ derived |2p−1| ────────────────────────────────── [d]ecisions [p]lan [t]imeline [s]ynth ─── plan ─[22m
s2 judge   succeeded       noul  ████████▏· 0.81           │ plan  done 1  remaining 2  unverified 0  problems 2
s2 judge   error_present   noul  ▎········· 0.03           │ [x] Ran tests: 7 passed, 0 failed, 0 errors… s2 done_0 0.93
s2 judge   new_information noul  ▊········· 0.07           │ [ ] Re-verify test run to confirm stability
s2 judge   done_0          noul  █████████▎ 0.93           │ [ ] If confirmed passing, mark task complete
s2 complete task_complete  noul  ███████▏·· 0.71           │ [!] human s2: Prefer the smallest change and run the tests…
s3 intent  intent          fini… █████····· 0.50 overridden│ [!] stale_plan s2: Jev judged the plan stale at step 2 (p=…
s3 intent  can_investigate noul  ██▎······· 0.23           │
s3 intent  can_edit        noul  ▋········· 0.06           │
s3 intent  can_verify      noul  █████·····!0.50 chosen    │
s3 intent  can_fix_enviro… noul  ▎········· 0.03           │
s3 intent  can_finish      noul  ███▏······ 0.31           │
s3 intent  plan_still_val… noul  ██████···· 0.60           │
[33m> [39m[2mType to steer the next step…   Esc pauses · Esc Esc aborts[22m
⠇ intent             step 2/12 0m10s  run $0.02/1.00 ok  sess $0.00/5.00 ok  ⎇ main · 1~ 1091?  jev    ▃▅▃▂▁▅▂▂▂  ? help
[2A[3G[?25h[?2026l[?2026h[?25l[2B[1G[2K[1A[2K[1A[2K[1A[2K[1A[2K[1A[2K[1A[2K[1A[2K[1A[2K[1A[2K[1A[2K[1A[2K[1A[2K[1A[2K[1A[2K[1A[2K[G[2m─── decisions s2 · c~ derived |2p−1| ────────────────────────────────── [d]ecisions [p]lan [t]imeline [s]ynth ─── plan ─[22m
s3 context show:.venv/lib… noul  ▎········· 0.03           │ plan  done 1  remaining 2  unverified 0  problems 2
s3 context show:.venv/lib… noul  ▎········· 0.03           │ [x] Ran tests: 7 passed, 0 failed, 0 errors… s2 done_0 0.93
s3 context show:.venv/lib… noul  ▎········· 0.03           │ [ ] Re-verify test run to confirm stability
s3 context show:.venv/lib… noul  ▎········· 0.03           │ [ ] If confirmed passing, mark task complete
s3 context show:.venv/lib… noul  ▎········· 0.03           │ [!] human s2: Prefer the smallest change and run the tests…
s3 context show:.venv/lib… noul  ▎········· 0.03           │ [!] stale_plan s2: Jev judged the plan stale at step 2 (p=…
s3 context show:.venv/lib… noul  ▎········· 0.03           │
s3 context show:.venv/lib… noul  ▎········· 0.03           │
s3 context show:.venv/lib… noul  ▎········· 0.03           │
s3 context show:.venv/lib… noul  ▎········· 0.03           │
s3 context show:.venv/lib… noul  ▎········· 0.03           │
s3 context show:.venv/lib… noul  ▎········· 0.03           │
[33m> [39m[2mType to steer the next step…   Esc pauses · Esc Esc aborts[22m
⠇ intent             step 2/12 0m10s  run $0.02/1.00 ok  sess $0.00/5.00 ok  ⎇ main · 1~ 1091?  jev   ▃▅▃▂▁▅▂▂▂▅  ? help
[2A[3G[?25h[?2026l[?2026h[?25l[2B[1G[2K[1A[2K[1A[2K[1A[2K[1A[2K[1A[2K[1A[2K[1A[2K[1A[2K[1A[2K[1A[2K[1A[2K[1A[2K[1A[2K[1A[2K[1A[2K[G[2m[step 3] context 1 files 636B of 300 candidates: tests/test_core.py[22m
[2m─── decisions s2 · c~ derived |2p−1| ────────────────────────────────── [d]ecisions [p]lan [t]imeline [s]ynth ─── plan ─[22m
s3 context show:.venv/lib… noul  ▎········· 0.03           │ plan  done 1  remaining 2  unverified 0  problems 2
s3 context show:.venv/lib… noul  ▎········· 0.03           │ [x] Ran tests: 7 passed, 0 failed, 0 errors… s2 done_0 0.93
s3 context show:.venv/lib… noul  ▎········· 0.03           │ [ ] Re-verify test run to confirm stability
s3 context show:.venv/lib… noul  ▎········· 0.03           │ [ ] If confirmed passing, mark task complete
s3 context show:.venv/lib… noul  ▎········· 0.03           │ [!] human s2: Prefer the smallest change and run the tests…
s3 context show:.venv/lib… noul  ▎········· 0.03           │ [!] stale_plan s2: Jev judged the plan stale at step 2 (p=…
s3 context show:.venv/lib… noul  ▎········· 0.03           │
s3 context show:.venv/lib… noul  ▎········· 0.03           │
s3 context show:.venv/lib… noul  ▎········· 0.03           │
s3 context show:.venv/lib… noul  ▎········· 0.03           │
s3 context show:.venv/lib… noul  ▎········· 0.03           │
s3 context show:.venv/lib… noul  ▎········· 0.03           │
[33m> [39m[2mType to steer the next step…   Esc pauses · Esc Esc aborts[22m
⠇ context            step 2/12 0m10s  run $0.02/1.00 ok  sess $0.00/5.00 ok  ⎇ main · 1~ 1091?  jev   ▃▅▃▂▁▅▂▂▂▅  ? help
[2A[3G[?25h[?2026l[?2026h[?25l[2B[1G[2K[1A[2K[1A[2K[1A[2K[1A[2K[1A[2K[1A[2K[1A[2K[1A[2K[1A[2K[1A[2K[1A[2K[1A[2K[1A[2K[1A[2K[1A[2K[G[2m─── decisions s2 · c~ derived |2p−1| ────────────────────────────────── [d]ecisions [p]lan [t]imeline [s]ynth ─── plan ─[22m
s3 context show:.venv/lib… noul  ▎········· 0.03           │ plan  done 1  remaining 2  unverified 0  problems 2
s3 context show:.venv/lib… noul  ▎········· 0.03           │ [x] Ran tests: 7 passed, 0 failed, 0 errors… s2 done_0 0.93
s3 context show:.venv/lib… noul  ▎········· 0.03           │ [ ] Re-verify test run to confirm stability
s3 context show:.venv/lib… noul  ▎········· 0.03           │ [ ] If confirmed passing, mark task complete
s3 context show:.venv/lib… noul  ▎········· 0.03           │ [!] human s2: Prefer the smallest change and run the tests…
s3 context show:.venv/lib… noul  ▎········· 0.03           │ [!] stale_plan s2: Jev judged the plan stale at step 2 (p=…
s3 context show:.venv/lib… noul  ▎········· 0.03           │
s3 context show:.venv/lib… noul  ▎········· 0.03           │
s3 context show:.venv/lib… noul  ▎········· 0.03           │
s3 context show:.venv/lib… noul  ▎········· 0.03           │
s3 context show:.venv/lib… noul  ▎········· 0.03           │
s3 context show:.venv/lib… noul  ▎········· 0.03           │
[33m> [39m[2mType to steer the next step…   Esc pauses · Esc Esc aborts[22m
⠏ context            step 2/12 0m10s  run $0.02/1.00 ok  sess $0.00/5.00 ok  ⎇ main · 1~ 1091?  jev   ▃▅▃▂▁▅▂▂▂▅  ? help
[2A[3G[?25h[?2026l[?2026h[?25l[2B[1G[2K[1A[2K[1A[2K[1A[2K[1A[2K[1A[2K[1A[2K[1A[2K[1A[2K[1A[2K[1A[2K[1A[2K[1A[2K[1A[2K[1A[2K[1A[2K[G[2m─── decisions s2 · c~ derived |2p−1| ────────────────────────────────── [d]ecisions [p]lan [t]imeline [s]ynth ─── plan ─[22m
s3 context show:.venv/lib… noul  ▎········· 0.03           │ plan  done 1  remaining 2  unverified 0  problems 2
s3 context show:.venv/lib… noul  ▎········· 0.03           │ [x] Ran tests: 7 passed, 0 failed, 0 errors… s2 done_0 0.93
s3 context show:.venv/lib… noul  ▎········· 0.03           │ [ ] Re-verify test run to confirm stability
s3 context show:.venv/lib… noul  ▎········· 0.03           │ [ ] If confirmed passing, mark task complete
s3 context show:.venv/lib… noul  ▎········· 0.03           │ [!] human s2: Prefer the smallest change and run the tests…
s3 context show:.venv/lib… noul  ▎········· 0.03           │ [!] stale_plan s2: Jev judged the plan stale at step 2 (p=…
s3 context show:.venv/lib… noul  ▎········· 0.03           │
s3 context show:.venv/lib… noul  ▎········· 0.03           │
s3 context show:.venv/lib… noul  ▎········· 0.03           │
s3 context show:.venv/lib… noul  ▎········· 0.03           │
s3 context show:.venv/lib… noul  ▎········· 0.03           │
s3 context show:.venv/lib… noul  ▎········· 0.03           │
[33m> [39m[2mType to steer the next step…   Esc pauses · Esc Esc aborts[22m
⠋ context            step 2/12 0m10s  run $0.02/1.00 ok  sess $0.00/5.00 ok  ⎇ main · 1~ 1091?  jev   ▃▅▃▂▁▅▂▂▂▅  ? help
[2A[3G[?25h[?2026l[?2026h[?25l[2B[1G[2K[1A[2K[1A[2K[1A[2K[1A[2K[1A[2K[1A[2K[1A[2K[1A[2K[1A[2K[1A[2K[1A[2K[1A[2K[1A[2K[1A[2K[1A[2K[G[2m─── decisions s2 · c~ derived |2p−1| ────────────────────────────────── [d]ecisions [p]lan [t]imeline [s]ynth ─── plan ─[22m
s3 context show:.venv/lib… noul  ▎········· 0.03           │ plan  done 1  remaining 2  unverified 0  problems 2
s3 context show:.venv/lib… noul  ▎········· 0.03           │ [x] Ran tests: 7 passed, 0 failed, 0 errors… s2 done_0 0.93
s3 context show:.venv/lib… noul  ▎········· 0.03           │ [ ] Re-verify test run to confirm stability
s3 context show:.venv/lib… noul  ▎········· 0.03           │ [ ] If confirmed passing, mark task complete
s3 context show:.venv/lib… noul  ▎········· 0.03           │ [!] human s2: Prefer the smallest change and run the tests…
s3 context show:.venv/lib… noul  ▎········· 0.03           │ [!] stale_plan s2: Jev judged the plan stale at step 2 (p=…
s3 context show:.venv/lib… noul  ▎········· 0.03           │
s3 context show:.venv/lib… noul  ▎········· 0.03           │
s3 context show:.venv/lib… noul  ▎········· 0.03           │
s3 context show:.venv/lib… noul  ▎········· 0.03           │
s3 context show:.venv/lib… noul  ▎········· 0.03           │
s3 context show:.venv/lib… noul  ▎········· 0.03           │
[33m> [39m[2mType to steer the next step…   Esc pauses · Esc Esc aborts[22m
⠙ context            step 2/12 0m10s  run $0.02/1.00 ok  sess $0.00/5.00 ok  ⎇ main · 1~ 1091?  jev   ▃▅▃▂▁▅▂▂▂▅  ? help
[2A[3G[?25h[?2026l[?2026h[?25l[2B[1G[2K[1A[2K[1A[2K[1A[2K[1A[2K[1A[2K[1A[2K[1A[2K[1A[2K[1A[2K[1A[2K[1A[2K[1A[2K[1A[2K[1A[2K[1A[2K[G[2m─── decisions s2 · c~ derived |2p−1| ────────────────────────────────── [d]ecisions [p]lan [t]imeline [s]ynth ─── plan ─[22m
s3 context show:.venv/lib… noul  ▎········· 0.03           │ plan  done 1  remaining 2  unverified 0  problems 2
s3 context show:.venv/lib… noul  ▎········· 0.03           │ [x] Ran tests: 7 passed, 0 failed, 0 errors… s2 done_0 0.93
s3 context show:.venv/lib… noul  ▎········· 0.03           │ [ ] Re-verify test run to confirm stability
s3 context show:.venv/lib… noul  ▎········· 0.03           │ [ ] If confirmed passing, mark task complete
s3 context show:.venv/lib… noul  ▎········· 0.03           │ [!] human s2: Prefer the smallest change and run the tests…
s3 context show:.venv/lib… noul  ▎········· 0.03           │ [!] stale_plan s2: Jev judged the plan stale at step 2 (p=…
s3 context show:.venv/lib… noul  ▎········· 0.03           │
s3 context show:.venv/lib… noul  ▎········· 0.03           │
s3 context show:.venv/lib… noul  ▎········· 0.03           │
s3 context show:.venv/lib… noul  ▎········· 0.03           │
s3 context show:.venv/lib… noul  ▎········· 0.03           │
s3 context show:.venv/lib… noul  ▎········· 0.03           │
[33m> [39m[2mType to steer the next step…   Esc pauses · Esc Esc aborts[22m
⠹ context            step 2/12 0m10s  run $0.02/1.00 ok  sess $0.00/5.00 ok  ⎇ main · 1~ 1091?  jev   ▃▅▃▂▁▅▂▂▂▅  ? help
[2A[3G[?25h[?2026l[?2026h[?25l[2B[1G[2K[1A[2K[1A[2K[1A[2K[1A[2K[1A[2K[1A[2K[1A[2K[1A[2K[1A[2K[1A[2K[1A[2K[1A[2K[1A[2K[1A[2K[1A[2K[G[2m─── decisions s2 · c~ derived |2p−1| ────────────────────────────────── [d]ecisions [p]lan [t]imeline [s]ynth ─── plan ─[22m
s3 context show:.venv/lib… noul  ▎········· 0.03           │ plan  done 1  remaining 2  unverified 0  problems 2
s3 context show:.venv/lib… noul  ▎········· 0.03           │ [x] Ran tests: 7 passed, 0 failed, 0 errors… s2 done_0 0.93
s3 context show:.venv/lib… noul  ▎········· 0.03           │ [ ] Re-verify test run to confirm stability
s3 context show:.venv/lib… noul  ▎········· 0.03           │ [ ] If confirmed passing, mark task complete
s3 context show:.venv/lib… noul  ▎········· 0.03           │ [!] human s2: Prefer the smallest change and run the tests…
s3 context show:.venv/lib… noul  ▎········· 0.03           │ [!] stale_plan s2: Jev judged the plan stale at step 2 (p=…
s3 context show:.venv/lib… noul  ▎········· 0.03           │
s3 context show:.venv/lib… noul  ▎········· 0.03           │
s3 context show:.venv/lib… noul  ▎········· 0.03           │
s3 context show:.venv/lib… noul  ▎········· 0.03           │
s3 context show:.venv/lib… noul  ▎········· 0.03           │
s3 context show:.venv/lib… noul  ▎········· 0.03           │
[33m> [39m[2mType to steer the next step…   Esc pauses · Esc Esc aborts[22m
⠸ context            step 2/12 0m10s  run $0.02/1.00 ok  sess $0.00/5.00 ok  ⎇ main · 1~ 1091?  jev   ▃▅▃▂▁▅▂▂▂▅  ? help
[2A[3G[?25h[?2026l[?2026h[?25l[2B[1G[2K[1A[2K[1A[2K[1A[2K[1A[2K[1A[2K[1A[2K[1A[2K[1A[2K[1A[2K[1A[2K[1A[2K[1A[2K[1A[2K[1A[2K[1A[2K[G[2m─── decisions s2 · c~ derived |2p−1| ────────────────────────────────── [d]ecisions [p]lan [t]imeline [s]ynth ─── plan ─[22m
s3 context show:.venv/lib… noul  ▎········· 0.03           │ plan  done 1  remaining 2  unverified 0  problems 2
s3 context show:.venv/lib… noul  ▎········· 0.03           │ [x] Ran tests: 7 passed, 0 failed, 0 errors… s2 done_0 0.93
s3 context show:.venv/lib… noul  ▎········· 0.03           │ [ ] Re-verify test run to confirm stability
s3 context show:.venv/lib… noul  ▎········· 0.03           │ [ ] If confirmed passing, mark task complete
s3 context show:.venv/lib… noul  ▎········· 0.03           │ [!] human s2: Prefer the smallest change and run the tests…
s3 context show:.venv/lib… noul  ▎········· 0.03           │ [!] stale_plan s2: Jev judged the plan stale at step 2 (p=…
s3 context show:.venv/lib… noul  ▎········· 0.03           │
s3 context show:.venv/lib… noul  ▎········· 0.03           │
s3 context show:.venv/lib… noul  ▎········· 0.03           │
s3 context show:.venv/lib… noul  ▎········· 0.03           │
s3 context show:.venv/lib… noul  ▎········· 0.03           │
s3 context show:.venv/lib… noul  ▎········· 0.03           │
[33m> [39m[2mType to steer the next step…   Esc pauses · Esc Esc aborts[22m
⠼ context            step 2/12 0m10s  run $0.02/1.00 ok  sess $0.00/5.00 ok  ⎇ main · 1~ 1091?  jev   ▃▅▃▂▁▅▂▂▂▅  ? help
[2A[3G[?25h[?2026l[?2026h[?25l[2B[1G[2K[1A[2K[1A[2K[1A[2K[1A[2K[1A[2K[1A[2K[1A[2K[1A[2K[1A[2K[1A[2K[1A[2K[1A[2K[1A[2K[1A[2K[1A[2K[G[2m─── decisions s2 · c~ derived |2p−1| ────────────────────────────────── [d]ecisions [p]lan [t]imeline [s]ynth ─── plan ─[22m
s3 context show:.venv/lib… noul  ▎········· 0.03           │ plan  done 1  remaining 2  unverified 0  problems 2
s3 context show:.venv/lib… noul  ▎········· 0.03           │ [x] Ran tests: 7 passed, 0 failed, 0 errors… s2 done_0 0.93
s3 context show:.venv/lib… noul  ▎········· 0.03           │ [ ] Re-verify test run to confirm stability
s3 context show:.venv/lib… noul  ▎········· 0.03           │ [ ] If confirmed passing, mark task complete
s3 context show:.venv/lib… noul  ▎········· 0.03           │ [!] human s2: Prefer the smallest change and run the tests…
s3 context show:.venv/lib… noul  ▎········· 0.03           │ [!] stale_plan s2: Jev judged the plan stale at step 2 (p=…
s3 context show:.venv/lib… noul  ▎········· 0.03           │
s3 context show:.venv/lib… noul  ▎········· 0.03           │
s3 context show:.venv/lib… noul  ▎········· 0.03           │
s3 context show:.venv/lib… noul  ▎········· 0.03           │
s3 context show:.venv/lib… noul  ▎········· 0.03           │
s3 context show:.venv/lib… noul  ▎········· 0.03           │
[33m> [39m[2mType to steer the next step…   Esc pauses · Esc Esc aborts[22m
⠴ context            step 2/12 0m10s  run $0.02/1.00 ok  sess $0.00/5.00 ok  ⎇ main · 1~ 1091?  jev   ▃▅▃▂▁▅▂▂▂▅  ? help
[2A[3G[?25h[?2026l[?2026h[?25l[2B[1G[2K[1A[2K[1A[2K[1A[2K[1A[2K[1A[2K[1A[2K[1A[2K[1A[2K[1A[2K[1A[2K[1A[2K[1A[2K[1A[2K[1A[2K[1A[2K[G[2m─── decisions s2 · c~ derived |2p−1| ────────────────────────────────── [d]ecisions [p]lan [t]imeline [s]ynth ─── plan ─[22m
s3 context show:.venv/lib… noul  ▎········· 0.03           │ plan  done 1  remaining 2  unverified 0  problems 2
s3 context show:.venv/lib… noul  ▎········· 0.03           │ [x] Ran tests: 7 passed, 0 failed, 0 errors… s2 done_0 0.93
s3 context show:.venv/lib… noul  ▎········· 0.03           │ [ ] Re-verify test run to confirm stability
s3 context show:.venv/lib… noul  ▎········· 0.03           │ [ ] If confirmed passing, mark task complete
s3 context show:.venv/lib… noul  ▎········· 0.03           │ [!] human s2: Prefer the smallest change and run the tests…
s3 context show:.venv/lib… noul  ▎········· 0.03           │ [!] stale_plan s2: Jev judged the plan stale at step 2 (p=…
s3 context show:.venv/lib… noul  ▎········· 0.03           │
s3 context show:.venv/lib… noul  ▎········· 0.03           │
s3 context show:.venv/lib… noul  ▎········· 0.03           │
s3 context show:.venv/lib… noul  ▎········· 0.03           │
s3 context show:.venv/lib… noul  ▎········· 0.03           │
s3 context show:.venv/lib… noul  ▎········· 0.03           │
[33m> [39m[2mType to steer the next step…   Esc pauses · Esc Esc aborts[22m
⠴ context            step 2/12 0m11s  run $0.02/1.00 ok  sess $0.00/5.00 ok  ⎇ main · 1~ 1091?  jev   ▃▅▃▂▁▅▂▂▂▅  ? help
[2A[3G[?25h[?2026l[?2026h[?25l[2B[1G[2K[1A[2K[1A[2K[1A[2K[1A[2K[1A[2K[1A[2K[1A[2K[1A[2K[1A[2K[1A[2K[1A[2K[1A[2K[1A[2K[1A[2K[1A[2K[G[2m─── decisions s2 · c~ derived |2p−1| ────────────────────────────────── [d]ecisions [p]lan [t]imeline [s]ynth ─── plan ─[22m
s3 context show:.venv/lib… noul  ▎········· 0.03           │ plan  done 1  remaining 2  unverified 0  problems 2
s3 context show:.venv/lib… noul  ▎········· 0.03           │ [x] Ran tests: 7 passed, 0 failed, 0 errors… s2 done_0 0.93
s3 context show:.venv/lib… noul  ▎········· 0.03           │ [ ] Re-verify test run to confirm stability
s3 context show:.venv/lib… noul  ▎········· 0.03           │ [ ] If confirmed passing, mark task complete
s3 context show:.venv/lib… noul  ▎········· 0.03           │ [!] human s2: Prefer the smallest change and run the tests…
s3 context show:.venv/lib… noul  ▎········· 0.03           │ [!] stale_plan s2: Jev judged the plan stale at step 2 (p=…
s3 context show:.venv/lib… noul  ▎········· 0.03           │
s3 context show:.venv/lib… noul  ▎········· 0.03           │
s3 context show:.venv/lib… noul  ▎········· 0.03           │
s3 context show:.venv/lib… noul  ▎········· 0.03           │
s3 context show:.venv/lib… noul  ▎········· 0.03           │
s3 context show:.venv/lib… noul  ▎········· 0.03           │
[33m> [39m[2mType to steer the next step…   Esc pauses · Esc Esc aborts[22m
⠦ context            step 2/12 0m11s  run $0.02/1.00 ok  sess $0.00/5.00 ok  ⎇ main · 1~ 1091?  jev   ▃▅▃▂▁▅▂▂▂▅  ? help
[2A[3G[?25h[?2026l[?2026h[?25l[2B[1G[2K[1A[2K[1A[2K[1A[2K[1A[2K[1A[2K[1A[2K[1A[2K[1A[2K[1A[2K[1A[2K[1A[2K[1A[2K[1A[2K[1A[2K[1A[2K[G[2m─── decisions s2 · c~ derived |2p−1| ────────────────────────────────── [d]ecisions [p]lan [t]imeline [s]ynth ─── plan ─[22m
s3 context show:.venv/lib… noul  ▎········· 0.03           │ plan  done 1  remaining 2  unverified 0  problems 2
s3 context show:.venv/lib… noul  ▎········· 0.03           │ [x] Ran tests: 7 passed, 0 failed, 0 errors… s2 done_0 0.93
s3 context show:.venv/lib… noul  ▎········· 0.03           │ [ ] Re-verify test run to confirm stability
s3 context show:.venv/lib… noul  ▎········· 0.03           │ [ ] If confirmed passing, mark task complete
s3 context show:.venv/lib… noul  ▎········· 0.03           │ [!] human s2: Prefer the smallest change and run the tests…
s3 context show:.venv/lib… noul  ▎········· 0.03           │ [!] stale_plan s2: Jev judged the plan stale at step 2 (p=…
s3 context show:.venv/lib… noul  ▎········· 0.03           │
s3 context show:.venv/lib… noul  ▎········· 0.03           │
s3 context show:.venv/lib… noul  ▎········· 0.03           │
s3 context show:.venv/lib… noul  ▎········· 0.03           │
s3 context show:.venv/lib… noul  ▎········· 0.03           │
s3 context show:.venv/lib… noul  ▎········· 0.03           │
[33m> [39m[2mType to steer the next step…   Esc pauses · Esc Esc aborts[22m
⠧ context            step 2/12 0m11s  run $0.02/1.00 ok  sess $0.00/5.00 ok  ⎇ main · 1~ 1091?  jev   ▃▅▃▂▁▅▂▂▂▅  ? help
[2A[3G[?25h[?2026l[?2026h[?25l[2B[1G[2K[1A[2K[1A[2K[1A[2K[1A[2K[1A[2K[1A[2K[1A[2K[1A[2K[1A[2K[1A[2K[1A[2K[1A[2K[1A[2K[1A[2K[1A[2K[G[2m─── decisions s2 · c~ derived |2p−1| ────────────────────────────────── [d]ecisions [p]lan [t]imeline [s]ynth ─── plan ─[22m
s3 context show:.venv/lib… noul  ▎········· 0.03           │ plan  done 1  remaining 2  unverified 0  problems 2
s3 context show:.venv/lib… noul  ▎········· 0.03           │ [x] Ran tests: 7 passed, 0 failed, 0 errors… s2 done_0 0.93
s3 context show:.venv/lib… noul  ▎········· 0.03           │ [ ] Re-verify test run to confirm stability
s3 context show:.venv/lib… noul  ▎········· 0.03           │ [ ] If confirmed passing, mark task complete
s3 context show:.venv/lib… noul  ▎········· 0.03           │ [!] human s2: Prefer the smallest change and run the tests…
s3 context show:.venv/lib… noul  ▎········· 0.03           │ [!] stale_plan s2: Jev judged the plan stale at step 2 (p=…
s3 context show:.venv/lib… noul  ▎········· 0.03           │
s3 context show:.venv/lib… noul  ▎········· 0.03           │
s3 context show:.venv/lib… noul  ▎········· 0.03           │
s3 context show:.venv/lib… noul  ▎········· 0.03           │
s3 context show:.venv/lib… noul  ▎········· 0.03           │
s3 context show:.venv/lib… noul  ▎········· 0.03           │
[33m> [39m[2mType to steer the next step…   Esc pauses · Esc Esc aborts[22m
⠇ context            step 2/12 0m11s  run $0.02/1.00 ok  sess $0.00/5.00 ok  ⎇ main · 1~ 1091?  jev   ▃▅▃▂▁▅▂▂▂▅  ? help
[2A[3G[?25h[?2026l[?2026h[?25l[2B[1G[2K[1A[2K[1A[2K[1A[2K[1A[2K[1A[2K[1A[2K[1A[2K[1A[2K[1A[2K[1A[2K[1A[2K[1A[2K[1A[2K[1A[2K[1A[2K[G[2m─── decisions s2 · c~ derived |2p−1| ────────────────────────────────── [d]ecisions [p]lan [t]imeline [s]ynth ─── plan ─[22m
s3 context show:.venv/lib… noul  ▎········· 0.03           │ plan  done 1  remaining 2  unverified 0  problems 2
s3 context show:.venv/lib… noul  ▎········· 0.03           │ [x] Ran tests: 7 passed, 0 failed, 0 errors… s2 done_0 0.93
s3 context show:.venv/lib… noul  ▎········· 0.03           │ [ ] Re-verify test run to confirm stability
s3 context show:.venv/lib… noul  ▎········· 0.03           │ [ ] If confirmed passing, mark task complete
s3 context show:.venv/lib… noul  ▎········· 0.03           │ [!] human s2: Prefer the smallest change and run the tests…
s3 context show:.venv/lib… noul  ▎········· 0.03           │ [!] stale_plan s2: Jev judged the plan stale at step 2 (p=…
s3 context show:.venv/lib… noul  ▎········· 0.03           │
s3 context show:.venv/lib… noul  ▎········· 0.03           │
s3 context show:.venv/lib… noul  ▎········· 0.03           │
s3 context show:.venv/lib… noul  ▎········· 0.03           │
s3 context show:.venv/lib… noul  ▎········· 0.03           │
s3 context show:.venv/lib… noul  ▎········· 0.03           │
[33m> [39m[2mType to steer the next step…   Esc pauses · Esc Esc aborts[22m
⠏ context            step 2/12 0m11s  run $0.02/1.00 ok  sess $0.00/5.00 ok  ⎇ main · 1~ 1091?  jev   ▃▅▃▂▁▅▂▂▂▅  ? help
[2A[3G[?25h[?2026l[?2026h[?25l[2B[1G[2K[1A[2K[1A[2K[1A[2K[1A[2K[1A[2K[1A[2K[1A[2K[1A[2K[1A[2K[1A[2K[1A[2K[1A[2K[1A[2K[1A[2K[1A[2K[G[2m─── decisions s2 · c~ derived |2p−1| ────────────────────────────────── [d]ecisions [p]lan [t]imeline [s]ynth ─── plan ─[22m
s3 context show:.venv/lib… noul  ▎········· 0.03           │ plan  done 1  remaining 2  unverified 0  problems 2
s3 context show:.venv/lib… noul  ▎········· 0.03           │ [x] Ran tests: 7 passed, 0 failed, 0 errors… s2 done_0 0.93
s3 context show:.venv/lib… noul  ▎········· 0.03           │ [ ] Re-verify test run to confirm stability
s3 context show:.venv/lib… noul  ▎········· 0.03           │ [ ] If confirmed passing, mark task complete
s3 context show:.venv/lib… noul  ▎········· 0.03           │ [!] human s2: Prefer the smallest change and run the tests…
s3 context show:.venv/lib… noul  ▎········· 0.03           │ [!] stale_plan s2: Jev judged the plan stale at step 2 (p=…
s3 context show:.venv/lib… noul  ▎········· 0.03           │
s3 context show:.venv/lib… noul  ▎········· 0.03           │
s3 context show:.venv/lib… noul  ▎········· 0.03           │
s3 context show:.venv/lib… noul  ▎········· 0.03           │
s3 context show:.venv/lib… noul  ▎········· 0.03           │
s3 context show:.venv/lib… noul  ▎········· 0.03           │
[33m> [39m[2mType to steer the next step…   Esc pauses · Esc Esc aborts[22m
⠋ context            step 2/12 0m11s  run $0.02/1.00 ok  sess $0.00/5.00 ok  ⎇ main · 1~ 1091?  jev   ▃▅▃▂▁▅▂▂▂▅  ? help
[2A[3G[?25h[?2026l[?2026h[?25l[2B[1G[2K[1A[2K[1A[2K[1A[2K[1A[2K[1A[2K[1A[2K[1A[2K[1A[2K[1A[2K[1A[2K[1A[2K[1A[2K[1A[2K[1A[2K[1A[2K[G[2m─── decisions s2 · c~ derived |2p−1| ────────────────────────────────── [d]ecisions [p]lan [t]imeline [s]ynth ─── plan ─[22m
s3 context show:.venv/lib… noul  ▎········· 0.03           │ plan  done 1  remaining 2  unverified 0  problems 2
s3 context show:.venv/lib… noul  ▎········· 0.03           │ [x] Ran tests: 7 passed, 0 failed, 0 errors… s2 done_0 0.93
s3 context show:.venv/lib… noul  ▎········· 0.03           │ [ ] Re-verify test run to confirm stability
s3 context show:.venv/lib… noul  ▎········· 0.03           │ [ ] If confirmed passing, mark task complete
s3 context show:.venv/lib… noul  ▎········· 0.03           │ [!] human s2: Prefer the smallest change and run the tests…
s3 context show:.venv/lib… noul  ▎········· 0.03           │ [!] stale_plan s2: Jev judged the plan stale at step 2 (p=…
s3 context show:.venv/lib… noul  ▎········· 0.03           │
s3 context show:.venv/lib… noul  ▎········· 0.03           │
s3 context show:.venv/lib… noul  ▎········· 0.03           │
s3 context show:.venv/lib… noul  ▎········· 0.03           │
s3 context show:.venv/lib… noul  ▎········· 0.03           │
s3 context show:.venv/lib… noul  ▎········· 0.03           │
[33m> [39m[2mType to steer the next step…   Esc pauses · Esc Esc aborts[22m
⠙ context            step 2/12 0m11s  run $0.02/1.00 ok  sess $0.00/5.00 ok  ⎇ main · 1~ 1091?  jev   ▃▅▃▂▁▅▂▂▂▅  ? help
[2A[3G[?25h[?2026l[?2026h[?25l[2B[1G[2K[1A[2K[1A[2K[1A[2K[1A[2K[1A[2K[1A[2K[1A[2K[1A[2K[1A[2K[1A[2K[1A[2K[1A[2K[1A[2K[1A[2K[1A[2K[G[2m─── decisions s2 · c~ derived |2p−1| ────────────────────────────────── [d]ecisions [p]lan [t]imeline [s]ynth ─── plan ─[22m
streaming action… 88 chars
s3 context show:.venv/lib… noul  ▎········· 0.03           │ plan  done 1  remaining 2  unverified 0  problems 2
s3 context show:.venv/lib… noul  ▎········· 0.03           │ [x] Ran tests: 7 passed, 0 failed, 0 errors… s2 done_0 0.93
s3 context show:.venv/lib… noul  ▎········· 0.03           │ [ ] Re-verify test run to confirm stability
s3 context show:.venv/lib… noul  ▎········· 0.03           │ [ ] If confirmed passing, mark task complete
s3 context show:.venv/lib… noul  ▎········· 0.03           │ [!] human s2: Prefer the smallest change and run the tests…
s3 context show:.venv/lib… noul  ▎········· 0.03           │ [!] stale_plan s2: Jev judged the plan stale at step 2 (p=…
s3 context show:.venv/lib… noul  ▎········· 0.03           │
s3 context show:.venv/lib… noul  ▎········· 0.03           │
s3 context show:.venv/lib… noul  ▎········· 0.03           │
s3 context show:.venv/lib… noul  ▎········· 0.03           │
s3 context show:.venv/lib… noul  ▎········· 0.03           │
s3 context show:.venv/lib… noul  ▎········· 0.03           │
[33m> [39m[2mType to steer the next step…   Esc pauses · Esc Esc aborts[22m
⠙ context            step 2/12 0m11s  run $0.02/1.00 ok  sess $0.00/5.00 ok  ⎇ main · 1~ 1091?  jev   ▃▅▃▂▁▅▂▂▂▅  ? help
[2A[3G[?25h[?2026l[?2026h[?25l[2B[1G[2K[1A[2K[1A[2K[1A[2K[1A[2K[1A[2K[1A[2K[1A[2K[1A[2K[1A[2K[1A[2K[1A[2K[1A[2K[1A[2K[1A[2K[1A[2K[1A[2K[G[2m─── decisions s2 · c~ derived |2p−1| ────────────────────────────────── [d]ecisions [p]lan [t]imeline [s]ynth ─── plan ─[22m
streaming action… 88 chars
s3 context show:.venv/lib… noul  ▎········· 0.03           │ plan  done 1  remaining 2  unverified 0  problems 2
s3 context show:.venv/lib… noul  ▎········· 0.03           │ [x] Ran tests: 7 passed, 0 failed, 0 errors… s2 done_0 0.93
s3 context show:.venv/lib… noul  ▎········· 0.03           │ [ ] Re-verify test run to confirm stability
s3 context show:.venv/lib… noul  ▎········· 0.03           │ [ ] If confirmed passing, mark task complete
s3 context show:.venv/lib… noul  ▎········· 0.03           │ [!] human s2: Prefer the smallest change and run the tests…
s3 context show:.venv/lib… noul  ▎········· 0.03           │ [!] stale_plan s2: Jev judged the plan stale at step 2 (p=…
s3 context show:.venv/lib… noul  ▎········· 0.03           │
s3 context show:.venv/lib… noul  ▎········· 0.03           │
s3 context show:.venv/lib… noul  ▎········· 0.03           │
s3 context show:.venv/lib… noul  ▎········· 0.03           │
s3 context show:.venv/lib… noul  ▎········· 0.03           │
s3 context show:.venv/lib… noul  ▎········· 0.03           │
[33m> [39m[2mType to steer the next step…   Esc pauses · Esc Esc aborts[22m
⠹ context            step 2/12 0m11s  run $0.02/1.00 ok  sess $0.00/5.00 ok  ⎇ main · 1~ 1091?  jev   ▃▅▃▂▁▅▂▂▂▅  ? help
[2A[3G[?25h[?2026l[?2026h[?25l[2B[1G[2K[1A[2K[1A[2K[1A[2K[1A[2K[1A[2K[1A[2K[1A[2K[1A[2K[1A[2K[1A[2K[1A[2K[1A[2K[1A[2K[1A[2K[1A[2K[1A[2K[G[2m─── decisions s2 · c~ derived |2p−1| ────────────────────────────────── [d]ecisions [p]lan [t]imeline [s]ynth ─── plan ─[22m
streaming action… 88 chars
s3 context show:.venv/lib… noul  ▎········· 0.03           │ plan  done 1  remaining 2  unverified 0  problems 2
s3 context show:.venv/lib… noul  ▎········· 0.03           │ [x] Ran tests: 7 passed, 0 failed, 0 errors… s2 done_0 0.93
s3 context show:.venv/lib… noul  ▎········· 0.03           │ [ ] Re-verify test run to confirm stability
s3 context show:.venv/lib… noul  ▎········· 0.03           │ [ ] If confirmed passing, mark task complete
s3 context show:.venv/lib… noul  ▎········· 0.03           │ [!] human s2: Prefer the smallest change and run the tests…
s3 context show:.venv/lib… noul  ▎········· 0.03           │ [!] stale_plan s2: Jev judged the plan stale at step 2 (p=…
s3 context show:.venv/lib… noul  ▎········· 0.03           │
s3 context show:.venv/lib… noul  ▎········· 0.03           │
s3 context show:.venv/lib… noul  ▎········· 0.03           │
s3 context show:.venv/lib… noul  ▎········· 0.03           │
s3 context show:.venv/lib… noul  ▎········· 0.03           │
s3 context show:.venv/lib… noul  ▎········· 0.03           │
[33m> [39m[2mType to steer the next step…   Esc pauses · Esc Esc aborts[22m
⠸ context            step 2/12 0m11s  run $0.02/1.00 ok  sess $0.00/5.00 ok  ⎇ main · 1~ 1091?  jev   ▃▅▃▂▁▅▂▂▂▅  ? help
[2A[3G[?25h[?2026l[?2026h[?25l[2B[1G[2K[1A[2K[1A[2K[1A[2K[1A[2K[1A[2K[1A[2K[1A[2K[1A[2K[1A[2K[1A[2K[1A[2K[1A[2K[1A[2K[1A[2K[1A[2K[1A[2K[G[2m─── decisions s2 · c~ derived |2p−1| ────────────────────────────────── [d]ecisions [p]lan [t]imeline [s]ynth ─── plan ─[22m
streaming action… 88 chars
s3 context show:.venv/lib… noul  ▎········· 0.03           │ plan  done 1  remaining 2  unverified 0  problems 2
s3 context show:.venv/lib… noul  ▎········· 0.03           │ [x] Ran tests: 7 passed, 0 failed, 0 errors… s2 done_0 0.93
s3 context show:.venv/lib… noul  ▎········· 0.03           │ [ ] Re-verify test run to confirm stability
s3 context show:.venv/lib… noul  ▎········· 0.03           │ [ ] If confirmed passing, mark task complete
s3 context show:.venv/lib… noul  ▎········· 0.03           │ [!] human s2: Prefer the smallest change and run the tests…
s3 context show:.venv/lib… noul  ▎········· 0.03           │ [!] stale_plan s2: Jev judged the plan stale at step 2 (p=…
s3 context show:.venv/lib… noul  ▎········· 0.03           │
s3 context show:.venv/lib… noul  ▎········· 0.03           │
s3 context show:.venv/lib… noul  ▎········· 0.03           │
s3 context show:.venv/lib… noul  ▎········· 0.03           │
s3 context show:.venv/lib… noul  ▎········· 0.03           │
s3 context show:.venv/lib… noul  ▎········· 0.03           │
[33m> [39m[2mType to steer the next step…   Esc pauses · Esc Esc aborts[22m
⠸ context            step 2/12 0m12s  run $0.02/1.00 ok  sess $0.00/5.00 ok  ⎇ main · 1~ 1091?  jev   ▃▅▃▂▁▅▂▂▂▅  ? help
[2A[3G[?25h[?2026l[?2026h[?25l[2B[1G[2K[1A[2K[1A[2K[1A[2K[1A[2K[1A[2K[1A[2K[1A[2K[1A[2K[1A[2K[1A[2K[1A[2K[1A[2K[1A[2K[1A[2K[1A[2K[1A[2K[G[2m─── decisions s2 · c~ derived |2p−1| ────────────────────────────────── [d]ecisions [p]lan [t]imeline [s]ynth ─── plan ─[22m
streaming action… 183 chars
s3 context show:.venv/lib… noul  ▎········· 0.03           │ plan  done 1  remaining 2  unverified 0  problems 2
s3 context show:.venv/lib… noul  ▎········· 0.03           │ [x] Ran tests: 7 passed, 0 failed, 0 errors… s2 done_0 0.93
s3 context show:.venv/lib… noul  ▎········· 0.03           │ [ ] Re-verify test run to confirm stability
s3 context show:.venv/lib… noul  ▎········· 0.03           │ [ ] If confirmed passing, mark task complete
s3 context show:.venv/lib… noul  ▎········· 0.03           │ [!] human s2: Prefer the smallest change and run the tests…
s3 context show:.venv/lib… noul  ▎········· 0.03           │ [!] stale_plan s2: Jev judged the plan stale at step 2 (p=…
s3 context show:.venv/lib… noul  ▎········· 0.03           │
s3 context show:.venv/lib… noul  ▎········· 0.03           │
s3 context show:.venv/lib… noul  ▎········· 0.03           │
s3 context show:.venv/lib… noul  ▎········· 0.03           │
s3 context show:.venv/lib… noul  ▎········· 0.03           │
s3 context show:.venv/lib… noul  ▎········· 0.03           │
[33m> [39m[2mType to steer the next step…   Esc pauses · Esc Esc aborts[22m
⠸ context            step 2/12 0m12s  run $0.02/1.00 ok  sess $0.00/5.00 ok  ⎇ main · 1~ 1091?  jev   ▃▅▃▂▁▅▂▂▂▅  ? help
[2A[3G[?25h[?2026l[?2026h[?25l[2B[1G[2K[1A[2K[1A[2K[1A[2K[1A[2K[1A[2K[1A[2K[1A[2K[1A[2K[1A[2K[1A[2K[1A[2K[1A[2K[1A[2K[1A[2K[1A[2K[1A[2K[G[2m─── decisions s2 · c~ derived |2p−1| ────────────────────────────────── [d]ecisions [p]lan [t]imeline [s]ynth ─── plan ─[22m
streaming action… 183 chars
s3 context show:.venv/lib… noul  ▎········· 0.03           │ plan  done 1  remaining 2  unverified 0  problems 2
s3 context show:.venv/lib… noul  ▎········· 0.03           │ [x] Ran tests: 7 passed, 0 failed, 0 errors… s2 done_0 0.93
s3 context show:.venv/lib… noul  ▎········· 0.03           │ [ ] Re-verify test run to confirm stability
s3 context show:.venv/lib… noul  ▎········· 0.03           │ [ ] If confirmed passing, mark task complete
s3 context show:.venv/lib… noul  ▎········· 0.03           │ [!] human s2: Prefer the smallest change and run the tests…
s3 context show:.venv/lib… noul  ▎········· 0.03           │ [!] stale_plan s2: Jev judged the plan stale at step 2 (p=…
s3 context show:.venv/lib… noul  ▎········· 0.03           │
s3 context show:.venv/lib… noul  ▎········· 0.03           │
s3 context show:.venv/lib… noul  ▎········· 0.03           │
s3 context show:.venv/lib… noul  ▎········· 0.03           │
s3 context show:.venv/lib… noul  ▎········· 0.03           │
s3 context show:.venv/lib… noul  ▎········· 0.03           │
[33m> [39m[2mType to steer the next step…   Esc pauses · Esc Esc aborts[22m
⠼ context            step 2/12 0m12s  run $0.02/1.00 ok  sess $0.00/5.00 ok  ⎇ main · 1~ 1091?  jev   ▃▅▃▂▁▅▂▂▂▅  ? help
[2A[3G[?25h[?2026l[?2026h[?25l[2B[1G[2K[1A[2K[1A[2K[1A[2K[1A[2K[1A[2K[1A[2K[1A[2K[1A[2K[1A[2K[1A[2K[1A[2K[1A[2K[1A[2K[1A[2K[1A[2K[1A[2K[G[2m─── decisions s2 · c~ derived |2p−1| ────────────────────────────────── [d]ecisions [p]lan [t]imeline [s]ynth ─── plan ─[22m
streaming action… 183 chars
s3 context show:.venv/lib… noul  ▎········· 0.03           │ plan  done 1  remaining 2  unverified 0  problems 2
s3 context show:.venv/lib… noul  ▎········· 0.03           │ [x] Ran tests: 7 passed, 0 failed, 0 errors… s2 done_0 0.93
s3 context show:.venv/lib… noul  ▎········· 0.03           │ [ ] Re-verify test run to confirm stability
s3 context show:.venv/lib… noul  ▎········· 0.03           │ [ ] If confirmed passing, mark task complete
s3 context show:.venv/lib… noul  ▎········· 0.03           │ [!] human s2: Prefer the smallest change and run the tests…
s3 context show:.venv/lib… noul  ▎········· 0.03           │ [!] stale_plan s2: Jev judged the plan stale at step 2 (p=…
s3 context show:.venv/lib… noul  ▎········· 0.03           │
s3 context show:.venv/lib… noul  ▎········· 0.03           │
s3 context show:.venv/lib… noul  ▎········· 0.03           │
s3 context show:.venv/lib… noul  ▎········· 0.03           │
s3 context show:.venv/lib… noul  ▎········· 0.03           │
s3 context show:.venv/lib… noul  ▎········· 0.03           │
[33m> [39m[2mType to steer the next step…   Esc pauses · Esc Esc aborts[22m
⠴ context            step 2/12 0m12s  run $0.02/1.00 ok  sess $0.00/5.00 ok  ⎇ main · 1~ 1091?  jev   ▃▅▃▂▁▅▂▂▂▅  ? help
[2A[3G[?25h[?2026l[?2026h[?25l[2B[1G[2K[1A[2K[1A[2K[1A[2K[1A[2K[1A[2K[1A[2K[1A[2K[1A[2K[1A[2K[1A[2K[1A[2K[1A[2K[1A[2K[1A[2K[1A[2K[1A[2K[G[2m─── decisions s2 · c~ derived |2p−1| ────────────────────────────────── [d]ecisions [p]lan [t]imeline [s]ynth ─── plan ─[22m
streaming action… 213 chars
s3 context show:.venv/lib… noul  ▎········· 0.03           │ plan  done 1  remaining 2  unverified 0  problems 2
s3 context show:.venv/lib… noul  ▎········· 0.03           │ [x] Ran tests: 7 passed, 0 failed, 0 errors… s2 done_0 0.93
s3 context show:.venv/lib… noul  ▎········· 0.03           │ [ ] Re-verify test run to confirm stability
s3 context show:.venv/lib… noul  ▎········· 0.03           │ [ ] If confirmed passing, mark task complete
s3 context show:.venv/lib… noul  ▎········· 0.03           │ [!] human s2: Prefer the smallest change and run the tests…
s3 context show:.venv/lib… noul  ▎········· 0.03           │ [!] stale_plan s2: Jev judged the plan stale at step 2 (p=…
s3 context show:.venv/lib… noul  ▎········· 0.03           │
s3 context show:.venv/lib… noul  ▎········· 0.03           │
s3 context show:.venv/lib… noul  ▎········· 0.03           │
s3 context show:.venv/lib… noul  ▎········· 0.03           │
s3 context show:.venv/lib… noul  ▎········· 0.03           │
s3 context show:.venv/lib… noul  ▎········· 0.03           │
[33m> [39m[2mType to steer the next step…   Esc pauses · Esc Esc aborts[22m
⠴ context            step 2/12 0m12s  run $0.02/1.00 ok  sess $0.00/5.00 ok  ⎇ main · 1~ 1091?  jev   ▃▅▃▂▁▅▂▂▂▅  ? help
[2A[3G[?25h[?2026l[?2026h[?25l[2B[1G[2K[1A[2K[1A[2K[1A[2K[1A[2K[1A[2K[1A[2K[1A[2K[1A[2K[1A[2K[1A[2K[1A[2K[1A[2K[1A[2K[1A[2K[1A[2K[1A[2K[G[2m─── decisions s2 · c~ derived |2p−1| ────────────────────────────────── [d]ecisions [p]lan [t]imeline [s]ynth ─── plan ─[22m
streaming action… 216 chars
s3 context show:.venv/lib… noul  ▎········· 0.03           │ plan  done 1  remaining 2  unverified 0  problems 2
s3 context show:.venv/lib… noul  ▎········· 0.03           │ [x] Ran tests: 7 passed, 0 failed, 0 errors… s2 done_0 0.93
s3 context show:.venv/lib… noul  ▎········· 0.03           │ [ ] Re-verify test run to confirm stability
s3 context show:.venv/lib… noul  ▎········· 0.03           │ [ ] If confirmed passing, mark task complete
s3 context show:.venv/lib… noul  ▎········· 0.03           │ [!] human s2: Prefer the smallest change and run the tests…
s3 context show:.venv/lib… noul  ▎········· 0.03           │ [!] stale_plan s2: Jev judged the plan stale at step 2 (p=…
s3 context show:.venv/lib… noul  ▎········· 0.03           │
s3 context show:.venv/lib… noul  ▎········· 0.03           │
s3 context show:.venv/lib… noul  ▎········· 0.03           │
s3 context show:.venv/lib… noul  ▎········· 0.03           │
s3 context show:.venv/lib… noul  ▎········· 0.03           │
s3 context show:.venv/lib… noul  ▎········· 0.03           │
[33m> [39m[2mType to steer the next step…   Esc pauses · Esc Esc aborts[22m
⠴ context            step 2/12 0m12s  run $0.02/1.00 ok  sess $0.00/5.00 ok  ⎇ main · 1~ 1091?  jev   ▃▅▃▂▁▅▂▂▂▅  ? help
[2A[3G[?25h[?2026l[?2026h[?25l[2B[1G[2K[1A[2K[1A[2K[1A[2K[1A[2K[1A[2K[1A[2K[1A[2K[1A[2K[1A[2K[1A[2K[1A[2K[1A[2K[1A[2K[1A[2K[1A[2K[1A[2K[G[2m─── decisions s2 · c~ derived |2p−1| ────────────────────────────────── [d]ecisions [p]lan [t]imeline [s]ynth ─── plan ─[22m
streaming action… 216 chars
s3 context show:.venv/lib… noul  ▎········· 0.03           │ plan  done 1  remaining 2  unverified 0  problems 2
s3 context show:.venv/lib… noul  ▎········· 0.03           │ [x] Ran tests: 7 passed, 0 failed, 0 errors… s2 done_0 0.93
s3 context show:.venv/lib… noul  ▎········· 0.03           │ [ ] Re-verify test run to confirm stability
s3 context show:.venv/lib… noul  ▎········· 0.03           │ [ ] If confirmed passing, mark task complete
s3 context show:.venv/lib… noul  ▎········· 0.03           │ [!] human s2: Prefer the smallest change and run the tests…
s3 context show:.venv/lib… noul  ▎········· 0.03           │ [!] stale_plan s2: Jev judged the plan stale at step 2 (p=…
s3 context show:.venv/lib… noul  ▎········· 0.03           │
s3 context show:.venv/lib… noul  ▎········· 0.03           │
s3 context show:.venv/lib… noul  ▎········· 0.03           │
s3 context show:.venv/lib… noul  ▎········· 0.03           │
s3 context show:.venv/lib… noul  ▎········· 0.03           │
s3 context show:.venv/lib… noul  ▎········· 0.03           │
[33m> [39m[2mType to steer the next step…   Esc pauses · Esc Esc aborts[22m
⠦ context            step 2/12 0m12s  run $0.02/1.00 ok  sess $0.00/5.00 ok  ⎇ main · 1~ 1091?  jev   ▃▅▃▂▁▅▂▂▂▅  ? help
[2A[3G[?25h[?2026l[?2026h[?25l[2B[1G[2K[1A[2K[1A[2K[1A[2K[1A[2K[1A[2K[1A[2K[1A[2K[1A[2K[1A[2K[1A[2K[1A[2K[1A[2K[1A[2K[1A[2K[1A[2K[1A[2K[G[2m─── decisions s2 · c~ derived |2p−1| ────────────────────────────────── [d]ecisions [p]lan [t]imeline [s]ynth ─── plan ─[22m
streaming action… 231 chars
s3 context show:.venv/lib… noul  ▎········· 0.03           │ plan  done 1  remaining 2  unverified 0  problems 2
s3 context show:.venv/lib… noul  ▎········· 0.03           │ [x] Ran tests: 7 passed, 0 failed, 0 errors… s2 done_0 0.93
s3 context show:.venv/lib… noul  ▎········· 0.03           │ [ ] Re-verify test run to confirm stability
s3 context show:.venv/lib… noul  ▎········· 0.03           │ [ ] If confirmed passing, mark task complete
s3 context show:.venv/lib… noul  ▎········· 0.03           │ [!] human s2: Prefer the smallest change and run the tests…
s3 context show:.venv/lib… noul  ▎········· 0.03           │ [!] stale_plan s2: Jev judged the plan stale at step 2 (p=…
s3 context show:.venv/lib… noul  ▎········· 0.03           │
s3 context show:.venv/lib… noul  ▎········· 0.03           │
s3 context show:.venv/lib… noul  ▎········· 0.03           │
s3 context show:.venv/lib… noul  ▎········· 0.03           │
s3 context show:.venv/lib… noul  ▎········· 0.03           │
s3 context show:.venv/lib… noul  ▎········· 0.03           │
[33m> [39m[2mType to steer the next step…   Esc pauses · Esc Esc aborts[22m
⠦ context            step 2/12 0m12s  run $0.02/1.00 ok  sess $0.00/5.00 ok  ⎇ main · 1~ 1091?  jev   ▃▅▃▂▁▅▂▂▂▅  ? help
[2A[3G[?25h[?2026l[?2026h[?25l[2B[1G[2K[1A[2K[1A[2K[1A[2K[1A[2K[1A[2K[1A[2K[1A[2K[1A[2K[1A[2K[1A[2K[1A[2K[1A[2K[1A[2K[1A[2K[1A[2K[1A[2K[G[2m─── decisions s2 · c~ derived |2p−1| ────────────────────────────────── [d]ecisions [p]lan [t]imeline [s]ynth ─── plan ─[22m
streaming action… 247 chars
s3 context show:.venv/lib… noul  ▎········· 0.03           │ plan  done 1  remaining 2  unverified 0  problems 2
s3 context show:.venv/lib… noul  ▎········· 0.03           │ [x] Ran tests: 7 passed, 0 failed, 0 errors… s2 done_0 0.93
s3 context show:.venv/lib… noul  ▎········· 0.03           │ [ ] Re-verify test run to confirm stability
s3 context show:.venv/lib… noul  ▎········· 0.03           │ [ ] If confirmed passing, mark task complete
s3 context show:.venv/lib… noul  ▎········· 0.03           │ [!] human s2: Prefer the smallest change and run the tests…
s3 context show:.venv/lib… noul  ▎········· 0.03           │ [!] stale_plan s2: Jev judged the plan stale at step 2 (p=…
s3 context show:.venv/lib… noul  ▎········· 0.03           │
s3 context show:.venv/lib… noul  ▎········· 0.03           │
s3 context show:.venv/lib… noul  ▎········· 0.03           │
s3 context show:.venv/lib… noul  ▎········· 0.03           │
s3 context show:.venv/lib… noul  ▎········· 0.03           │
s3 context show:.venv/lib… noul  ▎········· 0.03           │
[33m> [39m[2mType to steer the next step…   Esc pauses · Esc Esc aborts[22m
⠦ context            step 2/12 0m12s  run $0.02/1.00 ok  sess $0.00/5.00 ok  ⎇ main · 1~ 1091?  jev   ▃▅▃▂▁▅▂▂▂▅  ? help
[2A[3G[?25h[?2026l[?2026h[?25l[2B[1G[2K[1A[2K[1A[2K[1A[2K[1A[2K[1A[2K[1A[2K[1A[2K[1A[2K[1A[2K[1A[2K[1A[2K[1A[2K[1A[2K[1A[2K[1A[2K[1A[2K[G[2m─── decisions s2 · c~ derived |2p−1| ────────────────────────────────── [d]ecisions [p]lan [t]imeline [s]ynth ─── plan ─[22m
streaming action… 247 chars
s3 context show:.venv/lib… noul  ▎········· 0.03           │ plan  done 1  remaining 2  unverified 0  problems 2
s3 context show:.venv/lib… noul  ▎········· 0.03           │ [x] Ran tests: 7 passed, 0 failed, 0 errors… s2 done_0 0.93
s3 context show:.venv/lib… noul  ▎········· 0.03           │ [ ] Re-verify test run to confirm stability
s3 context show:.venv/lib… noul  ▎········· 0.03           │ [ ] If confirmed passing, mark task complete
s3 context show:.venv/lib… noul  ▎········· 0.03           │ [!] human s2: Prefer the smallest change and run the tests…
s3 context show:.venv/lib… noul  ▎········· 0.03           │ [!] stale_plan s2: Jev judged the plan stale at step 2 (p=…
s3 context show:.venv/lib… noul  ▎········· 0.03           │
s3 context show:.venv/lib… noul  ▎········· 0.03           │
s3 context show:.venv/lib… noul  ▎········· 0.03           │
s3 context show:.venv/lib… noul  ▎········· 0.03           │
s3 context show:.venv/lib… noul  ▎········· 0.03           │
s3 context show:.venv/lib… noul  ▎········· 0.03           │
[33m> [39m[2mType to steer the next step…   Esc pauses · Esc Esc aborts[22m
⠧ context            step 2/12 0m12s  run $0.02/1.00 ok  sess $0.00/5.00 ok  ⎇ main · 1~ 1091?  jev   ▃▅▃▂▁▅▂▂▂▅  ? help
[2A[3G[?25h[?2026l[?2026h[?25l[2B[1G[2K[1A[2K[1A[2K[1A[2K[1A[2K[1A[2K[1A[2K[1A[2K[1A[2K[1A[2K[1A[2K[1A[2K[1A[2K[1A[2K[1A[2K[1A[2K[1A[2K[G[2m─── decisions s2 · c~ derived |2p−1| ────────────────────────────────── [d]ecisions [p]lan [t]imeline [s]ynth ─── plan ─[22m
streaming action… 249 chars
s3 context show:.venv/lib… noul  ▎········· 0.03           │ plan  done 1  remaining 2  unverified 0  problems 2
s3 context show:.venv/lib… noul  ▎········· 0.03           │ [x] Ran tests: 7 passed, 0 failed, 0 errors… s2 done_0 0.93
s3 context show:.venv/lib… noul  ▎········· 0.03           │ [ ] Re-verify test run to confirm stability
s3 context show:.venv/lib… noul  ▎········· 0.03           │ [ ] If confirmed passing, mark task complete
s3 context show:.venv/lib… noul  ▎········· 0.03           │ [!] human s2: Prefer the smallest change and run the tests…
s3 context show:.venv/lib… noul  ▎········· 0.03           │ [!] stale_plan s2: Jev judged the plan stale at step 2 (p=…
s3 context show:.venv/lib… noul  ▎········· 0.03           │
s3 context show:.venv/lib… noul  ▎········· 0.03           │
s3 context show:.venv/lib… noul  ▎········· 0.03           │
s3 context show:.venv/lib… noul  ▎········· 0.03           │
s3 context show:.venv/lib… noul  ▎········· 0.03           │
s3 context show:.venv/lib… noul  ▎········· 0.03           │
[33m> [39m[2mType to steer the next step…   Esc pauses · Esc Esc aborts[22m
⠧ context            step 2/12 0m12s  run $0.02/1.00 ok  sess $0.00/5.00 ok  ⎇ main · 1~ 1091?  jev   ▃▅▃▂▁▅▂▂▂▅  ? help
[2A[3G[?25h[?2026l[?2026h[?25l[2B[1G[2K[1A[2K[1A[2K[1A[2K[1A[2K[1A[2K[1A[2K[1A[2K[1A[2K[1A[2K[1A[2K[1A[2K[1A[2K[1A[2K[1A[2K[1A[2K[1A[2K[G[2m─── decisions s2 · c~ derived |2p−1| ────────────────────────────────── [d]ecisions [p]lan [t]imeline [s]ynth ─── plan ─[22m
streaming action… 249 chars
s3 context show:.venv/lib… noul  ▎········· 0.03           │ plan  done 1  remaining 2  unverified 0  problems 2
s3 context show:.venv/lib… noul  ▎········· 0.03           │ [x] Ran tests: 7 passed, 0 failed, 0 errors… s2 done_0 0.93
s3 context show:.venv/lib… noul  ▎········· 0.03           │ [ ] Re-verify test run to confirm stability
s3 context show:.venv/lib… noul  ▎········· 0.03           │ [ ] If confirmed passing, mark task complete
s3 context show:.venv/lib… noul  ▎········· 0.03           │ [!] human s2: Prefer the smallest change and run the tests…
s3 context show:.venv/lib… noul  ▎········· 0.03           │ [!] stale_plan s2: Jev judged the plan stale at step 2 (p=…
s3 context show:.venv/lib… noul  ▎········· 0.03           │
s3 context show:.venv/lib… noul  ▎········· 0.03           │
s3 context show:.venv/lib… noul  ▎········· 0.03           │
s3 context show:.venv/lib… noul  ▎········· 0.03           │
s3 context show:.venv/lib… noul  ▎········· 0.03           │
s3 context show:.venv/lib… noul  ▎········· 0.03           │
[33m> [39m[2mType to steer the next step…   Esc pauses · Esc Esc aborts[22m
⠇ context            step 2/12 0m12s  run $0.02/1.00 ok  sess $0.00/5.00 ok  ⎇ main · 1~ 1091?  jev   ▃▅▃▂▁▅▂▂▂▅  ? help
[2A[3G[?25h[?2026l[?2026h[?25l[2B[1G[2K[1A[2K[1A[2K[1A[2K[1A[2K[1A[2K[1A[2K[1A[2K[1A[2K[1A[2K[1A[2K[1A[2K[1A[2K[1A[2K[1A[2K[1A[2K[1A[2K[G[2m─── decisions s2 · c~ derived |2p−1| ────────────────────────────────── [d]ecisions [p]lan [t]imeline [s]ynth ─── plan ─[22m
streaming action… 270 chars
s3 context show:.venv/lib… noul  ▎········· 0.03           │ plan  done 1  remaining 2  unverified 0  problems 2
s3 context show:.venv/lib… noul  ▎········· 0.03           │ [x] Ran tests: 7 passed, 0 failed, 0 errors… s2 done_0 0.93
s3 context show:.venv/lib… noul  ▎········· 0.03           │ [ ] Re-verify test run to confirm stability
s3 context show:.venv/lib… noul  ▎········· 0.03           │ [ ] If confirmed passing, mark task complete
s3 context show:.venv/lib… noul  ▎········· 0.03           │ [!] human s2: Prefer the smallest change and run the tests…
s3 context show:.venv/lib… noul  ▎········· 0.03           │ [!] stale_plan s2: Jev judged the plan stale at step 2 (p=…
s3 context show:.venv/lib… noul  ▎········· 0.03           │
s3 context show:.venv/lib… noul  ▎········· 0.03           │
s3 context show:.venv/lib… noul  ▎········· 0.03           │
s3 context show:.venv/lib… noul  ▎········· 0.03           │
s3 context show:.venv/lib… noul  ▎········· 0.03           │
s3 context show:.venv/lib… noul  ▎········· 0.03           │
[33m> [39m[2mType to steer the next step…   Esc pauses · Esc Esc aborts[22m
⠇ context            step 2/12 0m12s  run $0.02/1.00 ok  sess $0.00/5.00 ok  ⎇ main · 1~ 1091?  jev   ▃▅▃▂▁▅▂▂▂▅  ? help
[2A[3G[?25h[?2026l[?2026h[?25l[2B[1G[2K[1A[2K[1A[2K[1A[2K[1A[2K[1A[2K[1A[2K[1A[2K[1A[2K[1A[2K[1A[2K[1A[2K[1A[2K[1A[2K[1A[2K[1A[2K[1A[2K[G[2m─── decisions s2 · c~ derived |2p−1| ────────────────────────────────── [d]ecisions [p]lan [t]imeline [s]ynth ─── plan ─[22m
streaming action… 287 chars
s3 context show:.venv/lib… noul  ▎········· 0.03           │ plan  done 1  remaining 2  unverified 0  problems 2
s3 context show:.venv/lib… noul  ▎········· 0.03           │ [x] Ran tests: 7 passed, 0 failed, 0 errors… s2 done_0 0.93
s3 context show:.venv/lib… noul  ▎········· 0.03           │ [ ] Re-verify test run to confirm stability
s3 context show:.venv/lib… noul  ▎········· 0.03           │ [ ] If confirmed passing, mark task complete
s3 context show:.venv/lib… noul  ▎········· 0.03           │ [!] human s2: Prefer the smallest change and run the tests…
s3 context show:.venv/lib… noul  ▎········· 0.03           │ [!] stale_plan s2: Jev judged the plan stale at step 2 (p=…
s3 context show:.venv/lib… noul  ▎········· 0.03           │
s3 context show:.venv/lib… noul  ▎········· 0.03           │
s3 context show:.venv/lib… noul  ▎········· 0.03           │
s3 context show:.venv/lib… noul  ▎········· 0.03           │
s3 context show:.venv/lib… noul  ▎········· 0.03           │
s3 context show:.venv/lib… noul  ▎········· 0.03           │
[33m> [39m[2mType to steer the next step…   Esc pauses · Esc Esc aborts[22m
⠇ context            step 2/12 0m12s  run $0.02/1.00 ok  sess $0.00/5.00 ok  ⎇ main · 1~ 1091?  jev   ▃▅▃▂▁▅▂▂▂▅  ? help
[2A[3G[?25h[?2026l[?2026h[?25l[2B[1G[2K[1A[2K[1A[2K[1A[2K[1A[2K[1A[2K[1A[2K[1A[2K[1A[2K[1A[2K[1A[2K[1A[2K[1A[2K[1A[2K[1A[2K[1A[2K[1A[2K[G[2m─── decisions s2 · c~ derived |2p−1| ────────────────────────────────── [d]ecisions [p]lan [t]imeline [s]ynth ─── plan ─[22m
streaming action… 287 chars
s3 context show:.venv/lib… noul  ▎········· 0.03           │ plan  done 1  remaining 2  unverified 0  problems 2
s3 context show:.venv/lib… noul  ▎········· 0.03           │ [x] Ran tests: 7 passed, 0 failed, 0 errors… s2 done_0 0.93
s3 context show:.venv/lib… noul  ▎········· 0.03           │ [ ] Re-verify test run to confirm stability
s3 context show:.venv/lib… noul  ▎········· 0.03           │ [ ] If confirmed passing, mark task complete
s3 context show:.venv/lib… noul  ▎········· 0.03           │ [!] human s2: Prefer the smallest change and run the tests…
s3 context show:.venv/lib… noul  ▎········· 0.03           │ [!] stale_plan s2: Jev judged the plan stale at step 2 (p=…
s3 context show:.venv/lib… noul  ▎········· 0.03           │
s3 context show:.venv/lib… noul  ▎········· 0.03           │
s3 context show:.venv/lib… noul  ▎········· 0.03           │
s3 context show:.venv/lib… noul  ▎········· 0.03           │
s3 context show:.venv/lib… noul  ▎········· 0.03           │
s3 context show:.venv/lib… noul  ▎········· 0.03           │
[33m> [39m[2mType to steer the next step…   Esc pauses · Esc Esc aborts[22m
⠏ context            step 2/12 0m12s  run $0.02/1.00 ok  sess $0.00/5.00 ok  ⎇ main · 1~ 1091?  jev   ▃▅▃▂▁▅▂▂▂▅  ? help
[2A[3G[?25h[?2026l[?2026h[?25l[2B[1G[2K[1A[2K[1A[2K[1A[2K[1A[2K[1A[2K[1A[2K[1A[2K[1A[2K[1A[2K[1A[2K[1A[2K[1A[2K[1A[2K[1A[2K[1A[2K[1A[2K[G[2m─── decisions s2 · c~ derived |2p−1| ────────────────────────────────── [d]ecisions [p]lan [t]imeline [s]ynth ─── plan ─[22m
streaming action… 315 chars
s3 context show:.venv/lib… noul  ▎········· 0.03           │ plan  done 1  remaining 2  unverified 0  problems 2
s3 context show:.venv/lib… noul  ▎········· 0.03           │ [x] Ran tests: 7 passed, 0 failed, 0 errors… s2 done_0 0.93
s3 context show:.venv/lib… noul  ▎········· 0.03           │ [ ] Re-verify test run to confirm stability
s3 context show:.venv/lib… noul  ▎········· 0.03           │ [ ] If confirmed passing, mark task complete
s3 context show:.venv/lib… noul  ▎········· 0.03           │ [!] human s2: Prefer the smallest change and run the tests…
s3 context show:.venv/lib… noul  ▎········· 0.03           │ [!] stale_plan s2: Jev judged the plan stale at step 2 (p=…
s3 context show:.venv/lib… noul  ▎········· 0.03           │
s3 context show:.venv/lib… noul  ▎········· 0.03           │
s3 context show:.venv/lib… noul  ▎········· 0.03           │
s3 context show:.venv/lib… noul  ▎········· 0.03           │
s3 context show:.venv/lib… noul  ▎········· 0.03           │
s3 context show:.venv/lib… noul  ▎········· 0.03           │
[33m> [39m[2mType to steer the next step…   Esc pauses · Esc Esc aborts[22m
⠏ context            step 2/12 0m12s  run $0.02/1.00 ok  sess $0.00/5.00 ok  ⎇ main · 1~ 1091?  jev   ▃▅▃▂▁▅▂▂▂▅  ? help
[2A[3G[?25h[?2026l[?2026h[?25l[2B[1G[2K[1A[2K[1A[2K[1A[2K[1A[2K[1A[2K[1A[2K[1A[2K[1A[2K[1A[2K[1A[2K[1A[2K[1A[2K[1A[2K[1A[2K[1A[2K[1A[2K[G[2m─── decisions s2 · c~ derived |2p−1| ────────────────────────────────── [d]ecisions [p]lan [t]imeline [s]ynth ─── plan ─[22m
streaming action… 315 chars
s3 context show:.venv/lib… noul  ▎········· 0.03           │ plan  done 1  remaining 2  unverified 0  problems 2
s3 context show:.venv/lib… noul  ▎········· 0.03           │ [x] Ran tests: 7 passed, 0 failed, 0 errors… s2 done_0 0.93
s3 context show:.venv/lib… noul  ▎········· 0.03           │ [ ] Re-verify test run to confirm stability
s3 context show:.venv/lib… noul  ▎········· 0.03           │ [ ] If confirmed passing, mark task complete
s3 context show:.venv/lib… noul  ▎········· 0.03           │ [!] human s2: Prefer the smallest change and run the tests…
s3 context show:.venv/lib… noul  ▎········· 0.03           │ [!] stale_plan s2: Jev judged the plan stale at step 2 (p=…
s3 context show:.venv/lib… noul  ▎········· 0.03           │
s3 context show:.venv/lib… noul  ▎········· 0.03           │
s3 context show:.venv/lib… noul  ▎········· 0.03           │
s3 context show:.venv/lib… noul  ▎········· 0.03           │
s3 context show:.venv/lib… noul  ▎········· 0.03           │
s3 context show:.venv/lib… noul  ▎········· 0.03           │
[33m> [39m[2mType to steer the next step…   Esc pauses · Esc Esc aborts[22m
⠋ context            step 2/12 0m12s  run $0.02/1.00 ok  sess $0.00/5.00 ok  ⎇ main · 1~ 1091?  jev   ▃▅▃▂▁▅▂▂▂▅  ? help
[2A[3G[?25h[?2026l[?2026h[?25l[2B[1G[2K[1A[2K[1A[2K[1A[2K[1A[2K[1A[2K[1A[2K[1A[2K[1A[2K[1A[2K[1A[2K[1A[2K[1A[2K[1A[2K[1A[2K[1A[2K[1A[2K[G[2m─── decisions s2 · c~ derived |2p−1| ────────────────────────────────── [d]ecisions [p]lan [t]imeline [s]ynth ─── plan ─[22m
streaming action… 347 chars
s3 context show:.venv/lib… noul  ▎········· 0.03           │ plan  done 1  remaining 2  unverified 0  problems 2
s3 context show:.venv/lib… noul  ▎········· 0.03           │ [x] Ran tests: 7 passed, 0 failed, 0 errors… s2 done_0 0.93
s3 context show:.venv/lib… noul  ▎········· 0.03           │ [ ] Re-verify test run to confirm stability
s3 context show:.venv/lib… noul  ▎········· 0.03           │ [ ] If confirmed passing, mark task complete
s3 context show:.venv/lib… noul  ▎········· 0.03           │ [!] human s2: Prefer the smallest change and run the tests…
s3 context show:.venv/lib… noul  ▎········· 0.03           │ [!] stale_plan s2: Jev judged the plan stale at step 2 (p=…
s3 context show:.venv/lib… noul  ▎········· 0.03           │
s3 context show:.venv/lib… noul  ▎········· 0.03           │
s3 context show:.venv/lib… noul  ▎········· 0.03           │
s3 context show:.venv/lib… noul  ▎········· 0.03           │
s3 context show:.venv/lib… noul  ▎········· 0.03           │
s3 context show:.venv/lib… noul  ▎········· 0.03           │
[33m> [39m[2mType to steer the next step…   Esc pauses · Esc Esc aborts[22m
⠋ context            step 2/12 0m12s  run $0.02/1.00 ok  sess $0.00/5.00 ok  ⎇ main · 1~ 1091?  jev   ▃▅▃▂▁▅▂▂▂▅  ? help
[2A[3G[?25h[?2026l[?2026h[?25l[2B[1G[2K[1A[2K[1A[2K[1A[2K[1A[2K[1A[2K[1A[2K[1A[2K[1A[2K[1A[2K[1A[2K[1A[2K[1A[2K[1A[2K[1A[2K[1A[2K[1A[2K[G[2m─── decisions s2 · c~ derived |2p−1| ────────────────────────────────── [d]ecisions [p]lan [t]imeline [s]ynth ─── plan ─[22m
streaming action… 353 chars
s3 context show:.venv/lib… noul  ▎········· 0.03           │ plan  done 1  remaining 2  unverified 0  problems 2
s3 context show:.venv/lib… noul  ▎········· 0.03           │ [x] Ran tests: 7 passed, 0 failed, 0 errors… s2 done_0 0.93
s3 context show:.venv/lib… noul  ▎········· 0.03           │ [ ] Re-verify test run to confirm stability
s3 context show:.venv/lib… noul  ▎········· 0.03           │ [ ] If confirmed passing, mark task complete
s3 context show:.venv/lib… noul  ▎········· 0.03           │ [!] human s2: Prefer the smallest change and run the tests…
s3 context show:.venv/lib… noul  ▎········· 0.03           │ [!] stale_plan s2: Jev judged the plan stale at step 2 (p=…
s3 context show:.venv/lib… noul  ▎········· 0.03           │
s3 context show:.venv/lib… noul  ▎········· 0.03           │
s3 context show:.venv/lib… noul  ▎········· 0.03           │
s3 context show:.venv/lib… noul  ▎········· 0.03           │
s3 context show:.venv/lib… noul  ▎········· 0.03           │
s3 context show:.venv/lib… noul  ▎········· 0.03           │
[33m> [39m[2mType to steer the next step…   Esc pauses · Esc Esc aborts[22m
⠋ context            step 2/12 0m12s  run $0.02/1.00 ok  sess $0.00/5.00 ok  ⎇ main · 1~ 1091?  jev   ▃▅▃▂▁▅▂▂▂▅  ? help
[2A[3G[?25h[?2026l[?2026h[?25l[2B[1G[2K[1A[2K[1A[2K[1A[2K[1A[2K[1A[2K[1A[2K[1A[2K[1A[2K[1A[2K[1A[2K[1A[2K[1A[2K[1A[2K[1A[2K[1A[2K[1A[2K[G[2m─── decisions s2 · c~ derived |2p−1| ────────────────────────────────── [d]ecisions [p]lan [t]imeline [s]ynth ─── plan ─[22m
streaming action… 353 chars
s3 context show:.venv/lib… noul  ▎········· 0.03           │ plan  done 1  remaining 2  unverified 0  problems 2
s3 context show:.venv/lib… noul  ▎········· 0.03           │ [x] Ran tests: 7 passed, 0 failed, 0 errors… s2 done_0 0.93
s3 context show:.venv/lib… noul  ▎········· 0.03           │ [ ] Re-verify test run to confirm stability
s3 context show:.venv/lib… noul  ▎········· 0.03           │ [ ] If confirmed passing, mark task complete
s3 context show:.venv/lib… noul  ▎········· 0.03           │ [!] human s2: Prefer the smallest change and run the tests…
s3 context show:.venv/lib… noul  ▎········· 0.03           │ [!] stale_plan s2: Jev judged the plan stale at step 2 (p=…
s3 context show:.venv/lib… noul  ▎········· 0.03           │
s3 context show:.venv/lib… noul  ▎········· 0.03           │
s3 context show:.venv/lib… noul  ▎········· 0.03           │
s3 context show:.venv/lib… noul  ▎········· 0.03           │
s3 context show:.venv/lib… noul  ▎········· 0.03           │
s3 context show:.venv/lib… noul  ▎········· 0.03           │
[33m> [39m[2mType to steer the next step…   Esc pauses · Esc Esc aborts[22m
⠙ context            step 2/12 0m12s  run $0.02/1.00 ok  sess $0.00/5.00 ok  ⎇ main · 1~ 1091?  jev   ▃▅▃▂▁▅▂▂▂▅  ? help
[2A[3G[?25h[?2026l[?2026h[?25l[2B[1G[2K[1A[2K[1A[2K[1A[2K[1A[2K[1A[2K[1A[2K[1A[2K[1A[2K[1A[2K[1A[2K[1A[2K[1A[2K[1A[2K[1A[2K[1A[2K[1A[2K[G[2m─── decisions s2 · c~ derived |2p−1| ────────────────────────────────── [d]ecisions [p]lan [t]imeline [s]ynth ─── plan ─[22m
streaming action… 357 chars
s3 context show:.venv/lib… noul  ▎········· 0.03           │ plan  done 1  remaining 2  unverified 0  problems 2
s3 context show:.venv/lib… noul  ▎········· 0.03           │ [x] Ran tests: 7 passed, 0 failed, 0 errors… s2 done_0 0.93
s3 context show:.venv/lib… noul  ▎········· 0.03           │ [ ] Re-verify test run to confirm stability
s3 context show:.venv/lib… noul  ▎········· 0.03           │ [ ] If confirmed passing, mark task complete
s3 context show:.venv/lib… noul  ▎········· 0.03           │ [!] human s2: Prefer the smallest change and run the tests…
s3 context show:.venv/lib… noul  ▎········· 0.03           │ [!] stale_plan s2: Jev judged the plan stale at step 2 (p=…
s3 context show:.venv/lib… noul  ▎········· 0.03           │
s3 context show:.venv/lib… noul  ▎········· 0.03           │
s3 context show:.venv/lib… noul  ▎········· 0.03           │
s3 context show:.venv/lib… noul  ▎········· 0.03           │
s3 context show:.venv/lib… noul  ▎········· 0.03           │
s3 context show:.venv/lib… noul  ▎········· 0.03           │
[33m> [39m[2mType to steer the next step…   Esc pauses · Esc Esc aborts[22m
⠙ context            step 2/12 0m12s  run $0.02/1.00 ok  sess $0.00/5.00 ok  ⎇ main · 1~ 1091?  jev   ▃▅▃▂▁▅▂▂▂▅  ? help
[2A[3G[?25h[?2026l[?2026h[?25l[2B[1G[2K[1A[2K[1A[2K[1A[2K[1A[2K[1A[2K[1A[2K[1A[2K[1A[2K[1A[2K[1A[2K[1A[2K[1A[2K[1A[2K[1A[2K[1A[2K[1A[2K[G[2m─── decisions s2 · c~ derived |2p−1| ────────────────────────────────── [d]ecisions [p]lan [t]imeline [s]ynth ─── plan ─[22m
streaming action… 357 chars
s3 context show:.venv/lib… noul  ▎········· 0.03           │ plan  done 1  remaining 2  unverified 0  problems 2
s3 context show:.venv/lib… noul  ▎········· 0.03           │ [x] Ran tests: 7 passed, 0 failed, 0 errors… s2 done_0 0.93
s3 context show:.venv/lib… noul  ▎········· 0.03           │ [ ] Re-verify test run to confirm stability
s3 context show:.venv/lib… noul  ▎········· 0.03           │ [ ] If confirmed passing, mark task complete
s3 context show:.venv/lib… noul  ▎········· 0.03           │ [!] human s2: Prefer the smallest change and run the tests…
s3 context show:.venv/lib… noul  ▎········· 0.03           │ [!] stale_plan s2: Jev judged the plan stale at step 2 (p=…
s3 context show:.venv/lib… noul  ▎········· 0.03           │
s3 context show:.venv/lib… noul  ▎········· 0.03           │
s3 context show:.venv/lib… noul  ▎········· 0.03           │
s3 context show:.venv/lib… noul  ▎········· 0.03           │
s3 context show:.venv/lib… noul  ▎········· 0.03           │
s3 context show:.venv/lib… noul  ▎········· 0.03           │
[33m> [39m[2mType to steer the next step…   Esc pauses · Esc Esc aborts[22m
⠙ context            step 2/12 0m13s  run $0.02/1.00 ok  sess $0.00/5.00 ok  ⎇ main · 1~ 1091?  jev   ▃▅▃▂▁▅▂▂▂▅  ? help
[2A[3G[?25h[?2026l[?2026h[?25l[2B[1G[2K[1A[2K[1A[2K[1A[2K[1A[2K[1A[2K[1A[2K[1A[2K[1A[2K[1A[2K[1A[2K[1A[2K[1A[2K[1A[2K[1A[2K[1A[2K[1A[2K[G[2m─── decisions s2 · c~ derived |2p−1| ────────────────────────────────── [d]ecisions [p]lan [t]imeline [s]ynth ─── plan ─[22m
streaming action… 357 chars
s3 context show:.venv/lib… noul  ▎········· 0.03           │ plan  done 1  remaining 2  unverified 0  problems 2
s3 context show:.venv/lib… noul  ▎········· 0.03           │ [x] Ran tests: 7 passed, 0 failed, 0 errors… s2 done_0 0.93
s3 context show:.venv/lib… noul  ▎········· 0.03           │ [ ] Re-verify test run to confirm stability
s3 context show:.venv/lib… noul  ▎········· 0.03           │ [ ] If confirmed passing, mark task complete
s3 context show:.venv/lib… noul  ▎········· 0.03           │ [!] human s2: Prefer the smallest change and run the tests…
s3 context show:.venv/lib… noul  ▎········· 0.03           │ [!] stale_plan s2: Jev judged the plan stale at step 2 (p=…
s3 context show:.venv/lib… noul  ▎········· 0.03           │
s3 context show:.venv/lib… noul  ▎········· 0.03           │
s3 context show:.venv/lib… noul  ▎········· 0.03           │
s3 context show:.venv/lib… noul  ▎········· 0.03           │
s3 context show:.venv/lib… noul  ▎········· 0.03           │
s3 context show:.venv/lib… noul  ▎········· 0.03           │
[33m> [39m[2mType to steer the next step…   Esc pauses · Esc Esc aborts[22m
⠹ context            step 2/12 0m13s  run $0.02/1.00 ok  sess $0.00/5.00 ok  ⎇ main · 1~ 1091?  jev   ▃▅▃▂▁▅▂▂▂▅  ? help
[2A[3G[?25h[?2026l[?2026h[?25l[2B[1G[2K[1A[2K[1A[2K[1A[2K[1A[2K[1A[2K[1A[2K[1A[2K[1A[2K[1A[2K[1A[2K[1A[2K[1A[2K[1A[2K[1A[2K[1A[2K[1A[2K[G[2m─── decisions s2 · c~ derived |2p−1| ────────────────────────────────── [d]ecisions [p]lan [t]imeline [s]ynth ─── plan ─[22m
streaming action… 365 chars
s3 context show:.venv/lib… noul  ▎········· 0.03           │ plan  done 1  remaining 2  unverified 0  problems 2
s3 context show:.venv/lib… noul  ▎········· 0.03           │ [x] Ran tests: 7 passed, 0 failed, 0 errors… s2 done_0 0.93
s3 context show:.venv/lib… noul  ▎········· 0.03           │ [ ] Re-verify test run to confirm stability
s3 context show:.venv/lib… noul  ▎········· 0.03           │ [ ] If confirmed passing, mark task complete
s3 context show:.venv/lib… noul  ▎········· 0.03           │ [!] human s2: Prefer the smallest change and run the tests…
s3 context show:.venv/lib… noul  ▎········· 0.03           │ [!] stale_plan s2: Jev judged the plan stale at step 2 (p=…
s3 context show:.venv/lib… noul  ▎········· 0.03           │
s3 context show:.venv/lib… noul  ▎········· 0.03           │
s3 context show:.venv/lib… noul  ▎········· 0.03           │
s3 context show:.venv/lib… noul  ▎········· 0.03           │
s3 context show:.venv/lib… noul  ▎········· 0.03           │
s3 context show:.venv/lib… noul  ▎········· 0.03           │
[33m> [39m[2mType to steer the next step…   Esc pauses · Esc Esc aborts[22m
⠹ context            step 2/12 0m13s  run $0.02/1.00 ok  sess $0.00/5.00 ok  ⎇ main · 1~ 1091?  jev   ▃▅▃▂▁▅▂▂▂▅  ? help
[2A[3G[?25h[?2026l[?2026h[?25l[2B[1G[2K[1A[2K[1A[2K[1A[2K[1A[2K[1A[2K[1A[2K[1A[2K[1A[2K[1A[2K[1A[2K[1A[2K[1A[2K[1A[2K[1A[2K[1A[2K[1A[2K[G[2m─── decisions s2 · c~ derived |2p−1| ────────────────────────────────── [d]ecisions [p]lan [t]imeline [s]ynth ─── plan ─[22m
streaming action… 411 chars
s3 context show:.venv/lib… noul  ▎········· 0.03           │ plan  done 1  remaining 2  unverified 0  problems 2
s3 context show:.venv/lib… noul  ▎········· 0.03           │ [x] Ran tests: 7 passed, 0 failed, 0 errors… s2 done_0 0.93
s3 context show:.venv/lib… noul  ▎········· 0.03           │ [ ] Re-verify test run to confirm stability
s3 context show:.venv/lib… noul  ▎········· 0.03           │ [ ] If confirmed passing, mark task complete
s3 context show:.venv/lib… noul  ▎········· 0.03           │ [!] human s2: Prefer the smallest change and run the tests…
s3 context show:.venv/lib… noul  ▎········· 0.03           │ [!] stale_plan s2: Jev judged the plan stale at step 2 (p=…
s3 context show:.venv/lib… noul  ▎········· 0.03           │
s3 context show:.venv/lib… noul  ▎········· 0.03           │
s3 context show:.venv/lib… noul  ▎········· 0.03           │
s3 context show:.venv/lib… noul  ▎········· 0.03           │
s3 context show:.venv/lib… noul  ▎········· 0.03           │
s3 context show:.venv/lib… noul  ▎········· 0.03           │
[33m> [39m[2mType to steer the next step…   Esc pauses · Esc Esc aborts[22m
⠹ context            step 2/12 0m13s  run $0.02/1.00 ok  sess $0.00/5.00 ok  ⎇ main · 1~ 1091?  jev   ▃▅▃▂▁▅▂▂▂▅  ? help
[2A[3G[?25h[?2026l[?2026h[?25l[2B[1G[2K[1A[2K[1A[2K[1A[2K[1A[2K[1A[2K[1A[2K[1A[2K[1A[2K[1A[2K[1A[2K[1A[2K[1A[2K[1A[2K[1A[2K[1A[2K[1A[2K[G[2m─── decisions s2 · c~ derived |2p−1| ────────────────────────────────── [d]ecisions [p]lan [t]imeline [s]ynth ─── plan ─[22m
streaming action… 411 chars
s3 context show:.venv/lib… noul  ▎········· 0.03           │ plan  done 1  remaining 2  unverified 0  problems 2
s3 context show:.venv/lib… noul  ▎········· 0.03           │ [x] Ran tests: 7 passed, 0 failed, 0 errors… s2 done_0 0.93
s3 context show:.venv/lib… noul  ▎········· 0.03           │ [ ] Re-verify test run to confirm stability
s3 context show:.venv/lib… noul  ▎········· 0.03           │ [ ] If confirmed passing, mark task complete
s3 context show:.venv/lib… noul  ▎········· 0.03           │ [!] human s2: Prefer the smallest change and run the tests…
s3 context show:.venv/lib… noul  ▎········· 0.03           │ [!] stale_plan s2: Jev judged the plan stale at step 2 (p=…
s3 context show:.venv/lib… noul  ▎········· 0.03           │
s3 context show:.venv/lib… noul  ▎········· 0.03           │
s3 context show:.venv/lib… noul  ▎········· 0.03           │
s3 context show:.venv/lib… noul  ▎········· 0.03           │
s3 context show:.venv/lib… noul  ▎········· 0.03           │
s3 context show:.venv/lib… noul  ▎········· 0.03           │
[33m> [39m[2mType to steer the next step…   Esc pauses · Esc Esc aborts[22m
⠸ context            step 2/12 0m13s  run $0.02/1.00 ok  sess $0.00/5.00 ok  ⎇ main · 1~ 1091?  jev   ▃▅▃▂▁▅▂▂▂▅  ? help
[2A[3G[?25h[?2026l[?2026h[?25l[2B[1G[2K[1A[2K[1A[2K[1A[2K[1A[2K[1A[2K[1A[2K[1A[2K[1A[2K[1A[2K[1A[2K[1A[2K[1A[2K[1A[2K[1A[2K[1A[2K[1A[2K[G[2m─── decisions s2 · c~ derived |2p−1| ────────────────────────────────── [d]ecisions [p]lan [t]imeline [s]ynth ─── plan ─[22m
streaming action… 426 chars
s3 context show:.venv/lib… noul  ▎········· 0.03           │ plan  done 1  remaining 2  unverified 0  problems 2
s3 context show:.venv/lib… noul  ▎········· 0.03           │ [x] Ran tests: 7 passed, 0 failed, 0 errors… s2 done_0 0.93
s3 context show:.venv/lib… noul  ▎········· 0.03           │ [ ] Re-verify test run to confirm stability
s3 context show:.venv/lib… noul  ▎········· 0.03           │ [ ] If confirmed passing, mark task complete
s3 context show:.venv/lib… noul  ▎········· 0.03           │ [!] human s2: Prefer the smallest change and run the tests…
s3 context show:.venv/lib… noul  ▎········· 0.03           │ [!] stale_plan s2: Jev judged the plan stale at step 2 (p=…
s3 context show:.venv/lib… noul  ▎········· 0.03           │
s3 context show:.venv/lib… noul  ▎········· 0.03           │
s3 context show:.venv/lib… noul  ▎········· 0.03           │
s3 context show:.venv/lib… noul  ▎········· 0.03           │
s3 context show:.venv/lib… noul  ▎········· 0.03           │
s3 context show:.venv/lib… noul  ▎········· 0.03           │
[33m> [39m[2mType to steer the next step…   Esc pauses · Esc Esc aborts[22m
⠸ context            step 2/12 0m13s  run $0.02/1.00 ok  sess $0.00/5.00 ok  ⎇ main · 1~ 1091?  jev   ▃▅▃▂▁▅▂▂▂▅  ? help
[2A[3G[?25h[?2026l[?2026h[?25l[2B[1G[2K[1A[2K[1A[2K[1A[2K[1A[2K[1A[2K[1A[2K[1A[2K[1A[2K[1A[2K[1A[2K[1A[2K[1A[2K[1A[2K[1A[2K[1A[2K[1A[2K[G[2m─── decisions s2 · c~ derived |2p−1| ────────────────────────────────── [d]ecisions [p]lan [t]imeline [s]ynth ─── plan ─[22m
streaming action… 455 chars
s3 context show:.venv/lib… noul  ▎········· 0.03           │ plan  done 1  remaining 2  unverified 0  problems 2
s3 context show:.venv/lib… noul  ▎········· 0.03           │ [x] Ran tests: 7 passed, 0 failed, 0 errors… s2 done_0 0.93
s3 context show:.venv/lib… noul  ▎········· 0.03           │ [ ] Re-verify test run to confirm stability
s3 context show:.venv/lib… noul  ▎········· 0.03           │ [ ] If confirmed passing, mark task complete
s3 context show:.venv/lib… noul  ▎········· 0.03           │ [!] human s2: Prefer the smallest change and run the tests…
s3 context show:.venv/lib… noul  ▎········· 0.03           │ [!] stale_plan s2: Jev judged the plan stale at step 2 (p=…
s3 context show:.venv/lib… noul  ▎········· 0.03           │
s3 context show:.venv/lib… noul  ▎········· 0.03           │
s3 context show:.venv/lib… noul  ▎········· 0.03           │
s3 context show:.venv/lib… noul  ▎········· 0.03           │
s3 context show:.venv/lib… noul  ▎········· 0.03           │
s3 context show:.venv/lib… noul  ▎········· 0.03           │
[33m> [39m[2mType to steer the next step…   Esc pauses · Esc Esc aborts[22m
⠸ context            step 2/12 0m13s  run $0.02/1.00 ok  sess $0.00/5.00 ok  ⎇ main · 1~ 1091?  jev   ▃▅▃▂▁▅▂▂▂▅  ? help
[2A[3G[?25h[?2026l[?2026h[?25l[2B[1G[2K[1A[2K[1A[2K[1A[2K[1A[2K[1A[2K[1A[2K[1A[2K[1A[2K[1A[2K[1A[2K[1A[2K[1A[2K[1A[2K[1A[2K[1A[2K[1A[2K[G[2m─── decisions s2 · c~ derived |2p−1| ────────────────────────────────── [d]ecisions [p]lan [t]imeline [s]ynth ─── plan ─[22m
streaming action… 455 chars
s3 context show:.venv/lib… noul  ▎········· 0.03           │ plan  done 1  remaining 2  unverified 0  problems 2
s3 context show:.venv/lib… noul  ▎········· 0.03           │ [x] Ran tests: 7 passed, 0 failed, 0 errors… s2 done_0 0.93
s3 context show:.venv/lib… noul  ▎········· 0.03           │ [ ] Re-verify test run to confirm stability
s3 context show:.venv/lib… noul  ▎········· 0.03           │ [ ] If confirmed passing, mark task complete
s3 context show:.venv/lib… noul  ▎········· 0.03           │ [!] human s2: Prefer the smallest change and run the tests…
s3 context show:.venv/lib… noul  ▎········· 0.03           │ [!] stale_plan s2: Jev judged the plan stale at step 2 (p=…
s3 context show:.venv/lib… noul  ▎········· 0.03           │
s3 context show:.venv/lib… noul  ▎········· 0.03           │
s3 context show:.venv/lib… noul  ▎········· 0.03           │
s3 context show:.venv/lib… noul  ▎········· 0.03           │
s3 context show:.venv/lib… noul  ▎········· 0.03           │
s3 context show:.venv/lib… noul  ▎········· 0.03           │
[33m> [39m[2mType to steer the next step…   Esc pauses · Esc Esc aborts[22m
⠼ context            step 2/12 0m13s  run $0.02/1.00 ok  sess $0.00/5.00 ok  ⎇ main · 1~ 1091?  jev   ▃▅▃▂▁▅▂▂▂▅  ? help
[2A[3G[?25h[?2026l[?2026h[?25l[2B[1G[2K[1A[2K[1A[2K[1A[2K[1A[2K[1A[2K[1A[2K[1A[2K[1A[2K[1A[2K[1A[2K[1A[2K[1A[2K[1A[2K[1A[2K[1A[2K[1A[2K[G[2m─── decisions s2 · c~ derived |2p−1| ────────────────────────────────── [d]ecisions [p]lan [t]imeline [s]ynth ─── plan ─[22m
streaming action… 501 chars
s3 context show:.venv/lib… noul  ▎········· 0.03           │ plan  done 1  remaining 2  unverified 0  problems 2
s3 context show:.venv/lib… noul  ▎········· 0.03           │ [x] Ran tests: 7 passed, 0 failed, 0 errors… s2 done_0 0.93
s3 context show:.venv/lib… noul  ▎········· 0.03           │ [ ] Re-verify test run to confirm stability
s3 context show:.venv/lib… noul  ▎········· 0.03           │ [ ] If confirmed passing, mark task complete
s3 context show:.venv/lib… noul  ▎········· 0.03           │ [!] human s2: Prefer the smallest change and run the tests…
s3 context show:.venv/lib… noul  ▎········· 0.03           │ [!] stale_plan s2: Jev judged the plan stale at step 2 (p=…
s3 context show:.venv/lib… noul  ▎········· 0.03           │
s3 context show:.venv/lib… noul  ▎········· 0.03           │
s3 context show:.venv/lib… noul  ▎········· 0.03           │
s3 context show:.venv/lib… noul  ▎········· 0.03           │
s3 context show:.venv/lib… noul  ▎········· 0.03           │
s3 context show:.venv/lib… noul  ▎········· 0.03           │
[33m> [39m[2mType to steer the next step…   Esc pauses · Esc Esc aborts[22m
⠼ context            step 2/12 0m13s  run $0.02/1.00 ok  sess $0.00/5.00 ok  ⎇ main · 1~ 1091?  jev   ▃▅▃▂▁▅▂▂▂▅  ? help
[2A[3G[?25h[?2026l[?2026h[?25l[2B[1G[2K[1A[2K[1A[2K[1A[2K[1A[2K[1A[2K[1A[2K[1A[2K[1A[2K[1A[2K[1A[2K[1A[2K[1A[2K[1A[2K[1A[2K[1A[2K[1A[2K[G[2m─── decisions s2 · c~ derived |2p−1| ────────────────────────────────── [d]ecisions [p]lan [t]imeline [s]ynth ─── plan ─[22m
streaming action… 501 chars
s3 context show:.venv/lib… noul  ▎········· 0.03           │ plan  done 1  remaining 2  unverified 0  problems 2
s3 context show:.venv/lib… noul  ▎········· 0.03           │ [x] Ran tests: 7 passed, 0 failed, 0 errors… s2 done_0 0.93
s3 context show:.venv/lib… noul  ▎········· 0.03           │ [ ] Re-verify test run to confirm stability
s3 context show:.venv/lib… noul  ▎········· 0.03           │ [ ] If confirmed passing, mark task complete
s3 context show:.venv/lib… noul  ▎········· 0.03           │ [!] human s2: Prefer the smallest change and run the tests…
s3 context show:.venv/lib… noul  ▎········· 0.03           │ [!] stale_plan s2: Jev judged the plan stale at step 2 (p=…
s3 context show:.venv/lib… noul  ▎········· 0.03           │
s3 context show:.venv/lib… noul  ▎········· 0.03           │
s3 context show:.venv/lib… noul  ▎········· 0.03           │
s3 context show:.venv/lib… noul  ▎········· 0.03           │
s3 context show:.venv/lib… noul  ▎········· 0.03           │
s3 context show:.venv/lib… noul  ▎········· 0.03           │
[33m> [39m[2mType to steer the next step…   Esc pauses · Esc Esc aborts[22m
⠴ context            step 2/12 0m13s  run $0.02/1.00 ok  sess $0.00/5.00 ok  ⎇ main · 1~ 1091?  jev   ▃▅▃▂▁▅▂▂▂▅  ? help
[2A[3G[?25h[?2026l[?2026h[?25l[2B[1G[2K[1A[2K[1A[2K[1A[2K[1A[2K[1A[2K[1A[2K[1A[2K[1A[2K[1A[2K[1A[2K[1A[2K[1A[2K[1A[2K[1A[2K[1A[2K[1A[2K[G[2m─── decisions s2 · c~ derived |2p−1| ────────────────────────────────── [d]ecisions [p]lan [t]imeline [s]ynth ─── plan ─[22m
streaming action… 535 chars
s3 context show:.venv/lib… noul  ▎········· 0.03           │ plan  done 1  remaining 2  unverified 0  problems 2
s3 context show:.venv/lib… noul  ▎········· 0.03           │ [x] Ran tests: 7 passed, 0 failed, 0 errors… s2 done_0 0.93
s3 context show:.venv/lib… noul  ▎········· 0.03           │ [ ] Re-verify test run to confirm stability
s3 context show:.venv/lib… noul  ▎········· 0.03           │ [ ] If confirmed passing, mark task complete
s3 context show:.venv/lib… noul  ▎········· 0.03           │ [!] human s2: Prefer the smallest change and run the tests…
s3 context show:.venv/lib… noul  ▎········· 0.03           │ [!] stale_plan s2: Jev judged the plan stale at step 2 (p=…
s3 context show:.venv/lib… noul  ▎········· 0.03           │
s3 context show:.venv/lib… noul  ▎········· 0.03           │
s3 context show:.venv/lib… noul  ▎········· 0.03           │
s3 context show:.venv/lib… noul  ▎········· 0.03           │
s3 context show:.venv/lib… noul  ▎········· 0.03           │
s3 context show:.venv/lib… noul  ▎········· 0.03           │
[33m> [39m[2mType to steer the next step…   Esc pauses · Esc Esc aborts[22m
⠴ context            step 2/12 0m13s  run $0.02/1.00 ok  sess $0.00/5.00 ok  ⎇ main · 1~ 1091?  jev   ▃▅▃▂▁▅▂▂▂▅  ? help
[2A[3G[?25h[?2026l[?2026h[?25l[2B[1G[2K[1A[2K[1A[2K[1A[2K[1A[2K[1A[2K[1A[2K[1A[2K[1A[2K[1A[2K[1A[2K[1A[2K[1A[2K[1A[2K[1A[2K[1A[2K[1A[2K[G[2m─── decisions s2 · c~ derived |2p−1| ────────────────────────────────── [d]ecisions [p]lan [t]imeline [s]ynth ─── plan ─[22m
streaming action… 555 chars
s3 context show:.venv/lib… noul  ▎········· 0.03           │ plan  done 1  remaining 2  unverified 0  problems 2
s3 context show:.venv/lib… noul  ▎········· 0.03           │ [x] Ran tests: 7 passed, 0 failed, 0 errors… s2 done_0 0.93
s3 context show:.venv/lib… noul  ▎········· 0.03           │ [ ] Re-verify test run to confirm stability
s3 context show:.venv/lib… noul  ▎········· 0.03           │ [ ] If confirmed passing, mark task complete
s3 context show:.venv/lib… noul  ▎········· 0.03           │ [!] human s2: Prefer the smallest change and run the tests…
s3 context show:.venv/lib… noul  ▎········· 0.03           │ [!] stale_plan s2: Jev judged the plan stale at step 2 (p=…
s3 context show:.venv/lib… noul  ▎········· 0.03           │
s3 context show:.venv/lib… noul  ▎········· 0.03           │
s3 context show:.venv/lib… noul  ▎········· 0.03           │
s3 context show:.venv/lib… noul  ▎········· 0.03           │
s3 context show:.venv/lib… noul  ▎········· 0.03           │
s3 context show:.venv/lib… noul  ▎········· 0.03           │
[33m> [39m[2mType to steer the next step…   Esc pauses · Esc Esc aborts[22m
⠴ context            step 2/12 0m13s  run $0.02/1.00 ok  sess $0.00/5.00 ok  ⎇ main · 1~ 1091?  jev   ▃▅▃▂▁▅▂▂▂▅  ? help
[2A[3G[?25h[?2026l[?2026h[?25l[2B[1G[2K[1A[2K[1A[2K[1A[2K[1A[2K[1A[2K[1A[2K[1A[2K[1A[2K[1A[2K[1A[2K[1A[2K[1A[2K[1A[2K[1A[2K[1A[2K[1A[2K[G[2m─── decisions s2 · c~ derived |2p−1| ────────────────────────────────── [d]ecisions [p]lan [t]imeline [s]ynth ─── plan ─[22m
streaming action… 555 chars
s3 context show:.venv/lib… noul  ▎········· 0.03           │ plan  done 1  remaining 2  unverified 0  problems 2
s3 context show:.venv/lib… noul  ▎········· 0.03           │ [x] Ran tests: 7 passed, 0 failed, 0 errors… s2 done_0 0.93
s3 context show:.venv/lib… noul  ▎········· 0.03           │ [ ] Re-verify test run to confirm stability
s3 context show:.venv/lib… noul  ▎········· 0.03           │ [ ] If confirmed passing, mark task complete
s3 context show:.venv/lib… noul  ▎········· 0.03           │ [!] human s2: Prefer the smallest change and run the tests…
s3 context show:.venv/lib… noul  ▎········· 0.03           │ [!] stale_plan s2: Jev judged the plan stale at step 2 (p=…
s3 context show:.venv/lib… noul  ▎········· 0.03           │
s3 context show:.venv/lib… noul  ▎········· 0.03           │
s3 context show:.venv/lib… noul  ▎········· 0.03           │
s3 context show:.venv/lib… noul  ▎········· 0.03           │
s3 context show:.venv/lib… noul  ▎········· 0.03           │
s3 context show:.venv/lib… noul  ▎········· 0.03           │
[33m> [39m[2mType to steer the next step…   Esc pauses · Esc Esc aborts[22m
⠦ context            step 2/12 0m13s  run $0.02/1.00 ok  sess $0.00/5.00 ok  ⎇ main · 1~ 1091?  jev   ▃▅▃▂▁▅▂▂▂▅  ? help
[2A[3G[?25h[?2026l[?2026h[?25l[2B[1G[2K[1A[2K[1A[2K[1A[2K[1A[2K[1A[2K[1A[2K[1A[2K[1A[2K[1A[2K[1A[2K[1A[2K[1A[2K[1A[2K[1A[2K[1A[2K[1A[2K[G[2m─── decisions s2 · c~ derived |2p−1| ────────────────────────────────── [d]ecisions [p]lan [t]imeline [s]ynth ─── plan ─[22m
streaming action… 558 chars
s3 context show:.venv/lib… noul  ▎········· 0.03           │ plan  done 1  remaining 2  unverified 0  problems 2
s3 context show:.venv/lib… noul  ▎········· 0.03           │ [x] Ran tests: 7 passed, 0 failed, 0 errors… s2 done_0 0.93
s3 context show:.venv/lib… noul  ▎········· 0.03           │ [ ] Re-verify test run to confirm stability
s3 context show:.venv/lib… noul  ▎········· 0.03           │ [ ] If confirmed passing, mark task complete
s3 context show:.venv/lib… noul  ▎········· 0.03           │ [!] human s2: Prefer the smallest change and run the tests…
s3 context show:.venv/lib… noul  ▎········· 0.03           │ [!] stale_plan s2: Jev judged the plan stale at step 2 (p=…
s3 context show:.venv/lib… noul  ▎········· 0.03           │
s3 context show:.venv/lib… noul  ▎········· 0.03           │
s3 context show:.venv/lib… noul  ▎········· 0.03           │
s3 context show:.venv/lib… noul  ▎········· 0.03           │
s3 context show:.venv/lib… noul  ▎········· 0.03           │
s3 context show:.venv/lib… noul  ▎········· 0.03           │
[33m> [39m[2mType to steer the next step…   Esc pauses · Esc Esc aborts[22m
⠦ context            step 2/12 0m13s  run $0.02/1.00 ok  sess $0.00/5.00 ok  ⎇ main · 1~ 1091?  jev   ▃▅▃▂▁▅▂▂▂▅  ? help
[2A[3G[?25h[?2026l[?2026h[?25l[2B[1G[2K[1A[2K[1A[2K[1A[2K[1A[2K[1A[2K[1A[2K[1A[2K[1A[2K[1A[2K[1A[2K[1A[2K[1A[2K[1A[2K[1A[2K[1A[2K[1A[2K[G[2m─── decisions s2 · c~ derived |2p−1| ────────────────────────────────── [d]ecisions [p]lan [t]imeline [s]ynth ─── plan ─[22m
streaming action… 558 chars
s3 context show:.venv/lib… noul  ▎········· 0.03           │ plan  done 1  remaining 2  unverified 0  problems 2
s3 context show:.venv/lib… noul  ▎········· 0.03           │ [x] Ran tests: 7 passed, 0 failed, 0 errors… s2 done_0 0.93
s3 context show:.venv/lib… noul  ▎········· 0.03           │ [ ] Re-verify test run to confirm stability
s3 context show:.venv/lib… noul  ▎········· 0.03           │ [ ] If confirmed passing, mark task complete
s3 context show:.venv/lib… noul  ▎········· 0.03           │ [!] human s2: Prefer the smallest change and run the tests…
s3 context show:.venv/lib… noul  ▎········· 0.03           │ [!] stale_plan s2: Jev judged the plan stale at step 2 (p=…
s3 context show:.venv/lib… noul  ▎········· 0.03           │
s3 context show:.venv/lib… noul  ▎········· 0.03           │
s3 context show:.venv/lib… noul  ▎········· 0.03           │
s3 context show:.venv/lib… noul  ▎········· 0.03           │
s3 context show:.venv/lib… noul  ▎········· 0.03           │
s3 context show:.venv/lib… noul  ▎········· 0.03           │
[33m> [39m[2mType to steer the next step…   Esc pauses · Esc Esc aborts[22m
⠧ context            step 2/12 0m13s  run $0.02/1.00 ok  sess $0.00/5.00 ok  ⎇ main · 1~ 1091?  jev   ▃▅▃▂▁▅▂▂▂▅  ? help
[2A[3G[?25h[?2026l[?2026h[?25l[2B[1G[2K[1A[2K[1A[2K[1A[2K[1A[2K[1A[2K[1A[2K[1A[2K[1A[2K[1A[2K[1A[2K[1A[2K[1A[2K[1A[2K[1A[2K[1A[2K[1A[2K[G[2m─── decisions s2 · c~ derived |2p−1| ────────────────────────────────── [d]ecisions [p]lan [t]imeline [s]ynth ─── plan ─[22m
streaming action… 584 chars
s3 context show:.venv/lib… noul  ▎········· 0.03           │ plan  done 1  remaining 2  unverified 0  problems 2
s3 context show:.venv/lib… noul  ▎········· 0.03           │ [x] Ran tests: 7 passed, 0 failed, 0 errors… s2 done_0 0.93
s3 context show:.venv/lib… noul  ▎········· 0.03           │ [ ] Re-verify test run to confirm stability
s3 context show:.venv/lib… noul  ▎········· 0.03           │ [ ] If confirmed passing, mark task complete
s3 context show:.venv/lib… noul  ▎········· 0.03           │ [!] human s2: Prefer the smallest change and run the tests…
s3 context show:.venv/lib… noul  ▎········· 0.03           │ [!] stale_plan s2: Jev judged the plan stale at step 2 (p=…
s3 context show:.venv/lib… noul  ▎········· 0.03           │
s3 context show:.venv/lib… noul  ▎········· 0.03           │
s3 context show:.venv/lib… noul  ▎········· 0.03           │
s3 context show:.venv/lib… noul  ▎········· 0.03           │
s3 context show:.venv/lib… noul  ▎········· 0.03           │
s3 context show:.venv/lib… noul  ▎········· 0.03           │
[33m> [39m[2mType to steer the next step…   Esc pauses · Esc Esc aborts[22m
⠧ context            step 2/12 0m13s  run $0.02/1.00 ok  sess $0.00/5.00 ok  ⎇ main · 1~ 1091?  jev   ▃▅▃▂▁▅▂▂▂▅  ? help
[2A[3G[?25h[?2026l[?2026h[?25l[2B[1G[2K[1A[2K[1A[2K[1A[2K[1A[2K[1A[2K[1A[2K[1A[2K[1A[2K[1A[2K[1A[2K[1A[2K[1A[2K[1A[2K[1A[2K[1A[2K[1A[2K[G[2m─── decisions s2 · c~ derived |2p−1| ────────────────────────────────── [d]ecisions [p]lan [t]imeline [s]ynth ─── plan ─[22m
streaming action… 615 chars
s3 context show:.venv/lib… noul  ▎········· 0.03           │ plan  done 1  remaining 2  unverified 0  problems 2
s3 context show:.venv/lib… noul  ▎········· 0.03           │ [x] Ran tests: 7 passed, 0 failed, 0 errors… s2 done_0 0.93
s3 context show:.venv/lib… noul  ▎········· 0.03           │ [ ] Re-verify test run to confirm stability
s3 context show:.venv/lib… noul  ▎········· 0.03           │ [ ] If confirmed passing, mark task complete
s3 context show:.venv/lib… noul  ▎········· 0.03           │ [!] human s2: Prefer the smallest change and run the tests…
s3 context show:.venv/lib… noul  ▎········· 0.03           │ [!] stale_plan s2: Jev judged the plan stale at step 2 (p=…
s3 context show:.venv/lib… noul  ▎········· 0.03           │
s3 context show:.venv/lib… noul  ▎········· 0.03           │
s3 context show:.venv/lib… noul  ▎········· 0.03           │
s3 context show:.venv/lib… noul  ▎········· 0.03           │
s3 context show:.venv/lib… noul  ▎········· 0.03           │
s3 context show:.venv/lib… noul  ▎········· 0.03           │
[33m> [39m[2mType to steer the next step…   Esc pauses · Esc Esc aborts[22m
⠧ context            step 2/12 0m13s  run $0.02/1.00 ok  sess $0.00/5.00 ok  ⎇ main · 1~ 1091?  jev   ▃▅▃▂▁▅▂▂▂▅  ? help
[2A[3G[?25h[?2026l[?2026h[?25l[2B[1G[2K[1A[2K[1A[2K[1A[2K[1A[2K[1A[2K[1A[2K[1A[2K[1A[2K[1A[2K[1A[2K[1A[2K[1A[2K[1A[2K[1A[2K[1A[2K[1A[2K[G[2m─── decisions s2 · c~ derived |2p−1| ────────────────────────────────── [d]ecisions [p]lan [t]imeline [s]ynth ─── plan ─[22m
streaming action… 615 chars
s3 context show:.venv/lib… noul  ▎········· 0.03           │ plan  done 1  remaining 2  unverified 0  problems 2
s3 context show:.venv/lib… noul  ▎········· 0.03           │ [x] Ran tests: 7 passed, 0 failed, 0 errors… s2 done_0 0.93
s3 context show:.venv/lib… noul  ▎········· 0.03           │ [ ] Re-verify test run to confirm stability
s3 context show:.venv/lib… noul  ▎········· 0.03           │ [ ] If confirmed passing, mark task complete
s3 context show:.venv/lib… noul  ▎········· 0.03           │ [!] human s2: Prefer the smallest change and run the tests…
s3 context show:.venv/lib… noul  ▎········· 0.03           │ [!] stale_plan s2: Jev judged the plan stale at step 2 (p=…
s3 context show:.venv/lib… noul  ▎········· 0.03           │
s3 context show:.venv/lib… noul  ▎········· 0.03           │
s3 context show:.venv/lib… noul  ▎········· 0.03           │
s3 context show:.venv/lib… noul  ▎········· 0.03           │
s3 context show:.venv/lib… noul  ▎········· 0.03           │
s3 context show:.venv/lib… noul  ▎········· 0.03           │
[33m> [39m[2mType to steer the next step…   Esc pauses · Esc Esc aborts[22m
⠇ context            step 2/12 0m13s  run $0.02/1.00 ok  sess $0.00/5.00 ok  ⎇ main · 1~ 1091?  jev   ▃▅▃▂▁▅▂▂▂▅  ? help
[2A[3G[?25h[?2026l[?2026h[?25l[2B[1G[2K[1A[2K[1A[2K[1A[2K[1A[2K[1A[2K[1A[2K[1A[2K[1A[2K[1A[2K[1A[2K[1A[2K[1A[2K[1A[2K[1A[2K[1A[2K[1A[2K[G[2m─── decisions s2 · c~ derived |2p−1| ────────────────────────────────── [d]ecisions [p]lan [t]imeline [s]ynth ─── plan ─[22m
streaming action… 616 chars
s3 context show:.venv/lib… noul  ▎········· 0.03           │ plan  done 1  remaining 2  unverified 0  problems 2
s3 context show:.venv/lib… noul  ▎········· 0.03           │ [x] Ran tests: 7 passed, 0 failed, 0 errors… s2 done_0 0.93
s3 context show:.venv/lib… noul  ▎········· 0.03           │ [ ] Re-verify test run to confirm stability
s3 context show:.venv/lib… noul  ▎········· 0.03           │ [ ] If confirmed passing, mark task complete
s3 context show:.venv/lib… noul  ▎········· 0.03           │ [!] human s2: Prefer the smallest change and run the tests…
s3 context show:.venv/lib… noul  ▎········· 0.03           │ [!] stale_plan s2: Jev judged the plan stale at step 2 (p=…
s3 context show:.venv/lib… noul  ▎········· 0.03           │
s3 context show:.venv/lib… noul  ▎········· 0.03           │
s3 context show:.venv/lib… noul  ▎········· 0.03           │
s3 context show:.venv/lib… noul  ▎········· 0.03           │
s3 context show:.venv/lib… noul  ▎········· 0.03           │
s3 context show:.venv/lib… noul  ▎········· 0.03           │
[33m> [39m[2mType to steer the next step…   Esc pauses · Esc Esc aborts[22m
⠇ context            step 2/12 0m13s  run $0.02/1.00 ok  sess $0.00/5.00 ok  ⎇ main · 1~ 1091?  jev   ▃▅▃▂▁▅▂▂▂▅  ? help
[2A[3G[?25h[?2026l[?2026h[?25l[2B[1G[2K[1A[2K[1A[2K[1A[2K[1A[2K[1A[2K[1A[2K[1A[2K[1A[2K[1A[2K[1A[2K[1A[2K[1A[2K[1A[2K[1A[2K[1A[2K[1A[2K[G[2m─── decisions s2 · c~ derived |2p−1| ────────────────────────────────── [d]ecisions [p]lan [t]imeline [s]ynth ─── plan ─[22m
streaming action… 617 chars
s3 context show:.venv/lib… noul  ▎········· 0.03           │ plan  done 1  remaining 2  unverified 0  problems 2
s3 context show:.venv/lib… noul  ▎········· 0.03           │ [x] Ran tests: 7 passed, 0 failed, 0 errors… s2 done_0 0.93
s3 context show:.venv/lib… noul  ▎········· 0.03           │ [ ] Re-verify test run to confirm stability
s3 context show:.venv/lib… noul  ▎········· 0.03           │ [ ] If confirmed passing, mark task complete
s3 context show:.venv/lib… noul  ▎········· 0.03           │ [!] human s2: Prefer the smallest change and run the tests…
s3 context show:.venv/lib… noul  ▎········· 0.03           │ [!] stale_plan s2: Jev judged the plan stale at step 2 (p=…
s3 context show:.venv/lib… noul  ▎········· 0.03           │
s3 context show:.venv/lib… noul  ▎········· 0.03           │
s3 context show:.venv/lib… noul  ▎········· 0.03           │
s3 context show:.venv/lib… noul  ▎········· 0.03           │
s3 context show:.venv/lib… noul  ▎········· 0.03           │
s3 context show:.venv/lib… noul  ▎········· 0.03           │
[33m> [39m[2mType to steer the next step…   Esc pauses · Esc Esc aborts[22m
⠇ context            step 2/12 0m13s  run $0.02/1.00 ok  sess $0.00/5.00 ok  ⎇ main · 1~ 1091?  jev   ▃▅▃▂▁▅▂▂▂▅  ? help
[2A[3G[?25h[?2026l[?2026h[?25l[2B[1G[2K[1A[2K[1A[2K[1A[2K[1A[2K[1A[2K[1A[2K[1A[2K[1A[2K[1A[2K[1A[2K[1A[2K[1A[2K[1A[2K[1A[2K[1A[2K[1A[2K[G[2m─── decisions s2 · c~ derived |2p−1| ────────────────────────────────── [d]ecisions [p]lan [t]imeline [s]ynth ─── plan ─[22m
streaming action… 617 chars
s3 context show:.venv/lib… noul  ▎········· 0.03           │ plan  done 1  remaining 2  unverified 0  problems 2
s3 context show:.venv/lib… noul  ▎········· 0.03           │ [x] Ran tests: 7 passed, 0 failed, 0 errors… s2 done_0 0.93
s3 context show:.venv/lib… noul  ▎········· 0.03           │ [ ] Re-verify test run to confirm stability
s3 context show:.venv/lib… noul  ▎········· 0.03           │ [ ] If confirmed passing, mark task complete
s3 context show:.venv/lib… noul  ▎········· 0.03           │ [!] human s2: Prefer the smallest change and run the tests…
s3 context show:.venv/lib… noul  ▎········· 0.03           │ [!] stale_plan s2: Jev judged the plan stale at step 2 (p=…
s3 context show:.venv/lib… noul  ▎········· 0.03           │
s3 context show:.venv/lib… noul  ▎········· 0.03           │
s3 context show:.venv/lib… noul  ▎········· 0.03           │
s3 context show:.venv/lib… noul  ▎········· 0.03           │
s3 context show:.venv/lib… noul  ▎········· 0.03           │
s3 context show:.venv/lib… noul  ▎········· 0.03           │
[33m> [39m[2mType to steer the next step…   Esc pauses · Esc Esc aborts[22m
⠏ context            step 2/12 0m13s  run $0.02/1.00 ok  sess $0.00/5.00 ok  ⎇ main · 1~ 1091?  jev   ▃▅▃▂▁▅▂▂▂▅  ? help
[2A[3G[?25h[?2026l[?2026h[?25l[2B[1G[2K[1A[2K[1A[2K[1A[2K[1A[2K[1A[2K[1A[2K[1A[2K[1A[2K[1A[2K[1A[2K[1A[2K[1A[2K[1A[2K[1A[2K[1A[2K[1A[2K[G[step 3] proposal run $ python -m pytest -q: Re-run the test suite once more to confirm the passing result is stable
before concluding the task is complete. | plan done=2 remaining=2 open=1
[2mpython -m pytest -q[22m
[2m─── decisions s2 · c~ derived |2p−1| ────────────────────────────────── [d]ecisions [p]lan [t]imeline [s]ynth ─── plan ─[22m
s3 context show:.venv/lib… noul  ▎········· 0.03           │ plan  done 1  remaining 2  unverified 0  problems 2
s3 context show:.venv/lib… noul  ▎········· 0.03           │ [x] Ran tests: 7 passed, 0 failed, 0 errors… s2 done_0 0.93
s3 context show:.venv/lib… noul  ▎········· 0.03           │ [ ] Re-verify test run to confirm stability
s3 context show:.venv/lib… noul  ▎········· 0.03           │ [ ] If confirmed passing, mark task complete
s3 context show:.venv/lib… noul  ▎········· 0.03           │ [!] human s2: Prefer the smallest change and run the tests…
s3 context show:.venv/lib… noul  ▎········· 0.03           │ [!] stale_plan s2: Jev judged the plan stale at step 2 (p=…
s3 context show:.venv/lib… noul  ▎········· 0.03           │
s3 context show:.venv/lib… noul  ▎········· 0.03           │
s3 context show:.venv/lib… noul  ▎········· 0.03           │
s3 context show:.venv/lib… noul  ▎········· 0.03           │
s3 context show:.venv/lib… noul  ▎········· 0.03           │
s3 context show:.venv/lib… noul  ▎········· 0.03           │
[33m> [39m[2mType to steer the next step…   Esc pauses · Esc Esc aborts[22m
⠏ propose            step 2/12 0m14s  run $0.03/1.00 ok  sess $0.00/5.00 ok  ⎇ main · 1~ 1091?  jev   ▃▅▃▂▁▅▂▂▂▅  ? help
[2A[3G[?25h[?2026l[?2026h[?25l[2B[1G[2K[1A[2K[1A[2K[1A[2K[1A[2K[1A[2K[1A[2K[1A[2K[1A[2K[1A[2K[1A[2K[1A[2K[1A[2K[1A[2K[1A[2K[1A[2K[G[2m─── decisions s2 · c~ derived |2p−1| ────────────────────────────────── [d]ecisions [p]lan [t]imeline [s]ynth ─── plan ─[22m
s3 context show:.venv/lib… noul  ▎········· 0.03           │ plan  done 1  remaining 2  unverified 0  problems 2
s3 context show:.venv/lib… noul  ▎········· 0.03           │ [x] Ran tests: 7 passed, 0 failed, 0 errors… s2 done_0 0.93
s3 context show:.venv/lib… noul  ▎········· 0.03           │ [ ] Re-verify test run to confirm stability
s3 context show:.venv/lib… noul  ▎········· 0.03           │ [ ] If confirmed passing, mark task complete
s3 context show:.venv/lib… noul  ▎········· 0.03           │ [!] human s2: Prefer the smallest change and run the tests…
s3 context show:.venv/lib… noul  ▎········· 0.03           │ [!] stale_plan s2: Jev judged the plan stale at step 2 (p=…
s3 context show:.venv/lib… noul  ▎········· 0.03           │
s3 context show:.venv/lib… noul  ▎········· 0.03           │
s3 context show:.venv/lib… noul  ▎········· 0.03           │
s3 context show:.venv/lib… noul  ▎········· 0.03           │
s3 context show:.venv/lib… noul  ▎········· 0.03           │
s3 context show:.venv/lib… noul  ▎········· 0.03           │
[33m> [39m[2mType to steer the next step…   Esc pauses · Esc Esc aborts[22m
⠋ propose            step 2/12 0m14s  run $0.03/1.00 ok  sess $0.00/5.00 ok  ⎇ main · 1~ 1091?  jev   ▃▅▃▂▁▅▂▂▂▅  ? help
[2A[3G[?25h[?2026l[?2026h[?25l[2B[1G[2K[1A[2K[1A[2K[1A[2K[1A[2K[1A[2K[1A[2K[1A[2K[1A[2K[1A[2K[1A[2K[1A[2K[1A[2K[1A[2K[1A[2K[1A[2K[G[2m[step 3] risk=0.00 ok: risk 0.00 (ok) from destructive: expected level 0.00 of 4; dominant level 0 "nothing existing is [22m
[2mlost: reads, searches, lists, or runs tests/builds; creates a file that did not exist (`proposal.target.existsBefore` [22m
[2mfalse); anything it changes the workspace regenerates"; Jev confidence 1.00 | irreversible: expected level 0.00 of 4; [22m
[2mdominant level 0 "no lasting effect, or restorable with one git command"; Jev confidence 1.00; verification run of the [22m
[2mworkspace test command: out_of_scope 0.01 (dominant level 0), plan_mismatch 0.07 (dominant level 0) recorded, not gating[22m
[2m─── decisions s2 · c~ derived |2p−1| ────────────────────────────────── [d]ecisions [p]lan [t]imeline [s]ynth ─── plan ─[22m
s3 context show:.venv/lib… noul  ▎········· 0.03           │ plan  done 1  remaining 2  unverified 0  problems 2
s3 context show:.venv/lib… noul  ▎········· 0.03           │ [x] Ran tests: 7 passed, 0 failed, 0 errors… s2 done_0 0.93
s3 context show:.venv/lib… noul  ▎········· 0.03           │ [ ] Re-verify test run to confirm stability
s3 context show:.venv/lib… noul  ▎········· 0.03           │ [ ] If confirmed passing, mark task complete
s3 context show:.venv/lib… noul  ▎········· 0.03           │ [!] human s2: Prefer the smallest change and run the tests…
s3 context show:.venv/lib… noul  ▎········· 0.03           │ [!] stale_plan s2: Jev judged the plan stale at step 2 (p=…
s3 context show:.venv/lib… noul  ▎········· 0.03           │
s3 risk    destructive     L0    ██████████ 1.00 [ok]      │
s3 risk    out_of_scope    L0.1  █████████▍ 0.94 [ok]      │
s3 risk    plan_mismatch   L0.34 ████████▋· 0.86 [ok]      │
s3 risk    irreversible    L0    ██████████ 1.00 [ok]      │
s3 risk    matches_intent  noul  █████████▊ 0.97           │
[33m> [39m[2mType to steer the next step…   Esc pauses · Esc Esc aborts[22m
⠋ risk               step 2/12 0m14s  run $0.03/1.00 ok  sess $0.00/5.00 ok  ⎇ main · 1~ 1091?  jev  ▃▅▃▂▁▅▂▂▂▅▂  ? help
[2A[3G[?25h[?2026l[?2026h[?25l[2B[1G[2K[1A[2K[1A[2K[1A[2K[1A[2K[1A[2K[1A[2K[1A[2K[1A[2K[1A[2K[1A[2K[1A[2K[1A[2K[1A[2K[1A[2K[1A[2K[G[2m─── decisions s2 · c~ derived |2p−1| ────────────────────────────────── [d]ecisions [p]lan [t]imeline [s]ynth ─── plan ─[22m
s3 context show:.venv/lib… noul  ▎········· 0.03           │ plan  done 1  remaining 2  unverified 0  problems 2
s3 context show:.venv/lib… noul  ▎········· 0.03           │ [x] Ran tests: 7 passed, 0 failed, 0 errors… s2 done_0 0.93
s3 context show:.venv/lib… noul  ▎········· 0.03           │ [ ] Re-verify test run to confirm stability
s3 context show:.venv/lib… noul  ▎········· 0.03           │ [ ] If confirmed passing, mark task complete
s3 context show:.venv/lib… noul  ▎········· 0.03           │ [!] human s2: Prefer the smallest change and run the tests…
s3 context show:.venv/lib… noul  ▎········· 0.03           │ [!] stale_plan s2: Jev judged the plan stale at step 2 (p=…
s3 context show:.venv/lib… noul  ▎········· 0.03           │
s3 risk    destructive     L0    ██████████ 1.00 [ok]      │
s3 risk    out_of_scope    L0.1  █████████▍ 0.94 [ok]      │
s3 risk    plan_mismatch   L0.34 ████████▋· 0.86 [ok]      │
s3 risk    irreversible    L0    ██████████ 1.00 [ok]      │
s3 risk    matches_intent  noul  █████████▊ 0.97           │
[33m> [39m[2mType to steer the next step…   Esc pauses · Esc Esc aborts[22m
⠙ risk               step 2/12 0m14s  run $0.03/1.00 ok  sess $0.00/5.00 ok  ⎇ main · 1~ 1091?  jev  ▃▅▃▂▁▅▂▂▂▅▂  ? help
[2A[3G[?25h[?2026l[?2026h[?25l[2B[1G[2K[1A[2K[1A[2K[1A[2K[1A[2K[1A[2K[1A[2K[1A[2K[1A[2K[1A[2K[1A[2K[1A[2K[1A[2K[1A[2K[1A[2K[1A[2K[G[2m─── decisions s2 · c~ derived |2p−1| ────────────────────────────────── [d]ecisions [p]lan [t]imeline [s]ynth ─── plan ─[22m
s3 context show:.venv/lib… noul  ▎········· 0.03           │ plan  done 1  remaining 2  unverified 0  problems 2
s3 context show:.venv/lib… noul  ▎········· 0.03           │ [x] Ran tests: 7 passed, 0 failed, 0 errors… s2 done_0 0.93
s3 context show:.venv/lib… noul  ▎········· 0.03           │ [ ] Re-verify test run to confirm stability
s3 context show:.venv/lib… noul  ▎········· 0.03           │ [ ] If confirmed passing, mark task complete
s3 context show:.venv/lib… noul  ▎········· 0.03           │ [!] human s2: Prefer the smallest change and run the tests…
s3 context show:.venv/lib… noul  ▎········· 0.03           │ [!] stale_plan s2: Jev judged the plan stale at step 2 (p=…
s3 context show:.venv/lib… noul  ▎········· 0.03           │
s3 risk    destructive     L0    ██████████ 1.00 [ok]      │
s3 risk    out_of_scope    L0.1  █████████▍ 0.94 [ok]      │
s3 risk    plan_mismatch   L0.34 ████████▋· 0.86 [ok]      │
s3 risk    irreversible    L0    ██████████ 1.00 [ok]      │
s3 risk    matches_intent  noul  █████████▊ 0.97           │
[33m> [39m[2mType to steer the next step…   Esc pauses · Esc Esc aborts[22m
⠹ risk               step 2/12 0m14s  run $0.03/1.00 ok  sess $0.00/5.00 ok  ⎇ main · 1~ 1091?  jev  ▃▅▃▂▁▅▂▂▂▅▂  ? help
[2A[3G[?25h[?2026l[?2026h[?25l[2B[1G[2K[1A[2K[1A[2K[1A[2K[1A[2K[1A[2K[1A[2K[1A[2K[1A[2K[1A[2K[1A[2K[1A[2K[1A[2K[1A[2K[1A[2K[1A[2K[G[2m─── decisions s2 · c~ derived |2p−1| ────────────────────────────────── [d]ecisions [p]lan [t]imeline [s]ynth ─── plan ─[22m
s3 context show:.venv/lib… noul  ▎········· 0.03           │ plan  done 1  remaining 2  unverified 0  problems 2
s3 context show:.venv/lib… noul  ▎········· 0.03           │ [x] Ran tests: 7 passed, 0 failed, 0 errors… s2 done_0 0.93
s3 context show:.venv/lib… noul  ▎········· 0.03           │ [ ] Re-verify test run to confirm stability
s3 context show:.venv/lib… noul  ▎········· 0.03           │ [ ] If confirmed passing, mark task complete
s3 context show:.venv/lib… noul  ▎········· 0.03           │ [!] human s2: Prefer the smallest change and run the tests…
s3 context show:.venv/lib… noul  ▎········· 0.03           │ [!] stale_plan s2: Jev judged the plan stale at step 2 (p=…
s3 context show:.venv/lib… noul  ▎········· 0.03           │
s3 risk    destructive     L0    ██████████ 1.00 [ok]      │
s3 risk    out_of_scope    L0.1  █████████▍ 0.94 [ok]      │
s3 risk    plan_mismatch   L0.34 ████████▋· 0.86 [ok]      │
s3 risk    irreversible    L0    ██████████ 1.00 [ok]      │
s3 risk    matches_intent  noul  █████████▊ 0.97           │
[33m> [39m[2mType to steer the next step…   Esc pauses · Esc Esc aborts[22m
⠹ execute            step 2/12 0m14s  run $0.03/1.00 ok  sess $0.00/5.00 ok  ⎇ main · 1~ 1091?  jev  ▃▅▃▂▁▅▂▂▂▅▂  ? help
[2A[3G[?25h[?2026l[?2026h[?25l[2B[1G[2K[1A[2K[1A[2K[1A[2K[1A[2K[1A[2K[1A[2K[1A[2K[1A[2K[1A[2K[1A[2K[1A[2K[1A[2K[1A[2K[1A[2K[1A[2K[G[2m[step 3] outcome executed: exit 0 (exit 0, 98ms)[22m
[2m─── decisions s2 · c~ derived |2p−1| ────────────────────────────────── [d]ecisions [p]lan [t]imeline [s]ynth ─── plan ─[22m
s3 context show:.venv/lib… noul  ▎········· 0.03           │ plan  done 1  remaining 2  unverified 0  problems 2
s3 context show:.venv/lib… noul  ▎········· 0.03           │ [x] Ran tests: 7 passed, 0 failed, 0 errors… s2 done_0 0.93
s3 context show:.venv/lib… noul  ▎········· 0.03           │ [ ] Re-verify test run to confirm stability
s3 context show:.venv/lib… noul  ▎········· 0.03           │ [ ] If confirmed passing, mark task complete
s3 context show:.venv/lib… noul  ▎········· 0.03           │ [!] human s2: Prefer the smallest change and run the tests…
s3 context show:.venv/lib… noul  ▎········· 0.03           │ [!] stale_plan s2: Jev judged the plan stale at step 2 (p=…
s3 context show:.venv/lib… noul  ▎········· 0.03           │
s3 risk    destructive     L0    ██████████ 1.00 [ok]      │
s3 risk    out_of_scope    L0.1  █████████▍ 0.94 [ok]      │
s3 risk    plan_mismatch   L0.34 ████████▋· 0.86 [ok]      │
s3 risk    irreversible    L0    ██████████ 1.00 [ok]      │
s3 risk    matches_intent  noul  █████████▊ 0.97           │
[33m> [39m[2mType to steer the next step…   Esc pauses · Esc Esc aborts[22m
⠹ execute            step 2/12 0m14s  run $0.03/1.00 ok  sess $0.00/5.00 ok  ⎇ main · 1~ 1091?  jev  ▃▅▃▂▁▅▂▂▂▅▂  ? help
[2A[3G[?25h[?2026l[?2026h[?25l[2B[1G[2K[1A[2K[1A[2K[1A[2K[1A[2K[1A[2K[1A[2K[1A[2K[1A[2K[1A[2K[1A[2K[1A[2K[1A[2K[1A[2K[1A[2K[1A[2K[G[2m─── decisions s2 · c~ derived |2p−1| ────────────────────────────────── [d]ecisions [p]lan [t]imeline [s]ynth ─── plan ─[22m
s3 context show:.venv/lib… noul  ▎········· 0.03           │ plan  done 1  remaining 2  unverified 0  problems 2
s3 context show:.venv/lib… noul  ▎········· 0.03           │ [x] Ran tests: 7 passed, 0 failed, 0 errors… s2 done_0 0.93
s3 context show:.venv/lib… noul  ▎········· 0.03           │ [ ] Re-verify test run to confirm stability
s3 context show:.venv/lib… noul  ▎········· 0.03           │ [ ] If confirmed passing, mark task complete
s3 context show:.venv/lib… noul  ▎········· 0.03           │ [!] human s2: Prefer the smallest change and run the tests…
s3 context show:.venv/lib… noul  ▎········· 0.03           │ [!] stale_plan s2: Jev judged the plan stale at step 2 (p=…
s3 context show:.venv/lib… noul  ▎········· 0.03           │
s3 risk    destructive     L0    ██████████ 1.00 [ok]      │
s3 risk    out_of_scope    L0.1  █████████▍ 0.94 [ok]      │
s3 risk    plan_mismatch   L0.34 ████████▋· 0.86 [ok]      │
s3 risk    irreversible    L0    ██████████ 1.00 [ok]      │
s3 risk    matches_intent  noul  █████████▊ 0.97           │
[33m> [39m[2mType to steer the next step…   Esc pauses · Esc Esc aborts[22m
⠸ execute            step 2/12 0m14s  run $0.03/1.00 ok  sess $0.00/5.00 ok  ⎇ main · 1~ 1091?  jev  ▃▅▃▂▁▅▂▂▂▅▂  ? help
[2A[3G[?25h[?2026l[?2026h[?25l[2B[1G[2K[1A[2K[1A[2K[1A[2K[1A[2K[1A[2K[1A[2K[1A[2K[1A[2K[1A[2K[1A[2K[1A[2K[1A[2K[1A[2K[1A[2K[1A[2K[G[2m─── decisions s2 · c~ derived |2p−1| ────────────────────────────────── [d]ecisions [p]lan [t]imeline [s]ynth ─── plan ─[22m
s3 context show:.venv/lib… noul  ▎········· 0.03           │ plan  done 1  remaining 2  unverified 0  problems 2
s3 context show:.venv/lib… noul  ▎········· 0.03           │ [x] Ran tests: 7 passed, 0 failed, 0 errors… s2 done_0 0.93
s3 context show:.venv/lib… noul  ▎········· 0.03           │ [ ] Re-verify test run to confirm stability
s3 context show:.venv/lib… noul  ▎········· 0.03           │ [ ] If confirmed passing, mark task complete
s3 context show:.venv/lib… noul  ▎········· 0.03           │ [!] human s2: Prefer the smallest change and run the tests…
s3 context show:.venv/lib… noul  ▎········· 0.03           │ [!] stale_plan s2: Jev judged the plan stale at step 2 (p=…
s3 context show:.venv/lib… noul  ▎········· 0.03           │
s3 risk    destructive     L0    ██████████ 1.00 [ok]      │
s3 risk    out_of_scope    L0.1  █████████▍ 0.94 [ok]      │
s3 risk    plan_mismatch   L0.34 ████████▋· 0.86 [ok]      │
s3 risk    irreversible    L0    ██████████ 1.00 [ok]      │
s3 risk    matches_intent  noul  █████████▊ 0.97           │
[33m> [39m[2mType to steer the next step…   Esc pauses · Esc Esc aborts[22m
⠼ execute            step 2/12 0m14s  run $0.03/1.00 ok  sess $0.00/5.00 ok  ⎇ main · 1~ 1091?  jev  ▃▅▃▂▁▅▂▂▂▅▂  ? help
[2A[3G[?25h[?2026l[?2026h[?25l[2B[1G[2K[1A[2K[1A[2K[1A[2K[1A[2K[1A[2K[1A[2K[1A[2K[1A[2K[1A[2K[1A[2K[1A[2K[1A[2K[1A[2K[1A[2K[1A[2K[G[2m[step 3] judge succeeded=0.73 error_present=0.03 new_info=0.05 tests=7p/0f/0e pass claims=2/2 completion=0.66[22m
[2m[step 3] plan done=3 remaining=4 unverified=0 problems=2[22m
[2m─── decisions s3 · c~ derived |2p−1| ────────────────────────────────── [d]ecisions [p]lan [t]imeline [s]ynth ─── plan ─[22m
[33mloop  run:python -m pytest -q›exit 0  x2/3[39m
s3 context show:.venv/lib… noul  ▎········· 0.03           │ plan  done 3  remaining 4  unverified 0  problems 1
s3 risk    destructive     L0    ██████████ 1.00 [ok]      │ [x] Ran tests: 7 passed, 0 failed, 0 errors… s2 done_0 0.93
s3 risk    out_of_scope    L0.1  █████████▍ 0.94 [ok]      │ [x] Ran tests: 7 passed, 0 failed, 0 errors… s3 done_0 0.94
s3 risk    plan_mismatch   L0.34 ████████▋· 0.86 [ok]      │ [x] Ran tests again: 7 passed, 0 failed, 0 … s3 done_1 0.91
s3 risk    irreversible    L0    ██████████ 1.00 [ok]      │ [ ] Confirm stability with one more verification run
s3 risk    matches_intent  noul  █████████▊ 0.97           │ [ ] Mark task complete if still passing
s3 judge   succeeded       noul  ███████▎·· 0.73           │ [ ] Re-verify test run to confirm stability
s3 judge   error_present   noul  ▎········· 0.03           │ [ ] If confirmed passing, mark task complete
s3 judge   new_information noul  ▌········· 0.05           │ [!] human s2: Prefer the smallest change and run the tests…
s3 judge   done_0          noul  █████████▍ 0.94           │
s3 judge   done_1          noul  █████████▏ 0.91           │
s3 complete task_complete  noul  ██████▋··· 0.66           │
[33m> [39m[2mType to steer the next step…   Esc pauses · Esc Esc aborts[22m
⠼ judge              step 3/12 0m15s  run $0.03/1.00 ok  sess $0.00/5.00 ok  ⎇ main · 1~ 1091?  jev ▃▅▃▂▁▅▂▂▂▅▂▃  ? help
[2A[3G[?25h[?2026l[?2026h[?25l[2B[1G[2K[1A[2K[1A[2K[1A[2K[1A[2K[1A[2K[1A[2K[1A[2K[1A[2K[1A[2K[1A[2K[1A[2K[1A[2K[1A[2K[1A[2K[1A[2K[1A[2K[G[2m─── decisions s3 · c~ derived |2p−1| ────────────────────────────────── [d]ecisions [p]lan [t]imeline [s]ynth ─── plan ─[22m
[33mloop  run:python -m pytest -q›exit 0  x2/3[39m
s3 context show:.venv/lib… noul  ▎········· 0.03           │ plan  done 3  remaining 4  unverified 0  problems 1
s3 risk    destructive     L0    ██████████ 1.00 [ok]      │ [x] Ran tests: 7 passed, 0 failed, 0 errors… s2 done_0 0.93
s3 risk    out_of_scope    L0.1  █████████▍ 0.94 [ok]      │ [x] Ran tests: 7 passed, 0 failed, 0 errors… s3 done_0 0.94
s3 risk    plan_mismatch   L0.34 ████████▋· 0.86 [ok]      │ [x] Ran tests again: 7 passed, 0 failed, 0 … s3 done_1 0.91
s3 risk    irreversible    L0    ██████████ 1.00 [ok]      │ [ ] Confirm stability with one more verification run
s3 risk    matches_intent  noul  █████████▊ 0.97           │ [ ] Mark task complete if still passing
s3 judge   succeeded       noul  ███████▎·· 0.73           │ [ ] Re-verify test run to confirm stability
s3 judge   error_present   noul  ▎········· 0.03           │ [ ] If confirmed passing, mark task complete
s3 judge   new_information noul  ▌········· 0.05           │ [!] human s2: Prefer the smallest change and run the tests…
s3 judge   done_0          noul  █████████▍ 0.94           │
s3 judge   done_1          noul  █████████▏ 0.91           │
s3 complete task_complete  noul  ██████▋··· 0.66           │
[33m> [39m[2mType to steer the next step…   Esc pauses · Esc Esc aborts[22m
⠴ judge              step 3/12 0m15s  run $0.03/1.00 ok  sess $0.00/5.00 ok  ⎇ main · 1~ 1091?  jev ▃▅▃▂▁▅▂▂▂▅▂▃  ? help
[2A[3G[?25h[?2026l[?2026h[?25l[2B[1G[2K[1A[2K[1A[2K[1A[2K[1A[2K[1A[2K[1A[2K[1A[2K[1A[2K[1A[2K[1A[2K[1A[2K[1A[2K[1A[2K[1A[2K[1A[2K[1A[2K[G[2m─── decisions s3 · c~ derived |2p−1| ────────────────────────────────── [d]ecisions [p]lan [t]imeline [s]ynth ─── plan ─[22m
[33mloop  run:python -m pytest -q›exit 0  x2/3[39m
s3 context show:.venv/lib… noul  ▎········· 0.03           │ plan  done 3  remaining 4  unverified 0  problems 1
s3 risk    destructive     L0    ██████████ 1.00 [ok]      │ [x] Ran tests: 7 passed, 0 failed, 0 errors… s2 done_0 0.93
s3 risk    out_of_scope    L0.1  █████████▍ 0.94 [ok]      │ [x] Ran tests: 7 passed, 0 failed, 0 errors… s3 done_0 0.94
s3 risk    plan_mismatch   L0.34 ████████▋· 0.86 [ok]      │ [x] Ran tests again: 7 passed, 0 failed, 0 … s3 done_1 0.91
s3 risk    irreversible    L0    ██████████ 1.00 [ok]      │ [ ] Confirm stability with one more verification run
s3 risk    matches_intent  noul  █████████▊ 0.97           │ [ ] Mark task complete if still passing
s3 judge   succeeded       noul  ███████▎·· 0.73           │ [ ] Re-verify test run to confirm stability
s3 judge   error_present   noul  ▎········· 0.03           │ [ ] If confirmed passing, mark task complete
s3 judge   new_information noul  ▌········· 0.05           │ [!] human s2: Prefer the smallest change and run the tests…
s3 judge   done_0          noul  █████████▍ 0.94           │
s3 judge   done_1          noul  █████████▏ 0.91           │
s3 complete task_complete  noul  ██████▋··· 0.66           │
[33m> [39m[2mType to steer the next step…   Esc pauses · Esc Esc aborts[22m
⠦ judge              step 3/12 0m15s  run $0.03/1.00 ok  sess $0.00/5.00 ok  ⎇ main · 1~ 1091?  jev ▃▅▃▂▁▅▂▂▂▅▂▃  ? help
[2A[3G[?25h[?2026l[?2026h[?25l[2B[1G[2K[1A[2K[1A[2K[1A[2K[1A[2K[1A[2K[1A[2K[1A[2K[1A[2K[1A[2K[1A[2K[1A[2K[1A[2K[1A[2K[1A[2K[1A[2K[1A[2K[G[2m[step 4] intent=verify p=0.70 c=0.64[22m
[2m─── decisions s3 · c~ derived |2p−1| ────────────────────────────────── [d]ecisions [p]lan [t]imeline [s]ynth ─── plan ─[22m
[33mloop  run:python -m pytest -q›exit 0  x2/3[39m
s3 judge   error_present   noul  ▎········· 0.03           │ plan  done 3  remaining 4  unverified 0  problems 1
s3 judge   new_information noul  ▌········· 0.05           │ [x] Ran tests: 7 passed, 0 failed, 0 errors… s2 done_0 0.93
s3 judge   done_0          noul  █████████▍ 0.94           │ [x] Ran tests: 7 passed, 0 failed, 0 errors… s3 done_0 0.94
s3 judge   done_1          noul  █████████▏ 0.91           │ [x] Ran tests again: 7 passed, 0 failed, 0 … s3 done_1 0.91
s3 complete task_complete  noul  ██████▋··· 0.66           │ [ ] Confirm stability with one more verification run
s4 intent  intent          veri… ███████··· 0.70 chosen    │ [ ] Mark task complete if still passing
s4 intent  can_investigate noul  █▍········ 0.14           │ [ ] Re-verify test run to confirm stability
s4 intent  can_edit        noul  ▌········· 0.05           │ [ ] If confirmed passing, mark task complete
s4 intent  can_verify      noul  █████▉···· 0.59           │ [!] human s2: Prefer the smallest change and run the tests…
s4 intent  can_fix_enviro… noul  ▎········· 0.03           │
s4 intent  can_finish      noul  ██▎······· 0.23           │
s4 intent  plan_still_val… noul  █████▎···· 0.53           │
[33m> [39m[2mType to steer the next step…   Esc pauses · Esc Esc aborts[22m
⠦ intent             step 3/12 0m15s  run $0.03/1.00 ok  sess $0.00/5.00 ok  ⎇ main · 1~ 1091?  jev ▅▃▂▁▅▂▂▂▅▂▃▂  ? help
[2A[3G[?25h[?2026l[?2026h[?25l[2B[1G[2K[1A[2K[1A[2K[1A[2K[1A[2K[1A[2K[1A[2K[1A[2K[1A[2K[1A[2K[1A[2K[1A[2K[1A[2K[1A[2K[1A[2K[1A[2K[1A[2K[G[2m─── decisions s3 · c~ derived |2p−1| ────────────────────────────────── [d]ecisions [p]lan [t]imeline [s]ynth ─── plan ─[22m
[33mloop  run:python -m pytest -q›exit 0  x2/3[39m
s3 judge   error_present   noul  ▎········· 0.03           │ plan  done 3  remaining 4  unverified 0  problems 1
s3 judge   new_information noul  ▌········· 0.05           │ [x] Ran tests: 7 passed, 0 failed, 0 errors… s2 done_0 0.93
s3 judge   done_0          noul  █████████▍ 0.94           │ [x] Ran tests: 7 passed, 0 failed, 0 errors… s3 done_0 0.94
s3 judge   done_1          noul  █████████▏ 0.91           │ [x] Ran tests again: 7 passed, 0 failed, 0 … s3 done_1 0.91
s3 complete task_complete  noul  ██████▋··· 0.66           │ [ ] Confirm stability with one more verification run
s4 intent  intent          veri… ███████··· 0.70 chosen    │ [ ] Mark task complete if still passing
s4 intent  can_investigate noul  █▍········ 0.14           │ [ ] Re-verify test run to confirm stability
s4 intent  can_edit        noul  ▌········· 0.05           │ [ ] If confirmed passing, mark task complete
s4 intent  can_verify      noul  █████▉···· 0.59           │ [!] human s2: Prefer the smallest change and run the tests…
s4 intent  can_fix_enviro… noul  ▎········· 0.03           │
s4 intent  can_finish      noul  ██▎······· 0.23           │
s4 intent  plan_still_val… noul  █████▎···· 0.53           │
[33m> [39m[2mType to steer the next step…   Esc pauses · Esc Esc aborts[22m
⠧ intent             step 3/12 0m15s  run $0.03/1.00 ok  sess $0.00/5.00 ok  ⎇ main · 1~ 1091?  jev ▅▃▂▁▅▂▂▂▅▂▃▂  ? help
[2A[3G[?25h[?2026l[?2026h[?25l[2B[1G[2K[1A[2K[1A[2K[1A[2K[1A[2K[1A[2K[1A[2K[1A[2K[1A[2K[1A[2K[1A[2K[1A[2K[1A[2K[1A[2K[1A[2K[1A[2K[1A[2K[G[2m─── decisions s3 · c~ derived |2p−1| ────────────────────────────────── [d]ecisions [p]lan [t]imeline [s]ynth ─── plan ─[22m
[33mloop  run:python -m pytest -q›exit 0  x2/3[39m
s3 judge   error_present   noul  ▎········· 0.03           │ plan  done 3  remaining 4  unverified 0  problems 1
s3 judge   new_information noul  ▌········· 0.05           │ [x] Ran tests: 7 passed, 0 failed, 0 errors… s2 done_0 0.93
s3 judge   done_0          noul  █████████▍ 0.94           │ [x] Ran tests: 7 passed, 0 failed, 0 errors… s3 done_0 0.94
s3 judge   done_1          noul  █████████▏ 0.91           │ [x] Ran tests again: 7 passed, 0 failed, 0 … s3 done_1 0.91
s3 complete task_complete  noul  ██████▋··· 0.66           │ [ ] Confirm stability with one more verification run
s4 intent  intent          veri… ███████··· 0.70 chosen    │ [ ] Mark task complete if still passing
s4 intent  can_investigate noul  █▍········ 0.14           │ [ ] Re-verify test run to confirm stability
s4 intent  can_edit        noul  ▌········· 0.05           │ [ ] If confirmed passing, mark task complete
s4 intent  can_verify      noul  █████▉···· 0.59           │ [!] human s2: Prefer the smallest change and run the tests…
s4 intent  can_fix_enviro… noul  ▎········· 0.03           │
s4 intent  can_finish      noul  ██▎······· 0.23           │
s4 intent  plan_still_val… noul  █████▎···· 0.53           │
[33m> [39m[2mType to steer the next step…   Esc pauses · Esc Esc aborts[22m
⠇ intent             step 3/12 0m15s  run $0.03/1.00 ok  sess $0.00/5.00 ok  ⎇ main · 1~ 1091?  jev ▅▃▂▁▅▂▂▂▅▂▃▂  ? help
[2A[3G[?25h[?2026l[?2026h[?25l[2B[1G[2K[1A[2K[1A[2K[1A[2K[1A[2K[1A[2K[1A[2K[1A[2K[1A[2K[1A[2K[1A[2K[1A[2K[1A[2K[1A[2K[1A[2K[1A[2K[1A[2K[G[2m─── decisions s3 · c~ derived |2p−1| ────────────────────────────────── [d]ecisions [p]lan [t]imeline [s]ynth ─── plan ─[22m
[33mloop  run:python -m pytest -q›exit 0  x2/3[39m
s3 judge   error_present   noul  ▎········· 0.03           │ plan  done 3  remaining 4  unverified 0  problems 1
s3 judge   new_information noul  ▌········· 0.05           │ [x] Ran tests: 7 passed, 0 failed, 0 errors… s2 done_0 0.93
s3 judge   done_0          noul  █████████▍ 0.94           │ [x] Ran tests: 7 passed, 0 failed, 0 errors… s3 done_0 0.94
s3 judge   done_1          noul  █████████▏ 0.91           │ [x] Ran tests again: 7 passed, 0 failed, 0 … s3 done_1 0.91
s3 complete task_complete  noul  ██████▋··· 0.66           │ [ ] Confirm stability with one more verification run
s4 intent  intent          veri… ███████··· 0.70 chosen    │ [ ] Mark task complete if still passing
s4 intent  can_investigate noul  █▍········ 0.14           │ [ ] Re-verify test run to confirm stability
s4 intent  can_edit        noul  ▌········· 0.05           │ [ ] If confirmed passing, mark task complete
s4 intent  can_verify      noul  █████▉···· 0.59           │ [!] human s2: Prefer the smallest change and run the tests…
s4 intent  can_fix_enviro… noul  ▎········· 0.03           │
s4 intent  can_finish      noul  ██▎······· 0.23           │
s4 intent  plan_still_val… noul  █████▎···· 0.53           │
[33m> [39m[2mType to steer the next step…   Esc pauses · Esc Esc aborts[22m
⠏ intent             step 3/12 0m15s  run $0.03/1.00 ok  sess $0.00/5.00 ok  ⎇ main · 1~ 1091?  jev ▅▃▂▁▅▂▂▂▅▂▃▂  ? help
[2A[3G[?25h[?2026l[?2026h[?25l[2B[1G[2K[1A[2K[1A[2K[1A[2K[1A[2K[1A[2K[1A[2K[1A[2K[1A[2K[1A[2K[1A[2K[1A[2K[1A[2K[1A[2K[1A[2K[1A[2K[1A[2K[G[2m─── decisions s3 · c~ derived |2p−1| ────────────────────────────────── [d]ecisions [p]lan [t]imeline [s]ynth ─── plan ─[22m
[33mloop  run:python -m pytest -q›exit 0  x2/3[39m
s3 judge   error_present   noul  ▎········· 0.03           │ plan  done 3  remaining 4  unverified 0  problems 1
s3 judge   new_information noul  ▌········· 0.05           │ [x] Ran tests: 7 passed, 0 failed, 0 errors… s2 done_0 0.93
s3 judge   done_0          noul  █████████▍ 0.94           │ [x] Ran tests: 7 passed, 0 failed, 0 errors… s3 done_0 0.94
s3 judge   done_1          noul  █████████▏ 0.91           │ [x] Ran tests again: 7 passed, 0 failed, 0 … s3 done_1 0.91
s3 complete task_complete  noul  ██████▋··· 0.66           │ [ ] Confirm stability with one more verification run
s4 intent  intent          veri… ███████··· 0.70 chosen    │ [ ] Mark task complete if still passing
s4 intent  can_investigate noul  █▍········ 0.14           │ [ ] Re-verify test run to confirm stability
s4 intent  can_edit        noul  ▌········· 0.05           │ [ ] If confirmed passing, mark task complete
s4 intent  can_verify      noul  █████▉···· 0.59           │ [!] human s2: Prefer the smallest change and run the tests…
s4 intent  can_fix_enviro… noul  ▎········· 0.03           │
s4 intent  can_finish      noul  ██▎······· 0.23           │
s4 intent  plan_still_val… noul  █████▎···· 0.53           │
[33m> [39m[2mType to steer the next step…   Esc pauses · Esc Esc aborts[22m
⠋ intent             step 3/12 0m15s  run $0.03/1.00 ok  sess $0.00/5.00 ok  ⎇ main · 1~ 1091?  jev ▅▃▂▁▅▂▂▂▅▂▃▂  ? help
[2A[3G[?25h[?2026l[?2026h[?25l[2B[1G[2K[1A[2K[1A[2K[1A[2K[1A[2K[1A[2K[1A[2K[1A[2K[1A[2K[1A[2K[1A[2K[1A[2K[1A[2K[1A[2K[1A[2K[1A[2K[1A[2K[G[2m[step 4] context 0 files 0B of 300 candidates: [22m
[2m─── decisions s3 · c~ derived |2p−1| ────────────────────────────────── [d]ecisions [p]lan [t]imeline [s]ynth ─── plan ─[22m
[33mloop  run:python -m pytest -q›exit 0  x2/3[39m
s4 context show:.venv/lib… noul  ▎········· 0.03           │ plan  done 3  remaining 4  unverified 0  problems 1
s4 context show:.venv/lib… noul  ▎········· 0.03           │ [x] Ran tests: 7 passed, 0 failed, 0 errors… s2 done_0 0.93
s4 context show:.venv/lib… noul  ▎········· 0.03           │ [x] Ran tests: 7 passed, 0 failed, 0 errors… s3 done_0 0.94
s4 context show:.venv/lib… noul  ▎········· 0.02           │ [x] Ran tests again: 7 passed, 0 failed, 0 … s3 done_1 0.91
s4 context show:.venv/lib… noul  ▎········· 0.03           │ [ ] Confirm stability with one more verification run
s4 context show:.venv/lib… noul  ▎········· 0.03           │ [ ] Mark task complete if still passing
s4 context show:.venv/lib… noul  ▎········· 0.03           │ [ ] Re-verify test run to confirm stability
s4 context show:.venv/lib… noul  ▎········· 0.03           │ [ ] If confirmed passing, mark task complete
s4 context show:.venv/lib… noul  ▎········· 0.02           │ [!] human s2: Prefer the smallest change and run the tests…
s4 context show:.venv/lib… noul  ▎········· 0.03           │
s4 context show:.venv/lib… noul  ▎········· 0.03           │
s4 context show:.venv/lib… noul  ▎········· 0.02           │
[33m> [39m[2mType to steer the next step…   Esc pauses · Esc Esc aborts[22m
⠋ context            step 3/12 0m15s  run $0.04/1.00 ok  sess $0.00/5.00 ok  ⎇ main · 1~ 1091?  jev ▃▂▁▅▂▂▂▅▂▃▂▅  ? help
[2A[3G[?25h[?2026l[?2026h[?25l[2B[1G[2K[1A[2K[1A[2K[1A[2K[1A[2K[1A[2K[1A[2K[1A[2K[1A[2K[1A[2K[1A[2K[1A[2K[1A[2K[1A[2K[1A[2K[1A[2K[1A[2K[G[2m─── decisions s3 · c~ derived |2p−1| ────────────────────────────────── [d]ecisions [p]lan [t]imeline [s]ynth ─── plan ─[22m
[33mloop  run:python -m pytest -q›exit 0  x2/3[39m
s4 context show:.venv/lib… noul  ▎········· 0.03           │ plan  done 3  remaining 4  unverified 0  problems 1
s4 context show:.venv/lib… noul  ▎········· 0.03           │ [x] Ran tests: 7 passed, 0 failed, 0 errors… s2 done_0 0.93
s4 context show:.venv/lib… noul  ▎········· 0.03           │ [x] Ran tests: 7 passed, 0 failed, 0 errors… s3 done_0 0.94
s4 context show:.venv/lib… noul  ▎········· 0.02           │ [x] Ran tests again: 7 passed, 0 failed, 0 … s3 done_1 0.91
s4 context show:.venv/lib… noul  ▎········· 0.03           │ [ ] Confirm stability with one more verification run
s4 context show:.venv/lib… noul  ▎········· 0.03           │ [ ] Mark task complete if still passing
s4 context show:.venv/lib… noul  ▎········· 0.03           │ [ ] Re-verify test run to confirm stability
s4 context show:.venv/lib… noul  ▎········· 0.03           │ [ ] If confirmed passing, mark task complete
s4 context show:.venv/lib… noul  ▎········· 0.02           │ [!] human s2: Prefer the smallest change and run the tests…
s4 context show:.venv/lib… noul  ▎········· 0.03           │
s4 context show:.venv/lib… noul  ▎········· 0.03           │
s4 context show:.venv/lib… noul  ▎········· 0.02           │
[33m> [39m[2mType to steer the next step…   Esc pauses · Esc Esc aborts[22m
⠙ context            step 3/12 0m15s  run $0.04/1.00 ok  sess $0.00/5.00 ok  ⎇ main · 1~ 1091?  jev ▃▂▁▅▂▂▂▅▂▃▂▅  ? help
[2A[3G[?25h[?2026l[?2026h[?25l[2B[1G[2K[1A[2K[1A[2K[1A[2K[1A[2K[1A[2K[1A[2K[1A[2K[1A[2K[1A[2K[1A[2K[1A[2K[1A[2K[1A[2K[1A[2K[1A[2K[1A[2K[G[2m─── decisions s3 · c~ derived |2p−1| ────────────────────────────────── [d]ecisions [p]lan [t]imeline [s]ynth ─── plan ─[22m
[33mloop  run:python -m pytest -q›exit 0  x2/3[39m
s4 context show:.venv/lib… noul  ▎········· 0.03           │ plan  done 3  remaining 4  unverified 0  problems 1
s4 context show:.venv/lib… noul  ▎········· 0.03           │ [x] Ran tests: 7 passed, 0 failed, 0 errors… s2 done_0 0.93
s4 context show:.venv/lib… noul  ▎········· 0.03           │ [x] Ran tests: 7 passed, 0 failed, 0 errors… s3 done_0 0.94
s4 context show:.venv/lib… noul  ▎········· 0.02           │ [x] Ran tests again: 7 passed, 0 failed, 0 … s3 done_1 0.91
s4 context show:.venv/lib… noul  ▎········· 0.03           │ [ ] Confirm stability with one more verification run
s4 context show:.venv/lib… noul  ▎········· 0.03           │ [ ] Mark task complete if still passing
s4 context show:.venv/lib… noul  ▎········· 0.03           │ [ ] Re-verify test run to confirm stability
s4 context show:.venv/lib… noul  ▎········· 0.03           │ [ ] If confirmed passing, mark task complete
s4 context show:.venv/lib… noul  ▎········· 0.02           │ [!] human s2: Prefer the smallest change and run the tests…
s4 context show:.venv/lib… noul  ▎········· 0.03           │
s4 context show:.venv/lib… noul  ▎········· 0.03           │
s4 context show:.venv/lib… noul  ▎········· 0.02           │
[33m> [39m[2mType to steer the next step…   Esc pauses · Esc Esc aborts[22m
⠹ context            step 3/12 0m15s  run $0.04/1.00 ok  sess $0.00/5.00 ok  ⎇ main · 1~ 1091?  jev ▃▂▁▅▂▂▂▅▂▃▂▅  ? help
[2A[3G[?25h[?2026l[?2026h[?25l[2B[1G[2K[1A[2K[1A[2K[1A[2K[1A[2K[1A[2K[1A[2K[1A[2K[1A[2K[1A[2K[1A[2K[1A[2K[1A[2K[1A[2K[1A[2K[1A[2K[1A[2K[G[2m─── decisions s3 · c~ derived |2p−1| ────────────────────────────────── [d]ecisions [p]lan [t]imeline [s]ynth ─── plan ─[22m
[33mloop  run:python -m pytest -q›exit 0  x2/3[39m
s4 context show:.venv/lib… noul  ▎········· 0.03           │ plan  done 3  remaining 4  unverified 0  problems 1
s4 context show:.venv/lib… noul  ▎········· 0.03           │ [x] Ran tests: 7 passed, 0 failed, 0 errors… s2 done_0 0.93
s4 context show:.venv/lib… noul  ▎········· 0.03           │ [x] Ran tests: 7 passed, 0 failed, 0 errors… s3 done_0 0.94
s4 context show:.venv/lib… noul  ▎········· 0.02           │ [x] Ran tests again: 7 passed, 0 failed, 0 … s3 done_1 0.91
s4 context show:.venv/lib… noul  ▎········· 0.03           │ [ ] Confirm stability with one more verification run
s4 context show:.venv/lib… noul  ▎········· 0.03           │ [ ] Mark task complete if still passing
s4 context show:.venv/lib… noul  ▎········· 0.03           │ [ ] Re-verify test run to confirm stability
s4 context show:.venv/lib… noul  ▎········· 0.03           │ [ ] If confirmed passing, mark task complete
s4 context show:.venv/lib… noul  ▎········· 0.02           │ [!] human s2: Prefer the smallest change and run the tests…
s4 context show:.venv/lib… noul  ▎········· 0.03           │
s4 context show:.venv/lib… noul  ▎········· 0.03           │
s4 context show:.venv/lib… noul  ▎········· 0.02           │
[33m> [39m[2mType to steer the next step…   Esc pauses · Esc Esc aborts[22m
⠸ context            step 3/12 0m15s  run $0.04/1.00 ok  sess $0.00/5.00 ok  ⎇ main · 1~ 1091?  jev ▃▂▁▅▂▂▂▅▂▃▂▅  ? help
[2A[3G[?25h[?2026l[?2026h[?25l[2B[1G[2K[1A[2K[1A[2K[1A[2K[1A[2K[1A[2K[1A[2K[1A[2K[1A[2K[1A[2K[1A[2K[1A[2K[1A[2K[1A[2K[1A[2K[1A[2K[1A[2K[G[2m─── decisions s3 · c~ derived |2p−1| ────────────────────────────────── [d]ecisions [p]lan [t]imeline [s]ynth ─── plan ─[22m
[33mloop  run:python -m pytest -q›exit 0  x2/3[39m
s4 context show:.venv/lib… noul  ▎········· 0.03           │ plan  done 3  remaining 4  unverified 0  problems 1
s4 context show:.venv/lib… noul  ▎········· 0.03           │ [x] Ran tests: 7 passed, 0 failed, 0 errors… s2 done_0 0.93
s4 context show:.venv/lib… noul  ▎········· 0.03           │ [x] Ran tests: 7 passed, 0 failed, 0 errors… s3 done_0 0.94
s4 context show:.venv/lib… noul  ▎········· 0.02           │ [x] Ran tests again: 7 passed, 0 failed, 0 … s3 done_1 0.91
s4 context show:.venv/lib… noul  ▎········· 0.03           │ [ ] Confirm stability with one more verification run
s4 context show:.venv/lib… noul  ▎········· 0.03           │ [ ] Mark task complete if still passing
s4 context show:.venv/lib… noul  ▎········· 0.03           │ [ ] Re-verify test run to confirm stability
s4 context show:.venv/lib… noul  ▎········· 0.03           │ [ ] If confirmed passing, mark task complete
s4 context show:.venv/lib… noul  ▎········· 0.02           │ [!] human s2: Prefer the smallest change and run the tests…
s4 context show:.venv/lib… noul  ▎········· 0.03           │
s4 context show:.venv/lib… noul  ▎········· 0.03           │
s4 context show:.venv/lib… noul  ▎········· 0.02           │
[33m> [39m[2mType to steer the next step…   Esc pauses · Esc Esc aborts[22m
⠼ context            step 3/12 0m15s  run $0.04/1.00 ok  sess $0.00/5.00 ok  ⎇ main · 1~ 1091?  jev ▃▂▁▅▂▂▂▅▂▃▂▅  ? help
[2A[3G[?25h[?2026l[?2026h[?25l[2B[1G[2K[1A[2K[1A[2K[1A[2K[1A[2K[1A[2K[1A[2K[1A[2K[1A[2K[1A[2K[1A[2K[1A[2K[1A[2K[1A[2K[1A[2K[1A[2K[1A[2K[G[2m─── decisions s3 · c~ derived |2p−1| ────────────────────────────────── [d]ecisions [p]lan [t]imeline [s]ynth ─── plan ─[22m
[33mloop  run:python -m pytest -q›exit 0  x2/3[39m
s4 context show:.venv/lib… noul  ▎········· 0.03           │ plan  done 3  remaining 4  unverified 0  problems 1
s4 context show:.venv/lib… noul  ▎········· 0.03           │ [x] Ran tests: 7 passed, 0 failed, 0 errors… s2 done_0 0.93
s4 context show:.venv/lib… noul  ▎········· 0.03           │ [x] Ran tests: 7 passed, 0 failed, 0 errors… s3 done_0 0.94
s4 context show:.venv/lib… noul  ▎········· 0.02           │ [x] Ran tests again: 7 passed, 0 failed, 0 … s3 done_1 0.91
s4 context show:.venv/lib… noul  ▎········· 0.03           │ [ ] Confirm stability with one more verification run
s4 context show:.venv/lib… noul  ▎········· 0.03           │ [ ] Mark task complete if still passing
s4 context show:.venv/lib… noul  ▎········· 0.03           │ [ ] Re-verify test run to confirm stability
s4 context show:.venv/lib… noul  ▎········· 0.03           │ [ ] If confirmed passing, mark task complete
s4 context show:.venv/lib… noul  ▎········· 0.02           │ [!] human s2: Prefer the smallest change and run the tests…
s4 context show:.venv/lib… noul  ▎········· 0.03           │
s4 context show:.venv/lib… noul  ▎········· 0.03           │
s4 context show:.venv/lib… noul  ▎········· 0.02           │
[33m> [39m[2mType to steer the next step…   Esc pauses · Esc Esc aborts[22m
⠴ context            step 3/12 0m15s  run $0.04/1.00 ok  sess $0.00/5.00 ok  ⎇ main · 1~ 1091?  jev ▃▂▁▅▂▂▂▅▂▃▂▅  ? help
[2A[3G[?25h[?2026l[?2026h[?25l[2B[1G[2K[1A[2K[1A[2K[1A[2K[1A[2K[1A[2K[1A[2K[1A[2K[1A[2K[1A[2K[1A[2K[1A[2K[1A[2K[1A[2K[1A[2K[1A[2K[1A[2K[G[2m─── decisions s3 · c~ derived |2p−1| ────────────────────────────────── [d]ecisions [p]lan [t]imeline [s]ynth ─── plan ─[22m
[33mloop  run:python -m pytest -q›exit 0  x2/3[39m
s4 context show:.venv/lib… noul  ▎········· 0.03           │ plan  done 3  remaining 4  unverified 0  problems 1
s4 context show:.venv/lib… noul  ▎········· 0.03           │ [x] Ran tests: 7 passed, 0 failed, 0 errors… s2 done_0 0.93
s4 context show:.venv/lib… noul  ▎········· 0.03           │ [x] Ran tests: 7 passed, 0 failed, 0 errors… s3 done_0 0.94
s4 context show:.venv/lib… noul  ▎········· 0.02           │ [x] Ran tests again: 7 passed, 0 failed, 0 … s3 done_1 0.91
s4 context show:.venv/lib… noul  ▎········· 0.03           │ [ ] Confirm stability with one more verification run
s4 context show:.venv/lib… noul  ▎········· 0.03           │ [ ] Mark task complete if still passing
s4 context show:.venv/lib… noul  ▎········· 0.03           │ [ ] Re-verify test run to confirm stability
s4 context show:.venv/lib… noul  ▎········· 0.03           │ [ ] If confirmed passing, mark task complete
s4 context show:.venv/lib… noul  ▎········· 0.02           │ [!] human s2: Prefer the smallest change and run the tests…
s4 context show:.venv/lib… noul  ▎········· 0.03           │
s4 context show:.venv/lib… noul  ▎········· 0.03           │
s4 context show:.venv/lib… noul  ▎········· 0.02           │
[33m> [39m[2mType to steer the next step…   Esc pauses · Esc Esc aborts[22m
⠴ context            step 3/12 0m16s  run $0.04/1.00 ok  sess $0.00/5.00 ok  ⎇ main · 1~ 1091?  jev ▃▂▁▅▂▂▂▅▂▃▂▅  ? help
[2A[3G[?25h[?2026l[?2026h[?25l[2B[1G[2K[1A[2K[1A[2K[1A[2K[1A[2K[1A[2K[1A[2K[1A[2K[1A[2K[1A[2K[1A[2K[1A[2K[1A[2K[1A[2K[1A[2K[1A[2K[1A[2K[G[2m─── decisions s3 · c~ derived |2p−1| ────────────────────────────────── [d]ecisions [p]lan [t]imeline [s]ynth ─── plan ─[22m
[33mloop  run:python -m pytest -q›exit 0  x2/3[39m
s4 context show:.venv/lib… noul  ▎········· 0.03           │ plan  done 3  remaining 4  unverified 0  problems 1
s4 context show:.venv/lib… noul  ▎········· 0.03           │ [x] Ran tests: 7 passed, 0 failed, 0 errors… s2 done_0 0.93
s4 context show:.venv/lib… noul  ▎········· 0.03           │ [x] Ran tests: 7 passed, 0 failed, 0 errors… s3 done_0 0.94
s4 context show:.venv/lib… noul  ▎········· 0.02           │ [x] Ran tests again: 7 passed, 0 failed, 0 … s3 done_1 0.91
s4 context show:.venv/lib… noul  ▎········· 0.03           │ [ ] Confirm stability with one more verification run
s4 context show:.venv/lib… noul  ▎········· 0.03           │ [ ] Mark task complete if still passing
s4 context show:.venv/lib… noul  ▎········· 0.03           │ [ ] Re-verify test run to confirm stability
s4 context show:.venv/lib… noul  ▎········· 0.03           │ [ ] If confirmed passing, mark task complete
s4 context show:.venv/lib… noul  ▎········· 0.02           │ [!] human s2: Prefer the smallest change and run the tests…
s4 context show:.venv/lib… noul  ▎········· 0.03           │
s4 context show:.venv/lib… noul  ▎········· 0.03           │
s4 context show:.venv/lib… noul  ▎········· 0.02           │
[33m> [39m[2mType to steer the next step…   Esc pauses · Esc Esc aborts[22m
⠦ context            step 3/12 0m16s  run $0.04/1.00 ok  sess $0.00/5.00 ok  ⎇ main · 1~ 1091?  jev ▃▂▁▅▂▂▂▅▂▃▂▅  ? help
[2A[3G[?25h[?2026l[?2026h[?25l[2B[1G[2K[1A[2K[1A[2K[1A[2K[1A[2K[1A[2K[1A[2K[1A[2K[1A[2K[1A[2K[1A[2K[1A[2K[1A[2K[1A[2K[1A[2K[1A[2K[1A[2K[G[2m─── decisions s3 · c~ derived |2p−1| ────────────────────────────────── [d]ecisions [p]lan [t]imeline [s]ynth ─── plan ─[22m
[33mloop  run:python -m pytest -q›exit 0  x2/3[39m
s4 context show:.venv/lib… noul  ▎········· 0.03           │ plan  done 3  remaining 4  unverified 0  problems 1
s4 context show:.venv/lib… noul  ▎········· 0.03           │ [x] Ran tests: 7 passed, 0 failed, 0 errors… s2 done_0 0.93
s4 context show:.venv/lib… noul  ▎········· 0.03           │ [x] Ran tests: 7 passed, 0 failed, 0 errors… s3 done_0 0.94
s4 context show:.venv/lib… noul  ▎········· 0.02           │ [x] Ran tests again: 7 passed, 0 failed, 0 … s3 done_1 0.91
s4 context show:.venv/lib… noul  ▎········· 0.03           │ [ ] Confirm stability with one more verification run
s4 context show:.venv/lib… noul  ▎········· 0.03           │ [ ] Mark task complete if still passing
s4 context show:.venv/lib… noul  ▎········· 0.03           │ [ ] Re-verify test run to confirm stability
s4 context show:.venv/lib… noul  ▎········· 0.03           │ [ ] If confirmed passing, mark task complete
s4 context show:.venv/lib… noul  ▎········· 0.02           │ [!] human s2: Prefer the smallest change and run the tests…
s4 context show:.venv/lib… noul  ▎········· 0.03           │
s4 context show:.venv/lib… noul  ▎········· 0.03           │
s4 context show:.venv/lib… noul  ▎········· 0.02           │
[33m> [39m[2mType to steer the next step…   Esc pauses · Esc Esc aborts[22m
⠧ context            step 3/12 0m16s  run $0.04/1.00 ok  sess $0.00/5.00 ok  ⎇ main · 1~ 1091?  jev ▃▂▁▅▂▂▂▅▂▃▂▅  ? help
[2A[3G[?25h[?2026l[?2026h[?25l[2B[1G[2K[1A[2K[1A[2K[1A[2K[1A[2K[1A[2K[1A[2K[1A[2K[1A[2K[1A[2K[1A[2K[1A[2K[1A[2K[1A[2K[1A[2K[1A[2K[1A[2K[G[2m─── decisions s3 · c~ derived |2p−1| ────────────────────────────────── [d]ecisions [p]lan [t]imeline [s]ynth ─── plan ─[22m
[33mloop  run:python -m pytest -q›exit 0  x2/3[39m
s4 context show:.venv/lib… noul  ▎········· 0.03           │ plan  done 3  remaining 4  unverified 0  problems 1
s4 context show:.venv/lib… noul  ▎········· 0.03           │ [x] Ran tests: 7 passed, 0 failed, 0 errors… s2 done_0 0.93
s4 context show:.venv/lib… noul  ▎········· 0.03           │ [x] Ran tests: 7 passed, 0 failed, 0 errors… s3 done_0 0.94
s4 context show:.venv/lib… noul  ▎········· 0.02           │ [x] Ran tests again: 7 passed, 0 failed, 0 … s3 done_1 0.91
s4 context show:.venv/lib… noul  ▎········· 0.03           │ [ ] Confirm stability with one more verification run
s4 context show:.venv/lib… noul  ▎········· 0.03           │ [ ] Mark task complete if still passing
s4 context show:.venv/lib… noul  ▎········· 0.03           │ [ ] Re-verify test run to confirm stability
s4 context show:.venv/lib… noul  ▎········· 0.03           │ [ ] If confirmed passing, mark task complete
s4 context show:.venv/lib… noul  ▎········· 0.02           │ [!] human s2: Prefer the smallest change and run the tests…
s4 context show:.venv/lib… noul  ▎········· 0.03           │
s4 context show:.venv/lib… noul  ▎········· 0.03           │
s4 context show:.venv/lib… noul  ▎········· 0.02           │
[33m> [39m[2mType to steer the next step…   Esc pauses · Esc Esc aborts[22m
⠇ context            step 3/12 0m16s  run $0.04/1.00 ok  sess $0.00/5.00 ok  ⎇ main · 1~ 1091?  jev ▃▂▁▅▂▂▂▅▂▃▂▅  ? help
[2A[3G[?25h[?2026l[?2026h[?25l[2B[1G[2K[1A[2K[1A[2K[1A[2K[1A[2K[1A[2K[1A[2K[1A[2K[1A[2K[1A[2K[1A[2K[1A[2K[1A[2K[1A[2K[1A[2K[1A[2K[1A[2K[G[2m─── decisions s3 · c~ derived |2p−1| ────────────────────────────────── [d]ecisions [p]lan [t]imeline [s]ynth ─── plan ─[22m
[33mloop  run:python -m pytest -q›exit 0  x2/3[39m
s4 context show:.venv/lib… noul  ▎········· 0.03           │ plan  done 3  remaining 4  unverified 0  problems 1
s4 context show:.venv/lib… noul  ▎········· 0.03           │ [x] Ran tests: 7 passed, 0 failed, 0 errors… s2 done_0 0.93
s4 context show:.venv/lib… noul  ▎········· 0.03           │ [x] Ran tests: 7 passed, 0 failed, 0 errors… s3 done_0 0.94
s4 context show:.venv/lib… noul  ▎········· 0.02           │ [x] Ran tests again: 7 passed, 0 failed, 0 … s3 done_1 0.91
s4 context show:.venv/lib… noul  ▎········· 0.03           │ [ ] Confirm stability with one more verification run
s4 context show:.venv/lib… noul  ▎········· 0.03           │ [ ] Mark task complete if still passing
s4 context show:.venv/lib… noul  ▎········· 0.03           │ [ ] Re-verify test run to confirm stability
s4 context show:.venv/lib… noul  ▎········· 0.03           │ [ ] If confirmed passing, mark task complete
s4 context show:.venv/lib… noul  ▎········· 0.02           │ [!] human s2: Prefer the smallest change and run the tests…
s4 context show:.venv/lib… noul  ▎········· 0.03           │
s4 context show:.venv/lib… noul  ▎········· 0.03           │
s4 context show:.venv/lib… noul  ▎········· 0.02           │
[33m> [39m[2mType to steer the next step…   Esc pauses · Esc Esc aborts[22m
⠏ context            step 3/12 0m16s  run $0.04/1.00 ok  sess $0.00/5.00 ok  ⎇ main · 1~ 1091?  jev ▃▂▁▅▂▂▂▅▂▃▂▅  ? help
[2A[3G[?25h[?2026l[?2026h[?25l[2B[1G[2K[1A[2K[1A[2K[1A[2K[1A[2K[1A[2K[1A[2K[1A[2K[1A[2K[1A[2K[1A[2K[1A[2K[1A[2K[1A[2K[1A[2K[1A[2K[1A[2K[G[2m─── decisions s3 · c~ derived |2p−1| ────────────────────────────────── [d]ecisions [p]lan [t]imeline [s]ynth ─── plan ─[22m
[33mloop  run:python -m pytest -q›exit 0  x2/3[39m
s4 context show:.venv/lib… noul  ▎········· 0.03           │ plan  done 3  remaining 4  unverified 0  problems 1
s4 context show:.venv/lib… noul  ▎········· 0.03           │ [x] Ran tests: 7 passed, 0 failed, 0 errors… s2 done_0 0.93
s4 context show:.venv/lib… noul  ▎········· 0.03           │ [x] Ran tests: 7 passed, 0 failed, 0 errors… s3 done_0 0.94
s4 context show:.venv/lib… noul  ▎········· 0.02           │ [x] Ran tests again: 7 passed, 0 failed, 0 … s3 done_1 0.91
s4 context show:.venv/lib… noul  ▎········· 0.03           │ [ ] Confirm stability with one more verification run
s4 context show:.venv/lib… noul  ▎········· 0.03           │ [ ] Mark task complete if still passing
s4 context show:.venv/lib… noul  ▎········· 0.03           │ [ ] Re-verify test run to confirm stability
s4 context show:.venv/lib… noul  ▎········· 0.03           │ [ ] If confirmed passing, mark task complete
s4 context show:.venv/lib… noul  ▎········· 0.02           │ [!] human s2: Prefer the smallest change and run the tests…
s4 context show:.venv/lib… noul  ▎········· 0.03           │
s4 context show:.venv/lib… noul  ▎········· 0.03           │
s4 context show:.venv/lib… noul  ▎········· 0.02           │
[33m> [39m[2mType to steer the next step…   Esc pauses · Esc Esc aborts[22m
⠋ context            step 3/12 0m16s  run $0.04/1.00 ok  sess $0.00/5.00 ok  ⎇ main · 1~ 1091?  jev ▃▂▁▅▂▂▂▅▂▃▂▅  ? help
[2A[3G[?25h[?2026l[?2026h[?25l[2B[1G[2K[1A[2K[1A[2K[1A[2K[1A[2K[1A[2K[1A[2K[1A[2K[1A[2K[1A[2K[1A[2K[1A[2K[1A[2K[1A[2K[1A[2K[1A[2K[1A[2K[G[2m─── decisions s3 · c~ derived |2p−1| ────────────────────────────────── [d]ecisions [p]lan [t]imeline [s]ynth ─── plan ─[22m
[33mloop  run:python -m pytest -q›exit 0  x2/3[39m
s4 context show:.venv/lib… noul  ▎········· 0.03           │ plan  done 3  remaining 4  unverified 0  problems 1
s4 context show:.venv/lib… noul  ▎········· 0.03           │ [x] Ran tests: 7 passed, 0 failed, 0 errors… s2 done_0 0.93
s4 context show:.venv/lib… noul  ▎········· 0.03           │ [x] Ran tests: 7 passed, 0 failed, 0 errors… s3 done_0 0.94
s4 context show:.venv/lib… noul  ▎········· 0.02           │ [x] Ran tests again: 7 passed, 0 failed, 0 … s3 done_1 0.91
s4 context show:.venv/lib… noul  ▎········· 0.03           │ [ ] Confirm stability with one more verification run
s4 context show:.venv/lib… noul  ▎········· 0.03           │ [ ] Mark task complete if still passing
s4 context show:.venv/lib… noul  ▎········· 0.03           │ [ ] Re-verify test run to confirm stability
s4 context show:.venv/lib… noul  ▎········· 0.03           │ [ ] If confirmed passing, mark task complete
s4 context show:.venv/lib… noul  ▎········· 0.02           │ [!] human s2: Prefer the smallest change and run the tests…
s4 context show:.venv/lib… noul  ▎········· 0.03           │
s4 context show:.venv/lib… noul  ▎········· 0.03           │
s4 context show:.venv/lib… noul  ▎········· 0.02           │
[33m> [39m[2mType to steer the next step…   Esc pauses · Esc Esc aborts[22m
⠙ context            step 3/12 0m16s  run $0.04/1.00 ok  sess $0.00/5.00 ok  ⎇ main · 1~ 1091?  jev ▃▂▁▅▂▂▂▅▂▃▂▅  ? help
[2A[3G[?25h[?2026l[?2026h[?25l[2B[1G[2K[1A[2K[1A[2K[1A[2K[1A[2K[1A[2K[1A[2K[1A[2K[1A[2K[1A[2K[1A[2K[1A[2K[1A[2K[1A[2K[1A[2K[1A[2K[1A[2K[G[2m─── decisions s3 · c~ derived |2p−1| ────────────────────────────────── [d]ecisions [p]lan [t]imeline [s]ynth ─── plan ─[22m
[33mloop  run:python -m pytest -q›exit 0  x2/3[39m
s4 context show:.venv/lib… noul  ▎········· 0.03           │ plan  done 3  remaining 4  unverified 0  problems 1
s4 context show:.venv/lib… noul  ▎········· 0.03           │ [x] Ran tests: 7 passed, 0 failed, 0 errors… s2 done_0 0.93
s4 context show:.venv/lib… noul  ▎········· 0.03           │ [x] Ran tests: 7 passed, 0 failed, 0 errors… s3 done_0 0.94
s4 context show:.venv/lib… noul  ▎········· 0.02           │ [x] Ran tests again: 7 passed, 0 failed, 0 … s3 done_1 0.91
s4 context show:.venv/lib… noul  ▎········· 0.03           │ [ ] Confirm stability with one more verification run
s4 context show:.venv/lib… noul  ▎········· 0.03           │ [ ] Mark task complete if still passing
s4 context show:.venv/lib… noul  ▎········· 0.03           │ [ ] Re-verify test run to confirm stability
s4 context show:.venv/lib… noul  ▎········· 0.03           │ [ ] If confirmed passing, mark task complete
s4 context show:.venv/lib… noul  ▎········· 0.02           │ [!] human s2: Prefer the smallest change and run the tests…
s4 context show:.venv/lib… noul  ▎········· 0.03           │
s4 context show:.venv/lib… noul  ▎········· 0.03           │
s4 context show:.venv/lib… noul  ▎········· 0.02           │
[33m> [39m[2mType to steer the next step…   Esc pauses · Esc Esc aborts[22m
⠹ context            step 3/12 0m16s  run $0.04/1.00 ok  sess $0.00/5.00 ok  ⎇ main · 1~ 1091?  jev ▃▂▁▅▂▂▂▅▂▃▂▅  ? help
[2A[3G[?25h[?2026l[?2026h[?25l[2B[1G[2K[1A[2K[1A[2K[1A[2K[1A[2K[1A[2K[1A[2K[1A[2K[1A[2K[1A[2K[1A[2K[1A[2K[1A[2K[1A[2K[1A[2K[1A[2K[1A[2K[G[2m─── decisions s3 · c~ derived |2p−1| ────────────────────────────────── [d]ecisions [p]lan [t]imeline [s]ynth ─── plan ─[22m
streaming action… 93 chars
[33mloop  run:python -m pytest -q›exit 0  x2/3[39m
s4 context show:.venv/lib… noul  ▎········· 0.03           │ plan  done 3  remaining 4  unverified 0  problems 1
s4 context show:.venv/lib… noul  ▎········· 0.03           │ [x] Ran tests: 7 passed, 0 failed, 0 errors… s2 done_0 0.93
s4 context show:.venv/lib… noul  ▎········· 0.03           │ [x] Ran tests: 7 passed, 0 failed, 0 errors… s3 done_0 0.94
s4 context show:.venv/lib… noul  ▎········· 0.02           │ [x] Ran tests again: 7 passed, 0 failed, 0 … s3 done_1 0.91
s4 context show:.venv/lib… noul  ▎········· 0.03           │ [ ] Confirm stability with one more verification run
s4 context show:.venv/lib… noul  ▎········· 0.03           │ [ ] Mark task complete if still passing
s4 context show:.venv/lib… noul  ▎········· 0.03           │ [ ] Re-verify test run to confirm stability
s4 context show:.venv/lib… noul  ▎········· 0.03           │ [ ] If confirmed passing, mark task complete
s4 context show:.venv/lib… noul  ▎········· 0.02           │ [!] human s2: Prefer the smallest change and run the tests…
s4 context show:.venv/lib… noul  ▎········· 0.03           │
s4 context show:.venv/lib… noul  ▎········· 0.03           │
s4 context show:.venv/lib… noul  ▎········· 0.02           │
[33m> [39m[2mType to steer the next step…   Esc pauses · Esc Esc aborts[22m
⠹ context            step 3/12 0m16s  run $0.04/1.00 ok  sess $0.00/5.00 ok  ⎇ main · 1~ 1091?  jev ▃▂▁▅▂▂▂▅▂▃▂▅  ? help
[2A[3G[?25h[?2026l[?2026h[?25l[2B[1G[2K[1A[2K[1A[2K[1A[2K[1A[2K[1A[2K[1A[2K[1A[2K[1A[2K[1A[2K[1A[2K[1A[2K[1A[2K[1A[2K[1A[2K[1A[2K[1A[2K[1A[2K[G[2m─── decisions s3 · c~ derived |2p−1| ────────────────────────────────── [d]ecisions [p]lan [t]imeline [s]ynth ─── plan ─[22m
streaming action… 93 chars
[33mloop  run:python -m pytest -q›exit 0  x2/3[39m
s4 context show:.venv/lib… noul  ▎········· 0.03           │ plan  done 3  remaining 4  unverified 0  problems 1
s4 context show:.venv/lib… noul  ▎········· 0.03           │ [x] Ran tests: 7 passed, 0 failed, 0 errors… s2 done_0 0.93
s4 context show:.venv/lib… noul  ▎········· 0.03           │ [x] Ran tests: 7 passed, 0 failed, 0 errors… s3 done_0 0.94
s4 context show:.venv/lib… noul  ▎········· 0.02           │ [x] Ran tests again: 7 passed, 0 failed, 0 … s3 done_1 0.91
s4 context show:.venv/lib… noul  ▎········· 0.03           │ [ ] Confirm stability with one more verification run
s4 context show:.venv/lib… noul  ▎········· 0.03           │ [ ] Mark task complete if still passing
s4 context show:.venv/lib… noul  ▎········· 0.03           │ [ ] Re-verify test run to confirm stability
s4 context show:.venv/lib… noul  ▎········· 0.03           │ [ ] If confirmed passing, mark task complete
s4 context show:.venv/lib… noul  ▎········· 0.02           │ [!] human s2: Prefer the smallest change and run the tests…
s4 context show:.venv/lib… noul  ▎········· 0.03           │
s4 context show:.venv/lib… noul  ▎········· 0.03           │
s4 context show:.venv/lib… noul  ▎········· 0.02           │
[33m> [39m[2mType to steer the next step…   Esc pauses · Esc Esc aborts[22m
⠸ context            step 3/12 0m16s  run $0.04/1.00 ok  sess $0.00/5.00 ok  ⎇ main · 1~ 1091?  jev ▃▂▁▅▂▂▂▅▂▃▂▅  ? help
[2A[3G[?25h[?2026l[?2026h[?25l[2B[1G[2K[1A[2K[1A[2K[1A[2K[1A[2K[1A[2K[1A[2K[1A[2K[1A[2K[1A[2K[1A[2K[1A[2K[1A[2K[1A[2K[1A[2K[1A[2K[1A[2K[1A[2K[G[2m─── decisions s3 · c~ derived |2p−1| ────────────────────────────────── [d]ecisions [p]lan [t]imeline [s]ynth ─── plan ─[22m
streaming action… 93 chars
[33mloop  run:python -m pytest -q›exit 0  x2/3[39m
s4 context show:.venv/lib… noul  ▎········· 0.03           │ plan  done 3  remaining 4  unverified 0  problems 1
s4 context show:.venv/lib… noul  ▎········· 0.03           │ [x] Ran tests: 7 passed, 0 failed, 0 errors… s2 done_0 0.93
s4 context show:.venv/lib… noul  ▎········· 0.03           │ [x] Ran tests: 7 passed, 0 failed, 0 errors… s3 done_0 0.94
s4 context show:.venv/lib… noul  ▎········· 0.02           │ [x] Ran tests again: 7 passed, 0 failed, 0 … s3 done_1 0.91
s4 context show:.venv/lib… noul  ▎········· 0.03           │ [ ] Confirm stability with one more verification run
s4 context show:.venv/lib… noul  ▎········· 0.03           │ [ ] Mark task complete if still passing
s4 context show:.venv/lib… noul  ▎········· 0.03           │ [ ] Re-verify test run to confirm stability
s4 context show:.venv/lib… noul  ▎········· 0.03           │ [ ] If confirmed passing, mark task complete
s4 context show:.venv/lib… noul  ▎········· 0.02           │ [!] human s2: Prefer the smallest change and run the tests…
s4 context show:.venv/lib… noul  ▎········· 0.03           │
s4 context show:.venv/lib… noul  ▎········· 0.03           │
s4 context show:.venv/lib… noul  ▎········· 0.02           │
[33m> [39m[2mType to steer the next step…   Esc pauses · Esc Esc aborts[22m
⠸ context            step 3/12 0m17s  run $0.04/1.00 ok  sess $0.00/5.00 ok  ⎇ main · 1~ 1091?  jev ▃▂▁▅▂▂▂▅▂▃▂▅  ? help
[2A[3G[?25h[?2026l[?2026h[?25l[2B[1G[2K[1A[2K[1A[2K[1A[2K[1A[2K[1A[2K[1A[2K[1A[2K[1A[2K[1A[2K[1A[2K[1A[2K[1A[2K[1A[2K[1A[2K[1A[2K[1A[2K[1A[2K[G[2m─── decisions s3 · c~ derived |2p−1| ────────────────────────────────── [d]ecisions [p]lan [t]imeline [s]ynth ─── plan ─[22m
streaming action… 108 chars
[33mloop  run:python -m pytest -q›exit 0  x2/3[39m
s4 context show:.venv/lib… noul  ▎········· 0.03           │ plan  done 3  remaining 4  unverified 0  problems 1
s4 context show:.venv/lib… noul  ▎········· 0.03           │ [x] Ran tests: 7 passed, 0 failed, 0 errors… s2 done_0 0.93
s4 context show:.venv/lib… noul  ▎········· 0.03           │ [x] Ran tests: 7 passed, 0 failed, 0 errors… s3 done_0 0.94
s4 context show:.venv/lib… noul  ▎········· 0.02           │ [x] Ran tests again: 7 passed, 0 failed, 0 … s3 done_1 0.91
s4 context show:.venv/lib… noul  ▎········· 0.03           │ [ ] Confirm stability with one more verification run
s4 context show:.venv/lib… noul  ▎········· 0.03           │ [ ] Mark task complete if still passing
s4 context show:.venv/lib… noul  ▎········· 0.03           │ [ ] Re-verify test run to confirm stability
s4 context show:.venv/lib… noul  ▎········· 0.03           │ [ ] If confirmed passing, mark task complete
s4 context show:.venv/lib… noul  ▎········· 0.02           │ [!] human s2: Prefer the smallest change and run the tests…
s4 context show:.venv/lib… noul  ▎········· 0.03           │
s4 context show:.venv/lib… noul  ▎········· 0.03           │
s4 context show:.venv/lib… noul  ▎········· 0.02           │
[33m> [39m[2mType to steer the next step…   Esc pauses · Esc Esc aborts[22m
⠸ context            step 3/12 0m17s  run $0.04/1.00 ok  sess $0.00/5.00 ok  ⎇ main · 1~ 1091?  jev ▃▂▁▅▂▂▂▅▂▃▂▅  ? help
[2A[3G[?25h[?2026l[?2026h[?25l[2B[1G[2K[1A[2K[1A[2K[1A[2K[1A[2K[1A[2K[1A[2K[1A[2K[1A[2K[1A[2K[1A[2K[1A[2K[1A[2K[1A[2K[1A[2K[1A[2K[1A[2K[1A[2K[G[2m─── decisions s3 · c~ derived |2p−1| ────────────────────────────────── [d]ecisions [p]lan [t]imeline [s]ynth ─── plan ─[22m
streaming action… 108 chars
[33mloop  run:python -m pytest -q›exit 0  x2/3[39m
s4 context show:.venv/lib… noul  ▎········· 0.03           │ plan  done 3  remaining 4  unverified 0  problems 1
s4 context show:.venv/lib… noul  ▎········· 0.03           │ [x] Ran tests: 7 passed, 0 failed, 0 errors… s2 done_0 0.93
s4 context show:.venv/lib… noul  ▎········· 0.03           │ [x] Ran tests: 7 passed, 0 failed, 0 errors… s3 done_0 0.94
s4 context show:.venv/lib… noul  ▎········· 0.02           │ [x] Ran tests again: 7 passed, 0 failed, 0 … s3 done_1 0.91
s4 context show:.venv/lib… noul  ▎········· 0.03           │ [ ] Confirm stability with one more verification run
s4 context show:.venv/lib… noul  ▎········· 0.03           │ [ ] Mark task complete if still passing
s4 context show:.venv/lib… noul  ▎········· 0.03           │ [ ] Re-verify test run to confirm stability
s4 context show:.venv/lib… noul  ▎········· 0.03           │ [ ] If confirmed passing, mark task complete
s4 context show:.venv/lib… noul  ▎········· 0.02           │ [!] human s2: Prefer the smallest change and run the tests…
s4 context show:.venv/lib… noul  ▎········· 0.03           │
s4 context show:.venv/lib… noul  ▎········· 0.03           │
s4 context show:.venv/lib… noul  ▎········· 0.02           │
[33m> [39m[2mType to steer the next step…   Esc pauses · Esc Esc aborts[22m
⠼ context            step 3/12 0m17s  run $0.04/1.00 ok  sess $0.00/5.00 ok  ⎇ main · 1~ 1091?  jev ▃▂▁▅▂▂▂▅▂▃▂▅  ? help
[2A[3G[?25h[?2026l[?2026h[?25l[2B[1G[2K[1A[2K[1A[2K[1A[2K[1A[2K[1A[2K[1A[2K[1A[2K[1A[2K[1A[2K[1A[2K[1A[2K[1A[2K[1A[2K[1A[2K[1A[2K[1A[2K[1A[2K[G[2m─── decisions s3 · c~ derived |2p−1| ────────────────────────────────── [d]ecisions [p]lan [t]imeline [s]ynth ─── plan ─[22m
streaming action… 124 chars
[33mloop  run:python -m pytest -q›exit 0  x2/3[39m
s4 context show:.venv/lib… noul  ▎········· 0.03           │ plan  done 3  remaining 4  unverified 0  problems 1
s4 context show:.venv/lib… noul  ▎········· 0.03           │ [x] Ran tests: 7 passed, 0 failed, 0 errors… s2 done_0 0.93
s4 context show:.venv/lib… noul  ▎········· 0.03           │ [x] Ran tests: 7 passed, 0 failed, 0 errors… s3 done_0 0.94
s4 context show:.venv/lib… noul  ▎········· 0.02           │ [x] Ran tests again: 7 passed, 0 failed, 0 … s3 done_1 0.91
s4 context show:.venv/lib… noul  ▎········· 0.03           │ [ ] Confirm stability with one more verification run
s4 context show:.venv/lib… noul  ▎········· 0.03           │ [ ] Mark task complete if still passing
s4 context show:.venv/lib… noul  ▎········· 0.03           │ [ ] Re-verify test run to confirm stability
s4 context show:.venv/lib… noul  ▎········· 0.03           │ [ ] If confirmed passing, mark task complete
s4 context show:.venv/lib… noul  ▎········· 0.02           │ [!] human s2: Prefer the smallest change and run the tests…
s4 context show:.venv/lib… noul  ▎········· 0.03           │
s4 context show:.venv/lib… noul  ▎········· 0.03           │
s4 context show:.venv/lib… noul  ▎········· 0.02           │
[33m> [39m[2mType to steer the next step…   Esc pauses · Esc Esc aborts[22m
⠼ context            step 3/12 0m17s  run $0.04/1.00 ok  sess $0.00/5.00 ok  ⎇ main · 1~ 1091?  jev ▃▂▁▅▂▂▂▅▂▃▂▅  ? help
[2A[3G[?25h[?2026l[?2026h[?25l[2B[1G[2K[1A[2K[1A[2K[1A[2K[1A[2K[1A[2K[1A[2K[1A[2K[1A[2K[1A[2K[1A[2K[1A[2K[1A[2K[1A[2K[1A[2K[1A[2K[1A[2K[1A[2K[G[2m─── decisions s3 · c~ derived |2p−1| ────────────────────────────────── [d]ecisions [p]lan [t]imeline [s]ynth ─── plan ─[22m
streaming action… 124 chars
[33mloop  run:python -m pytest -q›exit 0  x2/3[39m
s4 context show:.venv/lib… noul  ▎········· 0.03           │ plan  done 3  remaining 4  unverified 0  problems 1
s4 context show:.venv/lib… noul  ▎········· 0.03           │ [x] Ran tests: 7 passed, 0 failed, 0 errors… s2 done_0 0.93
s4 context show:.venv/lib… noul  ▎········· 0.03           │ [x] Ran tests: 7 passed, 0 failed, 0 errors… s3 done_0 0.94
s4 context show:.venv/lib… noul  ▎········· 0.02           │ [x] Ran tests again: 7 passed, 0 failed, 0 … s3 done_1 0.91
s4 context show:.venv/lib… noul  ▎········· 0.03           │ [ ] Confirm stability with one more verification run
s4 context show:.venv/lib… noul  ▎········· 0.03           │ [ ] Mark task complete if still passing
s4 context show:.venv/lib… noul  ▎········· 0.03           │ [ ] Re-verify test run to confirm stability
s4 context show:.venv/lib… noul  ▎········· 0.03           │ [ ] If confirmed passing, mark task complete
s4 context show:.venv/lib… noul  ▎········· 0.02           │ [!] human s2: Prefer the smallest change and run the tests…
s4 context show:.venv/lib… noul  ▎········· 0.03           │
s4 context show:.venv/lib… noul  ▎········· 0.03           │
s4 context show:.venv/lib… noul  ▎········· 0.02           │
[33m> [39m[2mType to steer the next step…   Esc pauses · Esc Esc aborts[22m
⠴ context            step 3/12 0m17s  run $0.04/1.00 ok  sess $0.00/5.00 ok  ⎇ main · 1~ 1091?  jev ▃▂▁▅▂▂▂▅▂▃▂▅  ? help
[2A[3G[?25h[?2026l[?2026h[?25l[2B[1G[2K[1A[2K[1A[2K[1A[2K[1A[2K[1A[2K[1A[2K[1A[2K[1A[2K[1A[2K[1A[2K[1A[2K[1A[2K[1A[2K[1A[2K[1A[2K[1A[2K[1A[2K[G[2m─── decisions s3 · c~ derived |2p−1| ────────────────────────────────── [d]ecisions [p]lan [t]imeline [s]ynth ─── plan ─[22m
streaming action… 165 chars
[33mloop  run:python -m pytest -q›exit 0  x2/3[39m
s4 context show:.venv/lib… noul  ▎········· 0.03           │ plan  done 3  remaining 4  unverified 0  problems 1
s4 context show:.venv/lib… noul  ▎········· 0.03           │ [x] Ran tests: 7 passed, 0 failed, 0 errors… s2 done_0 0.93
s4 context show:.venv/lib… noul  ▎········· 0.03           │ [x] Ran tests: 7 passed, 0 failed, 0 errors… s3 done_0 0.94
s4 context show:.venv/lib… noul  ▎········· 0.02           │ [x] Ran tests again: 7 passed, 0 failed, 0 … s3 done_1 0.91
s4 context show:.venv/lib… noul  ▎········· 0.03           │ [ ] Confirm stability with one more verification run
s4 context show:.venv/lib… noul  ▎········· 0.03           │ [ ] Mark task complete if still passing
s4 context show:.venv/lib… noul  ▎········· 0.03           │ [ ] Re-verify test run to confirm stability
s4 context show:.venv/lib… noul  ▎········· 0.03           │ [ ] If confirmed passing, mark task complete
s4 context show:.venv/lib… noul  ▎········· 0.02           │ [!] human s2: Prefer the smallest change and run the tests…
s4 context show:.venv/lib… noul  ▎········· 0.03           │
s4 context show:.venv/lib… noul  ▎········· 0.03           │
s4 context show:.venv/lib… noul  ▎········· 0.02           │
[33m> [39m[2mType to steer the next step…   Esc pauses · Esc Esc aborts[22m
⠴ context            step 3/12 0m17s  run $0.04/1.00 ok  sess $0.00/5.00 ok  ⎇ main · 1~ 1091?  jev ▃▂▁▅▂▂▂▅▂▃▂▅  ? help
[2A[3G[?25h[?2026l[?2026h[?25l[2B[1G[2K[1A[2K[1A[2K[1A[2K[1A[2K[1A[2K[1A[2K[1A[2K[1A[2K[1A[2K[1A[2K[1A[2K[1A[2K[1A[2K[1A[2K[1A[2K[1A[2K[1A[2K[G[2m─── decisions s3 · c~ derived |2p−1| ────────────────────────────────── [d]ecisions [p]lan [t]imeline [s]ynth ─── plan ─[22m
streaming action… 170 chars
[33mloop  run:python -m pytest -q›exit 0  x2/3[39m
s4 context show:.venv/lib… noul  ▎········· 0.03           │ plan  done 3  remaining 4  unverified 0  problems 1
s4 context show:.venv/lib… noul  ▎········· 0.03           │ [x] Ran tests: 7 passed, 0 failed, 0 errors… s2 done_0 0.93
s4 context show:.venv/lib… noul  ▎········· 0.03           │ [x] Ran tests: 7 passed, 0 failed, 0 errors… s3 done_0 0.94
s4 context show:.venv/lib… noul  ▎········· 0.02           │ [x] Ran tests again: 7 passed, 0 failed, 0 … s3 done_1 0.91
s4 context show:.venv/lib… noul  ▎········· 0.03           │ [ ] Confirm stability with one more verification run
s4 context show:.venv/lib… noul  ▎········· 0.03           │ [ ] Mark task complete if still passing
s4 context show:.venv/lib… noul  ▎········· 0.03           │ [ ] Re-verify test run to confirm stability
s4 context show:.venv/lib… noul  ▎········· 0.03           │ [ ] If confirmed passing, mark task complete
s4 context show:.venv/lib… noul  ▎········· 0.02           │ [!] human s2: Prefer the smallest change and run the tests…
s4 context show:.venv/lib… noul  ▎········· 0.03           │
s4 context show:.venv/lib… noul  ▎········· 0.03           │
s4 context show:.venv/lib… noul  ▎········· 0.02           │
[33m> [39m[2mType to steer the next step…   Esc pauses · Esc Esc aborts[22m
⠴ context            step 3/12 0m17s  run $0.04/1.00 ok  sess $0.00/5.00 ok  ⎇ main · 1~ 1091?  jev ▃▂▁▅▂▂▂▅▂▃▂▅  ? help
[2A[3G[?25h[?2026l[?2026h[?25l[2B[1G[2K[1A[2K[1A[2K[1A[2K[1A[2K[1A[2K[1A[2K[1A[2K[1A[2K[1A[2K[1A[2K[1A[2K[1A[2K[1A[2K[1A[2K[1A[2K[1A[2K[1A[2K[G[2m─── decisions s3 · c~ derived |2p−1| ────────────────────────────────── [d]ecisions [p]lan [t]imeline [s]ynth ─── plan ─[22m
streaming action… 170 chars
[33mloop  run:python -m pytest -q›exit 0  x2/3[39m
s4 context show:.venv/lib… noul  ▎········· 0.03           │ plan  done 3  remaining 4  unverified 0  problems 1
s4 context show:.venv/lib… noul  ▎········· 0.03           │ [x] Ran tests: 7 passed, 0 failed, 0 errors… s2 done_0 0.93
s4 context show:.venv/lib… noul  ▎········· 0.03           │ [x] Ran tests: 7 passed, 0 failed, 0 errors… s3 done_0 0.94
s4 context show:.venv/lib… noul  ▎········· 0.02           │ [x] Ran tests again: 7 passed, 0 failed, 0 … s3 done_1 0.91
s4 context show:.venv/lib… noul  ▎········· 0.03           │ [ ] Confirm stability with one more verification run
s4 context show:.venv/lib… noul  ▎········· 0.03           │ [ ] Mark task complete if still passing
s4 context show:.venv/lib… noul  ▎········· 0.03           │ [ ] Re-verify test run to confirm stability
s4 context show:.venv/lib… noul  ▎········· 0.03           │ [ ] If confirmed passing, mark task complete
s4 context show:.venv/lib… noul  ▎········· 0.02           │ [!] human s2: Prefer the smallest change and run the tests…
s4 context show:.venv/lib… noul  ▎········· 0.03           │
s4 context show:.venv/lib… noul  ▎········· 0.03           │
s4 context show:.venv/lib… noul  ▎········· 0.02           │
[33m> [39m[2mType to steer the next step…   Esc pauses · Esc Esc aborts[22m
⠦ context            step 3/12 0m17s  run $0.04/1.00 ok  sess $0.00/5.00 ok  ⎇ main · 1~ 1091?  jev ▃▂▁▅▂▂▂▅▂▃▂▅  ? help
[2A[3G[?25h[?2026l[?2026h[?25l[2B[1G[2K[1A[2K[1A[2K[1A[2K[1A[2K[1A[2K[1A[2K[1A[2K[1A[2K[1A[2K[1A[2K[1A[2K[1A[2K[1A[2K[1A[2K[1A[2K[1A[2K[1A[2K[G[2m─── decisions s3 · c~ derived |2p−1| ────────────────────────────────── [d]ecisions [p]lan [t]imeline [s]ynth ─── plan ─[22m
streaming action… 196 chars
[33mloop  run:python -m pytest -q›exit 0  x2/3[39m
s4 context show:.venv/lib… noul  ▎········· 0.03           │ plan  done 3  remaining 4  unverified 0  problems 1
s4 context show:.venv/lib… noul  ▎········· 0.03           │ [x] Ran tests: 7 passed, 0 failed, 0 errors… s2 done_0 0.93
s4 context show:.venv/lib… noul  ▎········· 0.03           │ [x] Ran tests: 7 passed, 0 failed, 0 errors… s3 done_0 0.94
s4 context show:.venv/lib… noul  ▎········· 0.02           │ [x] Ran tests again: 7 passed, 0 failed, 0 … s3 done_1 0.91
s4 context show:.venv/lib… noul  ▎········· 0.03           │ [ ] Confirm stability with one more verification run
s4 context show:.venv/lib… noul  ▎········· 0.03           │ [ ] Mark task complete if still passing
s4 context show:.venv/lib… noul  ▎········· 0.03           │ [ ] Re-verify test run to confirm stability
s4 context show:.venv/lib… noul  ▎········· 0.03           │ [ ] If confirmed passing, mark task complete
s4 context show:.venv/lib… noul  ▎········· 0.02           │ [!] human s2: Prefer the smallest change and run the tests…
s4 context show:.venv/lib… noul  ▎········· 0.03           │
s4 context show:.venv/lib… noul  ▎········· 0.03           │
s4 context show:.venv/lib… noul  ▎········· 0.02           │
[33m> [39m[2mType to steer the next step…   Esc pauses · Esc Esc aborts[22m
⠦ context            step 3/12 0m17s  run $0.04/1.00 ok  sess $0.00/5.00 ok  ⎇ main · 1~ 1091?  jev ▃▂▁▅▂▂▂▅▂▃▂▅  ? help
[2A[3G[?25h[?2026l[?2026h[?25l[2B[1G[2K[1A[2K[1A[2K[1A[2K[1A[2K[1A[2K[1A[2K[1A[2K[1A[2K[1A[2K[1A[2K[1A[2K[1A[2K[1A[2K[1A[2K[1A[2K[1A[2K[1A[2K[G[2m─── decisions s3 · c~ derived |2p−1| ────────────────────────────────── [d]ecisions [p]lan [t]imeline [s]ynth ─── plan ─[22m
streaming action… 196 chars
[33mloop  run:python -m pytest -q›exit 0  x2/3[39m
s4 context show:.venv/lib… noul  ▎········· 0.03           │ plan  done 3  remaining 4  unverified 0  problems 1
s4 context show:.venv/lib… noul  ▎········· 0.03           │ [x] Ran tests: 7 passed, 0 failed, 0 errors… s2 done_0 0.93
s4 context show:.venv/lib… noul  ▎········· 0.03           │ [x] Ran tests: 7 passed, 0 failed, 0 errors… s3 done_0 0.94
s4 context show:.venv/lib… noul  ▎········· 0.02           │ [x] Ran tests again: 7 passed, 0 failed, 0 … s3 done_1 0.91
s4 context show:.venv/lib… noul  ▎········· 0.03           │ [ ] Confirm stability with one more verification run
s4 context show:.venv/lib… noul  ▎········· 0.03           │ [ ] Mark task complete if still passing
s4 context show:.venv/lib… noul  ▎········· 0.03           │ [ ] Re-verify test run to confirm stability
s4 context show:.venv/lib… noul  ▎········· 0.03           │ [ ] If confirmed passing, mark task complete
s4 context show:.venv/lib… noul  ▎········· 0.02           │ [!] human s2: Prefer the smallest change and run the tests…
s4 context show:.venv/lib… noul  ▎········· 0.03           │
s4 context show:.venv/lib… noul  ▎········· 0.03           │
s4 context show:.venv/lib… noul  ▎········· 0.02           │
[33m> [39m[2mType to steer the next step…   Esc pauses · Esc Esc aborts[22m
⠧ context            step 3/12 0m17s  run $0.04/1.00 ok  sess $0.00/5.00 ok  ⎇ main · 1~ 1091?  jev ▃▂▁▅▂▂▂▅▂▃▂▅  ? help
[2A[3G[?25h[?2026l[?2026h[?25l[2B[1G[2K[1A[2K[1A[2K[1A[2K[1A[2K[1A[2K[1A[2K[1A[2K[1A[2K[1A[2K[1A[2K[1A[2K[1A[2K[1A[2K[1A[2K[1A[2K[1A[2K[1A[2K[G[2m─── decisions s3 · c~ derived |2p−1| ────────────────────────────────── [d]ecisions [p]lan [t]imeline [s]ynth ─── plan ─[22m
streaming action… 228 chars
[33mloop  run:python -m pytest -q›exit 0  x2/3[39m
s4 context show:.venv/lib… noul  ▎········· 0.03           │ plan  done 3  remaining 4  unverified 0  problems 1
s4 context show:.venv/lib… noul  ▎········· 0.03           │ [x] Ran tests: 7 passed, 0 failed, 0 errors… s2 done_0 0.93
s4 context show:.venv/lib… noul  ▎········· 0.03           │ [x] Ran tests: 7 passed, 0 failed, 0 errors… s3 done_0 0.94
s4 context show:.venv/lib… noul  ▎········· 0.02           │ [x] Ran tests again: 7 passed, 0 failed, 0 … s3 done_1 0.91
s4 context show:.venv/lib… noul  ▎········· 0.03           │ [ ] Confirm stability with one more verification run
s4 context show:.venv/lib… noul  ▎········· 0.03           │ [ ] Mark task complete if still passing
s4 context show:.venv/lib… noul  ▎········· 0.03           │ [ ] Re-verify test run to confirm stability
s4 context show:.venv/lib… noul  ▎········· 0.03           │ [ ] If confirmed passing, mark task complete
s4 context show:.venv/lib… noul  ▎········· 0.02           │ [!] human s2: Prefer the smallest change and run the tests…
s4 context show:.venv/lib… noul  ▎········· 0.03           │
s4 context show:.venv/lib… noul  ▎········· 0.03           │
s4 context show:.venv/lib… noul  ▎········· 0.02           │
[33m> [39m[2mType to steer the next step…   Esc pauses · Esc Esc aborts[22m
⠧ context            step 3/12 0m17s  run $0.04/1.00 ok  sess $0.00/5.00 ok  ⎇ main · 1~ 1091?  jev ▃▂▁▅▂▂▂▅▂▃▂▅  ? help
[2A[3G[?25h[?2026l[?2026h[?25l[2B[1G[2K[1A[2K[1A[2K[1A[2K[1A[2K[1A[2K[1A[2K[1A[2K[1A[2K[1A[2K[1A[2K[1A[2K[1A[2K[1A[2K[1A[2K[1A[2K[1A[2K[1A[2K[G[2m─── decisions s3 · c~ derived |2p−1| ────────────────────────────────── [d]ecisions [p]lan [t]imeline [s]ynth ─── plan ─[22m
streaming action… 228 chars
[33mloop  run:python -m pytest -q›exit 0  x2/3[39m
s4 context show:.venv/lib… noul  ▎········· 0.03           │ plan  done 3  remaining 4  unverified 0  problems 1
s4 context show:.venv/lib… noul  ▎········· 0.03           │ [x] Ran tests: 7 passed, 0 failed, 0 errors… s2 done_0 0.93
s4 context show:.venv/lib… noul  ▎········· 0.03           │ [x] Ran tests: 7 passed, 0 failed, 0 errors… s3 done_0 0.94
s4 context show:.venv/lib… noul  ▎········· 0.02           │ [x] Ran tests again: 7 passed, 0 failed, 0 … s3 done_1 0.91
s4 context show:.venv/lib… noul  ▎········· 0.03           │ [ ] Confirm stability with one more verification run
s4 context show:.venv/lib… noul  ▎········· 0.03           │ [ ] Mark task complete if still passing
s4 context show:.venv/lib… noul  ▎········· 0.03           │ [ ] Re-verify test run to confirm stability
s4 context show:.venv/lib… noul  ▎········· 0.03           │ [ ] If confirmed passing, mark task complete
s4 context show:.venv/lib… noul  ▎········· 0.02           │ [!] human s2: Prefer the smallest change and run the tests…
s4 context show:.venv/lib… noul  ▎········· 0.03           │
s4 context show:.venv/lib… noul  ▎········· 0.03           │
s4 context show:.venv/lib… noul  ▎········· 0.02           │
[33m> [39m[2mType to steer the next step…   Esc pauses · Esc Esc aborts[22m
⠇ context            step 3/12 0m17s  run $0.04/1.00 ok  sess $0.00/5.00 ok  ⎇ main · 1~ 1091?  jev ▃▂▁▅▂▂▂▅▂▃▂▅  ? help
[2A[3G[?25h[?2026l[?2026h[?25l[2B[1G[2K[1A[2K[1A[2K[1A[2K[1A[2K[1A[2K[1A[2K[1A[2K[1A[2K[1A[2K[1A[2K[1A[2K[1A[2K[1A[2K[1A[2K[1A[2K[1A[2K[1A[2K[G[2m─── decisions s3 · c~ derived |2p−1| ────────────────────────────────── [d]ecisions [p]lan [t]imeline [s]ynth ─── plan ─[22m
streaming action… 250 chars
[33mloop  run:python -m pytest -q›exit 0  x2/3[39m
s4 context show:.venv/lib… noul  ▎········· 0.03           │ plan  done 3  remaining 4  unverified 0  problems 1
s4 context show:.venv/lib… noul  ▎········· 0.03           │ [x] Ran tests: 7 passed, 0 failed, 0 errors… s2 done_0 0.93
s4 context show:.venv/lib… noul  ▎········· 0.03           │ [x] Ran tests: 7 passed, 0 failed, 0 errors… s3 done_0 0.94
s4 context show:.venv/lib… noul  ▎········· 0.02           │ [x] Ran tests again: 7 passed, 0 failed, 0 … s3 done_1 0.91
s4 context show:.venv/lib… noul  ▎········· 0.03           │ [ ] Confirm stability with one more verification run
s4 context show:.venv/lib… noul  ▎········· 0.03           │ [ ] Mark task complete if still passing
s4 context show:.venv/lib… noul  ▎········· 0.03           │ [ ] Re-verify test run to confirm stability
s4 context show:.venv/lib… noul  ▎········· 0.03           │ [ ] If confirmed passing, mark task complete
s4 context show:.venv/lib… noul  ▎········· 0.02           │ [!] human s2: Prefer the smallest change and run the tests…
s4 context show:.venv/lib… noul  ▎········· 0.03           │
s4 context show:.venv/lib… noul  ▎········· 0.03           │
s4 context show:.venv/lib… noul  ▎········· 0.02           │
[33m> [39m[2mType to steer the next step…   Esc pauses · Esc Esc aborts[22m
⠇ context            step 3/12 0m17s  run $0.04/1.00 ok  sess $0.00/5.00 ok  ⎇ main · 1~ 1091?  jev ▃▂▁▅▂▂▂▅▂▃▂▅  ? help
[2A[3G[?25h[?2026l[?2026h[?25l[2B[1G[2K[1A[2K[1A[2K[1A[2K[1A[2K[1A[2K[1A[2K[1A[2K[1A[2K[1A[2K[1A[2K[1A[2K[1A[2K[1A[2K[1A[2K[1A[2K[1A[2K[1A[2K[G[2m─── decisions s3 · c~ derived |2p−1| ────────────────────────────────── [d]ecisions [p]lan [t]imeline [s]ynth ─── plan ─[22m
streaming action… 274 chars
[33mloop  run:python -m pytest -q›exit 0  x2/3[39m
s4 context show:.venv/lib… noul  ▎········· 0.03           │ plan  done 3  remaining 4  unverified 0  problems 1
s4 context show:.venv/lib… noul  ▎········· 0.03           │ [x] Ran tests: 7 passed, 0 failed, 0 errors… s2 done_0 0.93
s4 context show:.venv/lib… noul  ▎········· 0.03           │ [x] Ran tests: 7 passed, 0 failed, 0 errors… s3 done_0 0.94
s4 context show:.venv/lib… noul  ▎········· 0.02           │ [x] Ran tests again: 7 passed, 0 failed, 0 … s3 done_1 0.91
s4 context show:.venv/lib… noul  ▎········· 0.03           │ [ ] Confirm stability with one more verification run
s4 context show:.venv/lib… noul  ▎········· 0.03           │ [ ] Mark task complete if still passing
s4 context show:.venv/lib… noul  ▎········· 0.03           │ [ ] Re-verify test run to confirm stability
s4 context show:.venv/lib… noul  ▎········· 0.03           │ [ ] If confirmed passing, mark task complete
s4 context show:.venv/lib… noul  ▎········· 0.02           │ [!] human s2: Prefer the smallest change and run the tests…
s4 context show:.venv/lib… noul  ▎········· 0.03           │
s4 context show:.venv/lib… noul  ▎········· 0.03           │
s4 context show:.venv/lib… noul  ▎········· 0.02           │
[33m> [39m[2mType to steer the next step…   Esc pauses · Esc Esc aborts[22m
⠏ context            step 3/12 0m17s  run $0.04/1.00 ok  sess $0.00/5.00 ok  ⎇ main · 1~ 1091?  jev ▃▂▁▅▂▂▂▅▂▃▂▅  ? help
[2A[3G[?25h[?2026l[?2026h[?25l[2B[1G[2K[1A[2K[1A[2K[1A[2K[1A[2K[1A[2K[1A[2K[1A[2K[1A[2K[1A[2K[1A[2K[1A[2K[1A[2K[1A[2K[1A[2K[1A[2K[1A[2K[1A[2K[G[2m─── decisions s3 · c~ derived |2p−1| ────────────────────────────────── [d]ecisions [p]lan [t]imeline [s]ynth ─── plan ─[22m
streaming action… 305 chars
[33mloop  run:python -m pytest -q›exit 0  x2/3[39m
s4 context show:.venv/lib… noul  ▎········· 0.03           │ plan  done 3  remaining 4  unverified 0  problems 1
s4 context show:.venv/lib… noul  ▎········· 0.03           │ [x] Ran tests: 7 passed, 0 failed, 0 errors… s2 done_0 0.93
s4 context show:.venv/lib… noul  ▎········· 0.03           │ [x] Ran tests: 7 passed, 0 failed, 0 errors… s3 done_0 0.94
s4 context show:.venv/lib… noul  ▎········· 0.02           │ [x] Ran tests again: 7 passed, 0 failed, 0 … s3 done_1 0.91
s4 context show:.venv/lib… noul  ▎········· 0.03           │ [ ] Confirm stability with one more verification run
s4 context show:.venv/lib… noul  ▎········· 0.03           │ [ ] Mark task complete if still passing
s4 context show:.venv/lib… noul  ▎········· 0.03           │ [ ] Re-verify test run to confirm stability
s4 context show:.venv/lib… noul  ▎········· 0.03           │ [ ] If confirmed passing, mark task complete
s4 context show:.venv/lib… noul  ▎········· 0.02           │ [!] human s2: Prefer the smallest change and run the tests…
s4 context show:.venv/lib… noul  ▎········· 0.03           │
s4 context show:.venv/lib… noul  ▎········· 0.03           │
s4 context show:.venv/lib… noul  ▎········· 0.02           │
[33m> [39m[2mType to steer the next step…   Esc pauses · Esc Esc aborts[22m
⠏ context            step 3/12 0m17s  run $0.04/1.00 ok  sess $0.00/5.00 ok  ⎇ main · 1~ 1091?  jev ▃▂▁▅▂▂▂▅▂▃▂▅  ? help
[2A[3G[?25h[?2026l[?2026h[?25l[2B[1G[2K[1A[2K[1A[2K[1A[2K[1A[2K[1A[2K[1A[2K[1A[2K[1A[2K[1A[2K[1A[2K[1A[2K[1A[2K[1A[2K[1A[2K[1A[2K[1A[2K[1A[2K[G[2m─── decisions s3 · c~ derived |2p−1| ────────────────────────────────── [d]ecisions [p]lan [t]imeline [s]ynth ─── plan ─[22m
streaming action… 305 chars
[33mloop  run:python -m pytest -q›exit 0  x2/3[39m
s4 context show:.venv/lib… noul  ▎········· 0.03           │ plan  done 3  remaining 4  unverified 0  problems 1
s4 context show:.venv/lib… noul  ▎········· 0.03           │ [x] Ran tests: 7 passed, 0 failed, 0 errors… s2 done_0 0.93
s4 context show:.venv/lib… noul  ▎········· 0.03           │ [x] Ran tests: 7 passed, 0 failed, 0 errors… s3 done_0 0.94
s4 context show:.venv/lib… noul  ▎········· 0.02           │ [x] Ran tests again: 7 passed, 0 failed, 0 … s3 done_1 0.91
s4 context show:.venv/lib… noul  ▎········· 0.03           │ [ ] Confirm stability with one more verification run
s4 context show:.venv/lib… noul  ▎········· 0.03           │ [ ] Mark task complete if still passing
s4 context show:.venv/lib… noul  ▎········· 0.03           │ [ ] Re-verify test run to confirm stability
s4 context show:.venv/lib… noul  ▎········· 0.03           │ [ ] If confirmed passing, mark task complete
s4 context show:.venv/lib… noul  ▎········· 0.02           │ [!] human s2: Prefer the smallest change and run the tests…
s4 context show:.venv/lib… noul  ▎········· 0.03           │
s4 context show:.venv/lib… noul  ▎········· 0.03           │
s4 context show:.venv/lib… noul  ▎········· 0.02           │
[33m> [39m[2mType to steer the next step…   Esc pauses · Esc Esc aborts[22m
⠋ context            step 3/12 0m17s  run $0.04/1.00 ok  sess $0.00/5.00 ok  ⎇ main · 1~ 1091?  jev ▃▂▁▅▂▂▂▅▂▃▂▅  ? help
[2A[3G[?25h[?2026l[?2026h[?25l[2B[1G[2K[1A[2K[1A[2K[1A[2K[1A[2K[1A[2K[1A[2K[1A[2K[1A[2K[1A[2K[1A[2K[1A[2K[1A[2K[1A[2K[1A[2K[1A[2K[1A[2K[1A[2K[G[2m─── decisions s3 · c~ derived |2p−1| ────────────────────────────────── [d]ecisions [p]lan [t]imeline [s]ynth ─── plan ─[22m
streaming action… 335 chars
[33mloop  run:python -m pytest -q›exit 0  x2/3[39m
s4 context show:.venv/lib… noul  ▎········· 0.03           │ plan  done 3  remaining 4  unverified 0  problems 1
s4 context show:.venv/lib… noul  ▎········· 0.03           │ [x] Ran tests: 7 passed, 0 failed, 0 errors… s2 done_0 0.93
s4 context show:.venv/lib… noul  ▎········· 0.03           │ [x] Ran tests: 7 passed, 0 failed, 0 errors… s3 done_0 0.94
s4 context show:.venv/lib… noul  ▎········· 0.02           │ [x] Ran tests again: 7 passed, 0 failed, 0 … s3 done_1 0.91
s4 context show:.venv/lib… noul  ▎········· 0.03           │ [ ] Confirm stability with one more verification run
s4 context show:.venv/lib… noul  ▎········· 0.03           │ [ ] Mark task complete if still passing
s4 context show:.venv/lib… noul  ▎········· 0.03           │ [ ] Re-verify test run to confirm stability
s4 context show:.venv/lib… noul  ▎········· 0.03           │ [ ] If confirmed passing, mark task complete
s4 context show:.venv/lib… noul  ▎········· 0.02           │ [!] human s2: Prefer the smallest change and run the tests…
s4 context show:.venv/lib… noul  ▎········· 0.03           │
s4 context show:.venv/lib… noul  ▎········· 0.03           │
s4 context show:.venv/lib… noul  ▎········· 0.02           │
[33m> [39m[2mType to steer the next step…   Esc pauses · Esc Esc aborts[22m
⠋ context            step 3/12 0m17s  run $0.04/1.00 ok  sess $0.00/5.00 ok  ⎇ main · 1~ 1091?  jev ▃▂▁▅▂▂▂▅▂▃▂▅  ? help
[2A[3G[?25h[?2026l[?2026h[?25l[2B[1G[2K[1A[2K[1A[2K[1A[2K[1A[2K[1A[2K[1A[2K[1A[2K[1A[2K[1A[2K[1A[2K[1A[2K[1A[2K[1A[2K[1A[2K[1A[2K[1A[2K[1A[2K[G[2m─── decisions s3 · c~ derived |2p−1| ────────────────────────────────── [d]ecisions [p]lan [t]imeline [s]ynth ─── plan ─[22m
streaming action… 335 chars
[33mloop  run:python -m pytest -q›exit 0  x2/3[39m
s4 context show:.venv/lib… noul  ▎········· 0.03           │ plan  done 3  remaining 4  unverified 0  problems 1
s4 context show:.venv/lib… noul  ▎········· 0.03           │ [x] Ran tests: 7 passed, 0 failed, 0 errors… s2 done_0 0.93
s4 context show:.venv/lib… noul  ▎········· 0.03           │ [x] Ran tests: 7 passed, 0 failed, 0 errors… s3 done_0 0.94
s4 context show:.venv/lib… noul  ▎········· 0.02           │ [x] Ran tests again: 7 passed, 0 failed, 0 … s3 done_1 0.91
s4 context show:.venv/lib… noul  ▎········· 0.03           │ [ ] Confirm stability with one more verification run
s4 context show:.venv/lib… noul  ▎········· 0.03           │ [ ] Mark task complete if still passing
s4 context show:.venv/lib… noul  ▎········· 0.03           │ [ ] Re-verify test run to confirm stability
s4 context show:.venv/lib… noul  ▎········· 0.03           │ [ ] If confirmed passing, mark task complete
s4 context show:.venv/lib… noul  ▎········· 0.02           │ [!] human s2: Prefer the smallest change and run the tests…
s4 context show:.venv/lib… noul  ▎········· 0.03           │
s4 context show:.venv/lib… noul  ▎········· 0.03           │
s4 context show:.venv/lib… noul  ▎········· 0.02           │
[33m> [39m[2mType to steer the next step…   Esc pauses · Esc Esc aborts[22m
⠙ context            step 3/12 0m17s  run $0.04/1.00 ok  sess $0.00/5.00 ok  ⎇ main · 1~ 1091?  jev ▃▂▁▅▂▂▂▅▂▃▂▅  ? help
[2A[3G[?25h[?2026l[?2026h[?25l[2B[1G[2K[1A[2K[1A[2K[1A[2K[1A[2K[1A[2K[1A[2K[1A[2K[1A[2K[1A[2K[1A[2K[1A[2K[1A[2K[1A[2K[1A[2K[1A[2K[1A[2K[1A[2K[G[2m─── decisions s3 · c~ derived |2p−1| ────────────────────────────────── [d]ecisions [p]lan [t]imeline [s]ynth ─── plan ─[22m
streaming action… 370 chars
[33mloop  run:python -m pytest -q›exit 0  x2/3[39m
s4 context show:.venv/lib… noul  ▎········· 0.03           │ plan  done 3  remaining 4  unverified 0  problems 1
s4 context show:.venv/lib… noul  ▎········· 0.03           │ [x] Ran tests: 7 passed, 0 failed, 0 errors… s2 done_0 0.93
s4 context show:.venv/lib… noul  ▎········· 0.03           │ [x] Ran tests: 7 passed, 0 failed, 0 errors… s3 done_0 0.94
s4 context show:.venv/lib… noul  ▎········· 0.02           │ [x] Ran tests again: 7 passed, 0 failed, 0 … s3 done_1 0.91
s4 context show:.venv/lib… noul  ▎········· 0.03           │ [ ] Confirm stability with one more verification run
s4 context show:.venv/lib… noul  ▎········· 0.03           │ [ ] Mark task complete if still passing
s4 context show:.venv/lib… noul  ▎········· 0.03           │ [ ] Re-verify test run to confirm stability
s4 context show:.venv/lib… noul  ▎········· 0.03           │ [ ] If confirmed passing, mark task complete
s4 context show:.venv/lib… noul  ▎········· 0.02           │ [!] human s2: Prefer the smallest change and run the tests…
s4 context show:.venv/lib… noul  ▎········· 0.03           │
s4 context show:.venv/lib… noul  ▎········· 0.03           │
s4 context show:.venv/lib… noul  ▎········· 0.02           │
[33m> [39m[2mType to steer the next step…   Esc pauses · Esc Esc aborts[22m
⠙ context            step 3/12 0m17s  run $0.04/1.00 ok  sess $0.00/5.00 ok  ⎇ main · 1~ 1091?  jev ▃▂▁▅▂▂▂▅▂▃▂▅  ? help
[2A[3G[?25h[?2026l[?2026h[?25l[2B[1G[2K[1A[2K[1A[2K[1A[2K[1A[2K[1A[2K[1A[2K[1A[2K[1A[2K[1A[2K[1A[2K[1A[2K[1A[2K[1A[2K[1A[2K[1A[2K[1A[2K[1A[2K[G[2m─── decisions s3 · c~ derived |2p−1| ────────────────────────────────── [d]ecisions [p]lan [t]imeline [s]ynth ─── plan ─[22m
streaming action… 370 chars
[33mloop  run:python -m pytest -q›exit 0  x2/3[39m
s4 context show:.venv/lib… noul  ▎········· 0.03           │ plan  done 3  remaining 4  unverified 0  problems 1
s4 context show:.venv/lib… noul  ▎········· 0.03           │ [x] Ran tests: 7 passed, 0 failed, 0 errors… s2 done_0 0.93
s4 context show:.venv/lib… noul  ▎········· 0.03           │ [x] Ran tests: 7 passed, 0 failed, 0 errors… s3 done_0 0.94
s4 context show:.venv/lib… noul  ▎········· 0.02           │ [x] Ran tests again: 7 passed, 0 failed, 0 … s3 done_1 0.91
s4 context show:.venv/lib… noul  ▎········· 0.03           │ [ ] Confirm stability with one more verification run
s4 context show:.venv/lib… noul  ▎········· 0.03           │ [ ] Mark task complete if still passing
s4 context show:.venv/lib… noul  ▎········· 0.03           │ [ ] Re-verify test run to confirm stability
s4 context show:.venv/lib… noul  ▎········· 0.03           │ [ ] If confirmed passing, mark task complete
s4 context show:.venv/lib… noul  ▎········· 0.02           │ [!] human s2: Prefer the smallest change and run the tests…
s4 context show:.venv/lib… noul  ▎········· 0.03           │
s4 context show:.venv/lib… noul  ▎········· 0.03           │
s4 context show:.venv/lib… noul  ▎········· 0.02           │
[33m> [39m[2mType to steer the next step…   Esc pauses · Esc Esc aborts[22m
⠙ context            step 3/12 0m18s  run $0.04/1.00 ok  sess $0.00/5.00 ok  ⎇ main · 1~ 1091?  jev ▃▂▁▅▂▂▂▅▂▃▂▅  ? help
[2A[3G[?25h[?2026l[?2026h[?25l[2B[1G[2K[1A[2K[1A[2K[1A[2K[1A[2K[1A[2K[1A[2K[1A[2K[1A[2K[1A[2K[1A[2K[1A[2K[1A[2K[1A[2K[1A[2K[1A[2K[1A[2K[1A[2K[G[2m─── decisions s3 · c~ derived |2p−1| ────────────────────────────────── [d]ecisions [p]lan [t]imeline [s]ynth ─── plan ─[22m
streaming action… 399 chars
[33mloop  run:python -m pytest -q›exit 0  x2/3[39m
s4 context show:.venv/lib… noul  ▎········· 0.03           │ plan  done 3  remaining 4  unverified 0  problems 1
s4 context show:.venv/lib… noul  ▎········· 0.03           │ [x] Ran tests: 7 passed, 0 failed, 0 errors… s2 done_0 0.93
s4 context show:.venv/lib… noul  ▎········· 0.03           │ [x] Ran tests: 7 passed, 0 failed, 0 errors… s3 done_0 0.94
s4 context show:.venv/lib… noul  ▎········· 0.02           │ [x] Ran tests again: 7 passed, 0 failed, 0 … s3 done_1 0.91
s4 context show:.venv/lib… noul  ▎········· 0.03           │ [ ] Confirm stability with one more verification run
s4 context show:.venv/lib… noul  ▎········· 0.03           │ [ ] Mark task complete if still passing
s4 context show:.venv/lib… noul  ▎········· 0.03           │ [ ] Re-verify test run to confirm stability
s4 context show:.venv/lib… noul  ▎········· 0.03           │ [ ] If confirmed passing, mark task complete
s4 context show:.venv/lib… noul  ▎········· 0.02           │ [!] human s2: Prefer the smallest change and run the tests…
s4 context show:.venv/lib… noul  ▎········· 0.03           │
s4 context show:.venv/lib… noul  ▎········· 0.03           │
s4 context show:.venv/lib… noul  ▎········· 0.02           │
[33m> [39m[2mType to steer the next step…   Esc pauses · Esc Esc aborts[22m
⠙ context            step 3/12 0m18s  run $0.04/1.00 ok  sess $0.00/5.00 ok  ⎇ main · 1~ 1091?  jev ▃▂▁▅▂▂▂▅▂▃▂▅  ? help
[2A[3G[?25h[?2026l[?2026h[?25l[2B[1G[2K[1A[2K[1A[2K[1A[2K[1A[2K[1A[2K[1A[2K[1A[2K[1A[2K[1A[2K[1A[2K[1A[2K[1A[2K[1A[2K[1A[2K[1A[2K[1A[2K[1A[2K[G[2m─── decisions s3 · c~ derived |2p−1| ────────────────────────────────── [d]ecisions [p]lan [t]imeline [s]ynth ─── plan ─[22m
streaming action… 399 chars
[33mloop  run:python -m pytest -q›exit 0  x2/3[39m
s4 context show:.venv/lib… noul  ▎········· 0.03           │ plan  done 3  remaining 4  unverified 0  problems 1
s4 context show:.venv/lib… noul  ▎········· 0.03           │ [x] Ran tests: 7 passed, 0 failed, 0 errors… s2 done_0 0.93
s4 context show:.venv/lib… noul  ▎········· 0.03           │ [x] Ran tests: 7 passed, 0 failed, 0 errors… s3 done_0 0.94
s4 context show:.venv/lib… noul  ▎········· 0.02           │ [x] Ran tests again: 7 passed, 0 failed, 0 … s3 done_1 0.91
s4 context show:.venv/lib… noul  ▎········· 0.03           │ [ ] Confirm stability with one more verification run
s4 context show:.venv/lib… noul  ▎········· 0.03           │ [ ] Mark task complete if still passing
s4 context show:.venv/lib… noul  ▎········· 0.03           │ [ ] Re-verify test run to confirm stability
s4 context show:.venv/lib… noul  ▎········· 0.03           │ [ ] If confirmed passing, mark task complete
s4 context show:.venv/lib… noul  ▎········· 0.02           │ [!] human s2: Prefer the smallest change and run the tests…
s4 context show:.venv/lib… noul  ▎········· 0.03           │
s4 context show:.venv/lib… noul  ▎········· 0.03           │
s4 context show:.venv/lib… noul  ▎········· 0.02           │
[33m> [39m[2mType to steer the next step…   Esc pauses · Esc Esc aborts[22m
⠹ context            step 3/12 0m18s  run $0.04/1.00 ok  sess $0.00/5.00 ok  ⎇ main · 1~ 1091?  jev ▃▂▁▅▂▂▂▅▂▃▂▅  ? help
[2A[3G[?25h[?2026l[?2026h[?25l[2B[1G[2K[1A[2K[1A[2K[1A[2K[1A[2K[1A[2K[1A[2K[1A[2K[1A[2K[1A[2K[1A[2K[1A[2K[1A[2K[1A[2K[1A[2K[1A[2K[1A[2K[1A[2K[G[2m─── decisions s3 · c~ derived |2p−1| ────────────────────────────────── [d]ecisions [p]lan [t]imeline [s]ynth ─── plan ─[22m
streaming action… 408 chars
[33mloop  run:python -m pytest -q›exit 0  x2/3[39m
s4 context show:.venv/lib… noul  ▎········· 0.03           │ plan  done 3  remaining 4  unverified 0  problems 1
s4 context show:.venv/lib… noul  ▎········· 0.03           │ [x] Ran tests: 7 passed, 0 failed, 0 errors… s2 done_0 0.93
s4 context show:.venv/lib… noul  ▎········· 0.03           │ [x] Ran tests: 7 passed, 0 failed, 0 errors… s3 done_0 0.94
s4 context show:.venv/lib… noul  ▎········· 0.02           │ [x] Ran tests again: 7 passed, 0 failed, 0 … s3 done_1 0.91
s4 context show:.venv/lib… noul  ▎········· 0.03           │ [ ] Confirm stability with one more verification run
s4 context show:.venv/lib… noul  ▎········· 0.03           │ [ ] Mark task complete if still passing
s4 context show:.venv/lib… noul  ▎········· 0.03           │ [ ] Re-verify test run to confirm stability
s4 context show:.venv/lib… noul  ▎········· 0.03           │ [ ] If confirmed passing, mark task complete
s4 context show:.venv/lib… noul  ▎········· 0.02           │ [!] human s2: Prefer the smallest change and run the tests…
s4 context show:.venv/lib… noul  ▎········· 0.03           │
s4 context show:.venv/lib… noul  ▎········· 0.03           │
s4 context show:.venv/lib… noul  ▎········· 0.02           │
[33m> [39m[2mType to steer the next step…   Esc pauses · Esc Esc aborts[22m
⠹ context            step 3/12 0m18s  run $0.04/1.00 ok  sess $0.00/5.00 ok  ⎇ main · 1~ 1091?  jev ▃▂▁▅▂▂▂▅▂▃▂▅  ? help
[2A[3G[?25h[?2026l[?2026h[?25l[2B[1G[2K[1A[2K[1A[2K[1A[2K[1A[2K[1A[2K[1A[2K[1A[2K[1A[2K[1A[2K[1A[2K[1A[2K[1A[2K[1A[2K[1A[2K[1A[2K[1A[2K[1A[2K[G[2m─── decisions s3 · c~ derived |2p−1| ────────────────────────────────── [d]ecisions [p]lan [t]imeline [s]ynth ─── plan ─[22m
streaming action… 408 chars
[33mloop  run:python -m pytest -q›exit 0  x2/3[39m
s4 context show:.venv/lib… noul  ▎········· 0.03           │ plan  done 3  remaining 4  unverified 0  problems 1
s4 context show:.venv/lib… noul  ▎········· 0.03           │ [x] Ran tests: 7 passed, 0 failed, 0 errors… s2 done_0 0.93
s4 context show:.venv/lib… noul  ▎········· 0.03           │ [x] Ran tests: 7 passed, 0 failed, 0 errors… s3 done_0 0.94
s4 context show:.venv/lib… noul  ▎········· 0.02           │ [x] Ran tests again: 7 passed, 0 failed, 0 … s3 done_1 0.91
s4 context show:.venv/lib… noul  ▎········· 0.03           │ [ ] Confirm stability with one more verification run
s4 context show:.venv/lib… noul  ▎········· 0.03           │ [ ] Mark task complete if still passing
s4 context show:.venv/lib… noul  ▎········· 0.03           │ [ ] Re-verify test run to confirm stability
s4 context show:.venv/lib… noul  ▎········· 0.03           │ [ ] If confirmed passing, mark task complete
s4 context show:.venv/lib… noul  ▎········· 0.02           │ [!] human s2: Prefer the smallest change and run the tests…
s4 context show:.venv/lib… noul  ▎········· 0.03           │
s4 context show:.venv/lib… noul  ▎········· 0.03           │
s4 context show:.venv/lib… noul  ▎········· 0.02           │
[33m> [39m[2mType to steer the next step…   Esc pauses · Esc Esc aborts[22m
⠸ context            step 3/12 0m18s  run $0.04/1.00 ok  sess $0.00/5.00 ok  ⎇ main · 1~ 1091?  jev ▃▂▁▅▂▂▂▅▂▃▂▅  ? help
[2A[3G[?25h[?2026l[?2026h[?25l[2B[1G[2K[1A[2K[1A[2K[1A[2K[1A[2K[1A[2K[1A[2K[1A[2K[1A[2K[1A[2K[1A[2K[1A[2K[1A[2K[1A[2K[1A[2K[1A[2K[1A[2K[1A[2K[G[2m─── decisions s3 · c~ derived |2p−1| ────────────────────────────────── [d]ecisions [p]lan [t]imeline [s]ynth ─── plan ─[22m
streaming action… 442 chars
[33mloop  run:python -m pytest -q›exit 0  x2/3[39m
s4 context show:.venv/lib… noul  ▎········· 0.03           │ plan  done 3  remaining 4  unverified 0  problems 1
s4 context show:.venv/lib… noul  ▎········· 0.03           │ [x] Ran tests: 7 passed, 0 failed, 0 errors… s2 done_0 0.93
s4 context show:.venv/lib… noul  ▎········· 0.03           │ [x] Ran tests: 7 passed, 0 failed, 0 errors… s3 done_0 0.94
s4 context show:.venv/lib… noul  ▎········· 0.02           │ [x] Ran tests again: 7 passed, 0 failed, 0 … s3 done_1 0.91
s4 context show:.venv/lib… noul  ▎········· 0.03           │ [ ] Confirm stability with one more verification run
s4 context show:.venv/lib… noul  ▎········· 0.03           │ [ ] Mark task complete if still passing
s4 context show:.venv/lib… noul  ▎········· 0.03           │ [ ] Re-verify test run to confirm stability
s4 context show:.venv/lib… noul  ▎········· 0.03           │ [ ] If confirmed passing, mark task complete
s4 context show:.venv/lib… noul  ▎········· 0.02           │ [!] human s2: Prefer the smallest change and run the tests…
s4 context show:.venv/lib… noul  ▎········· 0.03           │
s4 context show:.venv/lib… noul  ▎········· 0.03           │
s4 context show:.venv/lib… noul  ▎········· 0.02           │
[33m> [39m[2mType to steer the next step…   Esc pauses · Esc Esc aborts[22m
⠸ context            step 3/12 0m18s  run $0.04/1.00 ok  sess $0.00/5.00 ok  ⎇ main · 1~ 1091?  jev ▃▂▁▅▂▂▂▅▂▃▂▅  ? help
[2A[3G[?25h[?2026l[?2026h[?25l[2B[1G[2K[1A[2K[1A[2K[1A[2K[1A[2K[1A[2K[1A[2K[1A[2K[1A[2K[1A[2K[1A[2K[1A[2K[1A[2K[1A[2K[1A[2K[1A[2K[1A[2K[1A[2K[G[2m─── decisions s3 · c~ derived |2p−1| ────────────────────────────────── [d]ecisions [p]lan [t]imeline [s]ynth ─── plan ─[22m
streaming action… 442 chars
[33mloop  run:python -m pytest -q›exit 0  x2/3[39m
s4 context show:.venv/lib… noul  ▎········· 0.03           │ plan  done 3  remaining 4  unverified 0  problems 1
s4 context show:.venv/lib… noul  ▎········· 0.03           │ [x] Ran tests: 7 passed, 0 failed, 0 errors… s2 done_0 0.93
s4 context show:.venv/lib… noul  ▎········· 0.03           │ [x] Ran tests: 7 passed, 0 failed, 0 errors… s3 done_0 0.94
s4 context show:.venv/lib… noul  ▎········· 0.02           │ [x] Ran tests again: 7 passed, 0 failed, 0 … s3 done_1 0.91
s4 context show:.venv/lib… noul  ▎········· 0.03           │ [ ] Confirm stability with one more verification run
s4 context show:.venv/lib… noul  ▎········· 0.03           │ [ ] Mark task complete if still passing
s4 context show:.venv/lib… noul  ▎········· 0.03           │ [ ] Re-verify test run to confirm stability
s4 context show:.venv/lib… noul  ▎········· 0.03           │ [ ] If confirmed passing, mark task complete
s4 context show:.venv/lib… noul  ▎········· 0.02           │ [!] human s2: Prefer the smallest change and run the tests…
s4 context show:.venv/lib… noul  ▎········· 0.03           │
s4 context show:.venv/lib… noul  ▎········· 0.03           │
s4 context show:.venv/lib… noul  ▎········· 0.02           │
[33m> [39m[2mType to steer the next step…   Esc pauses · Esc Esc aborts[22m
⠼ context            step 3/12 0m18s  run $0.04/1.00 ok  sess $0.00/5.00 ok  ⎇ main · 1~ 1091?  jev ▃▂▁▅▂▂▂▅▂▃▂▅  ? help
[2A[3G[?25h[?2026l[?2026h[?25l[2B[1G[2K[1A[2K[1A[2K[1A[2K[1A[2K[1A[2K[1A[2K[1A[2K[1A[2K[1A[2K[1A[2K[1A[2K[1A[2K[1A[2K[1A[2K[1A[2K[1A[2K[1A[2K[G[2m─── decisions s3 · c~ derived |2p−1| ────────────────────────────────── [d]ecisions [p]lan [t]imeline [s]ynth ─── plan ─[22m
streaming action… 469 chars
[33mloop  run:python -m pytest -q›exit 0  x2/3[39m
s4 context show:.venv/lib… noul  ▎········· 0.03           │ plan  done 3  remaining 4  unverified 0  problems 1
s4 context show:.venv/lib… noul  ▎········· 0.03           │ [x] Ran tests: 7 passed, 0 failed, 0 errors… s2 done_0 0.93
s4 context show:.venv/lib… noul  ▎········· 0.03           │ [x] Ran tests: 7 passed, 0 failed, 0 errors… s3 done_0 0.94
s4 context show:.venv/lib… noul  ▎········· 0.02           │ [x] Ran tests again: 7 passed, 0 failed, 0 … s3 done_1 0.91
s4 context show:.venv/lib… noul  ▎········· 0.03           │ [ ] Confirm stability with one more verification run
s4 context show:.venv/lib… noul  ▎········· 0.03           │ [ ] Mark task complete if still passing
s4 context show:.venv/lib… noul  ▎········· 0.03           │ [ ] Re-verify test run to confirm stability
s4 context show:.venv/lib… noul  ▎········· 0.03           │ [ ] If confirmed passing, mark task complete
s4 context show:.venv/lib… noul  ▎········· 0.02           │ [!] human s2: Prefer the smallest change and run the tests…
s4 context show:.venv/lib… noul  ▎········· 0.03           │
s4 context show:.venv/lib… noul  ▎········· 0.03           │
s4 context show:.venv/lib… noul  ▎········· 0.02           │
[33m> [39m[2mType to steer the next step…   Esc pauses · Esc Esc aborts[22m
⠼ context            step 3/12 0m18s  run $0.04/1.00 ok  sess $0.00/5.00 ok  ⎇ main · 1~ 1091?  jev ▃▂▁▅▂▂▂▅▂▃▂▅  ? help
[2A[3G[?25h[?2026l[?2026h[?25l[2B[1G[2K[1A[2K[1A[2K[1A[2K[1A[2K[1A[2K[1A[2K[1A[2K[1A[2K[1A[2K[1A[2K[1A[2K[1A[2K[1A[2K[1A[2K[1A[2K[1A[2K[1A[2K[G[2m─── decisions s3 · c~ derived |2p−1| ────────────────────────────────── [d]ecisions [p]lan [t]imeline [s]ynth ─── plan ─[22m
streaming action… 482 chars
[33mloop  run:python -m pytest -q›exit 0  x2/3[39m
s4 context show:.venv/lib… noul  ▎········· 0.03           │ plan  done 3  remaining 4  unverified 0  problems 1
s4 context show:.venv/lib… noul  ▎········· 0.03           │ [x] Ran tests: 7 passed, 0 failed, 0 errors… s2 done_0 0.93
s4 context show:.venv/lib… noul  ▎········· 0.03           │ [x] Ran tests: 7 passed, 0 failed, 0 errors… s3 done_0 0.94
s4 context show:.venv/lib… noul  ▎········· 0.02           │ [x] Ran tests again: 7 passed, 0 failed, 0 … s3 done_1 0.91
s4 context show:.venv/lib… noul  ▎········· 0.03           │ [ ] Confirm stability with one more verification run
s4 context show:.venv/lib… noul  ▎········· 0.03           │ [ ] Mark task complete if still passing
s4 context show:.venv/lib… noul  ▎········· 0.03           │ [ ] Re-verify test run to confirm stability
s4 context show:.venv/lib… noul  ▎········· 0.03           │ [ ] If confirmed passing, mark task complete
s4 context show:.venv/lib… noul  ▎········· 0.02           │ [!] human s2: Prefer the smallest change and run the tests…
s4 context show:.venv/lib… noul  ▎········· 0.03           │
s4 context show:.venv/lib… noul  ▎········· 0.03           │
s4 context show:.venv/lib… noul  ▎········· 0.02           │
[33m> [39m[2mType to steer the next step…   Esc pauses · Esc Esc aborts[22m
⠼ context            step 3/12 0m18s  run $0.04/1.00 ok  sess $0.00/5.00 ok  ⎇ main · 1~ 1091?  jev ▃▂▁▅▂▂▂▅▂▃▂▅  ? help
[2A[3G[?25h[?2026l[?2026h[?25l[2B[1G[2K[1A[2K[1A[2K[1A[2K[1A[2K[1A[2K[1A[2K[1A[2K[1A[2K[1A[2K[1A[2K[1A[2K[1A[2K[1A[2K[1A[2K[1A[2K[1A[2K[1A[2K[G[2m─── decisions s3 · c~ derived |2p−1| ────────────────────────────────── [d]ecisions [p]lan [t]imeline [s]ynth ─── plan ─[22m
streaming action… 482 chars
[33mloop  run:python -m pytest -q›exit 0  x2/3[39m
s4 context show:.venv/lib… noul  ▎········· 0.03           │ plan  done 3  remaining 4  unverified 0  problems 1
s4 context show:.venv/lib… noul  ▎········· 0.03           │ [x] Ran tests: 7 passed, 0 failed, 0 errors… s2 done_0 0.93
s4 context show:.venv/lib… noul  ▎········· 0.03           │ [x] Ran tests: 7 passed, 0 failed, 0 errors… s3 done_0 0.94
s4 context show:.venv/lib… noul  ▎········· 0.02           │ [x] Ran tests again: 7 passed, 0 failed, 0 … s3 done_1 0.91
s4 context show:.venv/lib… noul  ▎········· 0.03           │ [ ] Confirm stability with one more verification run
s4 context show:.venv/lib… noul  ▎········· 0.03           │ [ ] Mark task complete if still passing
s4 context show:.venv/lib… noul  ▎········· 0.03           │ [ ] Re-verify test run to confirm stability
s4 context show:.venv/lib… noul  ▎········· 0.03           │ [ ] If confirmed passing, mark task complete
s4 context show:.venv/lib… noul  ▎········· 0.02           │ [!] human s2: Prefer the smallest change and run the tests…
s4 context show:.venv/lib… noul  ▎········· 0.03           │
s4 context show:.venv/lib… noul  ▎········· 0.03           │
s4 context show:.venv/lib… noul  ▎········· 0.02           │
[33m> [39m[2mType to steer the next step…   Esc pauses · Esc Esc aborts[22m
⠴ context            step 3/12 0m18s  run $0.04/1.00 ok  sess $0.00/5.00 ok  ⎇ main · 1~ 1091?  jev ▃▂▁▅▂▂▂▅▂▃▂▅  ? help
[2A[3G[?25h[?2026l[?2026h[?25l[2B[1G[2K[1A[2K[1A[2K[1A[2K[1A[2K[1A[2K[1A[2K[1A[2K[1A[2K[1A[2K[1A[2K[1A[2K[1A[2K[1A[2K[1A[2K[1A[2K[1A[2K[1A[2K[G[2m─── decisions s3 · c~ derived |2p−1| ────────────────────────────────── [d]ecisions [p]lan [t]imeline [s]ynth ─── plan ─[22m
streaming action… 530 chars
[33mloop  run:python -m pytest -q›exit 0  x2/3[39m
s4 context show:.venv/lib… noul  ▎········· 0.03           │ plan  done 3  remaining 4  unverified 0  problems 1
s4 context show:.venv/lib… noul  ▎········· 0.03           │ [x] Ran tests: 7 passed, 0 failed, 0 errors… s2 done_0 0.93
s4 context show:.venv/lib… noul  ▎········· 0.03           │ [x] Ran tests: 7 passed, 0 failed, 0 errors… s3 done_0 0.94
s4 context show:.venv/lib… noul  ▎········· 0.02           │ [x] Ran tests again: 7 passed, 0 failed, 0 … s3 done_1 0.91
s4 context show:.venv/lib… noul  ▎········· 0.03           │ [ ] Confirm stability with one more verification run
s4 context show:.venv/lib… noul  ▎········· 0.03           │ [ ] Mark task complete if still passing
s4 context show:.venv/lib… noul  ▎········· 0.03           │ [ ] Re-verify test run to confirm stability
s4 context show:.venv/lib… noul  ▎········· 0.03           │ [ ] If confirmed passing, mark task complete
s4 context show:.venv/lib… noul  ▎········· 0.02           │ [!] human s2: Prefer the smallest change and run the tests…
s4 context show:.venv/lib… noul  ▎········· 0.03           │
s4 context show:.venv/lib… noul  ▎········· 0.03           │
s4 context show:.venv/lib… noul  ▎········· 0.02           │
[33m> [39m[2mType to steer the next step…   Esc pauses · Esc Esc aborts[22m
⠴ context            step 3/12 0m18s  run $0.04/1.00 ok  sess $0.00/5.00 ok  ⎇ main · 1~ 1091?  jev ▃▂▁▅▂▂▂▅▂▃▂▅  ? help
[2A[3G[?25h[?2026l[?2026h[?25l[2B[1G[2K[1A[2K[1A[2K[1A[2K[1A[2K[1A[2K[1A[2K[1A[2K[1A[2K[1A[2K[1A[2K[1A[2K[1A[2K[1A[2K[1A[2K[1A[2K[1A[2K[1A[2K[G[2m─── decisions s3 · c~ derived |2p−1| ────────────────────────────────── [d]ecisions [p]lan [t]imeline [s]ynth ─── plan ─[22m
streaming action… 530 chars
[33mloop  run:python -m pytest -q›exit 0  x2/3[39m
s4 context show:.venv/lib… noul  ▎········· 0.03           │ plan  done 3  remaining 4  unverified 0  problems 1
s4 context show:.venv/lib… noul  ▎········· 0.03           │ [x] Ran tests: 7 passed, 0 failed, 0 errors… s2 done_0 0.93
s4 context show:.venv/lib… noul  ▎········· 0.03           │ [x] Ran tests: 7 passed, 0 failed, 0 errors… s3 done_0 0.94
s4 context show:.venv/lib… noul  ▎········· 0.02           │ [x] Ran tests again: 7 passed, 0 failed, 0 … s3 done_1 0.91
s4 context show:.venv/lib… noul  ▎········· 0.03           │ [ ] Confirm stability with one more verification run
s4 context show:.venv/lib… noul  ▎········· 0.03           │ [ ] Mark task complete if still passing
s4 context show:.venv/lib… noul  ▎········· 0.03           │ [ ] Re-verify test run to confirm stability
s4 context show:.venv/lib… noul  ▎········· 0.03           │ [ ] If confirmed passing, mark task complete
s4 context show:.venv/lib… noul  ▎········· 0.02           │ [!] human s2: Prefer the smallest change and run the tests…
s4 context show:.venv/lib… noul  ▎········· 0.03           │
s4 context show:.venv/lib… noul  ▎········· 0.03           │
s4 context show:.venv/lib… noul  ▎········· 0.02           │
[33m> [39m[2mType to steer the next step…   Esc pauses · Esc Esc aborts[22m
⠦ context            step 3/12 0m18s  run $0.04/1.00 ok  sess $0.00/5.00 ok  ⎇ main · 1~ 1091?  jev ▃▂▁▅▂▂▂▅▂▃▂▅  ? help
[2A[3G[?25h[?2026l[?2026h[?25l[2B[1G[2K[1A[2K[1A[2K[1A[2K[1A[2K[1A[2K[1A[2K[1A[2K[1A[2K[1A[2K[1A[2K[1A[2K[1A[2K[1A[2K[1A[2K[1A[2K[1A[2K[1A[2K[G[step 4] proposal run $ python -m pytest -q: Run the test suite once more to confirm stable passing results before
declaring the task complete. | plan done=1 remaining=2 open=1
[2mpython -m pytest -q[22m
[2m─── decisions s3 · c~ derived |2p−1| ────────────────────────────────── [d]ecisions [p]lan [t]imeline [s]ynth ─── plan ─[22m
[33mloop  run:python -m pytest -q›exit 0  x2/3[39m
s4 context show:.venv/lib… noul  ▎········· 0.03           │ plan  done 3  remaining 4  unverified 0  problems 1
s4 context show:.venv/lib… noul  ▎········· 0.03           │ [x] Ran tests: 7 passed, 0 failed, 0 errors… s2 done_0 0.93
s4 context show:.venv/lib… noul  ▎········· 0.03           │ [x] Ran tests: 7 passed, 0 failed, 0 errors… s3 done_0 0.94
s4 context show:.venv/lib… noul  ▎········· 0.02           │ [x] Ran tests again: 7 passed, 0 failed, 0 … s3 done_1 0.91
s4 context show:.venv/lib… noul  ▎········· 0.03           │ [ ] Confirm stability with one more verification run
s4 context show:.venv/lib… noul  ▎········· 0.03           │ [ ] Mark task complete if still passing
s4 context show:.venv/lib… noul  ▎········· 0.03           │ [ ] Re-verify test run to confirm stability
s4 context show:.venv/lib… noul  ▎········· 0.03           │ [ ] If confirmed passing, mark task complete
s4 context show:.venv/lib… noul  ▎········· 0.02           │ [!] human s2: Prefer the smallest change and run the tests…
s4 context show:.venv/lib… noul  ▎········· 0.03           │
s4 context show:.venv/lib… noul  ▎········· 0.03           │
s4 context show:.venv/lib… noul  ▎········· 0.02           │
[33m> [39m[2mType to steer the next step…   Esc pauses · Esc Esc aborts[22m
⠦ propose            step 3/12 0m19s  run $0.04/1.00 ok  sess $0.00/5.00 ok  ⎇ main · 1~ 1091?  jev ▃▂▁▅▂▂▂▅▂▃▂▅  ? help
[2A[3G[?25h[?2026l[?2026h[?25l[2B[1G[2K[1A[2K[1A[2K[1A[2K[1A[2K[1A[2K[1A[2K[1A[2K[1A[2K[1A[2K[1A[2K[1A[2K[1A[2K[1A[2K[1A[2K[1A[2K[1A[2K[G[2m─── decisions s3 · c~ derived |2p−1| ────────────────────────────────── [d]ecisions [p]lan [t]imeline [s]ynth ─── plan ─[22m
[33mloop  run:python -m pytest -q›exit 0  x2/3[39m
s4 context show:.venv/lib… noul  ▎········· 0.03           │ plan  done 3  remaining 4  unverified 0  problems 1
s4 context show:.venv/lib… noul  ▎········· 0.03           │ [x] Ran tests: 7 passed, 0 failed, 0 errors… s2 done_0 0.93
s4 context show:.venv/lib… noul  ▎········· 0.03           │ [x] Ran tests: 7 passed, 0 failed, 0 errors… s3 done_0 0.94
s4 context show:.venv/lib… noul  ▎········· 0.02           │ [x] Ran tests again: 7 passed, 0 failed, 0 … s3 done_1 0.91
s4 context show:.venv/lib… noul  ▎········· 0.03           │ [ ] Confirm stability with one more verification run
s4 context show:.venv/lib… noul  ▎········· 0.03           │ [ ] Mark task complete if still passing
s4 context show:.venv/lib… noul  ▎········· 0.03           │ [ ] Re-verify test run to confirm stability
s4 context show:.venv/lib… noul  ▎········· 0.03           │ [ ] If confirmed passing, mark task complete
s4 context show:.venv/lib… noul  ▎········· 0.02           │ [!] human s2: Prefer the smallest change and run the tests…
s4 context show:.venv/lib… noul  ▎········· 0.03           │
s4 context show:.venv/lib… noul  ▎········· 0.03           │
s4 context show:.venv/lib… noul  ▎········· 0.02           │
[33m> [39m[2mType to steer the next step…   Esc pauses · Esc Esc aborts[22m
⠧ propose            step 3/12 0m19s  run $0.04/1.00 ok  sess $0.00/5.00 ok  ⎇ main · 1~ 1091?  jev ▃▂▁▅▂▂▂▅▂▃▂▅  ? help
[2A[3G[?25h[?2026l[?2026h[?25l[2B[1G[2K[1A[2K[1A[2K[1A[2K[1A[2K[1A[2K[1A[2K[1A[2K[1A[2K[1A[2K[1A[2K[1A[2K[1A[2K[1A[2K[1A[2K[1A[2K[1A[2K[G[2m─── decisions s3 · c~ derived |2p−1| ────────────────────────────────── [d]ecisions [p]lan [t]imeline [s]ynth ─── plan ─[22m
[33mloop  run:python -m pytest -q›exit 0  x2/3[39m
s4 context show:.venv/lib… noul  ▎········· 0.03           │ plan  done 3  remaining 4  unverified 0  problems 1
s4 context show:.venv/lib… noul  ▎········· 0.03           │ [x] Ran tests: 7 passed, 0 failed, 0 errors… s2 done_0 0.93
s4 context show:.venv/lib… noul  ▎········· 0.03           │ [x] Ran tests: 7 passed, 0 failed, 0 errors… s3 done_0 0.94
s4 context show:.venv/lib… noul  ▎········· 0.02           │ [x] Ran tests again: 7 passed, 0 failed, 0 … s3 done_1 0.91
s4 context show:.venv/lib… noul  ▎········· 0.03           │ [ ] Confirm stability with one more verification run
s4 context show:.venv/lib… noul  ▎········· 0.03           │ [ ] Mark task complete if still passing
s4 context show:.venv/lib… noul  ▎········· 0.03           │ [ ] Re-verify test run to confirm stability
s4 context show:.venv/lib… noul  ▎········· 0.03           │ [ ] If confirmed passing, mark task complete
s4 context show:.venv/lib… noul  ▎········· 0.02           │ [!] human s2: Prefer the smallest change and run the tests…
s4 context show:.venv/lib… noul  ▎········· 0.03           │
s4 context show:.venv/lib… noul  ▎········· 0.03           │
s4 context show:.venv/lib… noul  ▎········· 0.02           │
[33m> [39m[2mType to steer the next step…   Esc pauses · Esc Esc aborts[22m
⠇ propose            step 3/12 0m19s  run $0.04/1.00 ok  sess $0.00/5.00 ok  ⎇ main · 1~ 1091?  jev ▃▂▁▅▂▂▂▅▂▃▂▅  ? help
[2A[3G[?25h[?2026l[?2026h[?25l[2B[1G[2K[1A[2K[1A[2K[1A[2K[1A[2K[1A[2K[1A[2K[1A[2K[1A[2K[1A[2K[1A[2K[1A[2K[1A[2K[1A[2K[1A[2K[1A[2K[1A[2K[G[2m[step 4] risk=0.00 ok: risk 0.00 (ok) from destructive: expected level 0.00 of 4; dominant level 0 "nothing existing is [22m
[2mlost: reads, searches, lists, or runs tests/builds; creates a file that did not exist (`proposal.target.existsBefore` [22m
[2mfalse); anything it changes the workspace regenerates"; Jev confidence 1.00 | irreversible: expected level 0.00 of 4; [22m
[2mdominant level 0 "no lasting effect, or restorable with one git command"; Jev confidence 1.00; verification run of the [22m
[2mworkspace test command: out_of_scope 0.01 (dominant level 0), plan_mismatch 0.08 (dominant level 0) recorded, not gating[22m
[2m─── decisions s3 · c~ derived |2p−1| ────────────────────────────────── [d]ecisions [p]lan [t]imeline [s]ynth ─── plan ─[22m
[33mloop  run:python -m pytest -q›exit 0  x2/3[39m
s4 context show:.venv/lib… noul  ▎········· 0.03           │ plan  done 3  remaining 4  unverified 0  problems 1
s4 context show:.venv/lib… noul  ▎········· 0.03           │ [x] Ran tests: 7 passed, 0 failed, 0 errors… s2 done_0 0.93
s4 context show:.venv/lib… noul  ▎········· 0.03           │ [x] Ran tests: 7 passed, 0 failed, 0 errors… s3 done_0 0.94
s4 context show:.venv/lib… noul  ▎········· 0.02           │ [x] Ran tests again: 7 passed, 0 failed, 0 … s3 done_1 0.91
s4 context show:.venv/lib… noul  ▎········· 0.03           │ [ ] Confirm stability with one more verification run
s4 context show:.venv/lib… noul  ▎········· 0.03           │ [ ] Mark task complete if still passing
s4 context show:.venv/lib… noul  ▎········· 0.02           │ [ ] Re-verify test run to confirm stability
s4 risk    destructive     L0    ██████████ 1.00 [ok]      │ [ ] If confirmed passing, mark task complete
s4 risk    out_of_scope    L0.14 █████████▎ 0.93 [ok]      │ [!] human s2: Prefer the smallest change and run the tests…
s4 risk    plan_mismatch   L0.32 ████████▉· 0.89 [ok]      │
s4 risk    irreversible    L0    ██████████ 1.00 [ok]      │
s4 risk    matches_intent  noul  █████████▊ 0.98           │
[33m> [39m[2mType to steer the next step…   Esc pauses · Esc Esc aborts[22m
⠇ risk               step 3/12 0m19s  run $0.04/1.00 ok  sess $0.00/5.00 ok  ⎇ main · 1~ 1091?  jev ▂▁▅▂▂▂▅▂▃▂▅▂  ? help
[2A[3G[?25h[?2026l[?2026h[?25l[2B[1G[2K[1A[2K[1A[2K[1A[2K[1A[2K[1A[2K[1A[2K[1A[2K[1A[2K[1A[2K[1A[2K[1A[2K[1A[2K[1A[2K[1A[2K[1A[2K[1A[2K[G[2m─── decisions s3 · c~ derived |2p−1| ────────────────────────────────── [d]ecisions [p]lan [t]imeline [s]ynth ─── plan ─[22m
[33mloop  run:python -m pytest -q›exit 0  x2/3[39m
s4 context show:.venv/lib… noul  ▎········· 0.03           │ plan  done 3  remaining 4  unverified 0  problems 1
s4 context show:.venv/lib… noul  ▎········· 0.03           │ [x] Ran tests: 7 passed, 0 failed, 0 errors… s2 done_0 0.93
s4 context show:.venv/lib… noul  ▎········· 0.03           │ [x] Ran tests: 7 passed, 0 failed, 0 errors… s3 done_0 0.94
s4 context show:.venv/lib… noul  ▎········· 0.02           │ [x] Ran tests again: 7 passed, 0 failed, 0 … s3 done_1 0.91
s4 context show:.venv/lib… noul  ▎········· 0.03           │ [ ] Confirm stability with one more verification run
s4 context show:.venv/lib… noul  ▎········· 0.03           │ [ ] Mark task complete if still passing
s4 context show:.venv/lib… noul  ▎········· 0.02           │ [ ] Re-verify test run to confirm stability
s4 risk    destructive     L0    ██████████ 1.00 [ok]      │ [ ] If confirmed passing, mark task complete
s4 risk    out_of_scope    L0.14 █████████▎ 0.93 [ok]      │ [!] human s2: Prefer the smallest change and run the tests…
s4 risk    plan_mismatch   L0.32 ████████▉· 0.89 [ok]      │
s4 risk    irreversible    L0    ██████████ 1.00 [ok]      │
s4 risk    matches_intent  noul  █████████▊ 0.98           │
[33m> [39m[2mType to steer the next step…   Esc pauses · Esc Esc aborts[22m
⠏ risk               step 3/12 0m19s  run $0.04/1.00 ok  sess $0.00/5.00 ok  ⎇ main · 1~ 1091?  jev ▂▁▅▂▂▂▅▂▃▂▅▂  ? help
[2A[3G[?25h[?2026l[?2026h[?25l[2B[1G[2K[1A[2K[1A[2K[1A[2K[1A[2K[1A[2K[1A[2K[1A[2K[1A[2K[1A[2K[1A[2K[1A[2K[1A[2K[1A[2K[1A[2K[1A[2K[1A[2K[G[2m─── decisions s3 · c~ derived |2p−1| ────────────────────────────────── [d]ecisions [p]lan [t]imeline [s]ynth ─── plan ─[22m
[33mloop  run:python -m pytest -q›exit 0  x2/3[39m
s4 context show:.venv/lib… noul  ▎········· 0.03           │ plan  done 3  remaining 4  unverified 0  problems 1
s4 context show:.venv/lib… noul  ▎········· 0.03           │ [x] Ran tests: 7 passed, 0 failed, 0 errors… s2 done_0 0.93
s4 context show:.venv/lib… noul  ▎········· 0.03           │ [x] Ran tests: 7 passed, 0 failed, 0 errors… s3 done_0 0.94
s4 context show:.venv/lib… noul  ▎········· 0.02           │ [x] Ran tests again: 7 passed, 0 failed, 0 … s3 done_1 0.91
s4 context show:.venv/lib… noul  ▎········· 0.03           │ [ ] Confirm stability with one more verification run
s4 context show:.venv/lib… noul  ▎········· 0.03           │ [ ] Mark task complete if still passing
s4 context show:.venv/lib… noul  ▎········· 0.02           │ [ ] Re-verify test run to confirm stability
s4 risk    destructive     L0    ██████████ 1.00 [ok]      │ [ ] If confirmed passing, mark task complete
s4 risk    out_of_scope    L0.14 █████████▎ 0.93 [ok]      │ [!] human s2: Prefer the smallest change and run the tests…
s4 risk    plan_mismatch   L0.32 ████████▉· 0.89 [ok]      │
s4 risk    irreversible    L0    ██████████ 1.00 [ok]      │
s4 risk    matches_intent  noul  █████████▊ 0.98           │
[33m> [39m[2mType to steer the next step…   Esc pauses · Esc Esc aborts[22m
⠋ risk               step 3/12 0m19s  run $0.04/1.00 ok  sess $0.00/5.00 ok  ⎇ main · 1~ 1091?  jev ▂▁▅▂▂▂▅▂▃▂▅▂  ? help
[2A[3G[?25h[?2026l[?2026h[?25l[2B[1G[2K[1A[2K[1A[2K[1A[2K[1A[2K[1A[2K[1A[2K[1A[2K[1A[2K[1A[2K[1A[2K[1A[2K[1A[2K[1A[2K[1A[2K[1A[2K[1A[2K[G[2m─── decisions s3 · c~ derived |2p−1| ────────────────────────────────── [d]ecisions [p]lan [t]imeline [s]ynth ─── plan ─[22m
[33mloop  run:python -m pytest -q›exit 0  x2/3[39m
s4 context show:.venv/lib… noul  ▎········· 0.03           │ plan  done 3  remaining 4  unverified 0  problems 1
s4 context show:.venv/lib… noul  ▎········· 0.03           │ [x] Ran tests: 7 passed, 0 failed, 0 errors… s2 done_0 0.93
s4 context show:.venv/lib… noul  ▎········· 0.03           │ [x] Ran tests: 7 passed, 0 failed, 0 errors… s3 done_0 0.94
s4 context show:.venv/lib… noul  ▎········· 0.02           │ [x] Ran tests again: 7 passed, 0 failed, 0 … s3 done_1 0.91
s4 context show:.venv/lib… noul  ▎········· 0.03           │ [ ] Confirm stability with one more verification run
s4 context show:.venv/lib… noul  ▎········· 0.03           │ [ ] Mark task complete if still passing
s4 context show:.venv/lib… noul  ▎········· 0.02           │ [ ] Re-verify test run to confirm stability
s4 risk    destructive     L0    ██████████ 1.00 [ok]      │ [ ] If confirmed passing, mark task complete
s4 risk    out_of_scope    L0.14 █████████▎ 0.93 [ok]      │ [!] human s2: Prefer the smallest change and run the tests…
s4 risk    plan_mismatch   L0.32 ████████▉· 0.89 [ok]      │
s4 risk    irreversible    L0    ██████████ 1.00 [ok]      │
s4 risk    matches_intent  noul  █████████▊ 0.98           │
[33m> [39m[2mType to steer the next step…   Esc pauses · Esc Esc aborts[22m
⠋ execute            step 3/12 0m19s  run $0.04/1.00 ok  sess $0.00/5.00 ok  ⎇ main · 1~ 1091?  jev ▂▁▅▂▂▂▅▂▃▂▅▂  ? help
[2A[3G[?25h[?2026l[?2026h[?25l[2B[1G[2K[1A[2K[1A[2K[1A[2K[1A[2K[1A[2K[1A[2K[1A[2K[1A[2K[1A[2K[1A[2K[1A[2K[1A[2K[1A[2K[1A[2K[1A[2K[1A[2K[G[2m[step 4] outcome executed: exit 0 (exit 0, 96ms)[22m
[2m─── decisions s3 · c~ derived |2p−1| ────────────────────────────────── [d]ecisions [p]lan [t]imeline [s]ynth ─── plan ─[22m
[33mloop  run:python -m pytest -q›exit 0  x2/3[39m
s4 context show:.venv/lib… noul  ▎········· 0.03           │ plan  done 3  remaining 4  unverified 0  problems 1
s4 context show:.venv/lib… noul  ▎········· 0.03           │ [x] Ran tests: 7 passed, 0 failed, 0 errors… s2 done_0 0.93
s4 context show:.venv/lib… noul  ▎········· 0.03           │ [x] Ran tests: 7 passed, 0 failed, 0 errors… s3 done_0 0.94
s4 context show:.venv/lib… noul  ▎········· 0.02           │ [x] Ran tests again: 7 passed, 0 failed, 0 … s3 done_1 0.91
s4 context show:.venv/lib… noul  ▎········· 0.03           │ [ ] Confirm stability with one more verification run
s4 context show:.venv/lib… noul  ▎········· 0.03           │ [ ] Mark task complete if still passing
s4 context show:.venv/lib… noul  ▎········· 0.02           │ [ ] Re-verify test run to confirm stability
s4 risk    destructive     L0    ██████████ 1.00 [ok]      │ [ ] If confirmed passing, mark task complete
s4 risk    out_of_scope    L0.14 █████████▎ 0.93 [ok]      │ [!] human s2: Prefer the smallest change and run the tests…
s4 risk    plan_mismatch   L0.32 ████████▉· 0.89 [ok]      │
s4 risk    irreversible    L0    ██████████ 1.00 [ok]      │
s4 risk    matches_intent  noul  █████████▊ 0.98           │
[33m> [39m[2mType to steer the next step…   Esc pauses · Esc Esc aborts[22m
⠋ execute            step 3/12 0m19s  run $0.04/1.00 ok  sess $0.00/5.00 ok  ⎇ main · 1~ 1091?  jev ▂▁▅▂▂▂▅▂▃▂▅▂  ? help
[2A[3G[?25h[?2026l[?2026h[?25l[2B[1G[2K[1A[2K[1A[2K[1A[2K[1A[2K[1A[2K[1A[2K[1A[2K[1A[2K[1A[2K[1A[2K[1A[2K[1A[2K[1A[2K[1A[2K[1A[2K[1A[2K[G[2m─── decisions s3 · c~ derived |2p−1| ────────────────────────────────── [d]ecisions [p]lan [t]imeline [s]ynth ─── plan ─[22m
[33mloop  run:python -m pytest -q›exit 0  x2/3[39m
s4 context show:.venv/lib… noul  ▎········· 0.03           │ plan  done 3  remaining 4  unverified 0  problems 1
s4 context show:.venv/lib… noul  ▎········· 0.03           │ [x] Ran tests: 7 passed, 0 failed, 0 errors… s2 done_0 0.93
s4 context show:.venv/lib… noul  ▎········· 0.03           │ [x] Ran tests: 7 passed, 0 failed, 0 errors… s3 done_0 0.94
s4 context show:.venv/lib… noul  ▎········· 0.02           │ [x] Ran tests again: 7 passed, 0 failed, 0 … s3 done_1 0.91
s4 context show:.venv/lib… noul  ▎········· 0.03           │ [ ] Confirm stability with one more verification run
s4 context show:.venv/lib… noul  ▎········· 0.03           │ [ ] Mark task complete if still passing
s4 context show:.venv/lib… noul  ▎········· 0.02           │ [ ] Re-verify test run to confirm stability
s4 risk    destructive     L0    ██████████ 1.00 [ok]      │ [ ] If confirmed passing, mark task complete
s4 risk    out_of_scope    L0.14 █████████▎ 0.93 [ok]      │ [!] human s2: Prefer the smallest change and run the tests…
s4 risk    plan_mismatch   L0.32 ████████▉· 0.89 [ok]      │
s4 risk    irreversible    L0    ██████████ 1.00 [ok]      │
s4 risk    matches_intent  noul  █████████▊ 0.98           │
[33m> [39m[2mType to steer the next step…   Esc pauses · Esc Esc aborts[22m
⠙ execute            step 3/12 0m19s  run $0.04/1.00 ok  sess $0.00/5.00 ok  ⎇ main · 1~ 1091?  jev ▂▁▅▂▂▂▅▂▃▂▅▂  ? help
[2A[3G[?25h[?2026l[?2026h[?25l[2B[1G[2K[1A[2K[1A[2K[1A[2K[1A[2K[1A[2K[1A[2K[1A[2K[1A[2K[1A[2K[1A[2K[1A[2K[1A[2K[1A[2K[1A[2K[1A[2K[1A[2K[G[2m─── decisions s3 · c~ derived |2p−1| ────────────────────────────────── [d]ecisions [p]lan [t]imeline [s]ynth ─── plan ─[22m
[33mloop  run:python -m pytest -q›exit 0  x2/3[39m
s4 context show:.venv/lib… noul  ▎········· 0.03           │ plan  done 3  remaining 4  unverified 0  problems 1
s4 context show:.venv/lib… noul  ▎········· 0.03           │ [x] Ran tests: 7 passed, 0 failed, 0 errors… s2 done_0 0.93
s4 context show:.venv/lib… noul  ▎········· 0.03           │ [x] Ran tests: 7 passed, 0 failed, 0 errors… s3 done_0 0.94
s4 context show:.venv/lib… noul  ▎········· 0.02           │ [x] Ran tests again: 7 passed, 0 failed, 0 … s3 done_1 0.91
s4 context show:.venv/lib… noul  ▎········· 0.03           │ [ ] Confirm stability with one more verification run
s4 context show:.venv/lib… noul  ▎········· 0.03           │ [ ] Mark task complete if still passing
s4 context show:.venv/lib… noul  ▎········· 0.02           │ [ ] Re-verify test run to confirm stability
s4 risk    destructive     L0    ██████████ 1.00 [ok]      │ [ ] If confirmed passing, mark task complete
s4 risk    out_of_scope    L0.14 █████████▎ 0.93 [ok]      │ [!] human s2: Prefer the smallest change and run the tests…
s4 risk    plan_mismatch   L0.32 ████████▉· 0.89 [ok]      │
s4 risk    irreversible    L0    ██████████ 1.00 [ok]      │
s4 risk    matches_intent  noul  █████████▊ 0.98           │
[33m> [39m[2mType to steer the next step…   Esc pauses · Esc Esc aborts[22m
⠹ execute            step 3/12 0m19s  run $0.04/1.00 ok  sess $0.00/5.00 ok  ⎇ main · 1~ 1091?  jev ▂▁▅▂▂▂▅▂▃▂▅▂  ? help
[2A[3G[?25h[?2026l[?2026h[?25l[2B[1G[2K[1A[2K[1A[2K[1A[2K[1A[2K[1A[2K[1A[2K[1A[2K[1A[2K[1A[2K[1A[2K[1A[2K[1A[2K[1A[2K[1A[2K[1A[2K[1A[2K[G[2m[step 4] judge succeeded=0.83 error_present=0.03 new_info=0.05 tests=7p/0f/0e pass claims=1/1 completion=0.72[22m
[33m[step 4] loop tripped: run:6d31712e2d8d:48e78467afad x3[39m
[2m[step 4] plan done=4 remaining=4 unverified=0 problems=2[22m
[2m─── decisions s4 · c~ derived |2p−1| ────────────────────────────────── [d]ecisions [p]lan [t]imeline [s]ynth ─── plan ─[22m
[33mloop  run:python -m pytest -q›exit 0  x3/3[39m
s4 context show:.venv/lib… noul  ▎········· 0.03           │ plan  done 4  remaining 4  unverified 0  problems 1
s4 context show:.venv/lib… noul  ▎········· 0.02           │ [x] Ran tests: 7 passed, 0 failed, 0 errors… s2 done_0 0.93
s4 risk    destructive     L0    ██████████ 1.00 [ok]      │ [x] Ran tests: 7 passed, 0 failed, 0 errors… s3 done_0 0.94
s4 risk    out_of_scope    L0.14 █████████▎ 0.93 [ok]      │ [x] Ran tests again: 7 passed, 0 failed, 0 … s3 done_1 0.91
s4 risk    plan_mismatch   L0.32 ████████▉· 0.89 [ok]      │ [x] Ran tests multiple times: 7 passed, 0 f… s4 done_0 0.83
s4 risk    irreversible    L0    ██████████ 1.00 [ok]      │ [ ] Confirm stability with one more verification run
s4 risk    matches_intent  noul  █████████▊ 0.98           │ [ ] Mark task complete if still passing
s4 judge   succeeded       noul  ████████▎· 0.83           │ [ ] Re-verify test run to confirm stability
s4 judge   error_present   noul  ▎········· 0.03           │ [ ] If confirmed passing, mark task complete
s4 judge   new_information noul  ▌········· 0.05           │ [!] human s2: Prefer the smallest change and run the tests…
s4 judge   done_0          noul  ████████▎· 0.83           │
s4 complete task_complete  noul  ███████▎·· 0.72           │
[33m> [39m[2mType to steer the next step…   Esc pauses · Esc Esc aborts[22m
⠹ judge              step 4/12 0m19s  run $0.04/1.00 ok  sess $0.00/5.00 ok  ⎇ main · 1~ 1091?  jev ▁▅▂▂▂▅▂▃▂▅▂▂  ? help
[2A[3G[?25h[?2026l[?2026h[?25l[2B[1G[2K[1A[2K[1A[2K[1A[2K[1A[2K[1A[2K[1A[2K[1A[2K[1A[2K[1A[2K[1A[2K[1A[2K[1A[2K[1A[2K[1A[2K[1A[2K[1A[2K[G[2m─── decisions s4 · c~ derived |2p−1| ────────────────────────────────── [d]ecisions [p]lan [t]imeline [s]ynth ─── plan ─[22m
[33mloop  run:python -m pytest -q›exit 0  x3/3[39m
s4 context show:.venv/lib… noul  ▎········· 0.03           │ plan  done 4  remaining 4  unverified 0  problems 1
s4 context show:.venv/lib… noul  ▎········· 0.02           │ [x] Ran tests: 7 passed, 0 failed, 0 errors… s2 done_0 0.93
s4 risk    destructive     L0    ██████████ 1.00 [ok]      │ [x] Ran tests: 7 passed, 0 failed, 0 errors… s3 done_0 0.94
s4 risk    out_of_scope    L0.14 █████████▎ 0.93 [ok]      │ [x] Ran tests again: 7 passed, 0 failed, 0 … s3 done_1 0.91
s4 risk    plan_mismatch   L0.32 ████████▉· 0.89 [ok]      │ [x] Ran tests multiple times: 7 passed, 0 f… s4 done_0 0.83
s4 risk    irreversible    L0    ██████████ 1.00 [ok]      │ [ ] Confirm stability with one more verification run
s4 risk    matches_intent  noul  █████████▊ 0.98           │ [ ] Mark task complete if still passing
s4 judge   succeeded       noul  ████████▎· 0.83           │ [ ] Re-verify test run to confirm stability
s4 judge   error_present   noul  ▎········· 0.03           │ [ ] If confirmed passing, mark task complete
s4 judge   new_information noul  ▌········· 0.05           │ [!] human s2: Prefer the smallest change and run the tests…
s4 judge   done_0          noul  ████████▎· 0.83           │
s4 complete task_complete  noul  ███████▎·· 0.72           │
[33m> [39m[2mType to steer the next step…   Esc pauses · Esc Esc aborts[22m
⠸ judge              step 4/12 0m19s  run $0.04/1.00 ok  sess $0.00/5.00 ok  ⎇ main · 1~ 1091?  jev ▁▅▂▂▂▅▂▃▂▅▂▂  ? help
[2A[3G[?25h[?2026l[?2026h[?25l[2B[1G[2K[1A[2K[1A[2K[1A[2K[1A[2K[1A[2K[1A[2K[1A[2K[1A[2K[1A[2K[1A[2K[1A[2K[1A[2K[1A[2K[1A[2K[1A[2K[1A[2K[G[2m─── decisions s4 · c~ derived |2p−1| ────────────────────────────────── [d]ecisions [p]lan [t]imeline [s]ynth ─── plan ─[22m
[33mloop  run:python -m pytest -q›exit 0  x3/3[39m
s4 context show:.venv/lib… noul  ▎········· 0.03           │ plan  done 4  remaining 4  unverified 0  problems 1
s4 context show:.venv/lib… noul  ▎········· 0.02           │ [x] Ran tests: 7 passed, 0 failed, 0 errors… s2 done_0 0.93
s4 risk    destructive     L0    ██████████ 1.00 [ok]      │ [x] Ran tests: 7 passed, 0 failed, 0 errors… s3 done_0 0.94
s4 risk    out_of_scope    L0.14 █████████▎ 0.93 [ok]      │ [x] Ran tests again: 7 passed, 0 failed, 0 … s3 done_1 0.91
s4 risk    plan_mismatch   L0.32 ████████▉· 0.89 [ok]      │ [x] Ran tests multiple times: 7 passed, 0 f… s4 done_0 0.83
s4 risk    irreversible    L0    ██████████ 1.00 [ok]      │ [ ] Confirm stability with one more verification run
s4 risk    matches_intent  noul  █████████▊ 0.98           │ [ ] Mark task complete if still passing
s4 judge   succeeded       noul  ████████▎· 0.83           │ [ ] Re-verify test run to confirm stability
s4 judge   error_present   noul  ▎········· 0.03           │ [ ] If confirmed passing, mark task complete
s4 judge   new_information noul  ▌········· 0.05           │ [!] human s2: Prefer the smallest change and run the tests…
s4 judge   done_0          noul  ████████▎· 0.83           │
s4 complete task_complete  noul  ███████▎·· 0.72           │
[33m> [39m[2mType to steer the next step…   Esc pauses · Esc Esc aborts[22m
⠼ judge              step 4/12 0m19s  run $0.04/1.00 ok  sess $0.00/5.00 ok  ⎇ main · 1~ 1091?  jev ▁▅▂▂▂▅▂▃▂▅▂▂  ? help
[2A[3G[?25h[?2026l[?2026h[?25l[2B[1G[2K[1A[2K[1A[2K[1A[2K[1A[2K[1A[2K[1A[2K[1A[2K[1A[2K[1A[2K[1A[2K[1A[2K[1A[2K[1A[2K[1A[2K[1A[2K[1A[2K[G[2m[step 5] replan: replan_stop (move stop_and_report p=0.61, task_impossible=0.42)[22m
[2m─── decisions s4 · c~ derived |2p−1| ────────────────────────────────── [d]ecisions [p]lan [t]imeline [s]ynth ─── plan ─[22m
[33mloop  run:python -m pytest -q›exit 0  x3/3[39m
s4 judge   succeeded       noul  ████████▎· 0.83           │ plan  done 4  remaining 4  unverified 0  problems 1
s4 judge   error_present   noul  ▎········· 0.03           │ [x] Ran tests: 7 passed, 0 failed, 0 errors… s2 done_0 0.93
s4 judge   new_information noul  ▌········· 0.05           │ [x] Ran tests: 7 passed, 0 failed, 0 errors… s3 done_0 0.94
s4 judge   done_0          noul  ████████▎· 0.83           │ [x] Ran tests again: 7 passed, 0 failed, 0 … s3 done_1 0.91
s4 complete task_complete  noul  ███████▎·· 0.72           │ [x] Ran tests multiple times: 7 passed, 0 f… s4 done_0 0.83
s5 replan  next_move       stop… ██████▏··· 0.61 chosen    │ [ ] Confirm stability with one more verification run
s5 replan  can_change_app… noul  █▏········ 0.11           │ [ ] Mark task complete if still passing
s5 replan  can_gather_con… noul  ███▎······ 0.33           │ [ ] Re-verify test run to confirm stability
s5 replan  can_fix_enviro… noul  ▍········· 0.04           │ [ ] If confirmed passing, mark task complete
s5 replan  can_revert_cha… noul  ▌········· 0.05           │ [!] human s2: Prefer the smallest change and run the tests…
s5 replan  can_stop_and_r… noul  █████▎····!0.53           │
s5 replan  task_impossible noul  ████▎····· 0.42           │
[33m> [39m[2mType to steer the next step…   Esc pauses · Esc Esc aborts[22m
⠼ replan             step 4/12 0m20s  run $0.04/1.00 ok  sess $0.00/5.00 ok  ⎇ main · 1~ 1091?  jev ▅▂▂▂▅▂▃▂▅▂▂▃  ? help
[2A[3G[?25h[?2026l[?2026h[?25l[2B[1G[2K[1A[2K[1A[2K[1A[2K[1A[2K[1A[2K[1A[2K[1A[2K[1A[2K[1A[2K[1A[2K[1A[2K[1A[2K[1A[2K[1A[2K[1A[2K[1A[2K[G[33m[run] warn: stop: replan_stop at step 4 (task_impossible=0.42)[39m
[2m─── decisions s4 · c~ derived |2p−1| ────────────────────────────────── [d]ecisions [p]lan [t]imeline [s]ynth ─── plan ─[22m
[33mloop  run:python -m pytest -q›exit 0  x3/3[39m
s4 judge   succeeded       noul  ████████▎· 0.83           │ plan  done 4  remaining 4  unverified 0  problems 1
s4 judge   error_present   noul  ▎········· 0.03           │ [x] Ran tests: 7 passed, 0 failed, 0 errors… s2 done_0 0.93
s4 judge   new_information noul  ▌········· 0.05           │ [x] Ran tests: 7 passed, 0 failed, 0 errors… s3 done_0 0.94
s4 judge   done_0          noul  ████████▎· 0.83           │ [x] Ran tests again: 7 passed, 0 failed, 0 … s3 done_1 0.91
s4 complete task_complete  noul  ███████▎·· 0.72           │ [x] Ran tests multiple times: 7 passed, 0 f… s4 done_0 0.83
s5 replan  next_move       stop… ██████▏··· 0.61 chosen    │ [ ] Confirm stability with one more verification run
s5 replan  can_change_app… noul  █▏········ 0.11           │ [ ] Mark task complete if still passing
s5 replan  can_gather_con… noul  ███▎······ 0.33           │ [ ] Re-verify test run to confirm stability
s5 replan  can_fix_enviro… noul  ▍········· 0.04           │ [ ] If confirmed passing, mark task complete
s5 replan  can_revert_cha… noul  ▌········· 0.05           │ [!] human s2: Prefer the smallest change and run the tests…
s5 replan  can_stop_and_r… noul  █████▎····!0.53           │
s5 replan  task_impossible noul  ████▎····· 0.42           │
[33m> [39m[2mType to steer the next step…   Esc pauses · Esc Esc aborts[22m
⠼ replan             step 4/12 0m20s  run $0.04/1.00 ok  sess $0.00/5.00 ok  ⎇ main · 1~ 1091?  jev ▅▂▂▂▅▂▃▂▅▂▂▃  ? help
[2A[3G[?25h[?2026l[?2026h[?25l[2B[1G[2K[1A[2K[1A[2K[1A[2K[1A[2K[1A[2K[1A[2K[1A[2K[1A[2K[1A[2K[1A[2K[1A[2K[1A[2K[1A[2K[1A[2K[1A[2K[1A[2K[G[33m[run] end replan_stop steps=4 wall=20s cost=$0.045 (gen $0.036, jev $0.008) exit 4[39m
[2m[ui] stopped — replan_stop (exit 4)[22m
[2mrun       20260921-103525-arhva4xt[22m
[2mfiles     ~/.jevcode/runs/20260921-103525-arhva4xt/  (transcript.log, state.json, jevcode.log)[22m
[2mresume    jevcode run --resume 20260921-103525-arhva4xt[22m
[2mreport    jevcode report 20260921-103525-arhva4xt   (redacted bundle written locally; nothing is sent)[22m
[2m─── decisions s4 · c~ derived |2p−1| ────────────────────────────────── [d]ecisions [p]lan [t]imeline [s]ynth ─── plan ─[22m
[33mloop  run:python -m pytest -q›exit 0  x3/3[39m
s4 judge   succeeded       noul  ████████▎· 0.83           │ plan  done 4  remaining 4  unverified 0  problems 1
s4 judge   error_present   noul  ▎········· 0.03           │ [x] Ran tests: 7 passed, 0 failed, 0 errors… s2 done_0 0.93
s4 judge   new_information noul  ▌········· 0.05           │ [x] Ran tests: 7 passed, 0 failed, 0 errors… s3 done_0 0.94
s4 judge   done_0          noul  ████████▎· 0.83           │ [x] Ran tests again: 7 passed, 0 failed, 0 … s3 done_1 0.91
s4 complete task_complete  noul  ███████▎·· 0.72           │ [x] Ran tests multiple times: 7 passed, 0 f… s4 done_0 0.83
s5 replan  next_move       stop… ██████▏··· 0.61 chosen    │ [ ] Confirm stability with one more verification run
s5 replan  can_change_app… noul  █▏········ 0.11           │ [ ] Mark task complete if still passing
s5 replan  can_gather_con… noul  ███▎······ 0.33           │ [ ] Re-verify test run to confirm stability
s5 replan  can_fix_enviro… noul  ▍········· 0.04           │ [ ] If confirmed passing, mark task complete
s5 replan  can_revert_cha… noul  ▌········· 0.05           │ [!] human s2: Prefer the smallest change and run the tests…
s5 replan  can_stop_and_r… noul  █████▎····!0.53           │
s5 replan  task_impossible noul  ████▎····· 0.42           │
> [2mFollow-up or /command…   Enter runs · ↑ history · Esc Esc menu · ? help[22m
[1m[33midle exit 4          step 4/12 0m20s  run $0.04/1.00 ok  sess $0.04/5.00 ok  ⎇ main · 1~ 1091?  jev ▅▂▂▂▅▂▃▂▅▂▂▃  ? help[39m[22m
[2A[3G[?25h[?2026l[?2026h[?25l[2B[1G[2K[1A[2K[1A[2K[1A[2K[1A[2K[1A[2K[1A[2K[1A[2K[1A[2K[1A[2K[1A[2K[1A[2K[1A[2K[1A[2K[1A[2K[1A[2K[1A[2K[G[2m─── decisions s4 · c~ derived |2p−1| ────────────────────────────────── [d]ecisions [p]lan [t]imeline [s]ynth ─── plan ─[22m
[33mloop  run:python -m pytest -q›exit 0  x3/3[39m
s4 judge   succeeded       noul  ████████▎· 0.83           │ plan  done 4  remaining 4  unverified 0  problems 1
s4 judge   error_present   noul  ▎········· 0.03           │ [x] Ran tests: 7 passed, 0 failed, 0 errors… s2 done_0 0.93
s4 judge   new_information noul  ▌········· 0.05           │ [x] Ran tests: 7 passed, 0 failed, 0 errors… s3 done_0 0.94
s4 judge   done_0          noul  ████████▎· 0.83           │ [x] Ran tests again: 7 passed, 0 failed, 0 … s3 done_1 0.91
s4 complete task_complete  noul  ███████▎·· 0.72           │ [x] Ran tests multiple times: 7 passed, 0 f… s4 done_0 0.83
s5 replan  next_move       stop… ██████▏··· 0.61 chosen    │ [ ] Confirm stability with one more verification run
s5 replan  can_change_app… noul  █▏········ 0.11           │ [ ] Mark task complete if still passing
s5 replan  can_gather_con… noul  ███▎······ 0.33           │ [ ] Re-verify test run to confirm stability
s5 replan  can_fix_enviro… noul  ▍········· 0.04           │ [ ] If confirmed passing, mark task complete
s5 replan  can_revert_cha… noul  ▌········· 0.05           │ [!] human s2: Prefer the smallest change and run the tests…
s5 replan  can_stop_and_r… noul  █████▎····!0.53           │
s5 replan  task_impossible noul  ████▎····· 0.42           │
[33m> [39m[2mType to steer the next step…   Esc pauses · Esc Esc aborts[22m
starting             step 4/12 0m20s  run $0.04/1.00 ok  sess $0.04/5.00 ok  ⎇ main · 1~ 1091?  jev ▅▂▂▂▅▂▃▂▅▂▂▃  ? help
[2A[3G[?25h[?2026l[?2026h[?25l[2B[1G[2K[1A[2K[1A[2K[1A[2K[1A[2K[1A[2K[1A[2K[1A[2K[1A[2K[1A[2K[1A[2K[1A[2K[1A[2K[1A[2K[1A[2K[1A[2K[1A[2K[G[run] start 20260921-103547-ntj6esxg mode=jev-on task: Add a one-line docstring to every function in calc/core.py, then
run the tests.
[2m[run] ready 20260921-103547-ntj6esxg step 0/12[22m
[2m[run] git main · 1 modified · 1091 untracked[22m
[2m[run] seeded from run 20260921-103525-arhva4xt: plan done=4 remaining=4 unverified=0 · window 4 entries · 0 created [22m
[2mfiles[22m
[2m─── decisions s0 · c~ derived |2p−1| ────────────────────────────────── [d]ecisions [p]lan [t]imeline [s]ynth ─── plan ─[22m
[2m(no decisions yet)                                         │ (no plan yet)[22m











[33m> [39m[2mType to steer the next step…   Esc pauses · Esc Esc aborts[22m
starting      20260921-103547-ntj6esxg       step 0/12  run $0.04/1.00 ok  sess $0.04/5.00 ok  ⎇ main · 1~ 1091?  ? help
[2A[3G[?25h[?2026l[?2026h[?25l[2B[1G[2K[1A[2K[1A[2K[1A[2K[1A[2K[1A[2K[1A[2K[1A[2K[1A[2K[1A[2K[1A[2K[1A[2K[1A[2K[1A[2K[1A[2K[1A[2K[G[2m[step 1] intent=investigate p=0.49 c=0.39 (jev answered edit)[22m
[2m─── decisions s0 · c~ derived |2p−1| ────────────────────────────────── [d]ecisions [p]lan [t]imeline [s]ynth ─── plan ─[22m
s1 intent  intent          edit  ████▉····· 0.49 fallback  │ (no plan yet)
s1 intent  can_investigate noul  ████▎····· 0.43           │
s1 intent  can_edit        noul  ███······· 0.30           │
s1 intent  can_verify      noul  ███▉······ 0.39           │
s1 intent  can_fix_enviro… noul  ▎········· 0.02           │
s1 intent  can_finish      noul  █▍········ 0.14           │
s1 intent  plan_still_val… noul  ████▍····· 0.44           │





[33m> [39m[2mType to steer the next step…   Esc pauses · Esc Esc aborts[22m
⠼ intent             step 0/12 0m01s  run $0.00/1.00 ok  sess $0.04/5.00 ok  ⎇ main · 1~ 1091?  jev            █  ? help
[2A[3G[?25h[?2026l[?2026h[?25l[2B[1G[2K[1A[2K[1A[2K[1A[2K[1A[2K[1A[2K[1A[2K[1A[2K[1A[2K[1A[2K[1A[2K[1A[2K[1A[2K[1A[2K[1A[2K[1A[2K[G[2m─── decisions s0 · c~ derived |2p−1| ────────────────────────────────── [d]ecisions [p]lan [t]imeline [s]ynth ─── plan ─[22m
s1 intent  intent          edit  ████▉····· 0.49 fallback  │ (no plan yet)
s1 intent  can_investigate noul  ████▎····· 0.43           │
s1 intent  can_edit        noul  ███······· 0.30           │
s1 intent  can_verify      noul  ███▉······ 0.39           │
s1 intent  can_fix_enviro… noul  ▎········· 0.02           │
s1 intent  can_finish      noul  █▍········ 0.14           │
s1 intent  plan_still_val… noul  ████▍····· 0.44           │





[33m> [39m[2mType to steer the next step…   Esc pauses · Esc Esc aborts[22m
⠴ intent             step 0/12 0m01s  run $0.00/1.00 ok  sess $0.04/5.00 ok  ⎇ main · 1~ 1091?  jev            █  ? help
[2A[3G[?25h[?2026l[?2026h[?25l[2B[1G[2K[1A[2K[1A[2K[1A[2K[1A[2K[1A[2K[1A[2K[1A[2K[1A[2K[1A[2K[1A[2K[1A[2K[1A[2K[1A[2K[1A[2K[1A[2K[G[2m─── decisions s0 · c~ derived |2p−1| ────────────────────────────────── [d]ecisions [p]lan [t]imeline [s]ynth ─── plan ─[22m
s1 intent  intent          edit  ████▉····· 0.49 fallback  │ (no plan yet)
s1 intent  can_investigate noul  ████▎····· 0.43           │
s1 intent  can_edit        noul  ███······· 0.30           │
s1 intent  can_verify      noul  ███▉······ 0.39           │
s1 intent  can_fix_enviro… noul  ▎········· 0.02           │
s1 intent  can_finish      noul  █▍········ 0.14           │
s1 intent  plan_still_val… noul  ████▍····· 0.44           │





[33m> [39m[2mType to steer the next step…   Esc pauses · Esc Esc aborts[22m
⠦ intent             step 0/12 0m01s  run $0.00/1.00 ok  sess $0.04/5.00 ok  ⎇ main · 1~ 1091?  jev            █  ? help
[2A[3G[?25h[?2026l[?2026h[?25l[2B[1G[2K[1A[2K[1A[2K[1A[2K[1A[2K[1A[2K[1A[2K[1A[2K[1A[2K[1A[2K[1A[2K[1A[2K[1A[2K[1A[2K[1A[2K[1A[2K[G[2m─── decisions s0 · c~ derived |2p−1| ────────────────────────────────── [d]ecisions [p]lan [t]imeline [s]ynth ─── plan ─[22m
s1 intent  intent          edit  ████▉····· 0.49 fallback  │ (no plan yet)
s1 intent  can_investigate noul  ████▎····· 0.43           │
s1 intent  can_edit        noul  ███······· 0.30           │
s1 intent  can_verify      noul  ███▉······ 0.39           │
s1 intent  can_fix_enviro… noul  ▎········· 0.02           │
s1 intent  can_finish      noul  █▍········ 0.14           │
s1 intent  plan_still_val… noul  ████▍····· 0.44           │





[33m> [39m[2mType to steer the next step…   Esc pauses · Esc Esc aborts[22m
⠧ intent             step 0/12 0m01s  run $0.00/1.00 ok  sess $0.04/5.00 ok  ⎇ main · 1~ 1091?  jev            █  ? help
[2A[3G[?25h[?2026l[?2026h[?25l[2B[1G[2K[1A[2K[1A[2K[1A[2K[1A[2K[1A[2K[1A[2K[1A[2K[1A[2K[1A[2K[1A[2K[1A[2K[1A[2K[1A[2K[1A[2K[1A[2K[G[2m─── decisions s0 · c~ derived |2p−1| ────────────────────────────────── [d]ecisions [p]lan [t]imeline [s]ynth ─── plan ─[22m
s1 intent  intent          edit  ████▉····· 0.49 fallback  │ (no plan yet)
s1 intent  can_investigate noul  ████▎····· 0.43           │
s1 intent  can_edit        noul  ███······· 0.30           │
s1 intent  can_verify      noul  ███▉······ 0.39           │
s1 intent  can_fix_enviro… noul  ▎········· 0.02           │
s1 intent  can_finish      noul  █▍········ 0.14           │
s1 intent  plan_still_val… noul  ████▍····· 0.44           │





[33m> [39m[2mType to steer the next step…   Esc pauses · Esc Esc aborts[22m
⠇ intent             step 0/12 0m01s  run $0.00/1.00 ok  sess $0.04/5.00 ok  ⎇ main · 1~ 1091?  jev            █  ? help
[2A[3G[?25h[?2026l[?2026h[?25l[2B[1G[2K[1A[2K[1A[2K[1A[2K[1A[2K[1A[2K[1A[2K[1A[2K[1A[2K[1A[2K[1A[2K[1A[2K[1A[2K[1A[2K[1A[2K[1A[2K[G[2m─── decisions s0 · c~ derived |2p−1| ────────────────────────────────── [d]ecisions [p]lan [t]imeline [s]ynth ─── plan ─[22m
s1 intent  intent          edit  ████▉····· 0.49 fallback  │ (no plan yet)
s1 intent  can_investigate noul  ████▎····· 0.43           │
s1 intent  can_edit        noul  ███······· 0.30           │
s1 intent  can_verify      noul  ███▉······ 0.39           │
s1 intent  can_fix_enviro… noul  ▎········· 0.02           │
s1 intent  can_finish      noul  █▍········ 0.14           │
s1 intent  plan_still_val… noul  ████▍····· 0.44           │





[33m> [39m[2mType to steer the next step…   Esc pauses · Esc Esc aborts[22m
⠏ intent             step 0/12 0m01s  run $0.00/1.00 ok  sess $0.04/5.00 ok  ⎇ main · 1~ 1091?  jev            █  ? help
[2A[3G[?25h[?2026l[?2026h[?25l[2B[1G[2K[1A[2K[1A[2K[1A[2K[1A[2K[1A[2K[1A[2K[1A[2K[1A[2K[1A[2K[1A[2K[1A[2K[1A[2K[1A[2K[1A[2K[1A[2K[G[2m─── decisions s0 · c~ derived |2p−1| ────────────────────────────────── [d]ecisions [p]lan [t]imeline [s]ynth ─── plan ─[22m
s1 context show:.venv/lib… noul  ▎········· 0.03           │ (no plan yet)
s1 context show:.venv/lib… noul  ▎········· 0.02           │
s1 context show:.venv/lib… noul  ▎········· 0.03           │
s1 context show:.venv/lib… noul  ▎········· 0.03           │
s1 context show:.venv/lib… noul  ▎········· 0.03           │
s1 context show:.venv/lib… noul  ▎········· 0.03           │
s1 context show:.venv/lib… noul  ▎········· 0.03           │
s1 context show:.venv/lib… noul  ▎········· 0.03           │
s1 context show:.venv/lib… noul  ▎········· 0.03           │
s1 context show:.venv/lib… noul  ▎········· 0.03           │
s1 context show:.venv/lib… noul  ▎········· 0.02           │
s1 context show:.venv/lib… noul  ▎········· 0.03           │
[33m> [39m[2mType to steer the next step…   Esc pauses · Esc Esc aborts[22m
⠏ intent             step 0/12 0m01s  run $0.00/1.00 ok  sess $0.04/5.00 ok  ⎇ main · 1~ 1091?  jev           █▅  ? help
[2A[3G[?25h[?2026l[?2026h[?25l[2B[1G[2K[1A[2K[1A[2K[1A[2K[1A[2K[1A[2K[1A[2K[1A[2K[1A[2K[1A[2K[1A[2K[1A[2K[1A[2K[1A[2K[1A[2K[1A[2K[G[2m[step 1] context 1 files 1.1kB of 300 candidates: calc/core.py[22m
[2m─── decisions s0 · c~ derived |2p−1| ────────────────────────────────── [d]ecisions [p]lan [t]imeline [s]ynth ─── plan ─[22m
s1 context show:.venv/lib… noul  ▎········· 0.03           │ (no plan yet)
s1 context show:.venv/lib… noul  ▎········· 0.02           │
s1 context show:.venv/lib… noul  ▎········· 0.03           │
s1 context show:.venv/lib… noul  ▎········· 0.03           │
s1 context show:.venv/lib… noul  ▎········· 0.03           │
s1 context show:.venv/lib… noul  ▎········· 0.03           │
s1 context show:.venv/lib… noul  ▎········· 0.03           │
s1 context show:.venv/lib… noul  ▎········· 0.03           │
s1 context show:.venv/lib… noul  ▎········· 0.03           │
s1 context show:.venv/lib… noul  ▎········· 0.03           │
s1 context show:.venv/lib… noul  ▎········· 0.02           │
s1 context show:.venv/lib… noul  ▎········· 0.03           │
[33m> [39m[2mType to steer the next step…   Esc pauses · Esc Esc aborts[22m
⠏ context            step 0/12 0m01s  run $0.00/1.00 ok  sess $0.04/5.00 ok  ⎇ main · 1~ 1091?  jev           █▅  ? help
[2A[3G[?25h[?2026l[?2026h[?25l[2B[1G[2K[1A[2K[1A[2K[1A[2K[1A[2K[1A[2K[1A[2K[1A[2K[1A[2K[1A[2K[1A[2K[1A[2K[1A[2K[1A[2K[1A[2K[1A[2K[G[2m─── decisions s0 · c~ derived |2p−1| ────────────────────────────────── [d]ecisions [p]lan [t]imeline [s]ynth ─── plan ─[22m
s1 context show:.venv/lib… noul  ▎········· 0.03           │ (no plan yet)
s1 context show:.venv/lib… noul  ▎········· 0.02           │
s1 context show:.venv/lib… noul  ▎········· 0.03           │
s1 context show:.venv/lib… noul  ▎········· 0.03           │
s1 context show:.venv/lib… noul  ▎········· 0.03           │
s1 context show:.venv/lib… noul  ▎········· 0.03           │
s1 context show:.venv/lib… noul  ▎········· 0.03           │
s1 context show:.venv/lib… noul  ▎········· 0.03           │
s1 context show:.venv/lib… noul  ▎········· 0.03           │
s1 context show:.venv/lib… noul  ▎········· 0.03           │
s1 context show:.venv/lib… noul  ▎········· 0.02           │
s1 context show:.venv/lib… noul  ▎········· 0.03           │
[33m> [39m[2mType to steer the next step…   Esc pauses · Esc Esc aborts[22m
⠋ context            step 0/12 0m01s  run $0.00/1.00 ok  sess $0.04/5.00 ok  ⎇ main · 1~ 1091?  jev           █▅  ? help
[2A[3G[?25h[?2026l[?2026h[?25l[2B[1G[2K[1A[2K[1A[2K[1A[2K[1A[2K[1A[2K[1A[2K[1A[2K[1A[2K[1A[2K[1A[2K[1A[2K[1A[2K[1A[2K[1A[2K[1A[2K[G[2m─── decisions s0 · c~ derived |2p−1| ────────────────────────────────── [d]ecisions [p]lan [t]imeline [s]ynth ─── plan ─[22m
s1 context show:.venv/lib… noul  ▎········· 0.03           │ (no plan yet)
s1 context show:.venv/lib… noul  ▎········· 0.02           │
s1 context show:.venv/lib… noul  ▎········· 0.03           │
s1 context show:.venv/lib… noul  ▎········· 0.03           │
s1 context show:.venv/lib… noul  ▎········· 0.03           │
s1 context show:.venv/lib… noul  ▎········· 0.03           │
s1 context show:.venv/lib… noul  ▎········· 0.03           │
s1 context show:.venv/lib… noul  ▎········· 0.03           │
s1 context show:.venv/lib… noul  ▎········· 0.03           │
s1 context show:.venv/lib… noul  ▎········· 0.03           │
s1 context show:.venv/lib… noul  ▎········· 0.02           │
s1 context show:.venv/lib… noul  ▎········· 0.03           │
[33m> [39m[2mType to steer the next step…   Esc pauses · Esc Esc aborts[22m
⠙ context            step 0/12 0m01s  run $0.00/1.00 ok  sess $0.04/5.00 ok  ⎇ main · 1~ 1091?  jev           █▅  ? help
[2A[3G[?25h[?2026l[?2026h[?25l[2B[1G[2K[1A[2K[1A[2K[1A[2K[1A[2K[1A[2K[1A[2K[1A[2K[1A[2K[1A[2K[1A[2K[1A[2K[1A[2K[1A[2K[1A[2K[1A[2K[G[2m─── decisions s0 · c~ derived |2p−1| ────────────────────────────────── [d]ecisions [p]lan [t]imeline [s]ynth ─── plan ─[22m
s1 context show:.venv/lib… noul  ▎········· 0.03           │ (no plan yet)
s1 context show:.venv/lib… noul  ▎········· 0.02           │
s1 context show:.venv/lib… noul  ▎········· 0.03           │
s1 context show:.venv/lib… noul  ▎········· 0.03           │
s1 context show:.venv/lib… noul  ▎········· 0.03           │
s1 context show:.venv/lib… noul  ▎········· 0.03           │
s1 context show:.venv/lib… noul  ▎········· 0.03           │
s1 context show:.venv/lib… noul  ▎········· 0.03           │
s1 context show:.venv/lib… noul  ▎········· 0.03           │
s1 context show:.venv/lib… noul  ▎········· 0.03           │
s1 context show:.venv/lib… noul  ▎········· 0.02           │
s1 context show:.venv/lib… noul  ▎········· 0.03           │
[33m> [39m[2mType to steer the next step…   Esc pauses · Esc Esc aborts[22m
⠙ context            step 0/12 0m02s  run $0.00/1.00 ok  sess $0.04/5.00 ok  ⎇ main · 1~ 1091?  jev           █▅  ? help
[2A[3G[?25h[?2026l[?2026h[?25l[2B[1G[2K[1A[2K[1A[2K[1A[2K[1A[2K[1A[2K[1A[2K[1A[2K[1A[2K[1A[2K[1A[2K[1A[2K[1A[2K[1A[2K[1A[2K[1A[2K[G[2m─── decisions s0 · c~ derived |2p−1| ────────────────────────────────── [d]ecisions [p]lan [t]imeline [s]ynth ─── plan ─[22m
s1 context show:.venv/lib… noul  ▎········· 0.03           │ (no plan yet)
s1 context show:.venv/lib… noul  ▎········· 0.02           │
s1 context show:.venv/lib… noul  ▎········· 0.03           │
s1 context show:.venv/lib… noul  ▎········· 0.03           │
s1 context show:.venv/lib… noul  ▎········· 0.03           │
s1 context show:.venv/lib… noul  ▎········· 0.03           │
s1 context show:.venv/lib… noul  ▎········· 0.03           │
s1 context show:.venv/lib… noul  ▎········· 0.03           │
s1 context show:.venv/lib… noul  ▎········· 0.03           │
s1 context show:.venv/lib… noul  ▎········· 0.03           │
s1 context show:.venv/lib… noul  ▎········· 0.02           │
s1 context show:.venv/lib… noul  ▎········· 0.03           │
[33m> [39m[2mType to steer the next step…   Esc pauses · Esc Esc aborts[22m
⠹ context            step 0/12 0m02s  run $0.00/1.00 ok  sess $0.04/5.00 ok  ⎇ main · 1~ 1091?  jev           █▅  ? help
[2A[3G[?25h[?2026l[?2026h[?25l[2B[1G[2K[1A[2K[1A[2K[1A[2K[1A[2K[1A[2K[1A[2K[1A[2K[1A[2K[1A[2K[1A[2K[1A[2K[1A[2K[1A[2K[1A[2K[1A[2K[G[2m─── decisions s0 · c~ derived |2p−1| ────────────────────────────────── [d]ecisions [p]lan [t]imeline [s]ynth ─── plan ─[22m
s1 context show:.venv/lib… noul  ▎········· 0.03           │ (no plan yet)
s1 context show:.venv/lib… noul  ▎········· 0.02           │
s1 context show:.venv/lib… noul  ▎········· 0.03           │
s1 context show:.venv/lib… noul  ▎········· 0.03           │
s1 context show:.venv/lib… noul  ▎········· 0.03           │
s1 context show:.venv/lib… noul  ▎········· 0.03           │
s1 context show:.venv/lib… noul  ▎········· 0.03           │
s1 context show:.venv/lib… noul  ▎········· 0.03           │
s1 context show:.venv/lib… noul  ▎········· 0.03           │
s1 context show:.venv/lib… noul  ▎········· 0.03           │
s1 context show:.venv/lib… noul  ▎········· 0.02           │
s1 context show:.venv/lib… noul  ▎········· 0.03           │
[33m> [39m[2mType to steer the next step…   Esc pauses · Esc Esc aborts[22m
⠸ context            step 0/12 0m02s  run $0.00/1.00 ok  sess $0.04/5.00 ok  ⎇ main · 1~ 1091?  jev           █▅  ? help
[2A[3G[?25h[?2026l[?2026h[?25l[2B[1G[2K[1A[2K[1A[2K[1A[2K[1A[2K[1A[2K[1A[2K[1A[2K[1A[2K[1A[2K[1A[2K[1A[2K[1A[2K[1A[2K[1A[2K[1A[2K[G[2m─── decisions s0 · c~ derived |2p−1| ────────────────────────────────── [d]ecisions [p]lan [t]imeline [s]ynth ─── plan ─[22m
s1 context show:.venv/lib… noul  ▎········· 0.03           │ (no plan yet)
s1 context show:.venv/lib… noul  ▎········· 0.02           │
s1 context show:.venv/lib… noul  ▎········· 0.03           │
s1 context show:.venv/lib… noul  ▎········· 0.03           │
s1 context show:.venv/lib… noul  ▎········· 0.03           │
s1 context show:.venv/lib… noul  ▎········· 0.03           │
s1 context show:.venv/lib… noul  ▎········· 0.03           │
s1 context show:.venv/lib… noul  ▎········· 0.03           │
s1 context show:.venv/lib… noul  ▎········· 0.03           │
s1 context show:.venv/lib… noul  ▎········· 0.03           │
s1 context show:.venv/lib… noul  ▎········· 0.02           │
s1 context show:.venv/lib… noul  ▎········· 0.03           │
[33m> [39m[2mType to steer the next step…   Esc pauses · Esc Esc aborts[22m
⠼ context            step 0/12 0m02s  run $0.00/1.00 ok  sess $0.04/5.00 ok  ⎇ main · 1~ 1091?  jev           █▅  ? help
[2A[3G[?25h[?2026l[?2026h[?25l[2B[1G[2K[1A[2K[1A[2K[1A[2K[1A[2K[1A[2K[1A[2K[1A[2K[1A[2K[1A[2K[1A[2K[1A[2K[1A[2K[1A[2K[1A[2K[1A[2K[G[2m─── decisions s0 · c~ derived |2p−1| ────────────────────────────────── [d]ecisions [p]lan [t]imeline [s]ynth ─── plan ─[22m
s1 context show:.venv/lib… noul  ▎········· 0.03           │ (no plan yet)
s1 context show:.venv/lib… noul  ▎········· 0.02           │
s1 context show:.venv/lib… noul  ▎········· 0.03           │
s1 context show:.venv/lib… noul  ▎········· 0.03           │
s1 context show:.venv/lib… noul  ▎········· 0.03           │
s1 context show:.venv/lib… noul  ▎········· 0.03           │
s1 context show:.venv/lib… noul  ▎········· 0.03           │
s1 context show:.venv/lib… noul  ▎········· 0.03           │
s1 context show:.venv/lib… noul  ▎········· 0.03           │
s1 context show:.venv/lib… noul  ▎········· 0.03           │
s1 context show:.venv/lib… noul  ▎········· 0.02           │
s1 context show:.venv/lib… noul  ▎········· 0.03           │
[33m> [39m[2mType to steer the next step…   Esc pauses · Esc Esc aborts[22m
⠴ context            step 0/12 0m02s  run $0.00/1.00 ok  sess $0.04/5.00 ok  ⎇ main · 1~ 1091?  jev           █▅  ? help
[2A[3G[?25h[?2026l[?2026h[?25l[2B[1G[2K[1A[2K[1A[2K[1A[2K[1A[2K[1A[2K[1A[2K[1A[2K[1A[2K[1A[2K[1A[2K[1A[2K[1A[2K[1A[2K[1A[2K[1A[2K[G[2m─── decisions s0 · c~ derived |2p−1| ────────────────────────────────── [d]ecisions [p]lan [t]imeline [s]ynth ─── plan ─[22m
s1 context show:.venv/lib… noul  ▎········· 0.03           │ (no plan yet)
s1 context show:.venv/lib… noul  ▎········· 0.02           │
s1 context show:.venv/lib… noul  ▎········· 0.03           │
s1 context show:.venv/lib… noul  ▎········· 0.03           │
s1 context show:.venv/lib… noul  ▎········· 0.03           │
s1 context show:.venv/lib… noul  ▎········· 0.03           │
s1 context show:.venv/lib… noul  ▎········· 0.03           │
s1 context show:.venv/lib… noul  ▎········· 0.03           │
s1 context show:.venv/lib… noul  ▎········· 0.03           │
s1 context show:.venv/lib… noul  ▎········· 0.03           │
s1 context show:.venv/lib… noul  ▎········· 0.02           │
s1 context show:.venv/lib… noul  ▎········· 0.03           │
[33m> [39m[2mType to steer the next step…   Esc pauses · Esc Esc aborts[22m
⠦ context            step 0/12 0m02s  run $0.00/1.00 ok  sess $0.04/5.00 ok  ⎇ main · 1~ 1091?  jev           █▅  ? help
[2A[3G[?25h[?2026l[?2026h[?25l[2B[1G[2K[1A[2K[1A[2K[1A[2K[1A[2K[1A[2K[1A[2K[1A[2K[1A[2K[1A[2K[1A[2K[1A[2K[1A[2K[1A[2K[1A[2K[1A[2K[G[2m─── decisions s0 · c~ derived |2p−1| ────────────────────────────────── [d]ecisions [p]lan [t]imeline [s]ynth ─── plan ─[22m
s1 context show:.venv/lib… noul  ▎········· 0.03           │ (no plan yet)
s1 context show:.venv/lib… noul  ▎········· 0.02           │
s1 context show:.venv/lib… noul  ▎········· 0.03           │
s1 context show:.venv/lib… noul  ▎········· 0.03           │
s1 context show:.venv/lib… noul  ▎········· 0.03           │
s1 context show:.venv/lib… noul  ▎········· 0.03           │
s1 context show:.venv/lib… noul  ▎········· 0.03           │
s1 context show:.venv/lib… noul  ▎········· 0.03           │
s1 context show:.venv/lib… noul  ▎········· 0.03           │
s1 context show:.venv/lib… noul  ▎········· 0.03           │
s1 context show:.venv/lib… noul  ▎········· 0.02           │
s1 context show:.venv/lib… noul  ▎········· 0.03           │
[33m> [39m[2mType to steer the next step…   Esc pauses · Esc Esc aborts[22m
⠧ context            step 0/12 0m02s  run $0.00/1.00 ok  sess $0.04/5.00 ok  ⎇ main · 1~ 1091?  jev           █▅  ? help
[2A[3G[?25h[?2026l[?2026h[?25l[2B[1G[2K[1A[2K[1A[2K[1A[2K[1A[2K[1A[2K[1A[2K[1A[2K[1A[2K[1A[2K[1A[2K[1A[2K[1A[2K[1A[2K[1A[2K[1A[2K[G[2m─── decisions s0 · c~ derived |2p−1| ────────────────────────────────── [d]ecisions [p]lan [t]imeline [s]ynth ─── plan ─[22m
s1 context show:.venv/lib… noul  ▎········· 0.03           │ (no plan yet)
s1 context show:.venv/lib… noul  ▎········· 0.02           │
s1 context show:.venv/lib… noul  ▎········· 0.03           │
s1 context show:.venv/lib… noul  ▎········· 0.03           │
s1 context show:.venv/lib… noul  ▎········· 0.03           │
s1 context show:.venv/lib… noul  ▎········· 0.03           │
s1 context show:.venv/lib… noul  ▎········· 0.03           │
s1 context show:.venv/lib… noul  ▎········· 0.03           │
s1 context show:.venv/lib… noul  ▎········· 0.03           │
s1 context show:.venv/lib… noul  ▎········· 0.03           │
s1 context show:.venv/lib… noul  ▎········· 0.02           │
s1 context show:.venv/lib… noul  ▎········· 0.03           │
[33m> [39m[2mType to steer the next step…   Esc pauses · Esc Esc aborts[22m
⠇ context            step 0/12 0m02s  run $0.00/1.00 ok  sess $0.04/5.00 ok  ⎇ main · 1~ 1091?  jev           █▅  ? help
[2A[3G[?25h[?2026l[?2026h[?25l[2B[1G[2K[1A[2K[1A[2K[1A[2K[1A[2K[1A[2K[1A[2K[1A[2K[1A[2K[1A[2K[1A[2K[1A[2K[1A[2K[1A[2K[1A[2K[1A[2K[G[2m─── decisions s0 · c~ derived |2p−1| ────────────────────────────────── [d]ecisions [p]lan [t]imeline [s]ynth ─── plan ─[22m
s1 context show:.venv/lib… noul  ▎········· 0.03           │ (no plan yet)
s1 context show:.venv/lib… noul  ▎········· 0.02           │
s1 context show:.venv/lib… noul  ▎········· 0.03           │
s1 context show:.venv/lib… noul  ▎········· 0.03           │
s1 context show:.venv/lib… noul  ▎········· 0.03           │
s1 context show:.venv/lib… noul  ▎········· 0.03           │
s1 context show:.venv/lib… noul  ▎········· 0.03           │
s1 context show:.venv/lib… noul  ▎········· 0.03           │
s1 context show:.venv/lib… noul  ▎········· 0.03           │
s1 context show:.venv/lib… noul  ▎········· 0.03           │
s1 context show:.venv/lib… noul  ▎········· 0.02           │
s1 context show:.venv/lib… noul  ▎········· 0.03           │
[33m> [39m[2mType to steer the next step…   Esc pauses · Esc Esc aborts[22m
⠏ context            step 0/12 0m02s  run $0.00/1.00 ok  sess $0.04/5.00 ok  ⎇ main · 1~ 1091?  jev           █▅  ? help
[2A[3G[?25h[?2026l[?2026h[?25l[2B[1G[2K[1A[2K[1A[2K[1A[2K[1A[2K[1A[2K[1A[2K[1A[2K[1A[2K[1A[2K[1A[2K[1A[2K[1A[2K[1A[2K[1A[2K[1A[2K[G[2m─── decisions s0 · c~ derived |2p−1| ────────────────────────────────── [d]ecisions [p]lan [t]imeline [s]ynth ─── plan ─[22m
s1 context show:.venv/lib… noul  ▎········· 0.03           │ (no plan yet)
s1 context show:.venv/lib… noul  ▎········· 0.02           │
s1 context show:.venv/lib… noul  ▎········· 0.03           │
s1 context show:.venv/lib… noul  ▎········· 0.03           │
s1 context show:.venv/lib… noul  ▎········· 0.03           │
s1 context show:.venv/lib… noul  ▎········· 0.03           │
s1 context show:.venv/lib… noul  ▎········· 0.03           │
s1 context show:.venv/lib… noul  ▎········· 0.03           │
s1 context show:.venv/lib… noul  ▎········· 0.03           │
s1 context show:.venv/lib… noul  ▎········· 0.03           │
s1 context show:.venv/lib… noul  ▎········· 0.02           │
s1 context show:.venv/lib… noul  ▎········· 0.03           │
[33m> [39m[2mType to steer the next step…   Esc pauses · Esc Esc aborts[22m
⠏ context            step 0/12 0m03s  run $0.00/1.00 ok  sess $0.04/5.00 ok  ⎇ main · 1~ 1091?  jev           █▅  ? help
[2A[3G[?25h[?2026l[?2026h[?25l[2B[1G[2K[1A[2K[1A[2K[1A[2K[1A[2K[1A[2K[1A[2K[1A[2K[1A[2K[1A[2K[1A[2K[1A[2K[1A[2K[1A[2K[1A[2K[1A[2K[G[2m─── decisions s0 · c~ derived |2p−1| ────────────────────────────────── [d]ecisions [p]lan [t]imeline [s]ynth ─── plan ─[22m
s1 context show:.venv/lib… noul  ▎········· 0.03           │ (no plan yet)
s1 context show:.venv/lib… noul  ▎········· 0.02           │
s1 context show:.venv/lib… noul  ▎········· 0.03           │
s1 context show:.venv/lib… noul  ▎········· 0.03           │
s1 context show:.venv/lib… noul  ▎········· 0.03           │
s1 context show:.venv/lib… noul  ▎········· 0.03           │
s1 context show:.venv/lib… noul  ▎········· 0.03           │
s1 context show:.venv/lib… noul  ▎········· 0.03           │
s1 context show:.venv/lib… noul  ▎········· 0.03           │
s1 context show:.venv/lib… noul  ▎········· 0.03           │
s1 context show:.venv/lib… noul  ▎········· 0.02           │
s1 context show:.venv/lib… noul  ▎········· 0.03           │
[33m> [39m[2mType to steer the next step…   Esc pauses · Esc Esc aborts[22m
⠋ context            step 0/12 0m03s  run $0.00/1.00 ok  sess $0.04/5.00 ok  ⎇ main · 1~ 1091?  jev           █▅  ? help
[2A[3G[?25h[?2026l[?2026h[?25l[2B[1G[2K[1A[2K[1A[2K[1A[2K[1A[2K[1A[2K[1A[2K[1A[2K[1A[2K[1A[2K[1A[2K[1A[2K[1A[2K[1A[2K[1A[2K[1A[2K[G[2m─── decisions s0 · c~ derived |2p−1| ────────────────────────────────── [d]ecisions [p]lan [t]imeline [s]ynth ─── plan ─[22m
s1 context show:.venv/lib… noul  ▎········· 0.03           │ (no plan yet)
s1 context show:.venv/lib… noul  ▎········· 0.02           │
s1 context show:.venv/lib… noul  ▎········· 0.03           │
s1 context show:.venv/lib… noul  ▎········· 0.03           │
s1 context show:.venv/lib… noul  ▎········· 0.03           │
s1 context show:.venv/lib… noul  ▎········· 0.03           │
s1 context show:.venv/lib… noul  ▎········· 0.03           │
s1 context show:.venv/lib… noul  ▎········· 0.03           │
s1 context show:.venv/lib… noul  ▎········· 0.03           │
s1 context show:.venv/lib… noul  ▎········· 0.03           │
s1 context show:.venv/lib… noul  ▎········· 0.02           │
s1 context show:.venv/lib… noul  ▎········· 0.03           │
[33m> [39m[2mType to steer the next step…   Esc pauses · Esc Esc aborts[22m
⠙ context            step 0/12 0m03s  run $0.00/1.00 ok  sess $0.04/5.00 ok  ⎇ main · 1~ 1091?  jev           █▅  ? help
[2A[3G[?25h[?2026l[?2026h[?25l[2B[1G[2K[1A[2K[1A[2K[1A[2K[1A[2K[1A[2K[1A[2K[1A[2K[1A[2K[1A[2K[1A[2K[1A[2K[1A[2K[1A[2K[1A[2K[1A[2K[G[2m─── decisions s0 · c~ derived |2p−1| ────────────────────────────────── [d]ecisions [p]lan [t]imeline [s]ynth ─── plan ─[22m
s1 context show:.venv/lib… noul  ▎········· 0.03           │ (no plan yet)
s1 context show:.venv/lib… noul  ▎········· 0.02           │
s1 context show:.venv/lib… noul  ▎········· 0.03           │
s1 context show:.venv/lib… noul  ▎········· 0.03           │
s1 context show:.venv/lib… noul  ▎········· 0.03           │
s1 context show:.venv/lib… noul  ▎········· 0.03           │
s1 context show:.venv/lib… noul  ▎········· 0.03           │
s1 context show:.venv/lib… noul  ▎········· 0.03           │
s1 context show:.venv/lib… noul  ▎········· 0.03           │
s1 context show:.venv/lib… noul  ▎········· 0.03           │
s1 context show:.venv/lib… noul  ▎········· 0.02           │
s1 context show:.venv/lib… noul  ▎········· 0.03           │
[33m> [39m[2mType to steer the next step…   Esc pauses · Esc Esc aborts[22m
⠹ context            step 0/12 0m03s  run $0.00/1.00 ok  sess $0.04/5.00 ok  ⎇ main · 1~ 1091?  jev           █▅  ? help
[2A[3G[?25h[?2026l[?2026h[?25l[2B[1G[2K[1A[2K[1A[2K[1A[2K[1A[2K[1A[2K[1A[2K[1A[2K[1A[2K[1A[2K[1A[2K[1A[2K[1A[2K[1A[2K[1A[2K[1A[2K[G[2m─── decisions s0 · c~ derived |2p−1| ────────────────────────────────── [d]ecisions [p]lan [t]imeline [s]ynth ─── plan ─[22m
s1 context show:.venv/lib… noul  ▎········· 0.03           │ (no plan yet)
s1 context show:.venv/lib… noul  ▎········· 0.02           │
s1 context show:.venv/lib… noul  ▎········· 0.03           │
s1 context show:.venv/lib… noul  ▎········· 0.03           │
s1 context show:.venv/lib… noul  ▎········· 0.03           │
s1 context show:.venv/lib… noul  ▎········· 0.03           │
s1 context show:.venv/lib… noul  ▎········· 0.03           │
s1 context show:.venv/lib… noul  ▎········· 0.03           │
s1 context show:.venv/lib… noul  ▎········· 0.03           │
s1 context show:.venv/lib… noul  ▎········· 0.03           │
s1 context show:.venv/lib… noul  ▎········· 0.02           │
s1 context show:.venv/lib… noul  ▎········· 0.03           │
[33m> [39m[2mType to steer the next step…   Esc pauses · Esc Esc aborts[22m
⠸ context            step 0/12 0m03s  run $0.00/1.00 ok  sess $0.04/5.00 ok  ⎇ main · 1~ 1091?  jev           █▅  ? help
[2A[3G[?25h[?2026l[?2026h[?25l[2B[1G[2K[1A[2K[1A[2K[1A[2K[1A[2K[1A[2K[1A[2K[1A[2K[1A[2K[1A[2K[1A[2K[1A[2K[1A[2K[1A[2K[1A[2K[1A[2K[G[2m─── decisions s0 · c~ derived |2p−1| ────────────────────────────────── [d]ecisions [p]lan [t]imeline [s]ynth ─── plan ─[22m
s1 context show:.venv/lib… noul  ▎········· 0.03           │ (no plan yet)
s1 context show:.venv/lib… noul  ▎········· 0.02           │
s1 context show:.venv/lib… noul  ▎········· 0.03           │
s1 context show:.venv/lib… noul  ▎········· 0.03           │
s1 context show:.venv/lib… noul  ▎········· 0.03           │
s1 context show:.venv/lib… noul  ▎········· 0.03           │
s1 context show:.venv/lib… noul  ▎········· 0.03           │
s1 context show:.venv/lib… noul  ▎········· 0.03           │
s1 context show:.venv/lib… noul  ▎········· 0.03           │
s1 context show:.venv/lib… noul  ▎········· 0.03           │
s1 context show:.venv/lib… noul  ▎········· 0.02           │
s1 context show:.venv/lib… noul  ▎········· 0.03           │
[33m> [39m[2mType to steer the next step…   Esc pauses · Esc Esc aborts[22m
⠼ context            step 0/12 0m03s  run $0.00/1.00 ok  sess $0.04/5.00 ok  ⎇ main · 1~ 1091?  jev           █▅  ? help
[2A[3G[?25h[?2026l[?2026h[?25l[2B[1G[2K[1A[2K[1A[2K[1A[2K[1A[2K[1A[2K[1A[2K[1A[2K[1A[2K[1A[2K[1A[2K[1A[2K[1A[2K[1A[2K[1A[2K[1A[2K[G[2m─── decisions s0 · c~ derived |2p−1| ────────────────────────────────── [d]ecisions [p]lan [t]imeline [s]ynth ─── plan ─[22m
s1 context show:.venv/lib… noul  ▎········· 0.03           │ (no plan yet)
s1 context show:.venv/lib… noul  ▎········· 0.02           │
s1 context show:.venv/lib… noul  ▎········· 0.03           │
s1 context show:.venv/lib… noul  ▎········· 0.03           │
s1 context show:.venv/lib… noul  ▎········· 0.03           │
s1 context show:.venv/lib… noul  ▎········· 0.03           │
s1 context show:.venv/lib… noul  ▎········· 0.03           │
s1 context show:.venv/lib… noul  ▎········· 0.03           │
s1 context show:.venv/lib… noul  ▎········· 0.03           │
s1 context show:.venv/lib… noul  ▎········· 0.03           │
s1 context show:.venv/lib… noul  ▎········· 0.02           │
s1 context show:.venv/lib… noul  ▎········· 0.03           │
[33m> [39m[2mType to steer the next step…   Esc pauses · Esc Esc aborts[22m
⠴ context            step 0/12 0m03s  run $0.00/1.00 ok  sess $0.04/5.00 ok  ⎇ main · 1~ 1091?  jev           █▅  ? help
[2A[3G[?25h[?2026l[?2026h[?25l[2B[1G[2K[1A[2K[1A[2K[1A[2K[1A[2K[1A[2K[1A[2K[1A[2K[1A[2K[1A[2K[1A[2K[1A[2K[1A[2K[1A[2K[1A[2K[1A[2K[G[2m─── decisions s0 · c~ derived |2p−1| ────────────────────────────────── [d]ecisions [p]lan [t]imeline [s]ynth ─── plan ─[22m
streaming action… 96 chars
s1 context show:.venv/lib… noul  ▎········· 0.03           │ (no plan yet)
s1 context show:.venv/lib… noul  ▎········· 0.02           │
s1 context show:.venv/lib… noul  ▎········· 0.03           │
s1 context show:.venv/lib… noul  ▎········· 0.03           │
s1 context show:.venv/lib… noul  ▎········· 0.03           │
s1 context show:.venv/lib… noul  ▎········· 0.03           │
s1 context show:.venv/lib… noul  ▎········· 0.03           │
s1 context show:.venv/lib… noul  ▎········· 0.03           │
s1 context show:.venv/lib… noul  ▎········· 0.03           │
s1 context show:.venv/lib… noul  ▎········· 0.03           │
s1 context show:.venv/lib… noul  ▎········· 0.02           │
s1 context show:.venv/lib… noul  ▎········· 0.03           │
[33m> [39m[2mType to steer the next step…   Esc pauses · Esc Esc aborts[22m
⠴ context            step 0/12 0m03s  run $0.00/1.00 ok  sess $0.04/5.00 ok  ⎇ main · 1~ 1091?  jev           █▅  ? help
[2A[3G[?25h[?2026l[?2026h[?25l[2B[1G[2K[1A[2K[1A[2K[1A[2K[1A[2K[1A[2K[1A[2K[1A[2K[1A[2K[1A[2K[1A[2K[1A[2K[1A[2K[1A[2K[1A[2K[1A[2K[1A[2K[G[2m─── decisions s0 · c~ derived |2p−1| ────────────────────────────────── [d]ecisions [p]lan [t]imeline [s]ynth ─── plan ─[22m
streaming action… 96 chars
s1 context show:.venv/lib… noul  ▎········· 0.03           │ (no plan yet)
s1 context show:.venv/lib… noul  ▎········· 0.02           │
s1 context show:.venv/lib… noul  ▎········· 0.03           │
s1 context show:.venv/lib… noul  ▎········· 0.03           │
s1 context show:.venv/lib… noul  ▎········· 0.03           │
s1 context show:.venv/lib… noul  ▎········· 0.03           │
s1 context show:.venv/lib… noul  ▎········· 0.03           │
s1 context show:.venv/lib… noul  ▎········· 0.03           │
s1 context show:.venv/lib… noul  ▎········· 0.03           │
s1 context show:.venv/lib… noul  ▎········· 0.03           │
s1 context show:.venv/lib… noul  ▎········· 0.02           │
s1 context show:.venv/lib… noul  ▎········· 0.03           │
[33m> [39m[2mType to steer the next step…   Esc pauses · Esc Esc aborts[22m
⠦ context            step 0/12 0m03s  run $0.00/1.00 ok  sess $0.04/5.00 ok  ⎇ main · 1~ 1091?  jev           █▅  ? help
[2A[3G[?25h[?2026l[?2026h[?25l[2B[1G[2K[1A[2K[1A[2K[1A[2K[1A[2K[1A[2K[1A[2K[1A[2K[1A[2K[1A[2K[1A[2K[1A[2K[1A[2K[1A[2K[1A[2K[1A[2K[1A[2K[G[2m─── decisions s0 · c~ derived |2p−1| ────────────────────────────────── [d]ecisions [p]lan [t]imeline [s]ynth ─── plan ─[22m
streaming action… 96 chars
s1 context show:.venv/lib… noul  ▎········· 0.03           │ (no plan yet)
s1 context show:.venv/lib… noul  ▎········· 0.02           │
s1 context show:.venv/lib… noul  ▎········· 0.03           │
s1 context show:.venv/lib… noul  ▎········· 0.03           │
s1 context show:.venv/lib… noul  ▎········· 0.03           │
s1 context show:.venv/lib… noul  ▎········· 0.03           │
s1 context show:.venv/lib… noul  ▎········· 0.03           │
s1 context show:.venv/lib… noul  ▎········· 0.03           │
s1 context show:.venv/lib… noul  ▎········· 0.03           │
s1 context show:.venv/lib… noul  ▎········· 0.03           │
s1 context show:.venv/lib… noul  ▎········· 0.02           │
s1 context show:.venv/lib… noul  ▎········· 0.03           │
[33m> [39m[2mType to steer the next step…   Esc pauses · Esc Esc aborts[22m
⠦ context            step 0/12 0m04s  run $0.00/1.00 ok  sess $0.04/5.00 ok  ⎇ main · 1~ 1091?  jev           █▅  ? help
[2A[3G[?25h[?2026l[?2026h[?25l[2B[1G[2K[1A[2K[1A[2K[1A[2K[1A[2K[1A[2K[1A[2K[1A[2K[1A[2K[1A[2K[1A[2K[1A[2K[1A[2K[1A[2K[1A[2K[1A[2K[1A[2K[G[2m─── decisions s0 · c~ derived |2p−1| ────────────────────────────────── [d]ecisions [p]lan [t]imeline [s]ynth ─── plan ─[22m
streaming action… 96 chars
s1 context show:.venv/lib… noul  ▎········· 0.03           │ (no plan yet)
s1 context show:.venv/lib… noul  ▎········· 0.02           │
s1 context show:.venv/lib… noul  ▎········· 0.03           │
s1 context show:.venv/lib… noul  ▎········· 0.03           │
s1 context show:.venv/lib… noul  ▎········· 0.03           │
s1 context show:.venv/lib… noul  ▎········· 0.03           │
s1 context show:.venv/lib… noul  ▎········· 0.03           │
s1 context show:.venv/lib… noul  ▎········· 0.03           │
s1 context show:.venv/lib… noul  ▎········· 0.03           │
s1 context show:.venv/lib… noul  ▎········· 0.03           │
s1 context show:.venv/lib… noul  ▎········· 0.02           │
s1 context show:.venv/lib… noul  ▎········· 0.03           │
[33m> [39m[2mType to steer the next step…   Esc pauses · Esc Esc aborts[22m
⠧ context            step 0/12 0m04s  run $0.00/1.00 ok  sess $0.04/5.00 ok  ⎇ main · 1~ 1091?  jev           █▅  ? help
[2A[3G[?25h[?2026l[?2026h[?25l[2B[1G[2K[1A[2K[1A[2K[1A[2K[1A[2K[1A[2K[1A[2K[1A[2K[1A[2K[1A[2K[1A[2K[1A[2K[1A[2K[1A[2K[1A[2K[1A[2K[1A[2K[G[2m─── decisions s0 · c~ derived |2p−1| ────────────────────────────────── [d]ecisions [p]lan [t]imeline [s]ynth ─── plan ─[22m
streaming action… 96 chars
s1 context show:.venv/lib… noul  ▎········· 0.03           │ (no plan yet)
s1 context show:.venv/lib… noul  ▎········· 0.02           │
s1 context show:.venv/lib… noul  ▎········· 0.03           │
s1 context show:.venv/lib… noul  ▎········· 0.03           │
s1 context show:.venv/lib… noul  ▎········· 0.03           │
s1 context show:.venv/lib… noul  ▎········· 0.03           │
s1 context show:.venv/lib… noul  ▎········· 0.03           │
s1 context show:.venv/lib… noul  ▎········· 0.03           │
s1 context show:.venv/lib… noul  ▎········· 0.03           │
s1 context show:.venv/lib… noul  ▎········· 0.03           │
s1 context show:.venv/lib… noul  ▎········· 0.02           │
s1 context show:.venv/lib… noul  ▎········· 0.03           │
[33m> [39m[2mType to steer the next step…   Esc pauses · Esc Esc aborts[22m
⠇ context            step 0/12 0m04s  run $0.00/1.00 ok  sess $0.04/5.00 ok  ⎇ main · 1~ 1091?  jev           █▅  ? help
[2A[3G[?25h[?2026l[?2026h[?25l[2B[1G[2K[1A[2K[1A[2K[1A[2K[1A[2K[1A[2K[1A[2K[1A[2K[1A[2K[1A[2K[1A[2K[1A[2K[1A[2K[1A[2K[1A[2K[1A[2K[1A[2K[G[2m─── decisions s0 · c~ derived |2p−1| ────────────────────────────────── [d]ecisions [p]lan [t]imeline [s]ynth ─── plan ─[22m
streaming action… 200 chars
s1 context show:.venv/lib… noul  ▎········· 0.03           │ (no plan yet)
s1 context show:.venv/lib… noul  ▎········· 0.02           │
s1 context show:.venv/lib… noul  ▎········· 0.03           │
s1 context show:.venv/lib… noul  ▎········· 0.03           │
s1 context show:.venv/lib… noul  ▎········· 0.03           │
s1 context show:.venv/lib… noul  ▎········· 0.03           │
s1 context show:.venv/lib… noul  ▎········· 0.03           │
s1 context show:.venv/lib… noul  ▎········· 0.03           │
s1 context show:.venv/lib… noul  ▎········· 0.03           │
s1 context show:.venv/lib… noul  ▎········· 0.03           │
s1 context show:.venv/lib… noul  ▎········· 0.02           │
s1 context show:.venv/lib… noul  ▎········· 0.03           │
[33m> [39m[2mType to steer the next step…   Esc pauses · Esc Esc aborts[22m
⠏ context            step 0/12 0m04s  run $0.00/1.00 ok  sess $0.04/5.00 ok  ⎇ main · 1~ 1091?  jev           █▅  ? help
[2A[3G[?25h[?2026l[?2026h[?25l[2B[1G[2K[1A[2K[1A[2K[1A[2K[1A[2K[1A[2K[1A[2K[1A[2K[1A[2K[1A[2K[1A[2K[1A[2K[1A[2K[1A[2K[1A[2K[1A[2K[1A[2K[G[2m─── decisions s0 · c~ derived |2p−1| ────────────────────────────────── [d]ecisions [p]lan [t]imeline [s]ynth ─── plan ─[22m
streaming action… 200 chars
s1 context show:.venv/lib… noul  ▎········· 0.03           │ (no plan yet)
s1 context show:.venv/lib… noul  ▎········· 0.02           │
s1 context show:.venv/lib… noul  ▎········· 0.03           │
s1 context show:.venv/lib… noul  ▎········· 0.03           │
s1 context show:.venv/lib… noul  ▎········· 0.03           │
s1 context show:.venv/lib… noul  ▎········· 0.03           │
s1 context show:.venv/lib… noul  ▎········· 0.03           │
s1 context show:.venv/lib… noul  ▎········· 0.03           │
s1 context show:.venv/lib… noul  ▎········· 0.03           │
s1 context show:.venv/lib… noul  ▎········· 0.03           │
s1 context show:.venv/lib… noul  ▎········· 0.02           │
s1 context show:.venv/lib… noul  ▎········· 0.03           │
[33m> [39m[2mType to steer the next step…   Esc pauses · Esc Esc aborts[22m
⠋ context            step 0/12 0m04s  run $0.00/1.00 ok  sess $0.04/5.00 ok  ⎇ main · 1~ 1091?  jev           █▅  ? help
[2A[3G[?25h[?2026l[?2026h[?25l[2B[1G[2K[1A[2K[1A[2K[1A[2K[1A[2K[1A[2K[1A[2K[1A[2K[1A[2K[1A[2K[1A[2K[1A[2K[1A[2K[1A[2K[1A[2K[1A[2K[1A[2K[G[2m─── decisions s0 · c~ derived |2p−1| ────────────────────────────────── [d]ecisions [p]lan [t]imeline [s]ynth ─── plan ─[22m
streaming action… 200 chars
s1 context show:.venv/lib… noul  ▎········· 0.03           │ (no plan yet)
s1 context show:.venv/lib… noul  ▎········· 0.02           │
s1 context show:.venv/lib… noul  ▎········· 0.03           │
s1 context show:.venv/lib… noul  ▎········· 0.03           │
s1 context show:.venv/lib… noul  ▎········· 0.03           │
s1 context show:.venv/lib… noul  ▎········· 0.03           │
s1 context show:.venv/lib… noul  ▎········· 0.03           │
s1 context show:.venv/lib… noul  ▎········· 0.03           │
s1 context show:.venv/lib… noul  ▎········· 0.03           │
s1 context show:.venv/lib… noul  ▎········· 0.03           │
s1 context show:.venv/lib… noul  ▎········· 0.02           │
s1 context show:.venv/lib… noul  ▎········· 0.03           │
[33m> [39m[2mType to steer the next step…   Esc pauses · Esc Esc aborts[22m
⠙ context            step 0/12 0m04s  run $0.00/1.00 ok  sess $0.04/5.00 ok  ⎇ main · 1~ 1091?  jev           █▅  ? help
[2A[3G[?25h[?2026l[?2026h[?25l[2B[1G[2K[1A[2K[1A[2K[1A[2K[1A[2K[1A[2K[1A[2K[1A[2K[1A[2K[1A[2K[1A[2K[1A[2K[1A[2K[1A[2K[1A[2K[1A[2K[1A[2K[G[2m─── decisions s0 · c~ derived |2p−1| ────────────────────────────────── [d]ecisions [p]lan [t]imeline [s]ynth ─── plan ─[22m
streaming action… 285 chars
s1 context show:.venv/lib… noul  ▎········· 0.03           │ (no plan yet)
s1 context show:.venv/lib… noul  ▎········· 0.02           │
s1 context show:.venv/lib… noul  ▎········· 0.03           │
s1 context show:.venv/lib… noul  ▎········· 0.03           │
s1 context show:.venv/lib… noul  ▎········· 0.03           │
s1 context show:.venv/lib… noul  ▎········· 0.03           │
s1 context show:.venv/lib… noul  ▎········· 0.03           │
s1 context show:.venv/lib… noul  ▎········· 0.03           │
s1 context show:.venv/lib… noul  ▎········· 0.03           │
s1 context show:.venv/lib… noul  ▎········· 0.03           │
s1 context show:.venv/lib… noul  ▎········· 0.02           │
s1 context show:.venv/lib… noul  ▎········· 0.03           │
[33m> [39m[2mType to steer the next step…   Esc pauses · Esc Esc aborts[22m
⠙ context            step 0/12 0m04s  run $0.00/1.00 ok  sess $0.04/5.00 ok  ⎇ main · 1~ 1091?  jev           █▅  ? help
[2A[3G[?25h[?2026l[?2026h[?25l[2B[1G[2K[1A[2K[1A[2K[1A[2K[1A[2K[1A[2K[1A[2K[1A[2K[1A[2K[1A[2K[1A[2K[1A[2K[1A[2K[1A[2K[1A[2K[1A[2K[1A[2K[G[2m─── decisions s0 · c~ derived |2p−1| ────────────────────────────────── [d]ecisions [p]lan [t]imeline [s]ynth ─── plan ─[22m
streaming action… 285 chars
s1 context show:.venv/lib… noul  ▎········· 0.03           │ (no plan yet)
s1 context show:.venv/lib… noul  ▎········· 0.02           │
s1 context show:.venv/lib… noul  ▎········· 0.03           │
s1 context show:.venv/lib… noul  ▎········· 0.03           │
s1 context show:.venv/lib… noul  ▎········· 0.03           │
s1 context show:.venv/lib… noul  ▎········· 0.03           │
s1 context show:.venv/lib… noul  ▎········· 0.03           │
s1 context show:.venv/lib… noul  ▎········· 0.03           │
s1 context show:.venv/lib… noul  ▎········· 0.03           │
s1 context show:.venv/lib… noul  ▎········· 0.03           │
s1 context show:.venv/lib… noul  ▎········· 0.02           │
s1 context show:.venv/lib… noul  ▎········· 0.03           │
[33m> [39m[2mType to steer the next step…   Esc pauses · Esc Esc aborts[22m
⠹ context            step 0/12 0m04s  run $0.00/1.00 ok  sess $0.04/5.00 ok  ⎇ main · 1~ 1091?  jev           █▅  ? help
[2A[3G[?25h[?2026l[?2026h[?25l[2B[1G[2K[1A[2K[1A[2K[1A[2K[1A[2K[1A[2K[1A[2K[1A[2K[1A[2K[1A[2K[1A[2K[1A[2K[1A[2K[1A[2K[1A[2K[1A[2K[1A[2K[G[2m─── decisions s0 · c~ derived |2p−1| ────────────────────────────────── [d]ecisions [p]lan [t]imeline [s]ynth ─── plan ─[22m
streaming action… 318 chars
s1 context show:.venv/lib… noul  ▎········· 0.03           │ (no plan yet)
s1 context show:.venv/lib… noul  ▎········· 0.02           │
s1 context show:.venv/lib… noul  ▎········· 0.03           │
s1 context show:.venv/lib… noul  ▎········· 0.03           │
s1 context show:.venv/lib… noul  ▎········· 0.03           │
s1 context show:.venv/lib… noul  ▎········· 0.03           │
s1 context show:.venv/lib… noul  ▎········· 0.03           │
s1 context show:.venv/lib… noul  ▎········· 0.03           │
s1 context show:.venv/lib… noul  ▎········· 0.03           │
s1 context show:.venv/lib… noul  ▎········· 0.03           │
s1 context show:.venv/lib… noul  ▎········· 0.02           │
s1 context show:.venv/lib… noul  ▎········· 0.03           │
[33m> [39m[2mType to steer the next step…   Esc pauses · Esc Esc aborts[22m
⠹ context            step 0/12 0m04s  run $0.00/1.00 ok  sess $0.04/5.00 ok  ⎇ main · 1~ 1091?  jev           █▅  ? help
[2A[3G[?25h[?2026l[?2026h[?25l[2B[1G[2K[1A[2K[1A[2K[1A[2K[1A[2K[1A[2K[1A[2K[1A[2K[1A[2K[1A[2K[1A[2K[1A[2K[1A[2K[1A[2K[1A[2K[1A[2K[1A[2K[G[2m─── decisions s0 · c~ derived |2p−1| ────────────────────────────────── [d]ecisions [p]lan [t]imeline [s]ynth ─── plan ─[22m
streaming action… 329 chars
s1 context show:.venv/lib… noul  ▎········· 0.03           │ (no plan yet)
s1 context show:.venv/lib… noul  ▎········· 0.02           │
s1 context show:.venv/lib… noul  ▎········· 0.03           │
s1 context show:.venv/lib… noul  ▎········· 0.03           │
s1 context show:.venv/lib… noul  ▎········· 0.03           │
s1 context show:.venv/lib… noul  ▎········· 0.03           │
s1 context show:.venv/lib… noul  ▎········· 0.03           │
s1 context show:.venv/lib… noul  ▎········· 0.03           │
s1 context show:.venv/lib… noul  ▎········· 0.03           │
s1 context show:.venv/lib… noul  ▎········· 0.03           │
s1 context show:.venv/lib… noul  ▎········· 0.02           │
s1 context show:.venv/lib… noul  ▎········· 0.03           │
[33m> [39m[2mType to steer the next step…   Esc pauses · Esc Esc aborts[22m
⠸ context            step 0/12 0m04s  run $0.00/1.00 ok  sess $0.04/5.00 ok  ⎇ main · 1~ 1091?  jev           █▅  ? help
[2A[3G[?25h[?2026l[?2026h[?25l[2B[1G[2K[1A[2K[1A[2K[1A[2K[1A[2K[1A[2K[1A[2K[1A[2K[1A[2K[1A[2K[1A[2K[1A[2K[1A[2K[1A[2K[1A[2K[1A[2K[1A[2K[G[2m─── decisions s0 · c~ derived |2p−1| ────────────────────────────────── [d]ecisions [p]lan [t]imeline [s]ynth ─── plan ─[22m
streaming action… 394 chars
s1 context show:.venv/lib… noul  ▎········· 0.03           │ (no plan yet)
s1 context show:.venv/lib… noul  ▎········· 0.02           │
s1 context show:.venv/lib… noul  ▎········· 0.03           │
s1 context show:.venv/lib… noul  ▎········· 0.03           │
s1 context show:.venv/lib… noul  ▎········· 0.03           │
s1 context show:.venv/lib… noul  ▎········· 0.03           │
s1 context show:.venv/lib… noul  ▎········· 0.03           │
s1 context show:.venv/lib… noul  ▎········· 0.03           │
s1 context show:.venv/lib… noul  ▎········· 0.03           │
s1 context show:.venv/lib… noul  ▎········· 0.03           │
s1 context show:.venv/lib… noul  ▎········· 0.02           │
s1 context show:.venv/lib… noul  ▎········· 0.03           │
[33m> [39m[2mType to steer the next step…   Esc pauses · Esc Esc aborts[22m
⠸ context            step 0/12 0m05s  run $0.00/1.00 ok  sess $0.04/5.00 ok  ⎇ main · 1~ 1091?  jev           █▅  ? help
[2A[3G[?25h[?2026l[?2026h[?25l[2B[1G[2K[1A[2K[1A[2K[1A[2K[1A[2K[1A[2K[1A[2K[1A[2K[1A[2K[1A[2K[1A[2K[1A[2K[1A[2K[1A[2K[1A[2K[1A[2K[1A[2K[G[2m─── decisions s0 · c~ derived |2p−1| ────────────────────────────────── [d]ecisions [p]lan [t]imeline [s]ynth ─── plan ─[22m
streaming action… 411 chars
s1 context show:.venv/lib… noul  ▎········· 0.03           │ (no plan yet)
s1 context show:.venv/lib… noul  ▎········· 0.02           │
s1 context show:.venv/lib… noul  ▎········· 0.03           │
s1 context show:.venv/lib… noul  ▎········· 0.03           │
s1 context show:.venv/lib… noul  ▎········· 0.03           │
s1 context show:.venv/lib… noul  ▎········· 0.03           │
s1 context show:.venv/lib… noul  ▎········· 0.03           │
s1 context show:.venv/lib… noul  ▎········· 0.03           │
s1 context show:.venv/lib… noul  ▎········· 0.03           │
s1 context show:.venv/lib… noul  ▎········· 0.03           │
s1 context show:.venv/lib… noul  ▎········· 0.02           │
s1 context show:.venv/lib… noul  ▎········· 0.03           │
[33m> [39m[2mType to steer the next step…   Esc pauses · Esc Esc aborts[22m
⠼ context            step 0/12 0m05s  run $0.00/1.00 ok  sess $0.04/5.00 ok  ⎇ main · 1~ 1091?  jev           █▅  ? help
[2A[3G[?25h[?2026l[?2026h[?25l[2B[1G[2K[1A[2K[1A[2K[1A[2K[1A[2K[1A[2K[1A[2K[1A[2K[1A[2K[1A[2K[1A[2K[1A[2K[1A[2K[1A[2K[1A[2K[1A[2K[1A[2K[G[2m─── decisions s0 · c~ derived |2p−1| ────────────────────────────────── [d]ecisions [p]lan [t]imeline [s]ynth ─── plan ─[22m
streaming action… 462 chars
s1 context show:.venv/lib… noul  ▎········· 0.03           │ (no plan yet)
s1 context show:.venv/lib… noul  ▎········· 0.02           │
s1 context show:.venv/lib… noul  ▎········· 0.03           │
s1 context show:.venv/lib… noul  ▎········· 0.03           │
s1 context show:.venv/lib… noul  ▎········· 0.03           │
s1 context show:.venv/lib… noul  ▎········· 0.03           │
s1 context show:.venv/lib… noul  ▎········· 0.03           │
s1 context show:.venv/lib… noul  ▎········· 0.03           │
s1 context show:.venv/lib… noul  ▎········· 0.03           │
s1 context show:.venv/lib… noul  ▎········· 0.03           │
s1 context show:.venv/lib… noul  ▎········· 0.02           │
s1 context show:.venv/lib… noul  ▎········· 0.03           │
[33m> [39m[2mType to steer the next step…   Esc pauses · Esc Esc aborts[22m
⠼ context            step 0/12 0m05s  run $0.00/1.00 ok  sess $0.04/5.00 ok  ⎇ main · 1~ 1091?  jev           █▅  ? help
[2A[3G[?25h[?2026l[?2026h[?25l[2B[1G[2K[1A[2K[1A[2K[1A[2K[1A[2K[1A[2K[1A[2K[1A[2K[1A[2K[1A[2K[1A[2K[1A[2K[1A[2K[1A[2K[1A[2K[1A[2K[1A[2K[G[2m─── decisions s0 · c~ derived |2p−1| ────────────────────────────────── [d]ecisions [p]lan [t]imeline [s]ynth ─── plan ─[22m
streaming action… 485 chars
s1 context show:.venv/lib… noul  ▎········· 0.03           │ (no plan yet)
s1 context show:.venv/lib… noul  ▎········· 0.02           │
s1 context show:.venv/lib… noul  ▎········· 0.03           │
s1 context show:.venv/lib… noul  ▎········· 0.03           │
s1 context show:.venv/lib… noul  ▎········· 0.03           │
s1 context show:.venv/lib… noul  ▎········· 0.03           │
s1 context show:.venv/lib… noul  ▎········· 0.03           │
s1 context show:.venv/lib… noul  ▎········· 0.03           │
s1 context show:.venv/lib… noul  ▎········· 0.03           │
s1 context show:.venv/lib… noul  ▎········· 0.03           │
s1 context show:.venv/lib… noul  ▎········· 0.02           │
s1 context show:.venv/lib… noul  ▎········· 0.03           │
[33m> [39m[2mType to steer the next step…   Esc pauses · Esc Esc aborts[22m
⠴ context            step 0/12 0m05s  run $0.00/1.00 ok  sess $0.04/5.00 ok  ⎇ main · 1~ 1091?  jev           █▅  ? help
[2A[3G[?25h[?2026l[?2026h[?25l[2B[1G[2K[1A[2K[1A[2K[1A[2K[1A[2K[1A[2K[1A[2K[1A[2K[1A[2K[1A[2K[1A[2K[1A[2K[1A[2K[1A[2K[1A[2K[1A[2K[1A[2K[G[2m─── decisions s0 · c~ derived |2p−1| ────────────────────────────────── [d]ecisions [p]lan [t]imeline [s]ynth ─── plan ─[22m
streaming action… 498 chars
s1 context show:.venv/lib… noul  ▎········· 0.03           │ (no plan yet)
s1 context show:.venv/lib… noul  ▎········· 0.02           │
s1 context show:.venv/lib… noul  ▎········· 0.03           │
s1 context show:.venv/lib… noul  ▎········· 0.03           │
s1 context show:.venv/lib… noul  ▎········· 0.03           │
s1 context show:.venv/lib… noul  ▎········· 0.03           │
s1 context show:.venv/lib… noul  ▎········· 0.03           │
s1 context show:.venv/lib… noul  ▎········· 0.03           │
s1 context show:.venv/lib… noul  ▎········· 0.03           │
s1 context show:.venv/lib… noul  ▎········· 0.03           │
s1 context show:.venv/lib… noul  ▎········· 0.02           │
s1 context show:.venv/lib… noul  ▎········· 0.03           │
[33m> [39m[2mType to steer the next step…   Esc pauses · Esc Esc aborts[22m
⠴ context            step 0/12 0m05s  run $0.00/1.00 ok  sess $0.04/5.00 ok  ⎇ main · 1~ 1091?  jev           █▅  ? help
[2A[3G[?25h[?2026l[?2026h[?25l[2B[1G[2K[1A[2K[1A[2K[1A[2K[1A[2K[1A[2K[1A[2K[1A[2K[1A[2K[1A[2K[1A[2K[1A[2K[1A[2K[1A[2K[1A[2K[1A[2K[1A[2K[G[step 1] proposal read calc/core.py: Verify that all functions in calc/core.py already have a one-line docstring (task
requirement already satisfied). | plan done=2 remaining=2 open=0
[2m─── decisions s0 · c~ derived |2p−1| ────────────────────────────────── [d]ecisions [p]lan [t]imeline [s]ynth ─── plan ─[22m
s1 context show:.venv/lib… noul  ▎········· 0.03           │ (no plan yet)
s1 context show:.venv/lib… noul  ▎········· 0.02           │
s1 context show:.venv/lib… noul  ▎········· 0.03           │
s1 context show:.venv/lib… noul  ▎········· 0.03           │
s1 context show:.venv/lib… noul  ▎········· 0.03           │
s1 context show:.venv/lib… noul  ▎········· 0.03           │
s1 context show:.venv/lib… noul  ▎········· 0.03           │
s1 context show:.venv/lib… noul  ▎········· 0.03           │
s1 context show:.venv/lib… noul  ▎········· 0.03           │
s1 context show:.venv/lib… noul  ▎········· 0.03           │
s1 context show:.venv/lib… noul  ▎········· 0.02           │
s1 context show:.venv/lib… noul  ▎········· 0.03           │
[33m> [39m[2mType to steer the next step…   Esc pauses · Esc Esc aborts[22m
⠦ propose            step 0/12 0m05s  run $0.01/1.00 ok  sess $0.04/5.00 ok  ⎇ main · 1~ 1091?  jev           █▅  ? help
[2A[3G[?25h[?2026l[?2026h[?25l[2B[1G[2K[1A[2K[1A[2K[1A[2K[1A[2K[1A[2K[1A[2K[1A[2K[1A[2K[1A[2K[1A[2K[1A[2K[1A[2K[1A[2K[1A[2K[1A[2K[G[2m─── decisions s0 · c~ derived |2p−1| ────────────────────────────────── [d]ecisions [p]lan [t]imeline [s]ynth ─── plan ─[22m
s1 context show:.venv/lib… noul  ▎········· 0.03           │ (no plan yet)
s1 context show:.venv/lib… noul  ▎········· 0.02           │
s1 context show:.venv/lib… noul  ▎········· 0.03           │
s1 context show:.venv/lib… noul  ▎········· 0.03           │
s1 context show:.venv/lib… noul  ▎········· 0.03           │
s1 context show:.venv/lib… noul  ▎········· 0.03           │
s1 context show:.venv/lib… noul  ▎········· 0.03           │
s1 context show:.venv/lib… noul  ▎········· 0.03           │
s1 context show:.venv/lib… noul  ▎········· 0.03           │
s1 context show:.venv/lib… noul  ▎········· 0.03           │
s1 context show:.venv/lib… noul  ▎········· 0.02           │
s1 context show:.venv/lib… noul  ▎········· 0.03           │
[33m> [39m[2mType to steer the next step…   Esc pauses · Esc Esc aborts[22m
⠧ propose            step 0/12 0m05s  run $0.01/1.00 ok  sess $0.04/5.00 ok  ⎇ main · 1~ 1091?  jev           █▅  ? help
[2A[3G[?25h[?2026l[?2026h[?25l[2B[1G[2K[1A[2K[1A[2K[1A[2K[1A[2K[1A[2K[1A[2K[1A[2K[1A[2K[1A[2K[1A[2K[1A[2K[1A[2K[1A[2K[1A[2K[1A[2K[G[2m[step 1] pause requested: stopping after step 1[22m
[2m─── decisions s0 · c~ derived |2p−1| ────────────────────────────────── [d]ecisions [p]lan [t]imeline [s]ynth ─── plan ─[22m
s1 context show:.venv/lib… noul  ▎········· 0.03           │ (no plan yet)
s1 context show:.venv/lib… noul  ▎········· 0.02           │
s1 context show:.venv/lib… noul  ▎········· 0.03           │
s1 context show:.venv/lib… noul  ▎········· 0.03           │
s1 context show:.venv/lib… noul  ▎········· 0.03           │
s1 context show:.venv/lib… noul  ▎········· 0.03           │
s1 context show:.venv/lib… noul  ▎········· 0.03           │
s1 context show:.venv/lib… noul  ▎········· 0.03           │
s1 context show:.venv/lib… noul  ▎········· 0.03           │
s1 context show:.venv/lib… noul  ▎········· 0.03           │
s1 context show:.venv/lib… noul  ▎········· 0.02           │
s1 context show:.venv/lib… noul  ▎········· 0.03           │
[33m> [39m[2mType to steer the next step…   Esc pauses · Esc Esc aborts[22m
! Esc again aborts the run   step 0/12 0m06s  run $0.01/1.00 ok  sess $0.04/5.00 ok  ⎇ main · 1~ 1091?  jev           █▅
[2A[3G[?25h[?2026l[?2026h[?25l[2B[1G[2K[1A[2K[1A[2K[1A[2K[1A[2K[1A[2K[1A[2K[1A[2K[1A[2K[1A[2K[1A[2K[1A[2K[1A[2K[1A[2K[1A[2K[1A[2K[G[33m[step 1] risk=0.53 review: risk 0.53 (review) from plan_mismatch: 0.53 probability of level 3 or above; dominant level 3[39m
[33m "ignores the plan's open problems, or claims completion (`done`) while `plan.remaining` is non-empty"; Jev confidence [39m
[33m0.14[39m
[2m─── decisions s0 · c~ derived |2p−1| ────────────────────────────────── [d]ecisions [p]lan [t]imeline [s]ynth ─── plan ─[22m
s1 context show:.venv/lib… noul  ▎········· 0.03           │ (no plan yet)
s1 context show:.venv/lib… noul  ▎········· 0.03           │
s1 context show:.venv/lib… noul  ▎········· 0.03           │
s1 context show:.venv/lib… noul  ▎········· 0.03           │
s1 context show:.venv/lib… noul  ▎········· 0.03           │
s1 context show:.venv/lib… noul  ▎········· 0.02           │
s1 context show:.venv/lib… noul  ▎········· 0.03           │
[33ms1 risk    destructive     L0    ██████████ 1.00 [review]  │[39m
[33ms1 risk    out_of_scope    L0.94 ██████▋··· 0.66 [review]  │[39m
[33ms1 risk    plan_mismatch   L2.12 ████▋····· 0.46 [review]  │[39m
[33ms1 risk    irreversible    L0    ██████████ 1.00 [review]  │[39m
s1 risk    matches_intent  noul  █████████▌ 0.95           │
> [2mType to steer the next step…   Esc pauses · Esc Esc aborts[22m
! Esc again aborts the run   step 0/12 0m06s  run $0.01/1.00 ok  sess $0.04/5.00 ok  ⎇ main · 1~ 1091?  jev          █▅▄
[?2026l[?2026h[2K[1A[2K[1A[2K[1A[2K[1A[2K[1A[2K[1A[2K[1A[2K[1A[2K[1A[2K[1A[2K[1A[2K[1A[2K[1A[2K[1A[2K[1A[2K[G[2m─── decisions s0 · c~ derived |2p−1| ─────────────────────────────────────── [d]ecisions [p]lan [t]imeline [s]ynth ─────[22m
s1 context  show:.venv/lib/… noul   ▎·········  0.03  c 0.94~             588ms  selected iff p ≥ 0.5
s1 context  show:.venv/lib/… noul   ▎·········  0.03  c 0.94~             588ms  selected iff p ≥ 0.5
s1 context  show:.venv/lib/… noul   ▎·········  0.03  c 0.94~             588ms  selected iff p ≥ 0.5
s1 context  show:.venv/lib/… noul   ▎·········  0.03  c 0.94~             588ms  selected iff p ≥ 0.5
s1 context  show:.venv/lib/… noul   ▎·········  0.03  c 0.94~             588ms  selected iff p ≥ 0.5
s1 context  show:.venv/lib/… noul   ▎·········  0.02  c 0.96~             588ms  selected iff p ≥ 0.5
s1 context  show:.venv/lib/… noul   ▎·········  0.03  c 0.94~             588ms  selected iff p ≥ 0.5
[33ms1 risk     destructive      L0     ██████████  1.00  c 1.00   [review]   450ms  band 0.3/0.7 (expected)[39m
[33ms1 risk     out_of_scope     L0.94  ██████▋···  0.66  c 0.61   [review]   450ms  band 0.3/0.7 (tail)[39m
[33ms1 risk     plan_mismatch    L2.12  ████▋·····  0.46  c 0.14   [review]   450ms  band 0.3/0.7 (tail)[39m
[33ms1 risk     irreversible     L0     ██████████  1.00  c 1.00   [review]   450ms  band 0.3/0.7 (expected)[39m
s1 risk     matches_intent   noul   █████████▌  0.95  c 0.90~             450ms  < 0.3 → appended to the reason
[33mreview  step 1  risk 0.53 (tail on plan_mismatch)  read calc/core.py  "Verify that all functions in calc/co…"  jev 450ms[39m
[1m[33m[y] approve  [n] decline  [d] decline+note  [e] expand preview  [w]1-5 why  [esc] decline      [ctrl-c] abort run[39m[22m
dimension        lvl 0  ┆   ┆ 1  risk  bnd   P(l)  E[k]  tail  conf   Jev's dominant level (why); E[k]/4; tail = P(k≥3)
1 destructive    L0  ··········  0.00  exp   1.00  0.00  0.00  1.00   nothing existing is lost: reads, searches, lists,…
2 out_of_scope   L1  ▊·········  0.07  tail  0.66  0.24  0.07  0.61   setup or investigation the task plainly needs
3 plan_mismatch  L3  █████▎····  0.53  tail  0.46  0.53  0.53  0.14   ignores the plan's open problems, or claims compl…
4 irreversible   L0  ··········  0.00  exp   1.00  0.00  0.00  1.00   no lasting effect, or restorable with one git com…
5 matches_intent     █████████▌  0.95  noul  —     —     —     0.90~  the action is an instance of the intent: reading …
> [2m(review pending — keys above; d opens a note)[22m
! Esc again aborts the run   step 0/12 0m06s  run $0.01/1.00 ok  sess $0.04/5.00 ok  ⎇ main · 1~ 1091?  jev          █▅▄
[?2026l[?2026h[2K[1A[2K[1A[2K[1A[2K[1A[2K[1A[2K[1A[2K[1A[2K[1A[2K[1A[2K[1A[2K[1A[2K[1A[2K[1A[2K[1A[2K[1A[2K[1A[2K[1A[2K[1A[2K[1A[2K[1A[2K[1A[2K[1A[2K[1A[2K[G[2m─── decisions s0 · c~ derived |2p−1| ─────────────────────────────────────── [d]ecisions [p]lan [t]imeline [s]ynth ─────[22m
s1 context  show:.venv/lib/… noul   ▎·········  0.03  c 0.94~             588ms  selected iff p ≥ 0.5
s1 context  show:.venv/lib/… noul   ▎·········  0.03  c 0.94~             588ms  selected iff p ≥ 0.5
s1 context  show:.venv/lib/… noul   ▎·········  0.03  c 0.94~             588ms  selected iff p ≥ 0.5
s1 context  show:.venv/lib/… noul   ▎·········  0.03  c 0.94~             588ms  selected iff p ≥ 0.5
s1 context  show:.venv/lib/… noul   ▎·········  0.03  c 0.94~             588ms  selected iff p ≥ 0.5
s1 context  show:.venv/lib/… noul   ▎·········  0.02  c 0.96~             588ms  selected iff p ≥ 0.5
s1 context  show:.venv/lib/… noul   ▎·········  0.03  c 0.94~             588ms  selected iff p ≥ 0.5
[33ms1 risk     destructive      L0     ██████████  1.00  c 1.00   [review]   450ms  band 0.3/0.7 (expected)[39m
[33ms1 risk     out_of_scope     L0.94  ██████▋···  0.66  c 0.61   [review]   450ms  band 0.3/0.7 (tail)[39m
[33ms1 risk     plan_mismatch    L2.12  ████▋·····  0.46  c 0.14   [review]   450ms  band 0.3/0.7 (tail)[39m
[33ms1 risk     irreversible     L0     ██████████  1.00  c 1.00   [review]   450ms  band 0.3/0.7 (expected)[39m
s1 risk     matches_intent   noul   █████████▌  0.95  c 0.90~             450ms  < 0.3 → appended to the reason
[33mreview  step 1  risk 0.53 (tail on plan_mismatch)  read calc/core.py  "Verify that all functions in calc/co…"  jev 450ms[39m
[1m[33m[y] approve  [n] decline  [d] decline+note  [e] expand preview  [w]1-5 why  [esc] decline      [ctrl-c] abort run[39m[22m
dimension        lvl 0  ┆   ┆ 1  risk  bnd   P(l)  E[k]  tail  conf   Jev's dominant level (why); E[k]/4; tail = P(k≥3)
1 destructive    L0  ··········  0.00  exp   1.00  0.00  0.00  1.00   nothing existing is lost: reads, searches, lists,…
2 out_of_scope   L1  ▊·········  0.07  tail  0.66  0.24  0.07  0.61   setup or investigation the task plainly needs
3 plan_mismatch  L3  █████▎····  0.53  tail  0.46  0.53  0.53  0.14   ignores the plan's open problems, or claims compl…
4 irreversible   L0  ··········  0.00  exp   1.00  0.00  0.00  1.00   no lasting effect, or restorable with one git com…
5 matches_intent     █████████▌  0.95  noul  —     —     —     0.90~  the action is an instance of the intent: reading …
> [2m(review pending — keys above; d opens a note)[22m
pausing after step 0         step 0/12 0m07s  run $0.01/1.00 ok  sess $0.04/5.00 ok  ⎇ main · 1~ 1091?  jev          █▅▄
[?2026l[?2026h[2K[1A[2K[1A[2K[1A[2K[1A[2K[1A[2K[1A[2K[1A[2K[1A[2K[1A[2K[1A[2K[1A[2K[1A[2K[1A[2K[1A[2K[1A[2K[1A[2K[1A[2K[1A[2K[1A[2K[1A[2K[1A[2K[1A[2K[1A[2K[G[2m─── decisions s0 · c~ derived |2p−1| ────────────────────────────────── [d]ecisions [p]lan [t]imeline [s]ynth ─── plan ─[22m
s1 context show:.venv/lib… noul  ▎········· 0.03           │ (no plan yet)
s1 context show:.venv/lib… noul  ▎········· 0.03           │
s1 context show:.venv/lib… noul  ▎········· 0.03           │
s1 context show:.venv/lib… noul  ▎········· 0.03           │
s1 context show:.venv/lib… noul  ▎········· 0.03           │
s1 context show:.venv/lib… noul  ▎········· 0.02           │
s1 context show:.venv/lib… noul  ▎········· 0.03           │
[33ms1 risk    destructive     L0    ██████████ 1.00 [review]  │[39m
[33ms1 risk    out_of_scope    L0.94 ██████▋··· 0.66 [review]  │[39m
[33ms1 risk    plan_mismatch   L2.12 ████▋····· 0.46 [review]  │[39m
[33ms1 risk    irreversible    L0    ██████████ 1.00 [review]  │[39m
s1 risk    matches_intent  noul  █████████▌ 0.95           │
[33m> [39m[2mType to steer the next step…   Esc pauses · Esc Esc aborts[22m
pausing after step 0         step 0/12 0m07s  run $0.01/1.00 ok  sess $0.04/5.00 ok  ⎇ main · 1~ 1091?  jev          █▅▄
[2A[3G[?25h[?2026l[?2026h[?25l[2B[1G[2K[1A[2K[1A[2K[1A[2K[1A[2K[1A[2K[1A[2K[1A[2K[1A[2K[1A[2K[1A[2K[1A[2K[1A[2K[1A[2K[1A[2K[1A[2K[G[2m[step 1] confirm 20260921-103547-ntj6esxg:1 approved[22m
[2m─── decisions s0 · c~ derived |2p−1| ────────────────────────────────── [d]ecisions [p]lan [t]imeline [s]ynth ─── plan ─[22m
s1 context show:.venv/lib… noul  ▎········· 0.03           │ (no plan yet)
s1 context show:.venv/lib… noul  ▎········· 0.03           │
s1 context show:.venv/lib… noul  ▎········· 0.03           │
s1 context show:.venv/lib… noul  ▎········· 0.03           │
s1 context show:.venv/lib… noul  ▎········· 0.03           │
s1 context show:.venv/lib… noul  ▎········· 0.02           │
s1 context show:.venv/lib… noul  ▎········· 0.03           │
[33ms1 risk    destructive     L0    ██████████ 1.00 [review]  │[39m
[33ms1 risk    out_of_scope    L0.94 ██████▋··· 0.66 [review]  │[39m
[33ms1 risk    plan_mismatch   L2.12 ████▋····· 0.46 [review]  │[39m
[33ms1 risk    irreversible    L0    ██████████ 1.00 [review]  │[39m
s1 risk    matches_intent  noul  █████████▌ 0.95           │
[33m> [39m[2mType to steer the next step…   Esc pauses · Esc Esc aborts[22m
pausing after step 0         step 0/12 0m07s  run $0.01/1.00 ok  sess $0.04/5.00 ok  ⎇ main · 1~ 1091?  jev          █▅▄
[2A[3G[?25h[?2026l[?2026h[?25l[2B[1G[2K[1A[2K[1A[2K[1A[2K[1A[2K[1A[2K[1A[2K[1A[2K[1A[2K[1A[2K[1A[2K[1A[2K[1A[2K[1A[2K[1A[2K[1A[2K[G[2m[step 1] outcome executed: read 1 file(s)[22m
[2m─── decisions s0 · c~ derived |2p−1| ────────────────────────────────── [d]ecisions [p]lan [t]imeline [s]ynth ─── plan ─[22m
s1 context show:.venv/lib… noul  ▎········· 0.03           │ (no plan yet)
s1 context show:.venv/lib… noul  ▎········· 0.03           │
s1 context show:.venv/lib… noul  ▎········· 0.03           │
s1 context show:.venv/lib… noul  ▎········· 0.03           │
s1 context show:.venv/lib… noul  ▎········· 0.03           │
s1 context show:.venv/lib… noul  ▎········· 0.02           │
s1 context show:.venv/lib… noul  ▎········· 0.03           │
[33ms1 risk    destructive     L0    ██████████ 1.00 [review]  │[39m
[33ms1 risk    out_of_scope    L0.94 ██████▋··· 0.66 [review]  │[39m
[33ms1 risk    plan_mismatch   L2.12 ████▋····· 0.46 [review]  │[39m
[33ms1 risk    irreversible    L0    ██████████ 1.00 [review]  │[39m
s1 risk    matches_intent  noul  █████████▌ 0.95           │
[33m> [39m[2mType to steer the next step…   Esc pauses · Esc Esc aborts[22m
pausing after step 0         step 0/12 0m08s  run $0.01/1.00 ok  sess $0.04/5.00 ok  ⎇ main · 1~ 1091?  jev          █▅▄
[2A[3G[?25h[?2026l[?2026h[?25l[2B[1G[2K[1A[2K[1A[2K[1A[2K[1A[2K[1A[2K[1A[2K[1A[2K[1A[2K[1A[2K[1A[2K[1A[2K[1A[2K[1A[2K[1A[2K[1A[2K[G[2m[step 1] judge succeeded=0.71 error_present=0.00 new_info=0.29 tests=none claims=2/2 completion=0.77[22m
[2m[step 1] plan done=6 remaining=2 unverified=0 problems=1[22m
[2m─── decisions s1 · c~ derived |2p−1| ────────────────────────────────── [d]ecisions [p]lan [t]imeline [s]ynth ─── plan ─[22m
s1 context show:.venv/lib… noul  ▎········· 0.02           │ plan  done 6  remaining 2  unverified 0  problems 1
s1 context show:.venv/lib… noul  ▎········· 0.03           │ [x] Ran tests: 7 passed, 0 failed, 0 errors… s2 0.93
[33ms1 risk    destructive     L0    ██████████ 1.00 [review]  │ [x] Ran tests: 7 passed, 0 failed, 0 errors… s3 0.94[39m
[33ms1 risk    out_of_scope    L0.94 ██████▋··· 0.66 [review]  │ [x] Ran tests again: 7 passed, 0 failed, 0 … s3 0.91[39m
[33ms1 risk    plan_mismatch   L2.12 ████▋····· 0.46 [review]  │ [x] Ran tests multiple times: 7 passed, 0 f… s4 0.83[39m
[33ms1 risk    irreversible    L0    ██████████ 1.00 [review]  │ [x] Ran tests: 7 passed, 0 failed, 0 errors… s1 done_0 0.92[39m
s1 risk    matches_intent  noul  █████████▌ 0.95           │ [x] Confirmed all functions (add, safe_divi… s1 done_1 0.87
s1 judge   succeeded       noul  ███████▏·· 0.71           │ [ ] Re-run tests once more to confirm stability
s1 judge   new_information noul  ██▉······· 0.29           │ [ ] Mark task complete if still passing
s1 judge   done_0          noul  █████████▎ 0.92           │ [!] human s0: Follow-up to run 20260921-103525-arhva4xt (s…
s1 judge   done_1          noul  ████████▊· 0.87           │
s1 complete task_complete  noul  ███████▊·· 0.77           │
[33m> [39m[2mType to steer the next step…   Esc pauses · Esc Esc aborts[22m
pausing after step 1         step 1/12 0m08s  run $0.01/1.00 ok  sess $0.04/5.00 ok  ⎇ main · 1~ 1091?  jev         █▅▄▂
[2A[3G[?25h[?2026l[?2026h[?25l[2B[1G[2K[1A[2K[1A[2K[1A[2K[1A[2K[1A[2K[1A[2K[1A[2K[1A[2K[1A[2K[1A[2K[1A[2K[1A[2K[1A[2K[1A[2K[1A[2K[G[33m[run] warn: stop: human_pause at step 1[39m
[2m─── decisions s1 · c~ derived |2p−1| ────────────────────────────────── [d]ecisions [p]lan [t]imeline [s]ynth ─── plan ─[22m
s1 context show:.venv/lib… noul  ▎········· 0.02           │ plan  done 6  remaining 2  unverified 0  problems 1
s1 context show:.venv/lib… noul  ▎········· 0.03           │ [x] Ran tests: 7 passed, 0 failed, 0 errors… s2 0.93
[33ms1 risk    destructive     L0    ██████████ 1.00 [review]  │ [x] Ran tests: 7 passed, 0 failed, 0 errors… s3 0.94[39m
[33ms1 risk    out_of_scope    L0.94 ██████▋··· 0.66 [review]  │ [x] Ran tests again: 7 passed, 0 failed, 0 … s3 0.91[39m
[33ms1 risk    plan_mismatch   L2.12 ████▋····· 0.46 [review]  │ [x] Ran tests multiple times: 7 passed, 0 f… s4 0.83[39m
[33ms1 risk    irreversible    L0    ██████████ 1.00 [review]  │ [x] Ran tests: 7 passed, 0 failed, 0 errors… s1 done_0 0.92[39m
s1 risk    matches_intent  noul  █████████▌ 0.95           │ [x] Confirmed all functions (add, safe_divi… s1 done_1 0.87
s1 judge   succeeded       noul  ███████▏·· 0.71           │ [ ] Re-run tests once more to confirm stability
s1 judge   new_information noul  ██▉······· 0.29           │ [ ] Mark task complete if still passing
s1 judge   done_0          noul  █████████▎ 0.92           │ [!] human s0: Follow-up to run 20260921-103525-arhva4xt (s…
s1 judge   done_1          noul  ████████▊· 0.87           │
s1 complete task_complete  noul  ███████▊·· 0.77           │
[33m> [39m[2mType to steer the next step…   Esc pauses · Esc Esc aborts[22m
pausing after step 1         step 1/12 0m08s  run $0.01/1.00 ok  sess $0.04/5.00 ok  ⎇ main · 1~ 1091?  jev         █▅▄▂
[2A[3G[?25h[?2026l[?2026h[?25l[2B[1G[2K[1A[2K[1A[2K[1A[2K[1A[2K[1A[2K[1A[2K[1A[2K[1A[2K[1A[2K[1A[2K[1A[2K[1A[2K[1A[2K[1A[2K[1A[2K[G[33m[run] end human_pause steps=1 wall=8s cost=$0.013 (gen $0.011, jev $0.002) exit 4[39m
[2m[ui] paused after step 1 — /resume continues, or type a follow-up[22m
[2m─── decisions s1 · c~ derived |2p−1| ────────────────────────────────── [d]ecisions [p]lan [t]imeline [s]ynth ─── plan ─[22m
s1 context show:.venv/lib… noul  ▎········· 0.02           │ plan  done 6  remaining 2  unverified 0  problems 1
s1 context show:.venv/lib… noul  ▎········· 0.03           │ [x] Ran tests: 7 passed, 0 failed, 0 errors… s2 0.93
[33ms1 risk    destructive     L0    ██████████ 1.00 [review]  │ [x] Ran tests: 7 passed, 0 failed, 0 errors… s3 0.94[39m
[33ms1 risk    out_of_scope    L0.94 ██████▋··· 0.66 [review]  │ [x] Ran tests again: 7 passed, 0 failed, 0 … s3 0.91[39m
[33ms1 risk    plan_mismatch   L2.12 ████▋····· 0.46 [review]  │ [x] Ran tests multiple times: 7 passed, 0 f… s4 0.83[39m
[33ms1 risk    irreversible    L0    ██████████ 1.00 [review]  │ [x] Ran tests: 7 passed, 0 failed, 0 errors… s1 done_0 0.92[39m
s1 risk    matches_intent  noul  █████████▌ 0.95           │ [x] Confirmed all functions (add, safe_divi… s1 done_1 0.87
s1 judge   succeeded       noul  ███████▏·· 0.71           │ [ ] Re-run tests once more to confirm stability
s1 judge   new_information noul  ██▉······· 0.29           │ [ ] Mark task complete if still passing
s1 judge   done_0          noul  █████████▎ 0.92           │ [!] human s0: Follow-up to run 20260921-103525-arhva4xt (s…
s1 judge   done_1          noul  ████████▊· 0.87           │
s1 complete task_complete  noul  ███████▊·· 0.77           │
> [2mFollow-up or /command…   Enter runs · ↑ history · Esc Esc menu · ? help[22m
[1m[33midle exit 4          step 1/12 0m08s  run $0.01/1.00 ok  sess $0.06/5.00 ok  ⎇ main · 1~ 1091?  jev         █▅▄▂  ? help[39m[22m
[2A[3G[?25h[?2026l[?2026h[?25l[2B[1G[2K[1A[2K[1A[2K[1A[2K[1A[2K[1A[2K[1A[2K[1A[2K[1A[2K[1A[2K[1A[2K[1A[2K[1A[2K[1A[2K[1A[2K[1A[2K[G[2m[ui] run $0.013 of $1.000 (1 %)[22m
[2msession $0.06 of $5.00 (1 %, 2 runs)[22m
[2mper step p50 $0.013 · last $0.013 · about 73 steps left[22m
[2mgen $0.011 (~ table-priced) · jev $0.002 for 317 questions (~$7.2e-6 each, p50 588 ms)[22m
[2mbasis: generator table, jev provider usage.cost[22m
[2mraise: /budget spend-cap <usd> · /budget session-spend-cap <usd|none>[22m
[2m─── decisions s1 · c~ derived |2p−1| ────────────────────────────────── [d]ecisions [p]lan [t]imeline [s]ynth ─── plan ─[22m
s1 context show:.venv/lib… noul  ▎········· 0.02           │ plan  done 6  remaining 2  unverified 0  problems 1
s1 context show:.venv/lib… noul  ▎········· 0.03           │ [x] Ran tests: 7 passed, 0 failed, 0 errors… s2 0.93
[33ms1 risk    destructive     L0    ██████████ 1.00 [review]  │ [x] Ran tests: 7 passed, 0 failed, 0 errors… s3 0.94[39m
[33ms1 risk    out_of_scope    L0.94 ██████▋··· 0.66 [review]  │ [x] Ran tests again: 7 passed, 0 failed, 0 … s3 0.91[39m
[33ms1 risk    plan_mismatch   L2.12 ████▋····· 0.46 [review]  │ [x] Ran tests multiple times: 7 passed, 0 f… s4 0.83[39m
[33ms1 risk    irreversible    L0    ██████████ 1.00 [review]  │ [x] Ran tests: 7 passed, 0 failed, 0 errors… s1 done_0 0.92[39m
s1 risk    matches_intent  noul  █████████▌ 0.95           │ [x] Confirmed all functions (add, safe_divi… s1 done_1 0.87
s1 judge   succeeded       noul  ███████▏·· 0.71           │ [ ] Re-run tests once more to confirm stability
s1 judge   new_information noul  ██▉······· 0.29           │ [ ] Mark task complete if still passing
s1 judge   done_0          noul  █████████▎ 0.92           │ [!] human s0: Follow-up to run 20260921-103525-arhva4xt (s…
s1 judge   done_1          noul  ████████▊· 0.87           │
s1 complete task_complete  noul  ███████▊·· 0.77           │
> [2mFollow-up or /command…   Enter runs · ↑ history · Esc Esc menu · ? help[22m
[1m[33midle exit 4          step 1/12 0m08s  run $0.01/1.00 ok  sess $0.06/5.00 ok  ⎇ main · 1~ 1091?  jev         █▅▄▂  ? help[39m[22m
[2A[3G[?25h[?2026l[?2026h[?25l[2B[1G[2K[1A[2K[1A[2K[1A[2K[1A[2K[1A[2K[1A[2K[1A[2K[1A[2K[1A[2K[1A[2K[1A[2K[1A[2K[1A[2K[1A[2K[1A[2K[G[2m[ui] plan[22m
[2m[x] Ran tests: 7 passed, 0 failed, 0 errors (no f…  s2  0.93[22m
[2m[x] Ran tests: 7 passed, 0 failed, 0 errors (no f…  s3  0.94[22m
[2m[x] Ran tests again: 7 passed, 0 failed, 0 errors…  s3  0.91[22m
[2m[x] Ran tests multiple times: 7 passed, 0 failed,…  s4  0.83[22m
[2m[x] Ran tests: 7 passed, 0 failed, 0 errors (mult…  s1  done_0 0.92[22m
[2m[x] Confirmed all functions (add, safe_divide, me…  s1  done_1 0.87[22m
[2m[ ] Re-run tests once more to confirm stability[22m
[2m[ ] Mark task complete if still passing[22m
[2m[!] human s0: Follow-up to run 20260921-103525-arhva4xt (stopped: replan_stop) whose task was "Fix the failing tests in…[22m
[2m─── decisions s1 · c~ derived |2p−1| ────────────────────────────────── [d]ecisions [p]lan [t]imeline [s]ynth ─── plan ─[22m
s1 context show:.venv/lib… noul  ▎········· 0.02           │ plan  done 6  remaining 2  unverified 0  problems 1
s1 context show:.venv/lib… noul  ▎········· 0.03           │ [x] Ran tests: 7 passed, 0 failed, 0 errors… s2 0.93
[33ms1 risk    destructive     L0    ██████████ 1.00 [review]  │ [x] Ran tests: 7 passed, 0 failed, 0 errors… s3 0.94[39m
[33ms1 risk    out_of_scope    L0.94 ██████▋··· 0.66 [review]  │ [x] Ran tests again: 7 passed, 0 failed, 0 … s3 0.91[39m
[33ms1 risk    plan_mismatch   L2.12 ████▋····· 0.46 [review]  │ [x] Ran tests multiple times: 7 passed, 0 f… s4 0.83[39m
[33ms1 risk    irreversible    L0    ██████████ 1.00 [review]  │ [x] Ran tests: 7 passed, 0 failed, 0 errors… s1 done_0 0.92[39m
s1 risk    matches_intent  noul  █████████▌ 0.95           │ [x] Confirmed all functions (add, safe_divi… s1 done_1 0.87
s1 judge   succeeded       noul  ███████▏·· 0.71           │ [ ] Re-run tests once more to confirm stability
s1 judge   new_information noul  ██▉······· 0.29           │ [ ] Mark task complete if still passing
s1 judge   done_0          noul  █████████▎ 0.92           │ [!] human s0: Follow-up to run 20260921-103525-arhva4xt (s…
s1 judge   done_1          noul  ████████▊· 0.87           │
s1 complete task_complete  noul  ███████▊·· 0.77           │
> [2mFollow-up or /command…   Enter runs · ↑ history · Esc Esc menu · ? help[22m
[1m[33midle exit 4          step 1/12 0m08s  run $0.01/1.00 ok  sess $0.06/5.00 ok  ⎇ main · 1~ 1091?  jev         █▅▄▂  ? help[39m[22m
[2A[3G[?25h[?2026l[?2026h[?25l[2B[1G[2K[1A[2K[1A[2K[1A[2K[1A[2K[1A[2K[1A[2K[1A[2K[1A[2K[1A[2K[1A[2K[1A[2K[1A[2K[1A[2K[1A[2K[1A[2K[G[2m[ui] diff (run 20260921-103547-ntj6esxg · 0 files · +0 −0 · 0 untracked · 0 binary · 0 skipped)[22m
[2m─── decisions s1 · c~ derived |2p−1| ────────────────────────────────── [d]ecisions [p]lan [t]imeline [s]ynth ─── plan ─[22m
s1 context show:.venv/lib… noul  ▎········· 0.02           │ plan  done 6  remaining 2  unverified 0  problems 1
s1 context show:.venv/lib… noul  ▎········· 0.03           │ [x] Ran tests: 7 passed, 0 failed, 0 errors… s2 0.93
[33ms1 risk    destructive     L0    ██████████ 1.00 [review]  │ [x] Ran tests: 7 passed, 0 failed, 0 errors… s3 0.94[39m
[33ms1 risk    out_of_scope    L0.94 ██████▋··· 0.66 [review]  │ [x] Ran tests again: 7 passed, 0 failed, 0 … s3 0.91[39m
[33ms1 risk    plan_mismatch   L2.12 ████▋····· 0.46 [review]  │ [x] Ran tests multiple times: 7 passed, 0 f… s4 0.83[39m
[33ms1 risk    irreversible    L0    ██████████ 1.00 [review]  │ [x] Ran tests: 7 passed, 0 failed, 0 errors… s1 done_0 0.92[39m
s1 risk    matches_intent  noul  █████████▌ 0.95           │ [x] Confirmed all functions (add, safe_divi… s1 done_1 0.87
s1 judge   succeeded       noul  ███████▏·· 0.71           │ [ ] Re-run tests once more to confirm stability
s1 judge   new_information noul  ██▉······· 0.29           │ [ ] Mark task complete if still passing
s1 judge   done_0          noul  █████████▎ 0.92           │ [!] human s0: Follow-up to run 20260921-103525-arhva4xt (s…
s1 judge   done_1          noul  ████████▊· 0.87           │
s1 complete task_complete  noul  ███████▊·· 0.77           │
> [2mFollow-up or /command…   Enter runs · ↑ history · Esc Esc menu · ? help[22m
[1m[33midle exit 4          step 1/12 0m08s  run $0.01/1.00 ok  sess $0.06/5.00 ok  ⎇ main · 1~ 1091?  jev         █▅▄▂  ? help[39m[22m
[2A[3G[?25h[?2026l[?2026h[?25l[2B[1G[2K[1A[2K[1A[2K[1A[2K[1A[2K[1A[2K[1A[2K[1A[2K[1A[2K[1A[2K[1A[2K[1A[2K[1A[2K[1A[2K[1A[2K[1A[2K[G[2m[ui] decisions (last 12)[22m
[2ms1 context  show:.venv/lib/… noul   ▎·········  0.02  c 0.96~             588ms  selected iff p ≥ 0.5[22m
[2ms1 context  show:.venv/lib/… noul   ▎·········  0.03  c 0.94~             588ms  selected iff p ≥ 0.5[22m
[2ms1 risk     destructive      L0     ██████████  1.00  c 1.00   [review]   450ms  band 0.3/0.7 (expected)[22m
[2ms1 risk     out_of_scope     L0.94  ██████▋···  0.66  c 0.61   [review]   450ms  band 0.3/0.7 (tail)[22m
[2ms1 risk     plan_mismatch    L2.12  ████▋·····  0.46  c 0.14   [review]   450ms  band 0.3/0.7 (tail)[22m
[2ms1 risk     irreversible     L0     ██████████  1.00  c 1.00   [review]   450ms  band 0.3/0.7 (expected)[22m
[2ms1 risk     matches_intent   noul   █████████▌  0.95  c 0.90~             450ms  < 0.3 → appended to the reason[22m
[2ms1 judge    succeeded        noul   ███████▏··  0.71  c 0.42~             155ms  reported[22m
[2ms1 judge    new_information  noul   ██▉·······  0.29  c 0.42~             155ms  ≥ 0.7 → Plan rule b[22m
[2ms1 judge    done_0           noul   █████████▎  0.92  c 0.84~             155ms  ≥ 0.7 accept, < 0.3 reject[22m
[2ms1 judge    done_1           noul   ████████▊·  0.87  c 0.74~             155ms  ≥ 0.7 accept, < 0.3 reject[22m
[2ms1 complete task_complete    noul   ███████▊··  0.77  c 0.54~             155ms  ≥ 0.85 → stop[22m
[2m─── decisions s1 · c~ derived |2p−1| ────────────────────────────────── [d]ecisions [p]lan [t]imeline [s]ynth ─── plan ─[22m
s1 context show:.venv/lib… noul  ▎········· 0.02           │ plan  done 6  remaining 2  unverified 0  problems 1
s1 context show:.venv/lib… noul  ▎········· 0.03           │ [x] Ran tests: 7 passed, 0 failed, 0 errors… s2 0.93
[33ms1 risk    destructive     L0    ██████████ 1.00 [review]  │ [x] Ran tests: 7 passed, 0 failed, 0 errors… s3 0.94[39m
[33ms1 risk    out_of_scope    L0.94 ██████▋··· 0.66 [review]  │ [x] Ran tests again: 7 passed, 0 failed, 0 … s3 0.91[39m
[33ms1 risk    plan_mismatch   L2.12 ████▋····· 0.46 [review]  │ [x] Ran tests multiple times: 7 passed, 0 f… s4 0.83[39m
[33ms1 risk    irreversible    L0    ██████████ 1.00 [review]  │ [x] Ran tests: 7 passed, 0 failed, 0 errors… s1 done_0 0.92[39m
s1 risk    matches_intent  noul  █████████▌ 0.95           │ [x] Confirmed all functions (add, safe_divi… s1 done_1 0.87
s1 judge   succeeded       noul  ███████▏·· 0.71           │ [ ] Re-run tests once more to confirm stability
s1 judge   new_information noul  ██▉······· 0.29           │ [ ] Mark task complete if still passing
s1 judge   done_0          noul  █████████▎ 0.92           │ [!] human s0: Follow-up to run 20260921-103525-arhva4xt (s…
s1 judge   done_1          noul  ████████▊· 0.87           │
s1 complete task_complete  noul  ███████▊·· 0.77           │
> [2mFollow-up or /command…   Enter runs · ↑ history · Esc Esc menu · ? help[22m
[1m[33midle exit 4          step 1/12 0m08s  run $0.01/1.00 ok  sess $0.06/5.00 ok  ⎇ main · 1~ 1091?  jev         █▅▄▂  ? help[39m[22m
[2A[3G[?25h[?2026l[?2026h[?25l[2B[1G[2K[1A[2K[1A[2K[1A[2K[1A[2K[1A[2K[1A[2K[1A[2K[1A[2K[1A[2K[1A[2K[1A[2K[1A[2K[1A[2K[1A[2K[1A[2K[G[run] start 20260921-103547-ntj6esxg mode=jev-on resumed from step 1 task: Add a one-line docstring to every function in
 calc/core.py, then run the tests.
[2m[run] ready 20260921-103547-ntj6esxg step 1/12 (resumed)[22m
[2m[run] git main · 1 modified · 1091 untracked[22m
[2m[run] resumed at step 2[22m
[2m─── decisions s1 · c~ derived |2p−1| ────────────────────────────────── [d]ecisions [p]lan [t]imeline [s]ynth ─── plan ─[22m
[2m(no decisions yet)                                         │ (no plan yet)[22m











[33m> [39m[2mType to steer the next step…   Esc pauses · Esc Esc aborts[22m
starting      20260921-103547-ntj6esxg       step 1/12  run $0.01/1.00 ok  sess $0.06/5.00 ok  ⎇ main · 1~ 1091?  ? help
[2A[3G[?25h[?2026l[?2026h[?25l[2B[1G[2K[1A[2K[1A[2K[1A[2K[1A[2K[1A[2K[1A[2K[1A[2K[1A[2K[1A[2K[1A[2K[1A[2K[1A[2K[1A[2K[1A[2K[1A[2K[G[2m[step 2] intent=investigate p=0.60 c=0.52 (jev answered verify)[22m
[2m─── decisions s1 · c~ derived |2p−1| ────────────────────────────────── [d]ecisions [p]lan [t]imeline [s]ynth ─── plan ─[22m
s2 intent  intent          veri… ██████···· 0.60 fallback  │ (no plan yet)
s2 intent  can_investigate noul  █········· 0.10           │
s2 intent  can_edit        noul  ▊········· 0.07           │
s2 intent  can_verify      noul  ████▊·····!0.48           │
s2 intent  can_fix_enviro… noul  ▎········· 0.02           │
s2 intent  can_finish      noul  ████▎····· 0.42           │
s2 intent  plan_still_val… noul  ████▍····· 0.44           │





[33m> [39m[2mType to steer the next step…   Esc pauses · Esc Esc aborts[22m
⠋ intent             step 1/12 0m08s  run $0.01/1.00 ok  sess $0.06/5.00 ok  ⎇ main · 1~ 1091?  jev            ▂  ? help
[2A[3G[?25h[?2026l[?2026h[?25l[2B[1G[2K[1A[2K[1A[2K[1A[2K[1A[2K[1A[2K[1A[2K[1A[2K[1A[2K[1A[2K[1A[2K[1A[2K[1A[2K[1A[2K[1A[2K[1A[2K[G[2m─── decisions s1 · c~ derived |2p−1| ────────────────────────────────── [d]ecisions [p]lan [t]imeline [s]ynth ─── plan ─[22m
s2 intent  intent          veri… ██████···· 0.60 fallback  │ (no plan yet)
s2 intent  can_investigate noul  █········· 0.10           │
s2 intent  can_edit        noul  ▊········· 0.07           │
s2 intent  can_verify      noul  ████▊·····!0.48           │
s2 intent  can_fix_enviro… noul  ▎········· 0.02           │
s2 intent  can_finish      noul  ████▎····· 0.42           │
s2 intent  plan_still_val… noul  ████▍····· 0.44           │





[33m> [39m[2mType to steer the next step…   Esc pauses · Esc Esc aborts[22m
⠙ intent             step 1/12 0m08s  run $0.01/1.00 ok  sess $0.06/5.00 ok  ⎇ main · 1~ 1091?  jev            ▂  ? help
[2A[3G[?25h[?2026l[?2026h[?25l[2B[1G[2K[1A[2K[1A[2K[1A[2K[1A[2K[1A[2K[1A[2K[1A[2K[1A[2K[1A[2K[1A[2K[1A[2K[1A[2K[1A[2K[1A[2K[1A[2K[G[2m─── decisions s1 · c~ derived |2p−1| ────────────────────────────────── [d]ecisions [p]lan [t]imeline [s]ynth ─── plan ─[22m
s2 intent  intent          veri… ██████···· 0.60 fallback  │ (no plan yet)
s2 intent  can_investigate noul  █········· 0.10           │
s2 intent  can_edit        noul  ▊········· 0.07           │
s2 intent  can_verify      noul  ████▊·····!0.48           │
s2 intent  can_fix_enviro… noul  ▎········· 0.02           │
s2 intent  can_finish      noul  ████▎····· 0.42           │
s2 intent  plan_still_val… noul  ████▍····· 0.44           │





[33m> [39m[2mType to steer the next step…   Esc pauses · Esc Esc aborts[22m
⠹ intent             step 1/12 0m08s  run $0.01/1.00 ok  sess $0.06/5.00 ok  ⎇ main · 1~ 1091?  jev            ▂  ? help
[2A[3G[?25h[?2026l[?2026h[?25l[2B[1G[2K[1A[2K[1A[2K[1A[2K[1A[2K[1A[2K[1A[2K[1A[2K[1A[2K[1A[2K[1A[2K[1A[2K[1A[2K[1A[2K[1A[2K[1A[2K[G[2m─── decisions s1 · c~ derived |2p−1| ────────────────────────────────── [d]ecisions [p]lan [t]imeline [s]ynth ─── plan ─[22m
s2 intent  intent          veri… ██████···· 0.60 fallback  │ (no plan yet)
s2 intent  can_investigate noul  █········· 0.10           │
s2 intent  can_edit        noul  ▊········· 0.07           │
s2 intent  can_verify      noul  ████▊·····!0.48           │
s2 intent  can_fix_enviro… noul  ▎········· 0.02           │
s2 intent  can_finish      noul  ████▎····· 0.42           │
s2 intent  plan_still_val… noul  ████▍····· 0.44           │





[33m> [39m[2mType to steer the next step…   Esc pauses · Esc Esc aborts[22m
⠸ intent             step 1/12 0m08s  run $0.01/1.00 ok  sess $0.06/5.00 ok  ⎇ main · 1~ 1091?  jev            ▂  ? help
[2A[3G[?25h[?2026l[?2026h[?25l[2B[1G[2K[1A[2K[1A[2K[1A[2K[1A[2K[1A[2K[1A[2K[1A[2K[1A[2K[1A[2K[1A[2K[1A[2K[1A[2K[1A[2K[1A[2K[1A[2K[G[2m─── decisions s1 · c~ derived |2p−1| ────────────────────────────────── [d]ecisions [p]lan [t]imeline [s]ynth ─── plan ─[22m
s2 intent  intent          veri… ██████···· 0.60 fallback  │ (no plan yet)
s2 intent  can_investigate noul  █········· 0.10           │
s2 intent  can_edit        noul  ▊········· 0.07           │
s2 intent  can_verify      noul  ████▊·····!0.48           │
s2 intent  can_fix_enviro… noul  ▎········· 0.02           │
s2 intent  can_finish      noul  ████▎····· 0.42           │
s2 intent  plan_still_val… noul  ████▍····· 0.44           │





[33m> [39m[2mType to steer the next step…   Esc pauses · Esc Esc aborts[22m
⠼ intent             step 1/12 0m08s  run $0.01/1.00 ok  sess $0.06/5.00 ok  ⎇ main · 1~ 1091?  jev            ▂  ? help
[2A[3G[?25h[?2026l[?2026h[?25l[2B[1G[2K[1A[2K[1A[2K[1A[2K[1A[2K[1A[2K[1A[2K[1A[2K[1A[2K[1A[2K[1A[2K[1A[2K[1A[2K[1A[2K[1A[2K[1A[2K[G[2m─── decisions s1 · c~ derived |2p−1| ────────────────────────────────── [d]ecisions [p]lan [t]imeline [s]ynth ─── plan ─[22m
s2 intent  intent          veri… ██████···· 0.60 fallback  │ (no plan yet)
s2 intent  can_investigate noul  █········· 0.10           │
s2 intent  can_edit        noul  ▊········· 0.07           │
s2 intent  can_verify      noul  ████▊·····!0.48           │
s2 intent  can_fix_enviro… noul  ▎········· 0.02           │
s2 intent  can_finish      noul  ████▎····· 0.42           │
s2 intent  plan_still_val… noul  ████▍····· 0.44           │





[33m> [39m[2mType to steer the next step…   Esc pauses · Esc Esc aborts[22m
⠴ intent             step 1/12 0m08s  run $0.01/1.00 ok  sess $0.06/5.00 ok  ⎇ main · 1~ 1091?  jev            ▂  ? help
[2A[3G[?25h[?2026l[?2026h[?25l[2B[1G[2K[1A[2K[1A[2K[1A[2K[1A[2K[1A[2K[1A[2K[1A[2K[1A[2K[1A[2K[1A[2K[1A[2K[1A[2K[1A[2K[1A[2K[1A[2K[G[2m─── decisions s1 · c~ derived |2p−1| ────────────────────────────────── [d]ecisions [p]lan [t]imeline [s]ynth ─── plan ─[22m
s2 context show:.venv/lib… noul  ▎········· 0.02           │ (no plan yet)
s2 context show:.venv/lib… noul  ▎········· 0.02           │
s2 context show:.venv/lib… noul  ▎········· 0.02           │
s2 context show:.venv/lib… noul  ▎········· 0.02           │
s2 context show:.venv/lib… noul  ▎········· 0.02           │
s2 context show:.venv/lib… noul  ▎········· 0.02           │
s2 context show:.venv/lib… noul  ▎········· 0.02           │
s2 context show:.venv/lib… noul  ▎········· 0.02           │
s2 context show:.venv/lib… noul  ▎········· 0.02           │
s2 context show:.venv/lib… noul  ▎········· 0.02           │
s2 context show:.venv/lib… noul  ▎········· 0.02           │
s2 context show:.venv/lib… noul  ▎········· 0.02           │
[33m> [39m[2mType to steer the next step…   Esc pauses · Esc Esc aborts[22m
⠴ intent             step 1/12 0m08s  run $0.01/1.00 ok  sess $0.06/5.00 ok  ⎇ main · 1~ 1091?  jev           ▂▅  ? help
[2A[3G[?25h[?2026l[?2026h[?25l[2B[1G[2K[1A[2K[1A[2K[1A[2K[1A[2K[1A[2K[1A[2K[1A[2K[1A[2K[1A[2K[1A[2K[1A[2K[1A[2K[1A[2K[1A[2K[1A[2K[G[2m[step 2] context 1 files 1.1kB of 300 candidates: calc/core.py[22m
[2m─── decisions s1 · c~ derived |2p−1| ────────────────────────────────── [d]ecisions [p]lan [t]imeline [s]ynth ─── plan ─[22m
s2 context show:.venv/lib… noul  ▎········· 0.02           │ (no plan yet)
s2 context show:.venv/lib… noul  ▎········· 0.02           │
s2 context show:.venv/lib… noul  ▎········· 0.02           │
s2 context show:.venv/lib… noul  ▎········· 0.02           │
s2 context show:.venv/lib… noul  ▎········· 0.02           │
s2 context show:.venv/lib… noul  ▎········· 0.02           │
s2 context show:.venv/lib… noul  ▎········· 0.02           │
s2 context show:.venv/lib… noul  ▎········· 0.02           │
s2 context show:.venv/lib… noul  ▎········· 0.02           │
s2 context show:.venv/lib… noul  ▎········· 0.02           │
s2 context show:.venv/lib… noul  ▎········· 0.02           │
s2 context show:.venv/lib… noul  ▎········· 0.02           │
[33m> [39m[2mType to steer the next step…   Esc pauses · Esc Esc aborts[22m
⠴ context            step 1/12 0m09s  run $0.02/1.00 ok  sess $0.06/5.00 ok  ⎇ main · 1~ 1091?  jev           ▂▅  ? help
[2A[3G[?25h[?2026l[?2026h[?25l[2B[1G[2K[1A[2K[1A[2K[1A[2K[1A[2K[1A[2K[1A[2K[1A[2K[1A[2K[1A[2K[1A[2K[1A[2K[1A[2K[1A[2K[1A[2K[1A[2K[G[2m─── decisions s1 · c~ derived |2p−1| ────────────────────────────────── [d]ecisions [p]lan [t]imeline [s]ynth ─── plan ─[22m
s2 context show:.venv/lib… noul  ▎········· 0.02           │ (no plan yet)
s2 context show:.venv/lib… noul  ▎········· 0.02           │
s2 context show:.venv/lib… noul  ▎········· 0.02           │
s2 context show:.venv/lib… noul  ▎········· 0.02           │
s2 context show:.venv/lib… noul  ▎········· 0.02           │
s2 context show:.venv/lib… noul  ▎········· 0.02           │
s2 context show:.venv/lib… noul  ▎········· 0.02           │
s2 context show:.venv/lib… noul  ▎········· 0.02           │
s2 context show:.venv/lib… noul  ▎········· 0.02           │
s2 context show:.venv/lib… noul  ▎········· 0.02           │
s2 context show:.venv/lib… noul  ▎········· 0.02           │
s2 context show:.venv/lib… noul  ▎········· 0.02           │
[33m> [39m[2mType to steer the next step…   Esc pauses · Esc Esc aborts[22m
⠦ context            step 1/12 0m09s  run $0.02/1.00 ok  sess $0.06/5.00 ok  ⎇ main · 1~ 1091?  jev           ▂▅  ? help
[2A[3G[?25h[?2026l[?2026h[?25l[2B[1G[2K[1A[2K[1A[2K[1A[2K[1A[2K[1A[2K[1A[2K[1A[2K[1A[2K[1A[2K[1A[2K[1A[2K[1A[2K[1A[2K[1A[2K[1A[2K[G[2m─── decisions s1 · c~ derived |2p−1| ────────────────────────────────── [d]ecisions [p]lan [t]imeline [s]ynth ─── plan ─[22m
s2 context show:.venv/lib… noul  ▎········· 0.02           │ (no plan yet)
s2 context show:.venv/lib… noul  ▎········· 0.02           │
s2 context show:.venv/lib… noul  ▎········· 0.02           │
s2 context show:.venv/lib… noul  ▎········· 0.02           │
s2 context show:.venv/lib… noul  ▎········· 0.02           │
s2 context show:.venv/lib… noul  ▎········· 0.02           │
s2 context show:.venv/lib… noul  ▎········· 0.02           │
s2 context show:.venv/lib… noul  ▎········· 0.02           │
s2 context show:.venv/lib… noul  ▎········· 0.02           │
s2 context show:.venv/lib… noul  ▎········· 0.02           │
s2 context show:.venv/lib… noul  ▎········· 0.02           │
s2 context show:.venv/lib… noul  ▎········· 0.02           │
[33m> [39m[2mType to steer the next step…   Esc pauses · Esc Esc aborts[22m
⠧ context            step 1/12 0m09s  run $0.02/1.00 ok  sess $0.06/5.00 ok  ⎇ main · 1~ 1091?  jev           ▂▅  ? help
[2A[3G[?25h[?2026l[?2026h[?25l[2B[1G[2K[1A[2K[1A[2K[1A[2K[1A[2K[1A[2K[1A[2K[1A[2K[1A[2K[1A[2K[1A[2K[1A[2K[1A[2K[1A[2K[1A[2K[1A[2K[G[2m─── decisions s1 · c~ derived |2p−1| ────────────────────────────────── [d]ecisions [p]lan [t]imeline [s]ynth ─── plan ─[22m
s2 context show:.venv/lib… noul  ▎········· 0.02           │ (no plan yet)
s2 context show:.venv/lib… noul  ▎········· 0.02           │
s2 context show:.venv/lib… noul  ▎········· 0.02           │
s2 context show:.venv/lib… noul  ▎········· 0.02           │
s2 context show:.venv/lib… noul  ▎········· 0.02           │
s2 context show:.venv/lib… noul  ▎········· 0.02           │
s2 context show:.venv/lib… noul  ▎········· 0.02           │
s2 context show:.venv/lib… noul  ▎········· 0.02           │
s2 context show:.venv/lib… noul  ▎········· 0.02           │
s2 context show:.venv/lib… noul  ▎········· 0.02           │
s2 context show:.venv/lib… noul  ▎········· 0.02           │
s2 context show:.venv/lib… noul  ▎········· 0.02           │
[33m> [39m[2mType to steer the next step…   Esc pauses · Esc Esc aborts[22m
⠇ context            step 1/12 0m09s  run $0.02/1.00 ok  sess $0.06/5.00 ok  ⎇ main · 1~ 1091?  jev           ▂▅  ? help
[2A[3G[?25h[?2026l[?2026h[?25l[2B[1G[2K[1A[2K[1A[2K[1A[2K[1A[2K[1A[2K[1A[2K[1A[2K[1A[2K[1A[2K[1A[2K[1A[2K[1A[2K[1A[2K[1A[2K[1A[2K[G[2m─── decisions s1 · c~ derived |2p−1| ────────────────────────────────── [d]ecisions [p]lan [t]imeline [s]ynth ─── plan ─[22m
s2 context show:.venv/lib… noul  ▎········· 0.02           │ (no plan yet)
s2 context show:.venv/lib… noul  ▎········· 0.02           │
s2 context show:.venv/lib… noul  ▎········· 0.02           │
s2 context show:.venv/lib… noul  ▎········· 0.02           │
s2 context show:.venv/lib… noul  ▎········· 0.02           │
s2 context show:.venv/lib… noul  ▎········· 0.02           │
s2 context show:.venv/lib… noul  ▎········· 0.02           │
s2 context show:.venv/lib… noul  ▎········· 0.02           │
s2 context show:.venv/lib… noul  ▎········· 0.02           │
s2 context show:.venv/lib… noul  ▎········· 0.02           │
s2 context show:.venv/lib… noul  ▎········· 0.02           │
s2 context show:.venv/lib… noul  ▎········· 0.02           │
[33m> [39m[2mType to steer the next step…   Esc pauses · Esc Esc aborts[22m
⠏ context            step 1/12 0m09s  run $0.02/1.00 ok  sess $0.06/5.00 ok  ⎇ main · 1~ 1091?  jev           ▂▅  ? help
[2A[3G[?25h[?2026l[?2026h[?25l[2B[1G[2K[1A[2K[1A[2K[1A[2K[1A[2K[1A[2K[1A[2K[1A[2K[1A[2K[1A[2K[1A[2K[1A[2K[1A[2K[1A[2K[1A[2K[1A[2K[G[2m─── decisions s1 · c~ derived |2p−1| ────────────────────────────────── [d]ecisions [p]lan [t]imeline [s]ynth ─── plan ─[22m
s2 context show:.venv/lib… noul  ▎········· 0.02           │ (no plan yet)
s2 context show:.venv/lib… noul  ▎········· 0.02           │
s2 context show:.venv/lib… noul  ▎········· 0.02           │
s2 context show:.venv/lib… noul  ▎········· 0.02           │
s2 context show:.venv/lib… noul  ▎········· 0.02           │
s2 context show:.venv/lib… noul  ▎········· 0.02           │
s2 context show:.venv/lib… noul  ▎········· 0.02           │
s2 context show:.venv/lib… noul  ▎········· 0.02           │
s2 context show:.venv/lib… noul  ▎········· 0.02           │
s2 context show:.venv/lib… noul  ▎········· 0.02           │
s2 context show:.venv/lib… noul  ▎········· 0.02           │
s2 context show:.venv/lib… noul  ▎········· 0.02           │
[33m> [39m[2mType to steer the next step…   Esc pauses · Esc Esc aborts[22m
⠋ context            step 1/12 0m09s  run $0.02/1.00 ok  sess $0.06/5.00 ok  ⎇ main · 1~ 1091?  jev           ▂▅  ? help
[2A[3G[?25h[?2026l[?2026h[?25l[2B[1G[2K[1A[2K[1A[2K[1A[2K[1A[2K[1A[2K[1A[2K[1A[2K[1A[2K[1A[2K[1A[2K[1A[2K[1A[2K[1A[2K[1A[2K[1A[2K[G[2m─── decisions s1 · c~ derived |2p−1| ────────────────────────────────── [d]ecisions [p]lan [t]imeline [s]ynth ─── plan ─[22m
s2 context show:.venv/lib… noul  ▎········· 0.02           │ (no plan yet)
s2 context show:.venv/lib… noul  ▎········· 0.02           │
s2 context show:.venv/lib… noul  ▎········· 0.02           │
s2 context show:.venv/lib… noul  ▎········· 0.02           │
s2 context show:.venv/lib… noul  ▎········· 0.02           │
s2 context show:.venv/lib… noul  ▎········· 0.02           │
s2 context show:.venv/lib… noul  ▎········· 0.02           │
s2 context show:.venv/lib… noul  ▎········· 0.02           │
s2 context show:.venv/lib… noul  ▎········· 0.02           │
s2 context show:.venv/lib… noul  ▎········· 0.02           │
s2 context show:.venv/lib… noul  ▎········· 0.02           │
s2 context show:.venv/lib… noul  ▎········· 0.02           │
[33m> [39m[2mType to steer the next step…   Esc pauses · Esc Esc aborts[22m
⠙ context            step 1/12 0m09s  run $0.02/1.00 ok  sess $0.06/5.00 ok  ⎇ main · 1~ 1091?  jev           ▂▅  ? help
[2A[3G[?25h[?2026l[?2026h[?25l[2B[1G[2K[1A[2K[1A[2K[1A[2K[1A[2K[1A[2K[1A[2K[1A[2K[1A[2K[1A[2K[1A[2K[1A[2K[1A[2K[1A[2K[1A[2K[1A[2K[G[2m─── decisions s1 · c~ derived |2p−1| ────────────────────────────────── [d]ecisions [p]lan [t]imeline [s]ynth ─── plan ─[22m
s2 context show:.venv/lib… noul  ▎········· 0.02           │ (no plan yet)
s2 context show:.venv/lib… noul  ▎········· 0.02           │
s2 context show:.venv/lib… noul  ▎········· 0.02           │
s2 context show:.venv/lib… noul  ▎········· 0.02           │
s2 context show:.venv/lib… noul  ▎········· 0.02           │
s2 context show:.venv/lib… noul  ▎········· 0.02           │
s2 context show:.venv/lib… noul  ▎········· 0.02           │
s2 context show:.venv/lib… noul  ▎········· 0.02           │
s2 context show:.venv/lib… noul  ▎········· 0.02           │
s2 context show:.venv/lib… noul  ▎········· 0.02           │
s2 context show:.venv/lib… noul  ▎········· 0.02           │
s2 context show:.venv/lib… noul  ▎········· 0.02           │
[33m> [39m[2mType to steer the next step…   Esc pauses · Esc Esc aborts[22m
⠹ context            step 1/12 0m09s  run $0.02/1.00 ok  sess $0.06/5.00 ok  ⎇ main · 1~ 1091?  jev           ▂▅  ? help
[2A[3G[?25h[?2026l[?2026h[?25l[2B[1G[2K[1A[2K[1A[2K[1A[2K[1A[2K[1A[2K[1A[2K[1A[2K[1A[2K[1A[2K[1A[2K[1A[2K[1A[2K[1A[2K[1A[2K[1A[2K[G[2m─── decisions s1 · c~ derived |2p−1| ────────────────────────────────── [d]ecisions [p]lan [t]imeline [s]ynth ─── plan ─[22m
s2 context show:.venv/lib… noul  ▎········· 0.02           │ (no plan yet)
s2 context show:.venv/lib… noul  ▎········· 0.02           │
s2 context show:.venv/lib… noul  ▎········· 0.02           │
s2 context show:.venv/lib… noul  ▎········· 0.02           │
s2 context show:.venv/lib… noul  ▎········· 0.02           │
s2 context show:.venv/lib… noul  ▎········· 0.02           │
s2 context show:.venv/lib… noul  ▎········· 0.02           │
s2 context show:.venv/lib… noul  ▎········· 0.02           │
s2 context show:.venv/lib… noul  ▎········· 0.02           │
s2 context show:.venv/lib… noul  ▎········· 0.02           │
s2 context show:.venv/lib… noul  ▎········· 0.02           │
s2 context show:.venv/lib… noul  ▎········· 0.02           │
[33m> [39m[2mType to steer the next step…   Esc pauses · Esc Esc aborts[22m
⠸ context            step 1/12 0m09s  run $0.02/1.00 ok  sess $0.06/5.00 ok  ⎇ main · 1~ 1091?  jev           ▂▅  ? help
[2A[3G[?25h[?2026l[?2026h[?25l[2B[1G[2K[1A[2K[1A[2K[1A[2K[1A[2K[1A[2K[1A[2K[1A[2K[1A[2K[1A[2K[1A[2K[1A[2K[1A[2K[1A[2K[1A[2K[1A[2K[G[2m─── decisions s1 · c~ derived |2p−1| ────────────────────────────────── [d]ecisions [p]lan [t]imeline [s]ynth ─── plan ─[22m
s2 context show:.venv/lib… noul  ▎········· 0.02           │ (no plan yet)
s2 context show:.venv/lib… noul  ▎········· 0.02           │
s2 context show:.venv/lib… noul  ▎········· 0.02           │
s2 context show:.venv/lib… noul  ▎········· 0.02           │
s2 context show:.venv/lib… noul  ▎········· 0.02           │
s2 context show:.venv/lib… noul  ▎········· 0.02           │
s2 context show:.venv/lib… noul  ▎········· 0.02           │
s2 context show:.venv/lib… noul  ▎········· 0.02           │
s2 context show:.venv/lib… noul  ▎········· 0.02           │
s2 context show:.venv/lib… noul  ▎········· 0.02           │
s2 context show:.venv/lib… noul  ▎········· 0.02           │
s2 context show:.venv/lib… noul  ▎········· 0.02           │
[33m> [39m[2mType to steer the next step…   Esc pauses · Esc Esc aborts[22m
⠸ context            step 1/12 0m10s  run $0.02/1.00 ok  sess $0.06/5.00 ok  ⎇ main · 1~ 1091?  jev           ▂▅  ? help
[2A[3G[?25h[?2026l[?2026h[?25l[2B[1G[2K[1A[2K[1A[2K[1A[2K[1A[2K[1A[2K[1A[2K[1A[2K[1A[2K[1A[2K[1A[2K[1A[2K[1A[2K[1A[2K[1A[2K[1A[2K[G[2m─── decisions s1 · c~ derived |2p−1| ────────────────────────────────── [d]ecisions [p]lan [t]imeline [s]ynth ─── plan ─[22m
s2 context show:.venv/lib… noul  ▎········· 0.02           │ (no plan yet)
s2 context show:.venv/lib… noul  ▎········· 0.02           │
s2 context show:.venv/lib… noul  ▎········· 0.02           │
s2 context show:.venv/lib… noul  ▎········· 0.02           │
s2 context show:.venv/lib… noul  ▎········· 0.02           │
s2 context show:.venv/lib… noul  ▎········· 0.02           │
s2 context show:.venv/lib… noul  ▎········· 0.02           │
s2 context show:.venv/lib… noul  ▎········· 0.02           │
s2 context show:.venv/lib… noul  ▎········· 0.02           │
s2 context show:.venv/lib… noul  ▎········· 0.02           │
s2 context show:.venv/lib… noul  ▎········· 0.02           │
s2 context show:.venv/lib… noul  ▎········· 0.02           │
[33m> [39m[2mType to steer the next step…   Esc pauses · Esc Esc aborts[22m
⠼ context            step 1/12 0m10s  run $0.02/1.00 ok  sess $0.06/5.00 ok  ⎇ main · 1~ 1091?  jev           ▂▅  ? help
[2A[3G[?25h[?2026l[?2026h[?25l[2B[1G[2K[1A[2K[1A[2K[1A[2K[1A[2K[1A[2K[1A[2K[1A[2K[1A[2K[1A[2K[1A[2K[1A[2K[1A[2K[1A[2K[1A[2K[1A[2K[G[2m─── decisions s1 · c~ derived |2p−1| ────────────────────────────────── [d]ecisions [p]lan [t]imeline [s]ynth ─── plan ─[22m
s2 context show:.venv/lib… noul  ▎········· 0.02           │ (no plan yet)
s2 context show:.venv/lib… noul  ▎········· 0.02           │
s2 context show:.venv/lib… noul  ▎········· 0.02           │
s2 context show:.venv/lib… noul  ▎········· 0.02           │
s2 context show:.venv/lib… noul  ▎········· 0.02           │
s2 context show:.venv/lib… noul  ▎········· 0.02           │
s2 context show:.venv/lib… noul  ▎········· 0.02           │
s2 context show:.venv/lib… noul  ▎········· 0.02           │
s2 context show:.venv/lib… noul  ▎········· 0.02           │
s2 context show:.venv/lib… noul  ▎········· 0.02           │
s2 context show:.venv/lib… noul  ▎········· 0.02           │
s2 context show:.venv/lib… noul  ▎········· 0.02           │
[33m> [39m[2mType to steer the next step…   Esc pauses · Esc Esc aborts[22m
⠴ context            step 1/12 0m10s  run $0.02/1.00 ok  sess $0.06/5.00 ok  ⎇ main · 1~ 1091?  jev           ▂▅  ? help
[2A[3G[?25h[?2026l[?2026h[?25l[2B[1G[2K[1A[2K[1A[2K[1A[2K[1A[2K[1A[2K[1A[2K[1A[2K[1A[2K[1A[2K[1A[2K[1A[2K[1A[2K[1A[2K[1A[2K[1A[2K[G[2m─── decisions s1 · c~ derived |2p−1| ────────────────────────────────── [d]ecisions [p]lan [t]imeline [s]ynth ─── plan ─[22m
s2 context show:.venv/lib… noul  ▎········· 0.02           │ (no plan yet)
s2 context show:.venv/lib… noul  ▎········· 0.02           │
s2 context show:.venv/lib… noul  ▎········· 0.02           │
s2 context show:.venv/lib… noul  ▎········· 0.02           │
s2 context show:.venv/lib… noul  ▎········· 0.02           │
s2 context show:.venv/lib… noul  ▎········· 0.02           │
s2 context show:.venv/lib… noul  ▎········· 0.02           │
s2 context show:.venv/lib… noul  ▎········· 0.02           │
s2 context show:.venv/lib… noul  ▎········· 0.02           │
s2 context show:.venv/lib… noul  ▎········· 0.02           │
s2 context show:.venv/lib… noul  ▎········· 0.02           │
s2 context show:.venv/lib… noul  ▎········· 0.02           │
[33m> [39m[2mType to steer the next step…   Esc pauses · Esc Esc aborts[22m
⠦ context            step 1/12 0m10s  run $0.02/1.00 ok  sess $0.06/5.00 ok  ⎇ main · 1~ 1091?  jev           ▂▅  ? help
[2A[3G[?25h[?2026l[?2026h[?25l[2B[1G[2K[1A[2K[1A[2K[1A[2K[1A[2K[1A[2K[1A[2K[1A[2K[1A[2K[1A[2K[1A[2K[1A[2K[1A[2K[1A[2K[1A[2K[1A[2K[G[2m─── decisions s1 · c~ derived |2p−1| ────────────────────────────────── [d]ecisions [p]lan [t]imeline [s]ynth ─── plan ─[22m
s2 context show:.venv/lib… noul  ▎········· 0.02           │ (no plan yet)
s2 context show:.venv/lib… noul  ▎········· 0.02           │
s2 context show:.venv/lib… noul  ▎········· 0.02           │
s2 context show:.venv/lib… noul  ▎········· 0.02           │
s2 context show:.venv/lib… noul  ▎········· 0.02           │
s2 context show:.venv/lib… noul  ▎········· 0.02           │
s2 context show:.venv/lib… noul  ▎········· 0.02           │
s2 context show:.venv/lib… noul  ▎········· 0.02           │
s2 context show:.venv/lib… noul  ▎········· 0.02           │
s2 context show:.venv/lib… noul  ▎········· 0.02           │
s2 context show:.venv/lib… noul  ▎········· 0.02           │
s2 context show:.venv/lib… noul  ▎········· 0.02           │
[33m> [39m[2mType to steer the next step…   Esc pauses · Esc Esc aborts[22m
⠧ context            step 1/12 0m10s  run $0.02/1.00 ok  sess $0.06/5.00 ok  ⎇ main · 1~ 1091?  jev           ▂▅  ? help
[2A[3G[?25h[?2026l[?2026h[?25l[2B[1G[2K[1A[2K[1A[2K[1A[2K[1A[2K[1A[2K[1A[2K[1A[2K[1A[2K[1A[2K[1A[2K[1A[2K[1A[2K[1A[2K[1A[2K[1A[2K[G[2m─── decisions s1 · c~ derived |2p−1| ────────────────────────────────── [d]ecisions [p]lan [t]imeline [s]ynth ─── plan ─[22m
streaming action… 110 chars
s2 context show:.venv/lib… noul  ▎········· 0.02           │ (no plan yet)
s2 context show:.venv/lib… noul  ▎········· 0.02           │
s2 context show:.venv/lib… noul  ▎········· 0.02           │
s2 context show:.venv/lib… noul  ▎········· 0.02           │
s2 context show:.venv/lib… noul  ▎········· 0.02           │
s2 context show:.venv/lib… noul  ▎········· 0.02           │
s2 context show:.venv/lib… noul  ▎········· 0.02           │
s2 context show:.venv/lib… noul  ▎········· 0.02           │
s2 context show:.venv/lib… noul  ▎········· 0.02           │
s2 context show:.venv/lib… noul  ▎········· 0.02           │
s2 context show:.venv/lib… noul  ▎········· 0.02           │
s2 context show:.venv/lib… noul  ▎········· 0.02           │
[33m> [39m[2mType to steer the next step…   Esc pauses · Esc Esc aborts[22m
⠧ context            step 1/12 0m10s  run $0.02/1.00 ok  sess $0.06/5.00 ok  ⎇ main · 1~ 1091?  jev           ▂▅  ? help
[2A[3G[?25h[?2026l[?2026h[?25l[2B[1G[2K[1A[2K[1A[2K[1A[2K[1A[2K[1A[2K[1A[2K[1A[2K[1A[2K[1A[2K[1A[2K[1A[2K[1A[2K[1A[2K[1A[2K[1A[2K[1A[2K[G[2m─── decisions s1 · c~ derived |2p−1| ────────────────────────────────── [d]ecisions [p]lan [t]imeline [s]ynth ─── plan ─[22m
streaming action… 135 chars
s2 context show:.venv/lib… noul  ▎········· 0.02           │ (no plan yet)
s2 context show:.venv/lib… noul  ▎········· 0.02           │
s2 context show:.venv/lib… noul  ▎········· 0.02           │
s2 context show:.venv/lib… noul  ▎········· 0.02           │
s2 context show:.venv/lib… noul  ▎········· 0.02           │
s2 context show:.venv/lib… noul  ▎········· 0.02           │
s2 context show:.venv/lib… noul  ▎········· 0.02           │
s2 context show:.venv/lib… noul  ▎········· 0.02           │
s2 context show:.venv/lib… noul  ▎········· 0.02           │
s2 context show:.venv/lib… noul  ▎········· 0.02           │
s2 context show:.venv/lib… noul  ▎········· 0.02           │
s2 context show:.venv/lib… noul  ▎········· 0.02           │
[33m> [39m[2mType to steer the next step…   Esc pauses · Esc Esc aborts[22m
⠧ context            step 1/12 0m10s  run $0.02/1.00 ok  sess $0.06/5.00 ok  ⎇ main · 1~ 1091?  jev           ▂▅  ? help
[2A[3G[?25h[?2026l[?2026h[?25l[2B[1G[2K[1A[2K[1A[2K[1A[2K[1A[2K[1A[2K[1A[2K[1A[2K[1A[2K[1A[2K[1A[2K[1A[2K[1A[2K[1A[2K[1A[2K[1A[2K[1A[2K[G[2m─── decisions s1 · c~ derived |2p−1| ────────────────────────────────── [d]ecisions [p]lan [t]imeline [s]ynth ─── plan ─[22m
streaming action… 135 chars
s2 context show:.venv/lib… noul  ▎········· 0.02           │ (no plan yet)
s2 context show:.venv/lib… noul  ▎········· 0.02           │
s2 context show:.venv/lib… noul  ▎········· 0.02           │
s2 context show:.venv/lib… noul  ▎········· 0.02           │
s2 context show:.venv/lib… noul  ▎········· 0.02           │
s2 context show:.venv/lib… noul  ▎········· 0.02           │
s2 context show:.venv/lib… noul  ▎········· 0.02           │
s2 context show:.venv/lib… noul  ▎········· 0.02           │
s2 context show:.venv/lib… noul  ▎········· 0.02           │
s2 context show:.venv/lib… noul  ▎········· 0.02           │
s2 context show:.venv/lib… noul  ▎········· 0.02           │
s2 context show:.venv/lib… noul  ▎········· 0.02           │
[33m> [39m[2mType to steer the next step…   Esc pauses · Esc Esc aborts[22m
⠇ context            step 1/12 0m10s  run $0.02/1.00 ok  sess $0.06/5.00 ok  ⎇ main · 1~ 1091?  jev           ▂▅  ? help
[2A[3G[?25h[?2026l[?2026h[?25l[2B[1G[2K[1A[2K[1A[2K[1A[2K[1A[2K[1A[2K[1A[2K[1A[2K[1A[2K[1A[2K[1A[2K[1A[2K[1A[2K[1A[2K[1A[2K[1A[2K[1A[2K[G[2m─── decisions s1 · c~ derived |2p−1| ────────────────────────────────── [d]ecisions [p]lan [t]imeline [s]ynth ─── plan ─[22m
streaming action… 158 chars
s2 context show:.venv/lib… noul  ▎········· 0.02           │ (no plan yet)
s2 context show:.venv/lib… noul  ▎········· 0.02           │
s2 context show:.venv/lib… noul  ▎········· 0.02           │
s2 context show:.venv/lib… noul  ▎········· 0.02           │
s2 context show:.venv/lib… noul  ▎········· 0.02           │
s2 context show:.venv/lib… noul  ▎········· 0.02           │
s2 context show:.venv/lib… noul  ▎········· 0.02           │
s2 context show:.venv/lib… noul  ▎········· 0.02           │
s2 context show:.venv/lib… noul  ▎········· 0.02           │
s2 context show:.venv/lib… noul  ▎········· 0.02           │
s2 context show:.venv/lib… noul  ▎········· 0.02           │
s2 context show:.venv/lib… noul  ▎········· 0.02           │
[33m> [39m[2mType to steer the next step…   Esc pauses · Esc Esc aborts[22m
⠇ context            step 1/12 0m10s  run $0.02/1.00 ok  sess $0.06/5.00 ok  ⎇ main · 1~ 1091?  jev           ▂▅  ? help
[2A[3G[?25h[?2026l[?2026h[?25l[2B[1G[2K[1A[2K[1A[2K[1A[2K[1A[2K[1A[2K[1A[2K[1A[2K[1A[2K[1A[2K[1A[2K[1A[2K[1A[2K[1A[2K[1A[2K[1A[2K[1A[2K[G[2m─── decisions s1 · c~ derived |2p−1| ────────────────────────────────── [d]ecisions [p]lan [t]imeline [s]ynth ─── plan ─[22m
streaming action… 158 chars
s2 context show:.venv/lib… noul  ▎········· 0.02           │ (no plan yet)
s2 context show:.venv/lib… noul  ▎········· 0.02           │
s2 context show:.venv/lib… noul  ▎········· 0.02           │
s2 context show:.venv/lib… noul  ▎········· 0.02           │
s2 context show:.venv/lib… noul  ▎········· 0.02           │
s2 context show:.venv/lib… noul  ▎········· 0.02           │
s2 context show:.venv/lib… noul  ▎········· 0.02           │
s2 context show:.venv/lib… noul  ▎········· 0.02           │
s2 context show:.venv/lib… noul  ▎········· 0.02           │
s2 context show:.venv/lib… noul  ▎········· 0.02           │
s2 context show:.venv/lib… noul  ▎········· 0.02           │
s2 context show:.venv/lib… noul  ▎········· 0.02           │
[33m> [39m[2mType to steer the next step…   Esc pauses · Esc Esc aborts[22m
⠏ context            step 1/12 0m10s  run $0.02/1.00 ok  sess $0.06/5.00 ok  ⎇ main · 1~ 1091?  jev           ▂▅  ? help
[2A[3G[?25h[?2026l[?2026h[?25l[2B[1G[2K[1A[2K[1A[2K[1A[2K[1A[2K[1A[2K[1A[2K[1A[2K[1A[2K[1A[2K[1A[2K[1A[2K[1A[2K[1A[2K[1A[2K[1A[2K[1A[2K[G[2m─── decisions s1 · c~ derived |2p−1| ────────────────────────────────── [d]ecisions [p]lan [t]imeline [s]ynth ─── plan ─[22m
streaming action… 179 chars
s2 context show:.venv/lib… noul  ▎········· 0.02           │ (no plan yet)
s2 context show:.venv/lib… noul  ▎········· 0.02           │
s2 context show:.venv/lib… noul  ▎········· 0.02           │
s2 context show:.venv/lib… noul  ▎········· 0.02           │
s2 context show:.venv/lib… noul  ▎········· 0.02           │
s2 context show:.venv/lib… noul  ▎········· 0.02           │
s2 context show:.venv/lib… noul  ▎········· 0.02           │
s2 context show:.venv/lib… noul  ▎········· 0.02           │
s2 context show:.venv/lib… noul  ▎········· 0.02           │
s2 context show:.venv/lib… noul  ▎········· 0.02           │
s2 context show:.venv/lib… noul  ▎········· 0.02           │
s2 context show:.venv/lib… noul  ▎········· 0.02           │
[33m> [39m[2mType to steer the next step…   Esc pauses · Esc Esc aborts[22m
⠏ context            step 1/12 0m10s  run $0.02/1.00 ok  sess $0.06/5.00 ok  ⎇ main · 1~ 1091?  jev           ▂▅  ? help
[2A[3G[?25h[?2026l[?2026h[?25l[2B[1G[2K[1A[2K[1A[2K[1A[2K[1A[2K[1A[2K[1A[2K[1A[2K[1A[2K[1A[2K[1A[2K[1A[2K[1A[2K[1A[2K[1A[2K[1A[2K[1A[2K[G[2m─── decisions s1 · c~ derived |2p−1| ────────────────────────────────── [d]ecisions [p]lan [t]imeline [s]ynth ─── plan ─[22m
streaming action… 179 chars
s2 context show:.venv/lib… noul  ▎········· 0.02           │ (no plan yet)
s2 context show:.venv/lib… noul  ▎········· 0.02           │
s2 context show:.venv/lib… noul  ▎········· 0.02           │
s2 context show:.venv/lib… noul  ▎········· 0.02           │
s2 context show:.venv/lib… noul  ▎········· 0.02           │
s2 context show:.venv/lib… noul  ▎········· 0.02           │
s2 context show:.venv/lib… noul  ▎········· 0.02           │
s2 context show:.venv/lib… noul  ▎········· 0.02           │
s2 context show:.venv/lib… noul  ▎········· 0.02           │
s2 context show:.venv/lib… noul  ▎········· 0.02           │
s2 context show:.venv/lib… noul  ▎········· 0.02           │
s2 context show:.venv/lib… noul  ▎········· 0.02           │
[33m> [39m[2mType to steer the next step…   Esc pauses · Esc Esc aborts[22m
⠋ context            step 1/12 0m10s  run $0.02/1.00 ok  sess $0.06/5.00 ok  ⎇ main · 1~ 1091?  jev           ▂▅  ? help
[2A[3G[?25h[?2026l[?2026h[?25l[2B[1G[2K[1A[2K[1A[2K[1A[2K[1A[2K[1A[2K[1A[2K[1A[2K[1A[2K[1A[2K[1A[2K[1A[2K[1A[2K[1A[2K[1A[2K[1A[2K[1A[2K[G[2m─── decisions s1 · c~ derived |2p−1| ────────────────────────────────── [d]ecisions [p]lan [t]imeline [s]ynth ─── plan ─[22m
streaming action… 204 chars
s2 context show:.venv/lib… noul  ▎········· 0.02           │ (no plan yet)
s2 context show:.venv/lib… noul  ▎········· 0.02           │
s2 context show:.venv/lib… noul  ▎········· 0.02           │
s2 context show:.venv/lib… noul  ▎········· 0.02           │
s2 context show:.venv/lib… noul  ▎········· 0.02           │
s2 context show:.venv/lib… noul  ▎········· 0.02           │
s2 context show:.venv/lib… noul  ▎········· 0.02           │
s2 context show:.venv/lib… noul  ▎········· 0.02           │
s2 context show:.venv/lib… noul  ▎········· 0.02           │
s2 context show:.venv/lib… noul  ▎········· 0.02           │
s2 context show:.venv/lib… noul  ▎········· 0.02           │
s2 context show:.venv/lib… noul  ▎········· 0.02           │
[33m> [39m[2mType to steer the next step…   Esc pauses · Esc Esc aborts[22m
⠋ context            step 1/12 0m10s  run $0.02/1.00 ok  sess $0.06/5.00 ok  ⎇ main · 1~ 1091?  jev           ▂▅  ? help
[2A[3G[?25h[?2026l[?2026h[?25l[2B[1G[2K[1A[2K[1A[2K[1A[2K[1A[2K[1A[2K[1A[2K[1A[2K[1A[2K[1A[2K[1A[2K[1A[2K[1A[2K[1A[2K[1A[2K[1A[2K[1A[2K[G[2m─── decisions s1 · c~ derived |2p−1| ────────────────────────────────── [d]ecisions [p]lan [t]imeline [s]ynth ─── plan ─[22m
streaming action… 204 chars
s2 context show:.venv/lib… noul  ▎········· 0.02           │ (no plan yet)
s2 context show:.venv/lib… noul  ▎········· 0.02           │
s2 context show:.venv/lib… noul  ▎········· 0.02           │
s2 context show:.venv/lib… noul  ▎········· 0.02           │
s2 context show:.venv/lib… noul  ▎········· 0.02           │
s2 context show:.venv/lib… noul  ▎········· 0.02           │
s2 context show:.venv/lib… noul  ▎········· 0.02           │
s2 context show:.venv/lib… noul  ▎········· 0.02           │
s2 context show:.venv/lib… noul  ▎········· 0.02           │
s2 context show:.venv/lib… noul  ▎········· 0.02           │
s2 context show:.venv/lib… noul  ▎········· 0.02           │
s2 context show:.venv/lib… noul  ▎········· 0.02           │
[33m> [39m[2mType to steer the next step…   Esc pauses · Esc Esc aborts[22m
⠙ context            step 1/12 0m10s  run $0.02/1.00 ok  sess $0.06/5.00 ok  ⎇ main · 1~ 1091?  jev           ▂▅  ? help
[2A[3G[?25h[?2026l[?2026h[?25l[2B[1G[2K[1A[2K[1A[2K[1A[2K[1A[2K[1A[2K[1A[2K[1A[2K[1A[2K[1A[2K[1A[2K[1A[2K[1A[2K[1A[2K[1A[2K[1A[2K[1A[2K[G[2m─── decisions s1 · c~ derived |2p−1| ────────────────────────────────── [d]ecisions [p]lan [t]imeline [s]ynth ─── plan ─[22m
streaming action… 204 chars
s2 context show:.venv/lib… noul  ▎········· 0.02           │ (no plan yet)
s2 context show:.venv/lib… noul  ▎········· 0.02           │
s2 context show:.venv/lib… noul  ▎········· 0.02           │
s2 context show:.venv/lib… noul  ▎········· 0.02           │
s2 context show:.venv/lib… noul  ▎········· 0.02           │
s2 context show:.venv/lib… noul  ▎········· 0.02           │
s2 context show:.venv/lib… noul  ▎········· 0.02           │
s2 context show:.venv/lib… noul  ▎········· 0.02           │
s2 context show:.venv/lib… noul  ▎········· 0.02           │
s2 context show:.venv/lib… noul  ▎········· 0.02           │
s2 context show:.venv/lib… noul  ▎········· 0.02           │
s2 context show:.venv/lib… noul  ▎········· 0.02           │
[33m> [39m[2mType to steer the next step…   Esc pauses · Esc Esc aborts[22m
⠙ context            step 1/12 0m11s  run $0.02/1.00 ok  sess $0.06/5.00 ok  ⎇ main · 1~ 1091?  jev           ▂▅  ? help
[2A[3G[?25h[?2026l[?2026h[?25l[2B[1G[2K[1A[2K[1A[2K[1A[2K[1A[2K[1A[2K[1A[2K[1A[2K[1A[2K[1A[2K[1A[2K[1A[2K[1A[2K[1A[2K[1A[2K[1A[2K[1A[2K[G[2m─── decisions s1 · c~ derived |2p−1| ────────────────────────────────── [d]ecisions [p]lan [t]imeline [s]ynth ─── plan ─[22m
streaming action… 237 chars
s2 context show:.venv/lib… noul  ▎········· 0.02           │ (no plan yet)
s2 context show:.venv/lib… noul  ▎········· 0.02           │
s2 context show:.venv/lib… noul  ▎········· 0.02           │
s2 context show:.venv/lib… noul  ▎········· 0.02           │
s2 context show:.venv/lib… noul  ▎········· 0.02           │
s2 context show:.venv/lib… noul  ▎········· 0.02           │
s2 context show:.venv/lib… noul  ▎········· 0.02           │
s2 context show:.venv/lib… noul  ▎········· 0.02           │
s2 context show:.venv/lib… noul  ▎········· 0.02           │
s2 context show:.venv/lib… noul  ▎········· 0.02           │
s2 context show:.venv/lib… noul  ▎········· 0.02           │
s2 context show:.venv/lib… noul  ▎········· 0.02           │
[33m> [39m[2mType to steer the next step…   Esc pauses · Esc Esc aborts[22m
⠙ context            step 1/12 0m11s  run $0.02/1.00 ok  sess $0.06/5.00 ok  ⎇ main · 1~ 1091?  jev           ▂▅  ? help
[2A[3G[?25h[?2026l[?2026h[?25l[2B[1G[2K[1A[2K[1A[2K[1A[2K[1A[2K[1A[2K[1A[2K[1A[2K[1A[2K[1A[2K[1A[2K[1A[2K[1A[2K[1A[2K[1A[2K[1A[2K[1A[2K[G[2m─── decisions s1 · c~ derived |2p−1| ────────────────────────────────── [d]ecisions [p]lan [t]imeline [s]ynth ─── plan ─[22m
streaming action… 237 chars
s2 context show:.venv/lib… noul  ▎········· 0.02           │ (no plan yet)
s2 context show:.venv/lib… noul  ▎········· 0.02           │
s2 context show:.venv/lib… noul  ▎········· 0.02           │
s2 context show:.venv/lib… noul  ▎········· 0.02           │
s2 context show:.venv/lib… noul  ▎········· 0.02           │
s2 context show:.venv/lib… noul  ▎········· 0.02           │
s2 context show:.venv/lib… noul  ▎········· 0.02           │
s2 context show:.venv/lib… noul  ▎········· 0.02           │
s2 context show:.venv/lib… noul  ▎········· 0.02           │
s2 context show:.venv/lib… noul  ▎········· 0.02           │
s2 context show:.venv/lib… noul  ▎········· 0.02           │
s2 context show:.venv/lib… noul  ▎········· 0.02           │
[33m> [39m[2mType to steer the next step…   Esc pauses · Esc Esc aborts[22m
⠹ context            step 1/12 0m11s  run $0.02/1.00 ok  sess $0.06/5.00 ok  ⎇ main · 1~ 1091?  jev           ▂▅  ? help
[2A[3G[?25h[?2026l[?2026h[?25l[2B[1G[2K[1A[2K[1A[2K[1A[2K[1A[2K[1A[2K[1A[2K[1A[2K[1A[2K[1A[2K[1A[2K[1A[2K[1A[2K[1A[2K[1A[2K[1A[2K[1A[2K[G[2m─── decisions s1 · c~ derived |2p−1| ────────────────────────────────── [d]ecisions [p]lan [t]imeline [s]ynth ─── plan ─[22m
streaming action… 259 chars
s2 context show:.venv/lib… noul  ▎········· 0.02           │ (no plan yet)
s2 context show:.venv/lib… noul  ▎········· 0.02           │
s2 context show:.venv/lib… noul  ▎········· 0.02           │
s2 context show:.venv/lib… noul  ▎········· 0.02           │
s2 context show:.venv/lib… noul  ▎········· 0.02           │
s2 context show:.venv/lib… noul  ▎········· 0.02           │
s2 context show:.venv/lib… noul  ▎········· 0.02           │
s2 context show:.venv/lib… noul  ▎········· 0.02           │
s2 context show:.venv/lib… noul  ▎········· 0.02           │
s2 context show:.venv/lib… noul  ▎········· 0.02           │
s2 context show:.venv/lib… noul  ▎········· 0.02           │
s2 context show:.venv/lib… noul  ▎········· 0.02           │
[33m> [39m[2mType to steer the next step…   Esc pauses · Esc Esc aborts[22m
⠹ context            step 1/12 0m11s  run $0.02/1.00 ok  sess $0.06/5.00 ok  ⎇ main · 1~ 1091?  jev           ▂▅  ? help
[2A[3G[?25h[?2026l[?2026h[?25l[2B[1G[2K[1A[2K[1A[2K[1A[2K[1A[2K[1A[2K[1A[2K[1A[2K[1A[2K[1A[2K[1A[2K[1A[2K[1A[2K[1A[2K[1A[2K[1A[2K[1A[2K[G[2m─── decisions s1 · c~ derived |2p−1| ────────────────────────────────── [d]ecisions [p]lan [t]imeline [s]ynth ─── plan ─[22m
streaming action… 303 chars
s2 context show:.venv/lib… noul  ▎········· 0.02           │ (no plan yet)
s2 context show:.venv/lib… noul  ▎········· 0.02           │
s2 context show:.venv/lib… noul  ▎········· 0.02           │
s2 context show:.venv/lib… noul  ▎········· 0.02           │
s2 context show:.venv/lib… noul  ▎········· 0.02           │
s2 context show:.venv/lib… noul  ▎········· 0.02           │
s2 context show:.venv/lib… noul  ▎········· 0.02           │
s2 context show:.venv/lib… noul  ▎········· 0.02           │
s2 context show:.venv/lib… noul  ▎········· 0.02           │
s2 context show:.venv/lib… noul  ▎········· 0.02           │
s2 context show:.venv/lib… noul  ▎········· 0.02           │
s2 context show:.venv/lib… noul  ▎········· 0.02           │
[33m> [39m[2mType to steer the next step…   Esc pauses · Esc Esc aborts[22m
⠹ context            step 1/12 0m11s  run $0.02/1.00 ok  sess $0.06/5.00 ok  ⎇ main · 1~ 1091?  jev           ▂▅  ? help
[2A[3G[?25h[?2026l[?2026h[?25l[2B[1G[2K[1A[2K[1A[2K[1A[2K[1A[2K[1A[2K[1A[2K[1A[2K[1A[2K[1A[2K[1A[2K[1A[2K[1A[2K[1A[2K[1A[2K[1A[2K[1A[2K[G[2m─── decisions s1 · c~ derived |2p−1| ────────────────────────────────── [d]ecisions [p]lan [t]imeline [s]ynth ─── plan ─[22m
streaming action… 303 chars
s2 context show:.venv/lib… noul  ▎········· 0.02           │ (no plan yet)
s2 context show:.venv/lib… noul  ▎········· 0.02           │
s2 context show:.venv/lib… noul  ▎········· 0.02           │
s2 context show:.venv/lib… noul  ▎········· 0.02           │
s2 context show:.venv/lib… noul  ▎········· 0.02           │
s2 context show:.venv/lib… noul  ▎········· 0.02           │
s2 context show:.venv/lib… noul  ▎········· 0.02           │
s2 context show:.venv/lib… noul  ▎········· 0.02           │
s2 context show:.venv/lib… noul  ▎········· 0.02           │
s2 context show:.venv/lib… noul  ▎········· 0.02           │
s2 context show:.venv/lib… noul  ▎········· 0.02           │
s2 context show:.venv/lib… noul  ▎········· 0.02           │
[33m> [39m[2mType to steer the next step…   Esc pauses · Esc Esc aborts[22m
⠸ context            step 1/12 0m11s  run $0.02/1.00 ok  sess $0.06/5.00 ok  ⎇ main · 1~ 1091?  jev           ▂▅  ? help
[2A[3G[?25h[?2026l[?2026h[?25l[2B[1G[2K[1A[2K[1A[2K[1A[2K[1A[2K[1A[2K[1A[2K[1A[2K[1A[2K[1A[2K[1A[2K[1A[2K[1A[2K[1A[2K[1A[2K[1A[2K[1A[2K[G[2m─── decisions s1 · c~ derived |2p−1| ────────────────────────────────── [d]ecisions [p]lan [t]imeline [s]ynth ─── plan ─[22m
streaming action… 335 chars
s2 context show:.venv/lib… noul  ▎········· 0.02           │ (no plan yet)
s2 context show:.venv/lib… noul  ▎········· 0.02           │
s2 context show:.venv/lib… noul  ▎········· 0.02           │
s2 context show:.venv/lib… noul  ▎········· 0.02           │
s2 context show:.venv/lib… noul  ▎········· 0.02           │
s2 context show:.venv/lib… noul  ▎········· 0.02           │
s2 context show:.venv/lib… noul  ▎········· 0.02           │
s2 context show:.venv/lib… noul  ▎········· 0.02           │
s2 context show:.venv/lib… noul  ▎········· 0.02           │
s2 context show:.venv/lib… noul  ▎········· 0.02           │
s2 context show:.venv/lib… noul  ▎········· 0.02           │
s2 context show:.venv/lib… noul  ▎········· 0.02           │
[33m> [39m[2mType to steer the next step…   Esc pauses · Esc Esc aborts[22m
⠸ context            step 1/12 0m11s  run $0.02/1.00 ok  sess $0.06/5.00 ok  ⎇ main · 1~ 1091?  jev           ▂▅  ? help
[2A[3G[?25h[?2026l[?2026h[?25l[2B[1G[2K[1A[2K[1A[2K[1A[2K[1A[2K[1A[2K[1A[2K[1A[2K[1A[2K[1A[2K[1A[2K[1A[2K[1A[2K[1A[2K[1A[2K[1A[2K[1A[2K[G[2m─── decisions s1 · c~ derived |2p−1| ────────────────────────────────── [d]ecisions [p]lan [t]imeline [s]ynth ─── plan ─[22m
streaming action… 371 chars
s2 context show:.venv/lib… noul  ▎········· 0.02           │ (no plan yet)
s2 context show:.venv/lib… noul  ▎········· 0.02           │
s2 context show:.venv/lib… noul  ▎········· 0.02           │
s2 context show:.venv/lib… noul  ▎········· 0.02           │
s2 context show:.venv/lib… noul  ▎········· 0.02           │
s2 context show:.venv/lib… noul  ▎········· 0.02           │
s2 context show:.venv/lib… noul  ▎········· 0.02           │
s2 context show:.venv/lib… noul  ▎········· 0.02           │
s2 context show:.venv/lib… noul  ▎········· 0.02           │
s2 context show:.venv/lib… noul  ▎········· 0.02           │
s2 context show:.venv/lib… noul  ▎········· 0.02           │
s2 context show:.venv/lib… noul  ▎········· 0.02           │
[33m> [39m[2mType to steer the next step…   Esc pauses · Esc Esc aborts[22m
⠸ context            step 1/12 0m11s  run $0.02/1.00 ok  sess $0.06/5.00 ok  ⎇ main · 1~ 1091?  jev           ▂▅  ? help
[2A[3G[?25h[?2026l[?2026h[?25l[2B[1G[2K[1A[2K[1A[2K[1A[2K[1A[2K[1A[2K[1A[2K[1A[2K[1A[2K[1A[2K[1A[2K[1A[2K[1A[2K[1A[2K[1A[2K[1A[2K[1A[2K[G[2m─── decisions s1 · c~ derived |2p−1| ────────────────────────────────── [d]ecisions [p]lan [t]imeline [s]ynth ─── plan ─[22m
streaming action… 371 chars
s2 context show:.venv/lib… noul  ▎········· 0.02           │ (no plan yet)
s2 context show:.venv/lib… noul  ▎········· 0.02           │
s2 context show:.venv/lib… noul  ▎········· 0.02           │
s2 context show:.venv/lib… noul  ▎········· 0.02           │
s2 context show:.venv/lib… noul  ▎········· 0.02           │
s2 context show:.venv/lib… noul  ▎········· 0.02           │
s2 context show:.venv/lib… noul  ▎········· 0.02           │
s2 context show:.venv/lib… noul  ▎········· 0.02           │
s2 context show:.venv/lib… noul  ▎········· 0.02           │
s2 context show:.venv/lib… noul  ▎········· 0.02           │
s2 context show:.venv/lib… noul  ▎········· 0.02           │
s2 context show:.venv/lib… noul  ▎········· 0.02           │
[33m> [39m[2mType to steer the next step…   Esc pauses · Esc Esc aborts[22m
⠼ context            step 1/12 0m11s  run $0.02/1.00 ok  sess $0.06/5.00 ok  ⎇ main · 1~ 1091?  jev           ▂▅  ? help
[2A[3G[?25h[?2026l[?2026h[?25l[2B[1G[2K[1A[2K[1A[2K[1A[2K[1A[2K[1A[2K[1A[2K[1A[2K[1A[2K[1A[2K[1A[2K[1A[2K[1A[2K[1A[2K[1A[2K[1A[2K[1A[2K[G[2m─── decisions s1 · c~ derived |2p−1| ────────────────────────────────── [d]ecisions [p]lan [t]imeline [s]ynth ─── plan ─[22m
streaming action… 414 chars
s2 context show:.venv/lib… noul  ▎········· 0.02           │ (no plan yet)
s2 context show:.venv/lib… noul  ▎········· 0.02           │
s2 context show:.venv/lib… noul  ▎········· 0.02           │
s2 context show:.venv/lib… noul  ▎········· 0.02           │
s2 context show:.venv/lib… noul  ▎········· 0.02           │
s2 context show:.venv/lib… noul  ▎········· 0.02           │
s2 context show:.venv/lib… noul  ▎········· 0.02           │
s2 context show:.venv/lib… noul  ▎········· 0.02           │
s2 context show:.venv/lib… noul  ▎········· 0.02           │
s2 context show:.venv/lib… noul  ▎········· 0.02           │
s2 context show:.venv/lib… noul  ▎········· 0.02           │
s2 context show:.venv/lib… noul  ▎········· 0.02           │
[33m> [39m[2mType to steer the next step…   Esc pauses · Esc Esc aborts[22m
⠼ context            step 1/12 0m11s  run $0.02/1.00 ok  sess $0.06/5.00 ok  ⎇ main · 1~ 1091?  jev           ▂▅  ? help
[2A[3G[?25h[?2026l[?2026h[?25l[2B[1G[2K[1A[2K[1A[2K[1A[2K[1A[2K[1A[2K[1A[2K[1A[2K[1A[2K[1A[2K[1A[2K[1A[2K[1A[2K[1A[2K[1A[2K[1A[2K[1A[2K[G[2m─── decisions s1 · c~ derived |2p−1| ────────────────────────────────── [d]ecisions [p]lan [t]imeline [s]ynth ─── plan ─[22m
streaming action… 414 chars
s2 context show:.venv/lib… noul  ▎········· 0.02           │ (no plan yet)
s2 context show:.venv/lib… noul  ▎········· 0.02           │
s2 context show:.venv/lib… noul  ▎········· 0.02           │
s2 context show:.venv/lib… noul  ▎········· 0.02           │
s2 context show:.venv/lib… noul  ▎········· 0.02           │
s2 context show:.venv/lib… noul  ▎········· 0.02           │
s2 context show:.venv/lib… noul  ▎········· 0.02           │
s2 context show:.venv/lib… noul  ▎········· 0.02           │
s2 context show:.venv/lib… noul  ▎········· 0.02           │
s2 context show:.venv/lib… noul  ▎········· 0.02           │
s2 context show:.venv/lib… noul  ▎········· 0.02           │
s2 context show:.venv/lib… noul  ▎········· 0.02           │
[33m> [39m[2mType to steer the next step…   Esc pauses · Esc Esc aborts[22m
⠴ context            step 1/12 0m11s  run $0.02/1.00 ok  sess $0.06/5.00 ok  ⎇ main · 1~ 1091?  jev           ▂▅  ? help
[2A[3G[?25h[?2026l[?2026h[?25l[2B[1G[2K[1A[2K[1A[2K[1A[2K[1A[2K[1A[2K[1A[2K[1A[2K[1A[2K[1A[2K[1A[2K[1A[2K[1A[2K[1A[2K[1A[2K[1A[2K[1A[2K[G[2m─── decisions s1 · c~ derived |2p−1| ────────────────────────────────── [d]ecisions [p]lan [t]imeline [s]ynth ─── plan ─[22m
streaming action… 455 chars
s2 context show:.venv/lib… noul  ▎········· 0.02           │ (no plan yet)
s2 context show:.venv/lib… noul  ▎········· 0.02           │
s2 context show:.venv/lib… noul  ▎········· 0.02           │
s2 context show:.venv/lib… noul  ▎········· 0.02           │
s2 context show:.venv/lib… noul  ▎········· 0.02           │
s2 context show:.venv/lib… noul  ▎········· 0.02           │
s2 context show:.venv/lib… noul  ▎········· 0.02           │
s2 context show:.venv/lib… noul  ▎········· 0.02           │
s2 context show:.venv/lib… noul  ▎········· 0.02           │
s2 context show:.venv/lib… noul  ▎········· 0.02           │
s2 context show:.venv/lib… noul  ▎········· 0.02           │
s2 context show:.venv/lib… noul  ▎········· 0.02           │
[33m> [39m[2mType to steer the next step…   Esc pauses · Esc Esc aborts[22m
⠴ context            step 1/12 0m11s  run $0.02/1.00 ok  sess $0.06/5.00 ok  ⎇ main · 1~ 1091?  jev           ▂▅  ? help
[2A[3G[?25h[?2026l[?2026h[?25l[2B[1G[2K[1A[2K[1A[2K[1A[2K[1A[2K[1A[2K[1A[2K[1A[2K[1A[2K[1A[2K[1A[2K[1A[2K[1A[2K[1A[2K[1A[2K[1A[2K[1A[2K[G[2m─── decisions s1 · c~ derived |2p−1| ────────────────────────────────── [d]ecisions [p]lan [t]imeline [s]ynth ─── plan ─[22m
streaming action… 455 chars
s2 context show:.venv/lib… noul  ▎········· 0.02           │ (no plan yet)
s2 context show:.venv/lib… noul  ▎········· 0.02           │
s2 context show:.venv/lib… noul  ▎········· 0.02           │
s2 context show:.venv/lib… noul  ▎········· 0.02           │
s2 context show:.venv/lib… noul  ▎········· 0.02           │
s2 context show:.venv/lib… noul  ▎········· 0.02           │
s2 context show:.venv/lib… noul  ▎········· 0.02           │
s2 context show:.venv/lib… noul  ▎········· 0.02           │
s2 context show:.venv/lib… noul  ▎········· 0.02           │
s2 context show:.venv/lib… noul  ▎········· 0.02           │
s2 context show:.venv/lib… noul  ▎········· 0.02           │
s2 context show:.venv/lib… noul  ▎········· 0.02           │
[33m> [39m[2mType to steer the next step…   Esc pauses · Esc Esc aborts[22m
⠦ context            step 1/12 0m11s  run $0.02/1.00 ok  sess $0.06/5.00 ok  ⎇ main · 1~ 1091?  jev           ▂▅  ? help
[2A[3G[?25h[?2026l[?2026h[?25l[2B[1G[2K[1A[2K[1A[2K[1A[2K[1A[2K[1A[2K[1A[2K[1A[2K[1A[2K[1A[2K[1A[2K[1A[2K[1A[2K[1A[2K[1A[2K[1A[2K[1A[2K[G[2m─── decisions s1 · c~ derived |2p−1| ────────────────────────────────── [d]ecisions [p]lan [t]imeline [s]ynth ─── plan ─[22m
streaming action… 472 chars
s2 context show:.venv/lib… noul  ▎········· 0.02           │ (no plan yet)
s2 context show:.venv/lib… noul  ▎········· 0.02           │
s2 context show:.venv/lib… noul  ▎········· 0.02           │
s2 context show:.venv/lib… noul  ▎········· 0.02           │
s2 context show:.venv/lib… noul  ▎········· 0.02           │
s2 context show:.venv/lib… noul  ▎········· 0.02           │
s2 context show:.venv/lib… noul  ▎········· 0.02           │
s2 context show:.venv/lib… noul  ▎········· 0.02           │
s2 context show:.venv/lib… noul  ▎········· 0.02           │
s2 context show:.venv/lib… noul  ▎········· 0.02           │
s2 context show:.venv/lib… noul  ▎········· 0.02           │
s2 context show:.venv/lib… noul  ▎········· 0.02           │
[33m> [39m[2mType to steer the next step…   Esc pauses · Esc Esc aborts[22m
⠦ context            step 1/12 0m11s  run $0.02/1.00 ok  sess $0.06/5.00 ok  ⎇ main · 1~ 1091?  jev           ▂▅  ? help
[2A[3G[?25h[?2026l[?2026h[?25l[2B[1G[2K[1A[2K[1A[2K[1A[2K[1A[2K[1A[2K[1A[2K[1A[2K[1A[2K[1A[2K[1A[2K[1A[2K[1A[2K[1A[2K[1A[2K[1A[2K[1A[2K[G[2m─── decisions s1 · c~ derived |2p−1| ────────────────────────────────── [d]ecisions [p]lan [t]imeline [s]ynth ─── plan ─[22m
streaming action… 486 chars
s2 context show:.venv/lib… noul  ▎········· 0.02           │ (no plan yet)
s2 context show:.venv/lib… noul  ▎········· 0.02           │
s2 context show:.venv/lib… noul  ▎········· 0.02           │
s2 context show:.venv/lib… noul  ▎········· 0.02           │
s2 context show:.venv/lib… noul  ▎········· 0.02           │
s2 context show:.venv/lib… noul  ▎········· 0.02           │
s2 context show:.venv/lib… noul  ▎········· 0.02           │
s2 context show:.venv/lib… noul  ▎········· 0.02           │
s2 context show:.venv/lib… noul  ▎········· 0.02           │
s2 context show:.venv/lib… noul  ▎········· 0.02           │
s2 context show:.venv/lib… noul  ▎········· 0.02           │
s2 context show:.venv/lib… noul  ▎········· 0.02           │
[33m> [39m[2mType to steer the next step…   Esc pauses · Esc Esc aborts[22m
⠦ context            step 1/12 0m11s  run $0.02/1.00 ok  sess $0.06/5.00 ok  ⎇ main · 1~ 1091?  jev           ▂▅  ? help
[2A[3G[?25h[?2026l[?2026h[?25l[2B[1G[2K[1A[2K[1A[2K[1A[2K[1A[2K[1A[2K[1A[2K[1A[2K[1A[2K[1A[2K[1A[2K[1A[2K[1A[2K[1A[2K[1A[2K[1A[2K[1A[2K[G[2m─── decisions s1 · c~ derived |2p−1| ────────────────────────────────── [d]ecisions [p]lan [t]imeline [s]ynth ─── plan ─[22m
streaming action… 486 chars
s2 context show:.venv/lib… noul  ▎········· 0.02           │ (no plan yet)
s2 context show:.venv/lib… noul  ▎········· 0.02           │
s2 context show:.venv/lib… noul  ▎········· 0.02           │
s2 context show:.venv/lib… noul  ▎········· 0.02           │
s2 context show:.venv/lib… noul  ▎········· 0.02           │
s2 context show:.venv/lib… noul  ▎········· 0.02           │
s2 context show:.venv/lib… noul  ▎········· 0.02           │
s2 context show:.venv/lib… noul  ▎········· 0.02           │
s2 context show:.venv/lib… noul  ▎········· 0.02           │
s2 context show:.venv/lib… noul  ▎········· 0.02           │
s2 context show:.venv/lib… noul  ▎········· 0.02           │
s2 context show:.venv/lib… noul  ▎········· 0.02           │
[33m> [39m[2mType to steer the next step…   Esc pauses · Esc Esc aborts[22m
⠧ context            step 1/12 0m11s  run $0.02/1.00 ok  sess $0.06/5.00 ok  ⎇ main · 1~ 1091?  jev           ▂▅  ? help
[2A[3G[?25h[?2026l[?2026h[?25l[2B[1G[2K[1A[2K[1A[2K[1A[2K[1A[2K[1A[2K[1A[2K[1A[2K[1A[2K[1A[2K[1A[2K[1A[2K[1A[2K[1A[2K[1A[2K[1A[2K[1A[2K[G[2m─── decisions s1 · c~ derived |2p−1| ────────────────────────────────── [d]ecisions [p]lan [t]imeline [s]ynth ─── plan ─[22m
streaming action… 486 chars
s2 context show:.venv/lib… noul  ▎········· 0.02           │ (no plan yet)
s2 context show:.venv/lib… noul  ▎········· 0.02           │
s2 context show:.venv/lib… noul  ▎········· 0.02           │
s2 context show:.venv/lib… noul  ▎········· 0.02           │
s2 context show:.venv/lib… noul  ▎········· 0.02           │
s2 context show:.venv/lib… noul  ▎········· 0.02           │
s2 context show:.venv/lib… noul  ▎········· 0.02           │
s2 context show:.venv/lib… noul  ▎········· 0.02           │
s2 context show:.venv/lib… noul  ▎········· 0.02           │
s2 context show:.venv/lib… noul  ▎········· 0.02           │
s2 context show:.venv/lib… noul  ▎········· 0.02           │
s2 context show:.venv/lib… noul  ▎········· 0.02           │
[33m> [39m[2mType to steer the next step…   Esc pauses · Esc Esc aborts[22m
⠇ context            step 1/12 0m11s  run $0.02/1.00 ok  sess $0.06/5.00 ok  ⎇ main · 1~ 1091?  jev           ▂▅  ? help
[2A[3G[?25h[?2026l[?2026h[?25l[2B[1G[2K[1A[2K[1A[2K[1A[2K[1A[2K[1A[2K[1A[2K[1A[2K[1A[2K[1A[2K[1A[2K[1A[2K[1A[2K[1A[2K[1A[2K[1A[2K[1A[2K[G[step 2] proposal run $ python -m pytest -q: Re-run the test suite once more to confirm stability before marking the
task complete. | plan done=2 remaining=2 open=0
[2mpython -m pytest -q[22m
[2m─── decisions s1 · c~ derived |2p−1| ────────────────────────────────── [d]ecisions [p]lan [t]imeline [s]ynth ─── plan ─[22m
s2 context show:.venv/lib… noul  ▎········· 0.02           │ (no plan yet)
s2 context show:.venv/lib… noul  ▎········· 0.02           │
s2 context show:.venv/lib… noul  ▎········· 0.02           │
s2 context show:.venv/lib… noul  ▎········· 0.02           │
s2 context show:.venv/lib… noul  ▎········· 0.02           │
s2 context show:.venv/lib… noul  ▎········· 0.02           │
s2 context show:.venv/lib… noul  ▎········· 0.02           │
s2 context show:.venv/lib… noul  ▎········· 0.02           │
s2 context show:.venv/lib… noul  ▎········· 0.02           │
s2 context show:.venv/lib… noul  ▎········· 0.02           │
s2 context show:.venv/lib… noul  ▎········· 0.02           │
s2 context show:.venv/lib… noul  ▎········· 0.02           │
[33m> [39m[2mType to steer the next step…   Esc pauses · Esc Esc aborts[22m
⠇ propose            step 1/12 0m12s  run $0.03/1.00 ok  sess $0.06/5.00 ok  ⎇ main · 1~ 1091?  jev           ▂▅  ? help
[2A[3G[?25h[?2026l[?2026h[?25l[2B[1G[2K[1A[2K[1A[2K[1A[2K[1A[2K[1A[2K[1A[2K[1A[2K[1A[2K[1A[2K[1A[2K[1A[2K[1A[2K[1A[2K[1A[2K[1A[2K[G[2m─── decisions s1 · c~ derived |2p−1| ────────────────────────────────── [d]ecisions [p]lan [t]imeline [s]ynth ─── plan ─[22m
s2 context show:.venv/lib… noul  ▎········· 0.02           │ (no plan yet)
s2 context show:.venv/lib… noul  ▎········· 0.02           │
s2 context show:.venv/lib… noul  ▎········· 0.02           │
s2 context show:.venv/lib… noul  ▎········· 0.02           │
s2 context show:.venv/lib… noul  ▎········· 0.02           │
s2 context show:.venv/lib… noul  ▎········· 0.02           │
s2 context show:.venv/lib… noul  ▎········· 0.02           │
s2 context show:.venv/lib… noul  ▎········· 0.02           │
s2 context show:.venv/lib… noul  ▎········· 0.02           │
s2 context show:.venv/lib… noul  ▎········· 0.02           │
s2 context show:.venv/lib… noul  ▎········· 0.02           │
s2 context show:.venv/lib… noul  ▎········· 0.02           │
[33m> [39m[2mType to steer the next step…   Esc pauses · Esc Esc aborts[22m
⠏ propose            step 1/12 0m12s  run $0.03/1.00 ok  sess $0.06/5.00 ok  ⎇ main · 1~ 1091?  jev           ▂▅  ? help
[2A[3G[?25h[?2026l[?2026h[?25l[2B[1G[2K[1A[2K[1A[2K[1A[2K[1A[2K[1A[2K[1A[2K[1A[2K[1A[2K[1A[2K[1A[2K[1A[2K[1A[2K[1A[2K[1A[2K[1A[2K[G[2m─── decisions s1 · c~ derived |2p−1| ────────────────────────────────── [d]ecisions [p]lan [t]imeline [s]ynth ─── plan ─[22m
s2 context show:.venv/lib… noul  ▎········· 0.02           │ (no plan yet)
s2 context show:.venv/lib… noul  ▎········· 0.02           │
s2 context show:.venv/lib… noul  ▎········· 0.02           │
s2 context show:.venv/lib… noul  ▎········· 0.02           │
s2 context show:.venv/lib… noul  ▎········· 0.02           │
s2 context show:.venv/lib… noul  ▎········· 0.02           │
s2 context show:.venv/lib… noul  ▎········· 0.02           │
s2 context show:.venv/lib… noul  ▎········· 0.02           │
s2 context show:.venv/lib… noul  ▎········· 0.02           │
s2 context show:.venv/lib… noul  ▎········· 0.02           │
s2 context show:.venv/lib… noul  ▎········· 0.02           │
s2 context show:.venv/lib… noul  ▎········· 0.02           │
[33m> [39m[2mType to steer the next step…   Esc pauses · Esc Esc aborts[22m
⠋ propose            step 1/12 0m12s  run $0.03/1.00 ok  sess $0.06/5.00 ok  ⎇ main · 1~ 1091?  jev           ▂▅  ? help
[2A[3G[?25h[?2026l[?2026h[?25l[2B[1G[2K[1A[2K[1A[2K[1A[2K[1A[2K[1A[2K[1A[2K[1A[2K[1A[2K[1A[2K[1A[2K[1A[2K[1A[2K[1A[2K[1A[2K[1A[2K[G[2m─── decisions s1 · c~ derived |2p−1| ────────────────────────────────── [d]ecisions [p]lan [t]imeline [s]ynth ─── plan ─[22m
s2 context show:.venv/lib… noul  ▎········· 0.02           │ (no plan yet)
s2 context show:.venv/lib… noul  ▎········· 0.02           │
s2 context show:.venv/lib… noul  ▎········· 0.02           │
s2 context show:.venv/lib… noul  ▎········· 0.02           │
s2 context show:.venv/lib… noul  ▎········· 0.02           │
s2 context show:.venv/lib… noul  ▎········· 0.02           │
s2 context show:.venv/lib… noul  ▎········· 0.02           │
s2 context show:.venv/lib… noul  ▎········· 0.02           │
s2 context show:.venv/lib… noul  ▎········· 0.02           │
s2 context show:.venv/lib… noul  ▎········· 0.02           │
s2 context show:.venv/lib… noul  ▎········· 0.02           │
s2 context show:.venv/lib… noul  ▎········· 0.02           │
[33m> [39m[2mType to steer the next step…   Esc pauses · Esc Esc aborts[22m
⠙ propose            step 1/12 0m12s  run $0.03/1.00 ok  sess $0.06/5.00 ok  ⎇ main · 1~ 1091?  jev           ▂▅  ? help
[2A[3G[?25h[?2026l[?2026h[?25l[2B[1G[2K[1A[2K[1A[2K[1A[2K[1A[2K[1A[2K[1A[2K[1A[2K[1A[2K[1A[2K[1A[2K[1A[2K[1A[2K[1A[2K[1A[2K[1A[2K[G[2m[step 2] risk=0.00 ok: risk 0.00 (ok) from destructive: expected level 0.00 of 4; dominant level 0 "nothing existing is [22m
[2mlost: reads, searches, lists, or runs tests/builds; creates a file that did not exist (`proposal.target.existsBefore` [22m
[2mfalse); anything it changes the workspace regenerates"; Jev confidence 1.00 | irreversible: expected level 0.00 of 4; [22m
[2mdominant level 0 "no lasting effect, or restorable with one git command"; Jev confidence 1.00; verification run of the [22m
[2mworkspace test command: out_of_scope 0.01 (dominant level 0), plan_mismatch 0.06 (dominant level 0) recorded, not gating[22m
[2m─── decisions s1 · c~ derived |2p−1| ────────────────────────────────── [d]ecisions [p]lan [t]imeline [s]ynth ─── plan ─[22m
s2 context show:.venv/lib… noul  ▎········· 0.02           │ (no plan yet)
s2 context show:.venv/lib… noul  ▎········· 0.02           │
s2 context show:.venv/lib… noul  ▎········· 0.02           │
s2 context show:.venv/lib… noul  ▎········· 0.02           │
s2 context show:.venv/lib… noul  ▎········· 0.02           │
s2 context show:.venv/lib… noul  ▎········· 0.02           │
s2 context show:.venv/lib… noul  ▎········· 0.02           │
s2 risk    destructive     L0    ██████████ 1.00 [ok]      │
s2 risk    out_of_scope    L0.05 █████████▊ 0.97 [ok]      │
s2 risk    plan_mismatch   L0.3  █████████· 0.90 [ok]      │
s2 risk    irreversible    L0    ██████████ 1.00 [ok]      │
s2 risk    matches_intent  noul  ████▊····· 0.48           │
[33m> [39m[2mType to steer the next step…   Esc pauses · Esc Esc aborts[22m
⠙ risk               step 1/12 0m12s  run $0.03/1.00 ok  sess $0.06/5.00 ok  ⎇ main · 1~ 1091?  jev          ▂▅▃  ? help
[2A[3G[?25h[?2026l[?2026h[?25l[2B[1G[2K[1A[2K[1A[2K[1A[2K[1A[2K[1A[2K[1A[2K[1A[2K[1A[2K[1A[2K[1A[2K[1A[2K[1A[2K[1A[2K[1A[2K[1A[2K[G[2m─── decisions s1 · c~ derived |2p−1| ────────────────────────────────── [d]ecisions [p]lan [t]imeline [s]ynth ─── plan ─[22m
s2 context show:.venv/lib… noul  ▎········· 0.02           │ (no plan yet)
s2 context show:.venv/lib… noul  ▎········· 0.02           │
s2 context show:.venv/lib… noul  ▎········· 0.02           │
s2 context show:.venv/lib… noul  ▎········· 0.02           │
s2 context show:.venv/lib… noul  ▎········· 0.02           │
s2 context show:.venv/lib… noul  ▎········· 0.02           │
s2 context show:.venv/lib… noul  ▎········· 0.02           │
s2 risk    destructive     L0    ██████████ 1.00 [ok]      │
s2 risk    out_of_scope    L0.05 █████████▊ 0.97 [ok]      │
s2 risk    plan_mismatch   L0.3  █████████· 0.90 [ok]      │
s2 risk    irreversible    L0    ██████████ 1.00 [ok]      │
s2 risk    matches_intent  noul  ████▊····· 0.48           │
[33m> [39m[2mType to steer the next step…   Esc pauses · Esc Esc aborts[22m
⠹ risk               step 1/12 0m12s  run $0.03/1.00 ok  sess $0.06/5.00 ok  ⎇ main · 1~ 1091?  jev          ▂▅▃  ? help
[2A[3G[?25h[?2026l[?2026h[?25l[2B[1G[2K[1A[2K[1A[2K[1A[2K[1A[2K[1A[2K[1A[2K[1A[2K[1A[2K[1A[2K[1A[2K[1A[2K[1A[2K[1A[2K[1A[2K[1A[2K[G[2m─── decisions s1 · c~ derived |2p−1| ────────────────────────────────── [d]ecisions [p]lan [t]imeline [s]ynth ─── plan ─[22m
s2 context show:.venv/lib… noul  ▎········· 0.02           │ (no plan yet)
s2 context show:.venv/lib… noul  ▎········· 0.02           │
s2 context show:.venv/lib… noul  ▎········· 0.02           │
s2 context show:.venv/lib… noul  ▎········· 0.02           │
s2 context show:.venv/lib… noul  ▎········· 0.02           │
s2 context show:.venv/lib… noul  ▎········· 0.02           │
s2 context show:.venv/lib… noul  ▎········· 0.02           │
s2 risk    destructive     L0    ██████████ 1.00 [ok]      │
s2 risk    out_of_scope    L0.05 █████████▊ 0.97 [ok]      │
s2 risk    plan_mismatch   L0.3  █████████· 0.90 [ok]      │
s2 risk    irreversible    L0    ██████████ 1.00 [ok]      │
s2 risk    matches_intent  noul  ████▊····· 0.48           │
[33m> [39m[2mType to steer the next step…   Esc pauses · Esc Esc aborts[22m
⠸ risk               step 1/12 0m12s  run $0.03/1.00 ok  sess $0.06/5.00 ok  ⎇ main · 1~ 1091?  jev          ▂▅▃  ? help
[2A[3G[?25h[?2026l[?2026h[?25l[2B[1G[2K[1A[2K[1A[2K[1A[2K[1A[2K[1A[2K[1A[2K[1A[2K[1A[2K[1A[2K[1A[2K[1A[2K[1A[2K[1A[2K[1A[2K[1A[2K[G[2m─── decisions s1 · c~ derived |2p−1| ────────────────────────────────── [d]ecisions [p]lan [t]imeline [s]ynth ─── plan ─[22m
s2 context show:.venv/lib… noul  ▎········· 0.02           │ (no plan yet)
s2 context show:.venv/lib… noul  ▎········· 0.02           │
s2 context show:.venv/lib… noul  ▎········· 0.02           │
s2 context show:.venv/lib… noul  ▎········· 0.02           │
s2 context show:.venv/lib… noul  ▎········· 0.02           │
s2 context show:.venv/lib… noul  ▎········· 0.02           │
s2 context show:.venv/lib… noul  ▎········· 0.02           │
s2 risk    destructive     L0    ██████████ 1.00 [ok]      │
s2 risk    out_of_scope    L0.05 █████████▊ 0.97 [ok]      │
s2 risk    plan_mismatch   L0.3  █████████· 0.90 [ok]      │
s2 risk    irreversible    L0    ██████████ 1.00 [ok]      │
s2 risk    matches_intent  noul  ████▊····· 0.48           │
[33m> [39m[2mType to steer the next step…   Esc pauses · Esc Esc aborts[22m
⠼ risk               step 1/12 0m12s  run $0.03/1.00 ok  sess $0.06/5.00 ok  ⎇ main · 1~ 1091?  jev          ▂▅▃  ? help
[2A[3G[?25h[?2026l[?2026h[?25l[2B[1G[2K[1A[2K[1A[2K[1A[2K[1A[2K[1A[2K[1A[2K[1A[2K[1A[2K[1A[2K[1A[2K[1A[2K[1A[2K[1A[2K[1A[2K[1A[2K[G[2m─── decisions s1 · c~ derived |2p−1| ────────────────────────────────── [d]ecisions [p]lan [t]imeline [s]ynth ─── plan ─[22m
s2 context show:.venv/lib… noul  ▎········· 0.02           │ (no plan yet)
s2 context show:.venv/lib… noul  ▎········· 0.02           │
s2 context show:.venv/lib… noul  ▎········· 0.02           │
s2 context show:.venv/lib… noul  ▎········· 0.02           │
s2 context show:.venv/lib… noul  ▎········· 0.02           │
s2 context show:.venv/lib… noul  ▎········· 0.02           │
s2 context show:.venv/lib… noul  ▎········· 0.02           │
s2 risk    destructive     L0    ██████████ 1.00 [ok]      │
s2 risk    out_of_scope    L0.05 █████████▊ 0.97 [ok]      │
s2 risk    plan_mismatch   L0.3  █████████· 0.90 [ok]      │
s2 risk    irreversible    L0    ██████████ 1.00 [ok]      │
s2 risk    matches_intent  noul  ████▊····· 0.48           │
[33m> [39m[2mType to steer the next step…   Esc pauses · Esc Esc aborts[22m
⠼ execute            step 1/12 0m12s  run $0.03/1.00 ok  sess $0.06/5.00 ok  ⎇ main · 1~ 1091?  jev          ▂▅▃  ? help
[2A[3G[?25h[?2026l[?2026h[?25l[2B[1G[2K[1A[2K[1A[2K[1A[2K[1A[2K[1A[2K[1A[2K[1A[2K[1A[2K[1A[2K[1A[2K[1A[2K[1A[2K[1A[2K[1A[2K[1A[2K[G[2m[step 2] outcome executed: exit 0 (exit 0, 329ms)[22m
[2m─── decisions s1 · c~ derived |2p−1| ────────────────────────────────── [d]ecisions [p]lan [t]imeline [s]ynth ─── plan ─[22m
s2 context show:.venv/lib… noul  ▎········· 0.02           │ (no plan yet)
s2 context show:.venv/lib… noul  ▎········· 0.02           │
s2 context show:.venv/lib… noul  ▎········· 0.02           │
s2 context show:.venv/lib… noul  ▎········· 0.02           │
s2 context show:.venv/lib… noul  ▎········· 0.02           │
s2 context show:.venv/lib… noul  ▎········· 0.02           │
s2 context show:.venv/lib… noul  ▎········· 0.02           │
s2 risk    destructive     L0    ██████████ 1.00 [ok]      │
s2 risk    out_of_scope    L0.05 █████████▊ 0.97 [ok]      │
s2 risk    plan_mismatch   L0.3  █████████· 0.90 [ok]      │
s2 risk    irreversible    L0    ██████████ 1.00 [ok]      │
s2 risk    matches_intent  noul  ████▊····· 0.48           │
[33m> [39m[2mType to steer the next step…   Esc pauses · Esc Esc aborts[22m
⠼ execute            step 1/12 0m12s  run $0.03/1.00 ok  sess $0.06/5.00 ok  ⎇ main · 1~ 1091?  jev          ▂▅▃  ? help
[2A[3G[?25h[?2026l[?2026h[?25l[2B[1G[2K[1A[2K[1A[2K[1A[2K[1A[2K[1A[2K[1A[2K[1A[2K[1A[2K[1A[2K[1A[2K[1A[2K[1A[2K[1A[2K[1A[2K[1A[2K[G[2m─── decisions s1 · c~ derived |2p−1| ────────────────────────────────── [d]ecisions [p]lan [t]imeline [s]ynth ─── plan ─[22m
s2 context show:.venv/lib… noul  ▎········· 0.02           │ (no plan yet)
s2 context show:.venv/lib… noul  ▎········· 0.02           │
s2 context show:.venv/lib… noul  ▎········· 0.02           │
s2 context show:.venv/lib… noul  ▎········· 0.02           │
s2 context show:.venv/lib… noul  ▎········· 0.02           │
s2 context show:.venv/lib… noul  ▎········· 0.02           │
s2 context show:.venv/lib… noul  ▎········· 0.02           │
s2 risk    destructive     L0    ██████████ 1.00 [ok]      │
s2 risk    out_of_scope    L0.05 █████████▊ 0.97 [ok]      │
s2 risk    plan_mismatch   L0.3  █████████· 0.90 [ok]      │
s2 risk    irreversible    L0    ██████████ 1.00 [ok]      │
s2 risk    matches_intent  noul  ████▊····· 0.48           │
[33m> [39m[2mType to steer the next step…   Esc pauses · Esc Esc aborts[22m
⠴ execute            step 1/12 0m12s  run $0.03/1.00 ok  sess $0.06/5.00 ok  ⎇ main · 1~ 1091?  jev          ▂▅▃  ? help
[2A[3G[?25h[?2026l[?2026h[?25l[2B[1G[2K[1A[2K[1A[2K[1A[2K[1A[2K[1A[2K[1A[2K[1A[2K[1A[2K[1A[2K[1A[2K[1A[2K[1A[2K[1A[2K[1A[2K[1A[2K[G[2m─── decisions s1 · c~ derived |2p−1| ────────────────────────────────── [d]ecisions [p]lan [t]imeline [s]ynth ─── plan ─[22m
s2 context show:.venv/lib… noul  ▎········· 0.02           │ (no plan yet)
s2 context show:.venv/lib… noul  ▎········· 0.02           │
s2 context show:.venv/lib… noul  ▎········· 0.02           │
s2 context show:.venv/lib… noul  ▎········· 0.02           │
s2 context show:.venv/lib… noul  ▎········· 0.02           │
s2 context show:.venv/lib… noul  ▎········· 0.02           │
s2 context show:.venv/lib… noul  ▎········· 0.02           │
s2 risk    destructive     L0    ██████████ 1.00 [ok]      │
s2 risk    out_of_scope    L0.05 █████████▊ 0.97 [ok]      │
s2 risk    plan_mismatch   L0.3  █████████· 0.90 [ok]      │
s2 risk    irreversible    L0    ██████████ 1.00 [ok]      │
s2 risk    matches_intent  noul  ████▊····· 0.48           │
[33m> [39m[2mType to steer the next step…   Esc pauses · Esc Esc aborts[22m
⠦ execute            step 1/12 0m12s  run $0.03/1.00 ok  sess $0.06/5.00 ok  ⎇ main · 1~ 1091?  jev          ▂▅▃  ? help
[2A[3G[?25h[?2026l[?2026h[?25l[2B[1G[2K[1A[2K[1A[2K[1A[2K[1A[2K[1A[2K[1A[2K[1A[2K[1A[2K[1A[2K[1A[2K[1A[2K[1A[2K[1A[2K[1A[2K[1A[2K[G[2m[step 2] judge succeeded=0.61 error_present=0.03 new_info=0.05 tests=7p/0f/0e pass claims=0/0 completion=0.80[22m
[2m[step 2] plan done=6 remaining=2 unverified=0 problems=1[22m
[2m─── decisions s2 · c~ derived |2p−1| ────────────────────────────────── [d]ecisions [p]lan [t]imeline [s]ynth ─── plan ─[22m
s2 context show:.venv/lib… noul  ▎········· 0.02           │ plan  done 6  remaining 2  unverified 0  problems 1
s2 context show:.venv/lib… noul  ▎········· 0.02           │ [x] Ran tests: 7 passed, 0 failed, 0 errors… s2 0.93
s2 context show:.venv/lib… noul  ▎········· 0.02           │ [x] Ran tests: 7 passed, 0 failed, 0 errors… s3 0.94
s2 risk    destructive     L0    ██████████ 1.00 [ok]      │ [x] Ran tests again: 7 passed, 0 failed, 0 … s3 0.91
s2 risk    out_of_scope    L0.05 █████████▊ 0.97 [ok]      │ [x] Ran tests multiple times: 7 passed, 0 f… s4 0.83
s2 risk    plan_mismatch   L0.3  █████████· 0.90 [ok]      │ [x] Ran tests: 7 passed, 0 failed, 0 errors… s1 0.92
s2 risk    irreversible    L0    ██████████ 1.00 [ok]      │ [x] Confirmed all functions (add, safe_divi… s1 0.87
s2 risk    matches_intent  noul  ████▊····· 0.48           │ [ ] Re-run tests once more to confirm stability
s2 judge   succeeded       noul  ██████▏··· 0.61           │ [ ] Mark task complete if still passing
s2 judge   error_present   noul  ▎········· 0.03           │ [!] human s0: Follow-up to run 20260921-103525-arhva4xt (s…
s2 judge   new_information noul  ▌········· 0.05           │
s2 complete task_complete  noul  ████████·· 0.80           │
[33m> [39m[2mType to steer the next step…   Esc pauses · Esc Esc aborts[22m
⠦ judge              step 2/12 0m13s  run $0.03/1.00 ok  sess $0.06/5.00 ok  ⎇ main · 1~ 1091?  jev         ▂▅▃▂  ? help
[2A[3G[?25h[?2026l[?2026h[?25l[2B[1G[2K[1A[2K[1A[2K[1A[2K[1A[2K[1A[2K[1A[2K[1A[2K[1A[2K[1A[2K[1A[2K[1A[2K[1A[2K[1A[2K[1A[2K[1A[2K[G[2m─── decisions s2 · c~ derived |2p−1| ────────────────────────────────── [d]ecisions [p]lan [t]imeline [s]ynth ─── plan ─[22m
s2 context show:.venv/lib… noul  ▎········· 0.02           │ plan  done 6  remaining 2  unverified 0  problems 1
s2 context show:.venv/lib… noul  ▎········· 0.02           │ [x] Ran tests: 7 passed, 0 failed, 0 errors… s2 0.93
s2 context show:.venv/lib… noul  ▎········· 0.02           │ [x] Ran tests: 7 passed, 0 failed, 0 errors… s3 0.94
s2 risk    destructive     L0    ██████████ 1.00 [ok]      │ [x] Ran tests again: 7 passed, 0 failed, 0 … s3 0.91
s2 risk    out_of_scope    L0.05 █████████▊ 0.97 [ok]      │ [x] Ran tests multiple times: 7 passed, 0 f… s4 0.83
s2 risk    plan_mismatch   L0.3  █████████· 0.90 [ok]      │ [x] Ran tests: 7 passed, 0 failed, 0 errors… s1 0.92
s2 risk    irreversible    L0    ██████████ 1.00 [ok]      │ [x] Confirmed all functions (add, safe_divi… s1 0.87
s2 risk    matches_intent  noul  ████▊····· 0.48           │ [ ] Re-run tests once more to confirm stability
s2 judge   succeeded       noul  ██████▏··· 0.61           │ [ ] Mark task complete if still passing
s2 judge   error_present   noul  ▎········· 0.03           │ [!] human s0: Follow-up to run 20260921-103525-arhva4xt (s…
s2 judge   new_information noul  ▌········· 0.05           │
s2 complete task_complete  noul  ████████·· 0.80           │
[33m> [39m[2mType to steer the next step…   Esc pauses · Esc Esc aborts[22m
⠧ judge              step 2/12 0m13s  run $0.03/1.00 ok  sess $0.06/5.00 ok  ⎇ main · 1~ 1091?  jev         ▂▅▃▂  ? help
[2A[3G[?25h[?2026l[?2026h[?25l[2B[1G[2K[1A[2K[1A[2K[1A[2K[1A[2K[1A[2K[1A[2K[1A[2K[1A[2K[1A[2K[1A[2K[1A[2K[1A[2K[1A[2K[1A[2K[1A[2K[G[2m[step 3] intent=investigate p=0.50 c=0.40 (jev answered finish)[22m
[2m─── decisions s2 · c~ derived |2p−1| ────────────────────────────────── [d]ecisions [p]lan [t]imeline [s]ynth ─── plan ─[22m
s2 risk    matches_intent  noul  ████▊····· 0.48           │ plan  done 6  remaining 2  unverified 0  problems 1
s2 judge   succeeded       noul  ██████▏··· 0.61           │ [x] Ran tests: 7 passed, 0 failed, 0 errors… s2 0.93
s2 judge   error_present   noul  ▎········· 0.03           │ [x] Ran tests: 7 passed, 0 failed, 0 errors… s3 0.94
s2 judge   new_information noul  ▌········· 0.05           │ [x] Ran tests again: 7 passed, 0 failed, 0 … s3 0.91
s2 complete task_complete  noul  ████████·· 0.80           │ [x] Ran tests multiple times: 7 passed, 0 f… s4 0.83
s3 intent  intent          fini… █████····· 0.50 fallback  │ [x] Ran tests: 7 passed, 0 failed, 0 errors… s1 0.92
s3 intent  can_investigate noul  █▏········ 0.11           │ [x] Confirmed all functions (add, safe_divi… s1 0.87
s3 intent  can_edit        noul  ▋········· 0.06           │ [ ] Re-run tests once more to confirm stability
s3 intent  can_verify      noul  ████▊·····!0.48           │ [ ] Mark task complete if still passing
s3 intent  can_fix_enviro… noul  ▎········· 0.02           │ [!] human s0: Follow-up to run 20260921-103525-arhva4xt (s…
s3 intent  can_finish      noul  ████▎····· 0.42           │
s3 intent  plan_still_val… noul  ███▊······ 0.38           │
[33m> [39m[2mType to steer the next step…   Esc pauses · Esc Esc aborts[22m
⠧ intent             step 2/12 0m13s  run $0.03/1.00 ok  sess $0.06/5.00 ok  ⎇ main · 1~ 1091?  jev        ▂▅▃▂▂  ? help
[2A[3G[?25h[?2026l[?2026h[?25l[2B[1G[2K[1A[2K[1A[2K[1A[2K[1A[2K[1A[2K[1A[2K[1A[2K[1A[2K[1A[2K[1A[2K[1A[2K[1A[2K[1A[2K[1A[2K[1A[2K[G[2m─── decisions s2 · c~ derived |2p−1| ────────────────────────────────── [d]ecisions [p]lan [t]imeline [s]ynth ─── plan ─[22m
s2 risk    matches_intent  noul  ████▊····· 0.48           │ plan  done 6  remaining 2  unverified 0  problems 1
s2 judge   succeeded       noul  ██████▏··· 0.61           │ [x] Ran tests: 7 passed, 0 failed, 0 errors… s2 0.93
s2 judge   error_present   noul  ▎········· 0.03           │ [x] Ran tests: 7 passed, 0 failed, 0 errors… s3 0.94
s2 judge   new_information noul  ▌········· 0.05           │ [x] Ran tests again: 7 passed, 0 failed, 0 … s3 0.91
s2 complete task_complete  noul  ████████·· 0.80           │ [x] Ran tests multiple times: 7 passed, 0 f… s4 0.83
s3 intent  intent          fini… █████····· 0.50 fallback  │ [x] Ran tests: 7 passed, 0 failed, 0 errors… s1 0.92
s3 intent  can_investigate noul  █▏········ 0.11           │ [x] Confirmed all functions (add, safe_divi… s1 0.87
s3 intent  can_edit        noul  ▋········· 0.06           │ [ ] Re-run tests once more to confirm stability
s3 intent  can_verify      noul  ████▊·····!0.48           │ [ ] Mark task complete if still passing
s3 intent  can_fix_enviro… noul  ▎········· 0.02           │ [!] human s0: Follow-up to run 20260921-103525-arhva4xt (s…
s3 intent  can_finish      noul  ████▎····· 0.42           │
s3 intent  plan_still_val… noul  ███▊······ 0.38           │
[33m> [39m[2mType to steer the next step…   Esc pauses · Esc Esc aborts[22m
⠇ intent             step 2/12 0m13s  run $0.03/1.00 ok  sess $0.06/5.00 ok  ⎇ main · 1~ 1091?  jev        ▂▅▃▂▂  ? help
[2A[3G[?25h[?2026l[?2026h[?25l[2B[1G[2K[1A[2K[1A[2K[1A[2K[1A[2K[1A[2K[1A[2K[1A[2K[1A[2K[1A[2K[1A[2K[1A[2K[1A[2K[1A[2K[1A[2K[1A[2K[G[2m─── decisions s2 · c~ derived |2p−1| ────────────────────────────────── [d]ecisions [p]lan [t]imeline [s]ynth ─── plan ─[22m
s2 risk    matches_intent  noul  ████▊····· 0.48           │ plan  done 6  remaining 2  unverified 0  problems 1
s2 judge   succeeded       noul  ██████▏··· 0.61           │ [x] Ran tests: 7 passed, 0 failed, 0 errors… s2 0.93
s2 judge   error_present   noul  ▎········· 0.03           │ [x] Ran tests: 7 passed, 0 failed, 0 errors… s3 0.94
s2 judge   new_information noul  ▌········· 0.05           │ [x] Ran tests again: 7 passed, 0 failed, 0 … s3 0.91
s2 complete task_complete  noul  ████████·· 0.80           │ [x] Ran tests multiple times: 7 passed, 0 f… s4 0.83
s3 intent  intent          fini… █████····· 0.50 fallback  │ [x] Ran tests: 7 passed, 0 failed, 0 errors… s1 0.92
s3 intent  can_investigate noul  █▏········ 0.11           │ [x] Confirmed all functions (add, safe_divi… s1 0.87
s3 intent  can_edit        noul  ▋········· 0.06           │ [ ] Re-run tests once more to confirm stability
s3 intent  can_verify      noul  ████▊·····!0.48           │ [ ] Mark task complete if still passing
s3 intent  can_fix_enviro… noul  ▎········· 0.02           │ [!] human s0: Follow-up to run 20260921-103525-arhva4xt (s…
s3 intent  can_finish      noul  ████▎····· 0.42           │
s3 intent  plan_still_val… noul  ███▊······ 0.38           │
[33m> [39m[2mType to steer the next step…   Esc pauses · Esc Esc aborts[22m
⠏ intent             step 2/12 0m13s  run $0.03/1.00 ok  sess $0.06/5.00 ok  ⎇ main · 1~ 1091?  jev        ▂▅▃▂▂  ? help
[2A[3G[?25h[?2026l[?2026h[?25l[2B[1G[2K[1A[2K[1A[2K[1A[2K[1A[2K[1A[2K[1A[2K[1A[2K[1A[2K[1A[2K[1A[2K[1A[2K[1A[2K[1A[2K[1A[2K[1A[2K[G[2m─── decisions s2 · c~ derived |2p−1| ────────────────────────────────── [d]ecisions [p]lan [t]imeline [s]ynth ─── plan ─[22m
s2 risk    matches_intent  noul  ████▊····· 0.48           │ plan  done 6  remaining 2  unverified 0  problems 1
s2 judge   succeeded       noul  ██████▏··· 0.61           │ [x] Ran tests: 7 passed, 0 failed, 0 errors… s2 0.93
s2 judge   error_present   noul  ▎········· 0.03           │ [x] Ran tests: 7 passed, 0 failed, 0 errors… s3 0.94
s2 judge   new_information noul  ▌········· 0.05           │ [x] Ran tests again: 7 passed, 0 failed, 0 … s3 0.91
s2 complete task_complete  noul  ████████·· 0.80           │ [x] Ran tests multiple times: 7 passed, 0 f… s4 0.83
s3 intent  intent          fini… █████····· 0.50 fallback  │ [x] Ran tests: 7 passed, 0 failed, 0 errors… s1 0.92
s3 intent  can_investigate noul  █▏········ 0.11           │ [x] Confirmed all functions (add, safe_divi… s1 0.87
s3 intent  can_edit        noul  ▋········· 0.06           │ [ ] Re-run tests once more to confirm stability
s3 intent  can_verify      noul  ████▊·····!0.48           │ [ ] Mark task complete if still passing
s3 intent  can_fix_enviro… noul  ▎········· 0.02           │ [!] human s0: Follow-up to run 20260921-103525-arhva4xt (s…
s3 intent  can_finish      noul  ████▎····· 0.42           │
s3 intent  plan_still_val… noul  ███▊······ 0.38           │
[33m> [39m[2mType to steer the next step…   Esc pauses · Esc Esc aborts[22m
⠋ intent             step 2/12 0m13s  run $0.03/1.00 ok  sess $0.06/5.00 ok  ⎇ main · 1~ 1091?  jev        ▂▅▃▂▂  ? help
[2A[3G[?25h[?2026l[?2026h[?25l[2B[1G[2K[1A[2K[1A[2K[1A[2K[1A[2K[1A[2K[1A[2K[1A[2K[1A[2K[1A[2K[1A[2K[1A[2K[1A[2K[1A[2K[1A[2K[1A[2K[G[2m─── decisions s2 · c~ derived |2p−1| ────────────────────────────────── [d]ecisions [p]lan [t]imeline [s]ynth ─── plan ─[22m
s2 risk    matches_intent  noul  ████▊····· 0.48           │ plan  done 6  remaining 2  unverified 0  problems 1
s2 judge   succeeded       noul  ██████▏··· 0.61           │ [x] Ran tests: 7 passed, 0 failed, 0 errors… s2 0.93
s2 judge   error_present   noul  ▎········· 0.03           │ [x] Ran tests: 7 passed, 0 failed, 0 errors… s3 0.94
s2 judge   new_information noul  ▌········· 0.05           │ [x] Ran tests again: 7 passed, 0 failed, 0 … s3 0.91
s2 complete task_complete  noul  ████████·· 0.80           │ [x] Ran tests multiple times: 7 passed, 0 f… s4 0.83
s3 intent  intent          fini… █████····· 0.50 fallback  │ [x] Ran tests: 7 passed, 0 failed, 0 errors… s1 0.92
s3 intent  can_investigate noul  █▏········ 0.11           │ [x] Confirmed all functions (add, safe_divi… s1 0.87
s3 intent  can_edit        noul  ▋········· 0.06           │ [ ] Re-run tests once more to confirm stability
s3 intent  can_verify      noul  ████▊·····!0.48           │ [ ] Mark task complete if still passing
s3 intent  can_fix_enviro… noul  ▎········· 0.02           │ [!] human s0: Follow-up to run 20260921-103525-arhva4xt (s…
s3 intent  can_finish      noul  ████▎····· 0.42           │
s3 intent  plan_still_val… noul  ███▊······ 0.38           │
[33m> [39m[2mType to steer the next step…   Esc pauses · Esc Esc aborts[22m
⠙ intent             step 2/12 0m13s  run $0.03/1.00 ok  sess $0.06/5.00 ok  ⎇ main · 1~ 1091?  jev        ▂▅▃▂▂  ? help
[2A[3G[?25h[?2026l[?2026h[?25l[2B[1G[2K[1A[2K[1A[2K[1A[2K[1A[2K[1A[2K[1A[2K[1A[2K[1A[2K[1A[2K[1A[2K[1A[2K[1A[2K[1A[2K[1A[2K[1A[2K[G[2m─── decisions s2 · c~ derived |2p−1| ────────────────────────────────── [d]ecisions [p]lan [t]imeline [s]ynth ─── plan ─[22m
s3 context show:.venv/lib… noul  ▎········· 0.02           │ plan  done 6  remaining 2  unverified 0  problems 1
s3 context show:.venv/lib… noul  ▎········· 0.02           │ [x] Ran tests: 7 passed, 0 failed, 0 errors… s2 0.93
s3 context show:.venv/lib… noul  ▎········· 0.03           │ [x] Ran tests: 7 passed, 0 failed, 0 errors… s3 0.94
s3 context show:.venv/lib… noul  ▎········· 0.02           │ [x] Ran tests again: 7 passed, 0 failed, 0 … s3 0.91
s3 context show:.venv/lib… noul  ▎········· 0.02           │ [x] Ran tests multiple times: 7 passed, 0 f… s4 0.83
s3 context show:.venv/lib… noul  ▎········· 0.02           │ [x] Ran tests: 7 passed, 0 failed, 0 errors… s1 0.92
s3 context show:.venv/lib… noul  ▎········· 0.02           │ [x] Confirmed all functions (add, safe_divi… s1 0.87
s3 context show:.venv/lib… noul  ▎········· 0.02           │ [ ] Re-run tests once more to confirm stability
s3 context show:.venv/lib… noul  ▎········· 0.02           │ [ ] Mark task complete if still passing
s3 context show:.venv/lib… noul  ▎········· 0.02           │ [!] human s0: Follow-up to run 20260921-103525-arhva4xt (s…
s3 context show:.venv/lib… noul  ▎········· 0.02           │
s3 context show:.venv/lib… noul  ▎········· 0.02           │
[33m> [39m[2mType to steer the next step…   Esc pauses · Esc Esc aborts[22m
⠙ intent             step 2/12 0m13s  run $0.03/1.00 ok  sess $0.06/5.00 ok  ⎇ main · 1~ 1091?  jev       ▂▅▃▂▂▅  ? help
[2A[3G[?25h[?2026l[?2026h[?25l[2B[1G[2K[1A[2K[1A[2K[1A[2K[1A[2K[1A[2K[1A[2K[1A[2K[1A[2K[1A[2K[1A[2K[1A[2K[1A[2K[1A[2K[1A[2K[1A[2K[G[2m[step 3] context 1 files 1.1kB of 300 candidates: calc/core.py[22m
[2m─── decisions s2 · c~ derived |2p−1| ────────────────────────────────── [d]ecisions [p]lan [t]imeline [s]ynth ─── plan ─[22m
s3 context show:.venv/lib… noul  ▎········· 0.02           │ plan  done 6  remaining 2  unverified 0  problems 1
s3 context show:.venv/lib… noul  ▎········· 0.02           │ [x] Ran tests: 7 passed, 0 failed, 0 errors… s2 0.93
s3 context show:.venv/lib… noul  ▎········· 0.03           │ [x] Ran tests: 7 passed, 0 failed, 0 errors… s3 0.94
s3 context show:.venv/lib… noul  ▎········· 0.02           │ [x] Ran tests again: 7 passed, 0 failed, 0 … s3 0.91
s3 context show:.venv/lib… noul  ▎········· 0.02           │ [x] Ran tests multiple times: 7 passed, 0 f… s4 0.83
s3 context show:.venv/lib… noul  ▎········· 0.02           │ [x] Ran tests: 7 passed, 0 failed, 0 errors… s1 0.92
s3 context show:.venv/lib… noul  ▎········· 0.02           │ [x] Confirmed all functions (add, safe_divi… s1 0.87
s3 context show:.venv/lib… noul  ▎········· 0.02           │ [ ] Re-run tests once more to confirm stability
s3 context show:.venv/lib… noul  ▎········· 0.02           │ [ ] Mark task complete if still passing
s3 context show:.venv/lib… noul  ▎········· 0.02           │ [!] human s0: Follow-up to run 20260921-103525-arhva4xt (s…
s3 context show:.venv/lib… noul  ▎········· 0.02           │
s3 context show:.venv/lib… noul  ▎········· 0.02           │
[33m> [39m[2mType to steer the next step…   Esc pauses · Esc Esc aborts[22m
⠙ context            step 2/12 0m13s  run $0.03/1.00 ok  sess $0.06/5.00 ok  ⎇ main · 1~ 1091?  jev       ▂▅▃▂▂▅  ? help
[2A[3G[?25h[?2026l[?2026h[?25l[2B[1G[2K[1A[2K[1A[2K[1A[2K[1A[2K[1A[2K[1A[2K[1A[2K[1A[2K[1A[2K[1A[2K[1A[2K[1A[2K[1A[2K[1A[2K[1A[2K[G[2m─── decisions s2 · c~ derived |2p−1| ────────────────────────────────── [d]ecisions [p]lan [t]imeline [s]ynth ─── plan ─[22m
s3 context show:.venv/lib… noul  ▎········· 0.02           │ plan  done 6  remaining 2  unverified 0  problems 1
s3 context show:.venv/lib… noul  ▎········· 0.02           │ [x] Ran tests: 7 passed, 0 failed, 0 errors… s2 0.93
s3 context show:.venv/lib… noul  ▎········· 0.03           │ [x] Ran tests: 7 passed, 0 failed, 0 errors… s3 0.94
s3 context show:.venv/lib… noul  ▎········· 0.02           │ [x] Ran tests again: 7 passed, 0 failed, 0 … s3 0.91
s3 context show:.venv/lib… noul  ▎········· 0.02           │ [x] Ran tests multiple times: 7 passed, 0 f… s4 0.83
s3 context show:.venv/lib… noul  ▎········· 0.02           │ [x] Ran tests: 7 passed, 0 failed, 0 errors… s1 0.92
s3 context show:.venv/lib… noul  ▎········· 0.02           │ [x] Confirmed all functions (add, safe_divi… s1 0.87
s3 context show:.venv/lib… noul  ▎········· 0.02           │ [ ] Re-run tests once more to confirm stability
s3 context show:.venv/lib… noul  ▎········· 0.02           │ [ ] Mark task complete if still passing
s3 context show:.venv/lib… noul  ▎········· 0.02           │ [!] human s0: Follow-up to run 20260921-103525-arhva4xt (s…
s3 context show:.venv/lib… noul  ▎········· 0.02           │
s3 context show:.venv/lib… noul  ▎········· 0.02           │
[33m> [39m[2mType to steer the next step…   Esc pauses · Esc Esc aborts[22m
⠹ context            step 2/12 0m13s  run $0.03/1.00 ok  sess $0.06/5.00 ok  ⎇ main · 1~ 1091?  jev       ▂▅▃▂▂▅  ? help
[2A[3G[?25h[?2026l[?2026h[?25l[2B[1G[2K[1A[2K[1A[2K[1A[2K[1A[2K[1A[2K[1A[2K[1A[2K[1A[2K[1A[2K[1A[2K[1A[2K[1A[2K[1A[2K[1A[2K[1A[2K[G[2m─── decisions s2 · c~ derived |2p−1| ────────────────────────────────── [d]ecisions [p]lan [t]imeline [s]ynth ─── plan ─[22m
s3 context show:.venv/lib… noul  ▎········· 0.02           │ plan  done 6  remaining 2  unverified 0  problems 1
s3 context show:.venv/lib… noul  ▎········· 0.02           │ [x] Ran tests: 7 passed, 0 failed, 0 errors… s2 0.93
s3 context show:.venv/lib… noul  ▎········· 0.03           │ [x] Ran tests: 7 passed, 0 failed, 0 errors… s3 0.94
s3 context show:.venv/lib… noul  ▎········· 0.02           │ [x] Ran tests again: 7 passed, 0 failed, 0 … s3 0.91
s3 context show:.venv/lib… noul  ▎········· 0.02           │ [x] Ran tests multiple times: 7 passed, 0 f… s4 0.83
s3 context show:.venv/lib… noul  ▎········· 0.02           │ [x] Ran tests: 7 passed, 0 failed, 0 errors… s1 0.92
s3 context show:.venv/lib… noul  ▎········· 0.02           │ [x] Confirmed all functions (add, safe_divi… s1 0.87
s3 context show:.venv/lib… noul  ▎········· 0.02           │ [ ] Re-run tests once more to confirm stability
s3 context show:.venv/lib… noul  ▎········· 0.02           │ [ ] Mark task complete if still passing
s3 context show:.venv/lib… noul  ▎········· 0.02           │ [!] human s0: Follow-up to run 20260921-103525-arhva4xt (s…
s3 context show:.venv/lib… noul  ▎········· 0.02           │
s3 context show:.venv/lib… noul  ▎········· 0.02           │
[33m> [39m[2mType to steer the next step…   Esc pauses · Esc Esc aborts[22m
⠸ context            step 2/12 0m13s  run $0.03/1.00 ok  sess $0.06/5.00 ok  ⎇ main · 1~ 1091?  jev       ▂▅▃▂▂▅  ? help
[2A[3G[?25h[?2026l[?2026h[?25l[2B[1G[2K[1A[2K[1A[2K[1A[2K[1A[2K[1A[2K[1A[2K[1A[2K[1A[2K[1A[2K[1A[2K[1A[2K[1A[2K[1A[2K[1A[2K[1A[2K[G[2m─── decisions s2 · c~ derived |2p−1| ────────────────────────────────── [d]ecisions [p]lan [t]imeline [s]ynth ─── plan ─[22m
s3 context show:.venv/lib… noul  ▎········· 0.02           │ plan  done 6  remaining 2  unverified 0  problems 1
s3 context show:.venv/lib… noul  ▎········· 0.02           │ [x] Ran tests: 7 passed, 0 failed, 0 errors… s2 0.93
s3 context show:.venv/lib… noul  ▎········· 0.03           │ [x] Ran tests: 7 passed, 0 failed, 0 errors… s3 0.94
s3 context show:.venv/lib… noul  ▎········· 0.02           │ [x] Ran tests again: 7 passed, 0 failed, 0 … s3 0.91
s3 context show:.venv/lib… noul  ▎········· 0.02           │ [x] Ran tests multiple times: 7 passed, 0 f… s4 0.83
s3 context show:.venv/lib… noul  ▎········· 0.02           │ [x] Ran tests: 7 passed, 0 failed, 0 errors… s1 0.92
s3 context show:.venv/lib… noul  ▎········· 0.02           │ [x] Confirmed all functions (add, safe_divi… s1 0.87
s3 context show:.venv/lib… noul  ▎········· 0.02           │ [ ] Re-run tests once more to confirm stability
s3 context show:.venv/lib… noul  ▎········· 0.02           │ [ ] Mark task complete if still passing
s3 context show:.venv/lib… noul  ▎········· 0.02           │ [!] human s0: Follow-up to run 20260921-103525-arhva4xt (s…
s3 context show:.venv/lib… noul  ▎········· 0.02           │
s3 context show:.venv/lib… noul  ▎········· 0.02           │
[33m> [39m[2mType to steer the next step…   Esc pauses · Esc Esc aborts[22m
⠼ context            step 2/12 0m13s  run $0.03/1.00 ok  sess $0.06/5.00 ok  ⎇ main · 1~ 1091?  jev       ▂▅▃▂▂▅  ? help
[2A[3G[?25h[?2026l[?2026h[?25l[2B[1G[2K[1A[2K[1A[2K[1A[2K[1A[2K[1A[2K[1A[2K[1A[2K[1A[2K[1A[2K[1A[2K[1A[2K[1A[2K[1A[2K[1A[2K[1A[2K[G[2m─── decisions s2 · c~ derived |2p−1| ────────────────────────────────── [d]ecisions [p]lan [t]imeline [s]ynth ─── plan ─[22m
s3 context show:.venv/lib… noul  ▎········· 0.02           │ plan  done 6  remaining 2  unverified 0  problems 1
s3 context show:.venv/lib… noul  ▎········· 0.02           │ [x] Ran tests: 7 passed, 0 failed, 0 errors… s2 0.93
s3 context show:.venv/lib… noul  ▎········· 0.03           │ [x] Ran tests: 7 passed, 0 failed, 0 errors… s3 0.94
s3 context show:.venv/lib… noul  ▎········· 0.02           │ [x] Ran tests again: 7 passed, 0 failed, 0 … s3 0.91
s3 context show:.venv/lib… noul  ▎········· 0.02           │ [x] Ran tests multiple times: 7 passed, 0 f… s4 0.83
s3 context show:.venv/lib… noul  ▎········· 0.02           │ [x] Ran tests: 7 passed, 0 failed, 0 errors… s1 0.92
s3 context show:.venv/lib… noul  ▎········· 0.02           │ [x] Confirmed all functions (add, safe_divi… s1 0.87
s3 context show:.venv/lib… noul  ▎········· 0.02           │ [ ] Re-run tests once more to confirm stability
s3 context show:.venv/lib… noul  ▎········· 0.02           │ [ ] Mark task complete if still passing
s3 context show:.venv/lib… noul  ▎········· 0.02           │ [!] human s0: Follow-up to run 20260921-103525-arhva4xt (s…
s3 context show:.venv/lib… noul  ▎········· 0.02           │
s3 context show:.venv/lib… noul  ▎········· 0.02           │
[33m> [39m[2mType to steer the next step…   Esc pauses · Esc Esc aborts[22m
⠴ context            step 2/12 0m13s  run $0.03/1.00 ok  sess $0.06/5.00 ok  ⎇ main · 1~ 1091?  jev       ▂▅▃▂▂▅  ? help
[2A[3G[?25h[?2026l[?2026h[?25l[2B[1G[2K[1A[2K[1A[2K[1A[2K[1A[2K[1A[2K[1A[2K[1A[2K[1A[2K[1A[2K[1A[2K[1A[2K[1A[2K[1A[2K[1A[2K[1A[2K[G[2m─── decisions s2 · c~ derived |2p−1| ────────────────────────────────── [d]ecisions [p]lan [t]imeline [s]ynth ─── plan ─[22m
s3 context show:.venv/lib… noul  ▎········· 0.02           │ plan  done 6  remaining 2  unverified 0  problems 1
s3 context show:.venv/lib… noul  ▎········· 0.02           │ [x] Ran tests: 7 passed, 0 failed, 0 errors… s2 0.93
s3 context show:.venv/lib… noul  ▎········· 0.03           │ [x] Ran tests: 7 passed, 0 failed, 0 errors… s3 0.94
s3 context show:.venv/lib… noul  ▎········· 0.02           │ [x] Ran tests again: 7 passed, 0 failed, 0 … s3 0.91
s3 context show:.venv/lib… noul  ▎········· 0.02           │ [x] Ran tests multiple times: 7 passed, 0 f… s4 0.83
s3 context show:.venv/lib… noul  ▎········· 0.02           │ [x] Ran tests: 7 passed, 0 failed, 0 errors… s1 0.92
s3 context show:.venv/lib… noul  ▎········· 0.02           │ [x] Confirmed all functions (add, safe_divi… s1 0.87
s3 context show:.venv/lib… noul  ▎········· 0.02           │ [ ] Re-run tests once more to confirm stability
s3 context show:.venv/lib… noul  ▎········· 0.02           │ [ ] Mark task complete if still passing
s3 context show:.venv/lib… noul  ▎········· 0.02           │ [!] human s0: Follow-up to run 20260921-103525-arhva4xt (s…
s3 context show:.venv/lib… noul  ▎········· 0.02           │
s3 context show:.venv/lib… noul  ▎········· 0.02           │
[33m> [39m[2mType to steer the next step…   Esc pauses · Esc Esc aborts[22m
⠴ context            step 2/12 0m14s  run $0.03/1.00 ok  sess $0.06/5.00 ok  ⎇ main · 1~ 1091?  jev       ▂▅▃▂▂▅  ? help
[2A[3G[?25h[?2026l[?2026h[?25l[2B[1G[2K[1A[2K[1A[2K[1A[2K[1A[2K[1A[2K[1A[2K[1A[2K[1A[2K[1A[2K[1A[2K[1A[2K[1A[2K[1A[2K[1A[2K[1A[2K[G[2m─── decisions s2 · c~ derived |2p−1| ────────────────────────────────── [d]ecisions [p]lan [t]imeline [s]ynth ─── plan ─[22m
s3 context show:.venv/lib… noul  ▎········· 0.02           │ plan  done 6  remaining 2  unverified 0  problems 1
s3 context show:.venv/lib… noul  ▎········· 0.02           │ [x] Ran tests: 7 passed, 0 failed, 0 errors… s2 0.93
s3 context show:.venv/lib… noul  ▎········· 0.03           │ [x] Ran tests: 7 passed, 0 failed, 0 errors… s3 0.94
s3 context show:.venv/lib… noul  ▎········· 0.02           │ [x] Ran tests again: 7 passed, 0 failed, 0 … s3 0.91
s3 context show:.venv/lib… noul  ▎········· 0.02           │ [x] Ran tests multiple times: 7 passed, 0 f… s4 0.83
s3 context show:.venv/lib… noul  ▎········· 0.02           │ [x] Ran tests: 7 passed, 0 failed, 0 errors… s1 0.92
s3 context show:.venv/lib… noul  ▎········· 0.02           │ [x] Confirmed all functions (add, safe_divi… s1 0.87
s3 context show:.venv/lib… noul  ▎········· 0.02           │ [ ] Re-run tests once more to confirm stability
s3 context show:.venv/lib… noul  ▎········· 0.02           │ [ ] Mark task complete if still passing
s3 context show:.venv/lib… noul  ▎········· 0.02           │ [!] human s0: Follow-up to run 20260921-103525-arhva4xt (s…
s3 context show:.venv/lib… noul  ▎········· 0.02           │
s3 context show:.venv/lib… noul  ▎········· 0.02           │
[33m> [39m[2mType to steer the next step…   Esc pauses · Esc Esc aborts[22m
⠦ context            step 2/12 0m14s  run $0.03/1.00 ok  sess $0.06/5.00 ok  ⎇ main · 1~ 1091?  jev       ▂▅▃▂▂▅  ? help
[2A[3G[?25h[?2026l[?2026h[?25l[2B[1G[2K[1A[2K[1A[2K[1A[2K[1A[2K[1A[2K[1A[2K[1A[2K[1A[2K[1A[2K[1A[2K[1A[2K[1A[2K[1A[2K[1A[2K[1A[2K[G[2m─── decisions s2 · c~ derived |2p−1| ────────────────────────────────── [d]ecisions [p]lan [t]imeline [s]ynth ─── plan ─[22m
s3 context show:.venv/lib… noul  ▎········· 0.02           │ plan  done 6  remaining 2  unverified 0  problems 1
s3 context show:.venv/lib… noul  ▎········· 0.02           │ [x] Ran tests: 7 passed, 0 failed, 0 errors… s2 0.93
s3 context show:.venv/lib… noul  ▎········· 0.03           │ [x] Ran tests: 7 passed, 0 failed, 0 errors… s3 0.94
s3 context show:.venv/lib… noul  ▎········· 0.02           │ [x] Ran tests again: 7 passed, 0 failed, 0 … s3 0.91
s3 context show:.venv/lib… noul  ▎········· 0.02           │ [x] Ran tests multiple times: 7 passed, 0 f… s4 0.83
s3 context show:.venv/lib… noul  ▎········· 0.02           │ [x] Ran tests: 7 passed, 0 failed, 0 errors… s1 0.92
s3 context show:.venv/lib… noul  ▎········· 0.02           │ [x] Confirmed all functions (add, safe_divi… s1 0.87
s3 context show:.venv/lib… noul  ▎········· 0.02           │ [ ] Re-run tests once more to confirm stability
s3 context show:.venv/lib… noul  ▎········· 0.02           │ [ ] Mark task complete if still passing
s3 context show:.venv/lib… noul  ▎········· 0.02           │ [!] human s0: Follow-up to run 20260921-103525-arhva4xt (s…
s3 context show:.venv/lib… noul  ▎········· 0.02           │
s3 context show:.venv/lib… noul  ▎········· 0.02           │
[33m> [39m[2mType to steer the next step…   Esc pauses · Esc Esc aborts[22m
⠧ context            step 2/12 0m14s  run $0.03/1.00 ok  sess $0.06/5.00 ok  ⎇ main · 1~ 1091?  jev       ▂▅▃▂▂▅  ? help
[2A[3G[?25h[?2026l[?2026h[?25l[2B[1G[2K[1A[2K[1A[2K[1A[2K[1A[2K[1A[2K[1A[2K[1A[2K[1A[2K[1A[2K[1A[2K[1A[2K[1A[2K[1A[2K[1A[2K[1A[2K[G[2m─── decisions s2 · c~ derived |2p−1| ────────────────────────────────── [d]ecisions [p]lan [t]imeline [s]ynth ─── plan ─[22m
s3 context show:.venv/lib… noul  ▎········· 0.02           │ plan  done 6  remaining 2  unverified 0  problems 1
s3 context show:.venv/lib… noul  ▎········· 0.02           │ [x] Ran tests: 7 passed, 0 failed, 0 errors… s2 0.93
s3 context show:.venv/lib… noul  ▎········· 0.03           │ [x] Ran tests: 7 passed, 0 failed, 0 errors… s3 0.94
s3 context show:.venv/lib… noul  ▎········· 0.02           │ [x] Ran tests again: 7 passed, 0 failed, 0 … s3 0.91
s3 context show:.venv/lib… noul  ▎········· 0.02           │ [x] Ran tests multiple times: 7 passed, 0 f… s4 0.83
s3 context show:.venv/lib… noul  ▎········· 0.02           │ [x] Ran tests: 7 passed, 0 failed, 0 errors… s1 0.92
s3 context show:.venv/lib… noul  ▎········· 0.02           │ [x] Confirmed all functions (add, safe_divi… s1 0.87
s3 context show:.venv/lib… noul  ▎········· 0.02           │ [ ] Re-run tests once more to confirm stability
s3 context show:.venv/lib… noul  ▎········· 0.02           │ [ ] Mark task complete if still passing
s3 context show:.venv/lib… noul  ▎········· 0.02           │ [!] human s0: Follow-up to run 20260921-103525-arhva4xt (s…
s3 context show:.venv/lib… noul  ▎········· 0.02           │
s3 context show:.venv/lib… noul  ▎········· 0.02           │
[33m> [39m[2mType to steer the next step…   Esc pauses · Esc Esc aborts[22m
⠇ context            step 2/12 0m14s  run $0.03/1.00 ok  sess $0.06/5.00 ok  ⎇ main · 1~ 1091?  jev       ▂▅▃▂▂▅  ? help
[2A[3G[?25h[?2026l[?2026h[?25l[2B[1G[2K[1A[2K[1A[2K[1A[2K[1A[2K[1A[2K[1A[2K[1A[2K[1A[2K[1A[2K[1A[2K[1A[2K[1A[2K[1A[2K[1A[2K[1A[2K[G[2m─── decisions s2 · c~ derived |2p−1| ────────────────────────────────── [d]ecisions [p]lan [t]imeline [s]ynth ─── plan ─[22m
s3 context show:.venv/lib… noul  ▎········· 0.02           │ plan  done 6  remaining 2  unverified 0  problems 1
s3 context show:.venv/lib… noul  ▎········· 0.02           │ [x] Ran tests: 7 passed, 0 failed, 0 errors… s2 0.93
s3 context show:.venv/lib… noul  ▎········· 0.03           │ [x] Ran tests: 7 passed, 0 failed, 0 errors… s3 0.94
s3 context show:.venv/lib… noul  ▎········· 0.02           │ [x] Ran tests again: 7 passed, 0 failed, 0 … s3 0.91
s3 context show:.venv/lib… noul  ▎········· 0.02           │ [x] Ran tests multiple times: 7 passed, 0 f… s4 0.83
s3 context show:.venv/lib… noul  ▎········· 0.02           │ [x] Ran tests: 7 passed, 0 failed, 0 errors… s1 0.92
s3 context show:.venv/lib… noul  ▎········· 0.02           │ [x] Confirmed all functions (add, safe_divi… s1 0.87
s3 context show:.venv/lib… noul  ▎········· 0.02           │ [ ] Re-run tests once more to confirm stability
s3 context show:.venv/lib… noul  ▎········· 0.02           │ [ ] Mark task complete if still passing
s3 context show:.venv/lib… noul  ▎········· 0.02           │ [!] human s0: Follow-up to run 20260921-103525-arhva4xt (s…
s3 context show:.venv/lib… noul  ▎········· 0.02           │
s3 context show:.venv/lib… noul  ▎········· 0.02           │
[33m> [39m[2mType to steer the next step…   Esc pauses · Esc Esc aborts[22m
⠏ context            step 2/12 0m14s  run $0.03/1.00 ok  sess $0.06/5.00 ok  ⎇ main · 1~ 1091?  jev       ▂▅▃▂▂▅  ? help
[2A[3G[?25h[?2026l[?2026h[?25l[2B[1G[2K[1A[2K[1A[2K[1A[2K[1A[2K[1A[2K[1A[2K[1A[2K[1A[2K[1A[2K[1A[2K[1A[2K[1A[2K[1A[2K[1A[2K[1A[2K[G[2m─── decisions s2 · c~ derived |2p−1| ────────────────────────────────── [d]ecisions [p]lan [t]imeline [s]ynth ─── plan ─[22m
s3 context show:.venv/lib… noul  ▎········· 0.02           │ plan  done 6  remaining 2  unverified 0  problems 1
s3 context show:.venv/lib… noul  ▎········· 0.02           │ [x] Ran tests: 7 passed, 0 failed, 0 errors… s2 0.93
s3 context show:.venv/lib… noul  ▎········· 0.03           │ [x] Ran tests: 7 passed, 0 failed, 0 errors… s3 0.94
s3 context show:.venv/lib… noul  ▎········· 0.02           │ [x] Ran tests again: 7 passed, 0 failed, 0 … s3 0.91
s3 context show:.venv/lib… noul  ▎········· 0.02           │ [x] Ran tests multiple times: 7 passed, 0 f… s4 0.83
s3 context show:.venv/lib… noul  ▎········· 0.02           │ [x] Ran tests: 7 passed, 0 failed, 0 errors… s1 0.92
s3 context show:.venv/lib… noul  ▎········· 0.02           │ [x] Confirmed all functions (add, safe_divi… s1 0.87
s3 context show:.venv/lib… noul  ▎········· 0.02           │ [ ] Re-run tests once more to confirm stability
s3 context show:.venv/lib… noul  ▎········· 0.02           │ [ ] Mark task complete if still passing
s3 context show:.venv/lib… noul  ▎········· 0.02           │ [!] human s0: Follow-up to run 20260921-103525-arhva4xt (s…
s3 context show:.venv/lib… noul  ▎········· 0.02           │
s3 context show:.venv/lib… noul  ▎········· 0.02           │
[33m> [39m[2mType to steer the next step…   Esc pauses · Esc Esc aborts[22m
⠋ context            step 2/12 0m14s  run $0.03/1.00 ok  sess $0.06/5.00 ok  ⎇ main · 1~ 1091?  jev       ▂▅▃▂▂▅  ? help
[2A[3G[?25h[?2026l[?2026h[?25l[2B[1G[2K[1A[2K[1A[2K[1A[2K[1A[2K[1A[2K[1A[2K[1A[2K[1A[2K[1A[2K[1A[2K[1A[2K[1A[2K[1A[2K[1A[2K[1A[2K[G[2m─── decisions s2 · c~ derived |2p−1| ────────────────────────────────── [d]ecisions [p]lan [t]imeline [s]ynth ─── plan ─[22m
s3 context show:.venv/lib… noul  ▎········· 0.02           │ plan  done 6  remaining 2  unverified 0  problems 1
s3 context show:.venv/lib… noul  ▎········· 0.02           │ [x] Ran tests: 7 passed, 0 failed, 0 errors… s2 0.93
s3 context show:.venv/lib… noul  ▎········· 0.03           │ [x] Ran tests: 7 passed, 0 failed, 0 errors… s3 0.94
s3 context show:.venv/lib… noul  ▎········· 0.02           │ [x] Ran tests again: 7 passed, 0 failed, 0 … s3 0.91
s3 context show:.venv/lib… noul  ▎········· 0.02           │ [x] Ran tests multiple times: 7 passed, 0 f… s4 0.83
s3 context show:.venv/lib… noul  ▎········· 0.02           │ [x] Ran tests: 7 passed, 0 failed, 0 errors… s1 0.92
s3 context show:.venv/lib… noul  ▎········· 0.02           │ [x] Confirmed all functions (add, safe_divi… s1 0.87
s3 context show:.venv/lib… noul  ▎········· 0.02           │ [ ] Re-run tests once more to confirm stability
s3 context show:.venv/lib… noul  ▎········· 0.02           │ [ ] Mark task complete if still passing
s3 context show:.venv/lib… noul  ▎········· 0.02           │ [!] human s0: Follow-up to run 20260921-103525-arhva4xt (s…
s3 context show:.venv/lib… noul  ▎········· 0.02           │
s3 context show:.venv/lib… noul  ▎········· 0.02           │
[33m> [39m[2mType to steer the next step…   Esc pauses · Esc Esc aborts[22m
⠙ context            step 2/12 0m14s  run $0.03/1.00 ok  sess $0.06/5.00 ok  ⎇ main · 1~ 1091?  jev       ▂▅▃▂▂▅  ? help
[2A[3G[?25h[?2026l[?2026h[?25l[2B[1G[2K[1A[2K[1A[2K[1A[2K[1A[2K[1A[2K[1A[2K[1A[2K[1A[2K[1A[2K[1A[2K[1A[2K[1A[2K[1A[2K[1A[2K[1A[2K[G[2m─── decisions s2 · c~ derived |2p−1| ────────────────────────────────── [d]ecisions [p]lan [t]imeline [s]ynth ─── plan ─[22m
s3 context show:.venv/lib… noul  ▎········· 0.02           │ plan  done 6  remaining 2  unverified 0  problems 1
s3 context show:.venv/lib… noul  ▎········· 0.02           │ [x] Ran tests: 7 passed, 0 failed, 0 errors… s2 0.93
s3 context show:.venv/lib… noul  ▎········· 0.03           │ [x] Ran tests: 7 passed, 0 failed, 0 errors… s3 0.94
s3 context show:.venv/lib… noul  ▎········· 0.02           │ [x] Ran tests again: 7 passed, 0 failed, 0 … s3 0.91
s3 context show:.venv/lib… noul  ▎········· 0.02           │ [x] Ran tests multiple times: 7 passed, 0 f… s4 0.83
s3 context show:.venv/lib… noul  ▎········· 0.02           │ [x] Ran tests: 7 passed, 0 failed, 0 errors… s1 0.92
s3 context show:.venv/lib… noul  ▎········· 0.02           │ [x] Confirmed all functions (add, safe_divi… s1 0.87
s3 context show:.venv/lib… noul  ▎········· 0.02           │ [ ] Re-run tests once more to confirm stability
s3 context show:.venv/lib… noul  ▎········· 0.02           │ [ ] Mark task complete if still passing
s3 context show:.venv/lib… noul  ▎········· 0.02           │ [!] human s0: Follow-up to run 20260921-103525-arhva4xt (s…
s3 context show:.venv/lib… noul  ▎········· 0.02           │
s3 context show:.venv/lib… noul  ▎········· 0.02           │
[33m> [39m[2mType to steer the next step…   Esc pauses · Esc Esc aborts[22m
⠹ context            step 2/12 0m14s  run $0.03/1.00 ok  sess $0.06/5.00 ok  ⎇ main · 1~ 1091?  jev       ▂▅▃▂▂▅  ? help
[2A[3G[?25h[?2026l[?2026h[?25l[2B[1G[2K[1A[2K[1A[2K[1A[2K[1A[2K[1A[2K[1A[2K[1A[2K[1A[2K[1A[2K[1A[2K[1A[2K[1A[2K[1A[2K[1A[2K[1A[2K[G[2m─── decisions s2 · c~ derived |2p−1| ────────────────────────────────── [d]ecisions [p]lan [t]imeline [s]ynth ─── plan ─[22m
streaming action… 81 chars
s3 context show:.venv/lib… noul  ▎········· 0.02           │ plan  done 6  remaining 2  unverified 0  problems 1
s3 context show:.venv/lib… noul  ▎········· 0.02           │ [x] Ran tests: 7 passed, 0 failed, 0 errors… s2 0.93
s3 context show:.venv/lib… noul  ▎········· 0.03           │ [x] Ran tests: 7 passed, 0 failed, 0 errors… s3 0.94
s3 context show:.venv/lib… noul  ▎········· 0.02           │ [x] Ran tests again: 7 passed, 0 failed, 0 … s3 0.91
s3 context show:.venv/lib… noul  ▎········· 0.02           │ [x] Ran tests multiple times: 7 passed, 0 f… s4 0.83
s3 context show:.venv/lib… noul  ▎········· 0.02           │ [x] Ran tests: 7 passed, 0 failed, 0 errors… s1 0.92
s3 context show:.venv/lib… noul  ▎········· 0.02           │ [x] Confirmed all functions (add, safe_divi… s1 0.87
s3 context show:.venv/lib… noul  ▎········· 0.02           │ [ ] Re-run tests once more to confirm stability
s3 context show:.venv/lib… noul  ▎········· 0.02           │ [ ] Mark task complete if still passing
s3 context show:.venv/lib… noul  ▎········· 0.02           │ [!] human s0: Follow-up to run 20260921-103525-arhva4xt (s…
s3 context show:.venv/lib… noul  ▎········· 0.02           │
s3 context show:.venv/lib… noul  ▎········· 0.02           │
[33m> [39m[2mType to steer the next step…   Esc pauses · Esc Esc aborts[22m
⠹ context            step 2/12 0m14s  run $0.03/1.00 ok  sess $0.06/5.00 ok  ⎇ main · 1~ 1091?  jev       ▂▅▃▂▂▅  ? help
[2A[3G[?25h[?2026l[?2026h[?25l[2B[1G[2K[1A[2K[1A[2K[1A[2K[1A[2K[1A[2K[1A[2K[1A[2K[1A[2K[1A[2K[1A[2K[1A[2K[1A[2K[1A[2K[1A[2K[1A[2K[1A[2K[G[2m─── decisions s2 · c~ derived |2p−1| ────────────────────────────────── [d]ecisions [p]lan [t]imeline [s]ynth ─── plan ─[22m
streaming action… 81 chars
s3 context show:.venv/lib… noul  ▎········· 0.02           │ plan  done 6  remaining 2  unverified 0  problems 1
s3 context show:.venv/lib… noul  ▎········· 0.02           │ [x] Ran tests: 7 passed, 0 failed, 0 errors… s2 0.93
s3 context show:.venv/lib… noul  ▎········· 0.03           │ [x] Ran tests: 7 passed, 0 failed, 0 errors… s3 0.94
s3 context show:.venv/lib… noul  ▎········· 0.02           │ [x] Ran tests again: 7 passed, 0 failed, 0 … s3 0.91
s3 context show:.venv/lib… noul  ▎········· 0.02           │ [x] Ran tests multiple times: 7 passed, 0 f… s4 0.83
s3 context show:.venv/lib… noul  ▎········· 0.02           │ [x] Ran tests: 7 passed, 0 failed, 0 errors… s1 0.92
s3 context show:.venv/lib… noul  ▎········· 0.02           │ [x] Confirmed all functions (add, safe_divi… s1 0.87
s3 context show:.venv/lib… noul  ▎········· 0.02           │ [ ] Re-run tests once more to confirm stability
s3 context show:.venv/lib… noul  ▎········· 0.02           │ [ ] Mark task complete if still passing
s3 context show:.venv/lib… noul  ▎········· 0.02           │ [!] human s0: Follow-up to run 20260921-103525-arhva4xt (s…
s3 context show:.venv/lib… noul  ▎········· 0.02           │
s3 context show:.venv/lib… noul  ▎········· 0.02           │
[33m> [39m[2mType to steer the next step…   Esc pauses · Esc Esc aborts[22m
⠹ context            step 2/12 0m15s  run $0.03/1.00 ok  sess $0.06/5.00 ok  ⎇ main · 1~ 1091?  jev       ▂▅▃▂▂▅  ? help
[2A[3G[?25h[?2026l[?2026h[?25l[2B[1G[2K[1A[2K[1A[2K[1A[2K[1A[2K[1A[2K[1A[2K[1A[2K[1A[2K[1A[2K[1A[2K[1A[2K[1A[2K[1A[2K[1A[2K[1A[2K[1A[2K[G[2m─── decisions s2 · c~ derived |2p−1| ────────────────────────────────── [d]ecisions [p]lan [t]imeline [s]ynth ─── plan ─[22m
streaming action… 81 chars
s3 context show:.venv/lib… noul  ▎········· 0.02           │ plan  done 6  remaining 2  unverified 0  problems 1
s3 context show:.venv/lib… noul  ▎········· 0.02           │ [x] Ran tests: 7 passed, 0 failed, 0 errors… s2 0.93
s3 context show:.venv/lib… noul  ▎········· 0.03           │ [x] Ran tests: 7 passed, 0 failed, 0 errors… s3 0.94
s3 context show:.venv/lib… noul  ▎········· 0.02           │ [x] Ran tests again: 7 passed, 0 failed, 0 … s3 0.91
s3 context show:.venv/lib… noul  ▎········· 0.02           │ [x] Ran tests multiple times: 7 passed, 0 f… s4 0.83
s3 context show:.venv/lib… noul  ▎········· 0.02           │ [x] Ran tests: 7 passed, 0 failed, 0 errors… s1 0.92
s3 context show:.venv/lib… noul  ▎········· 0.02           │ [x] Confirmed all functions (add, safe_divi… s1 0.87
s3 context show:.venv/lib… noul  ▎········· 0.02           │ [ ] Re-run tests once more to confirm stability
s3 context show:.venv/lib… noul  ▎········· 0.02           │ [ ] Mark task complete if still passing
s3 context show:.venv/lib… noul  ▎········· 0.02           │ [!] human s0: Follow-up to run 20260921-103525-arhva4xt (s…
s3 context show:.venv/lib… noul  ▎········· 0.02           │
s3 context show:.venv/lib… noul  ▎········· 0.02           │
[33m> [39m[2mType to steer the next step…   Esc pauses · Esc Esc aborts[22m
⠸ context            step 2/12 0m15s  run $0.03/1.00 ok  sess $0.06/5.00 ok  ⎇ main · 1~ 1091?  jev       ▂▅▃▂▂▅  ? help
[2A[3G[?25h[?2026l[?2026h[?25l[2B[1G[2K[1A[2K[1A[2K[1A[2K[1A[2K[1A[2K[1A[2K[1A[2K[1A[2K[1A[2K[1A[2K[1A[2K[1A[2K[1A[2K[1A[2K[1A[2K[1A[2K[G[2m─── decisions s2 · c~ derived |2p−1| ────────────────────────────────── [d]ecisions [p]lan [t]imeline [s]ynth ─── plan ─[22m
streaming action… 81 chars
s3 context show:.venv/lib… noul  ▎········· 0.02           │ plan  done 6  remaining 2  unverified 0  problems 1
s3 context show:.venv/lib… noul  ▎········· 0.02           │ [x] Ran tests: 7 passed, 0 failed, 0 errors… s2 0.93
s3 context show:.venv/lib… noul  ▎········· 0.03           │ [x] Ran tests: 7 passed, 0 failed, 0 errors… s3 0.94
s3 context show:.venv/lib… noul  ▎········· 0.02           │ [x] Ran tests again: 7 passed, 0 failed, 0 … s3 0.91
s3 context show:.venv/lib… noul  ▎········· 0.02           │ [x] Ran tests multiple times: 7 passed, 0 f… s4 0.83
s3 context show:.venv/lib… noul  ▎········· 0.02           │ [x] Ran tests: 7 passed, 0 failed, 0 errors… s1 0.92
s3 context show:.venv/lib… noul  ▎········· 0.02           │ [x] Confirmed all functions (add, safe_divi… s1 0.87
s3 context show:.venv/lib… noul  ▎········· 0.02           │ [ ] Re-run tests once more to confirm stability
s3 context show:.venv/lib… noul  ▎········· 0.02           │ [ ] Mark task complete if still passing
s3 context show:.venv/lib… noul  ▎········· 0.02           │ [!] human s0: Follow-up to run 20260921-103525-arhva4xt (s…
s3 context show:.venv/lib… noul  ▎········· 0.02           │
s3 context show:.venv/lib… noul  ▎········· 0.02           │
[33m> [39m[2mType to steer the next step…   Esc pauses · Esc Esc aborts[22m
⠼ context            step 2/12 0m15s  run $0.03/1.00 ok  sess $0.06/5.00 ok  ⎇ main · 1~ 1091?  jev       ▂▅▃▂▂▅  ? help
[2A[3G[?25h[?2026l[?2026h[?25l[2B[1G[2K[1A[2K[1A[2K[1A[2K[1A[2K[1A[2K[1A[2K[1A[2K[1A[2K[1A[2K[1A[2K[1A[2K[1A[2K[1A[2K[1A[2K[1A[2K[1A[2K[G[2m─── decisions s2 · c~ derived |2p−1| ────────────────────────────────── [d]ecisions [p]lan [t]imeline [s]ynth ─── plan ─[22m
streaming action… 81 chars
s3 context show:.venv/lib… noul  ▎········· 0.02           │ plan  done 6  remaining 2  unverified 0  problems 1
s3 context show:.venv/lib… noul  ▎········· 0.02           │ [x] Ran tests: 7 passed, 0 failed, 0 errors… s2 0.93
s3 context show:.venv/lib… noul  ▎········· 0.03           │ [x] Ran tests: 7 passed, 0 failed, 0 errors… s3 0.94
s3 context show:.venv/lib… noul  ▎········· 0.02           │ [x] Ran tests again: 7 passed, 0 failed, 0 … s3 0.91
s3 context show:.venv/lib… noul  ▎········· 0.02           │ [x] Ran tests multiple times: 7 passed, 0 f… s4 0.83
s3 context show:.venv/lib… noul  ▎········· 0.02           │ [x] Ran tests: 7 passed, 0 failed, 0 errors… s1 0.92
s3 context show:.venv/lib… noul  ▎········· 0.02           │ [x] Confirmed all functions (add, safe_divi… s1 0.87
s3 context show:.venv/lib… noul  ▎········· 0.02           │ [ ] Re-run tests once more to confirm stability
s3 context show:.venv/lib… noul  ▎········· 0.02           │ [ ] Mark task complete if still passing
s3 context show:.venv/lib… noul  ▎········· 0.02           │ [!] human s0: Follow-up to run 20260921-103525-arhva4xt (s…
s3 context show:.venv/lib… noul  ▎········· 0.02           │
s3 context show:.venv/lib… noul  ▎········· 0.02           │
[33m> [39m[2mType to steer the next step…   Esc pauses · Esc Esc aborts[22m
⠴ context            step 2/12 0m15s  run $0.03/1.00 ok  sess $0.06/5.00 ok  ⎇ main · 1~ 1091?  jev       ▂▅▃▂▂▅  ? help
[2A[3G[?25h[?2026l[?2026h[?25l[2B[1G[2K[1A[2K[1A[2K[1A[2K[1A[2K[1A[2K[1A[2K[1A[2K[1A[2K[1A[2K[1A[2K[1A[2K[1A[2K[1A[2K[1A[2K[1A[2K[1A[2K[G[2m─── decisions s2 · c~ derived |2p−1| ────────────────────────────────── [d]ecisions [p]lan [t]imeline [s]ynth ─── plan ─[22m
streaming action… 146 chars
s3 context show:.venv/lib… noul  ▎········· 0.02           │ plan  done 6  remaining 2  unverified 0  problems 1
s3 context show:.venv/lib… noul  ▎········· 0.02           │ [x] Ran tests: 7 passed, 0 failed, 0 errors… s2 0.93
s3 context show:.venv/lib… noul  ▎········· 0.03           │ [x] Ran tests: 7 passed, 0 failed, 0 errors… s3 0.94
s3 context show:.venv/lib… noul  ▎········· 0.02           │ [x] Ran tests again: 7 passed, 0 failed, 0 … s3 0.91
s3 context show:.venv/lib… noul  ▎········· 0.02           │ [x] Ran tests multiple times: 7 passed, 0 f… s4 0.83
s3 context show:.venv/lib… noul  ▎········· 0.02           │ [x] Ran tests: 7 passed, 0 failed, 0 errors… s1 0.92
s3 context show:.venv/lib… noul  ▎········· 0.02           │ [x] Confirmed all functions (add, safe_divi… s1 0.87
s3 context show:.venv/lib… noul  ▎········· 0.02           │ [ ] Re-run tests once more to confirm stability
s3 context show:.venv/lib… noul  ▎········· 0.02           │ [ ] Mark task complete if still passing
s3 context show:.venv/lib… noul  ▎········· 0.02           │ [!] human s0: Follow-up to run 20260921-103525-arhva4xt (s…
s3 context show:.venv/lib… noul  ▎········· 0.02           │
s3 context show:.venv/lib… noul  ▎········· 0.02           │
[33m> [39m[2mType to steer the next step…   Esc pauses · Esc Esc aborts[22m
⠴ context            step 2/12 0m15s  run $0.03/1.00 ok  sess $0.06/5.00 ok  ⎇ main · 1~ 1091?  jev       ▂▅▃▂▂▅  ? help
[2A[3G[?25h[?2026l[?2026h[?25l[2B[1G[2K[1A[2K[1A[2K[1A[2K[1A[2K[1A[2K[1A[2K[1A[2K[1A[2K[1A[2K[1A[2K[1A[2K[1A[2K[1A[2K[1A[2K[1A[2K[1A[2K[G[2m─── decisions s2 · c~ derived |2p−1| ────────────────────────────────── [d]ecisions [p]lan [t]imeline [s]ynth ─── plan ─[22m
streaming action… 149 chars
s3 context show:.venv/lib… noul  ▎········· 0.02           │ plan  done 6  remaining 2  unverified 0  problems 1
s3 context show:.venv/lib… noul  ▎········· 0.02           │ [x] Ran tests: 7 passed, 0 failed, 0 errors… s2 0.93
s3 context show:.venv/lib… noul  ▎········· 0.03           │ [x] Ran tests: 7 passed, 0 failed, 0 errors… s3 0.94
s3 context show:.venv/lib… noul  ▎········· 0.02           │ [x] Ran tests again: 7 passed, 0 failed, 0 … s3 0.91
s3 context show:.venv/lib… noul  ▎········· 0.02           │ [x] Ran tests multiple times: 7 passed, 0 f… s4 0.83
s3 context show:.venv/lib… noul  ▎········· 0.02           │ [x] Ran tests: 7 passed, 0 failed, 0 errors… s1 0.92
s3 context show:.venv/lib… noul  ▎········· 0.02           │ [x] Confirmed all functions (add, safe_divi… s1 0.87
s3 context show:.venv/lib… noul  ▎········· 0.02           │ [ ] Re-run tests once more to confirm stability
s3 context show:.venv/lib… noul  ▎········· 0.02           │ [ ] Mark task complete if still passing
s3 context show:.venv/lib… noul  ▎········· 0.02           │ [!] human s0: Follow-up to run 20260921-103525-arhva4xt (s…
s3 context show:.venv/lib… noul  ▎········· 0.02           │
s3 context show:.venv/lib… noul  ▎········· 0.02           │
[33m> [39m[2mType to steer the next step…   Esc pauses · Esc Esc aborts[22m
⠴ context            step 2/12 0m15s  run $0.03/1.00 ok  sess $0.06/5.00 ok  ⎇ main · 1~ 1091?  jev       ▂▅▃▂▂▅  ? help
[2A[3G[?25h[?2026l[?2026h[?25l[2B[1G[2K[1A[2K[1A[2K[1A[2K[1A[2K[1A[2K[1A[2K[1A[2K[1A[2K[1A[2K[1A[2K[1A[2K[1A[2K[1A[2K[1A[2K[1A[2K[1A[2K[G[2m─── decisions s2 · c~ derived |2p−1| ────────────────────────────────── [d]ecisions [p]lan [t]imeline [s]ynth ─── plan ─[22m
streaming action… 149 chars
s3 context show:.venv/lib… noul  ▎········· 0.02           │ plan  done 6  remaining 2  unverified 0  problems 1
s3 context show:.venv/lib… noul  ▎········· 0.02           │ [x] Ran tests: 7 passed, 0 failed, 0 errors… s2 0.93
s3 context show:.venv/lib… noul  ▎········· 0.03           │ [x] Ran tests: 7 passed, 0 failed, 0 errors… s3 0.94
s3 context show:.venv/lib… noul  ▎········· 0.02           │ [x] Ran tests again: 7 passed, 0 failed, 0 … s3 0.91
s3 context show:.venv/lib… noul  ▎········· 0.02           │ [x] Ran tests multiple times: 7 passed, 0 f… s4 0.83
s3 context show:.venv/lib… noul  ▎········· 0.02           │ [x] Ran tests: 7 passed, 0 failed, 0 errors… s1 0.92
s3 context show:.venv/lib… noul  ▎········· 0.02           │ [x] Confirmed all functions (add, safe_divi… s1 0.87
s3 context show:.venv/lib… noul  ▎········· 0.02           │ [ ] Re-run tests once more to confirm stability
s3 context show:.venv/lib… noul  ▎········· 0.02           │ [ ] Mark task complete if still passing
s3 context show:.venv/lib… noul  ▎········· 0.02           │ [!] human s0: Follow-up to run 20260921-103525-arhva4xt (s…
s3 context show:.venv/lib… noul  ▎········· 0.02           │
s3 context show:.venv/lib… noul  ▎········· 0.02           │
[33m> [39m[2mType to steer the next step…   Esc pauses · Esc Esc aborts[22m
⠦ context            step 2/12 0m15s  run $0.03/1.00 ok  sess $0.06/5.00 ok  ⎇ main · 1~ 1091?  jev       ▂▅▃▂▂▅  ? help
[2A[3G[?25h[?2026l[?2026h[?25l[2B[1G[2K[1A[2K[1A[2K[1A[2K[1A[2K[1A[2K[1A[2K[1A[2K[1A[2K[1A[2K[1A[2K[1A[2K[1A[2K[1A[2K[1A[2K[1A[2K[1A[2K[G[2m─── decisions s2 · c~ derived |2p−1| ────────────────────────────────── [d]ecisions [p]lan [t]imeline [s]ynth ─── plan ─[22m
streaming action… 176 chars
s3 context show:.venv/lib… noul  ▎········· 0.02           │ plan  done 6  remaining 2  unverified 0  problems 1
s3 context show:.venv/lib… noul  ▎········· 0.02           │ [x] Ran tests: 7 passed, 0 failed, 0 errors… s2 0.93
s3 context show:.venv/lib… noul  ▎········· 0.03           │ [x] Ran tests: 7 passed, 0 failed, 0 errors… s3 0.94
s3 context show:.venv/lib… noul  ▎········· 0.02           │ [x] Ran tests again: 7 passed, 0 failed, 0 … s3 0.91
s3 context show:.venv/lib… noul  ▎········· 0.02           │ [x] Ran tests multiple times: 7 passed, 0 f… s4 0.83
s3 context show:.venv/lib… noul  ▎········· 0.02           │ [x] Ran tests: 7 passed, 0 failed, 0 errors… s1 0.92
s3 context show:.venv/lib… noul  ▎········· 0.02           │ [x] Confirmed all functions (add, safe_divi… s1 0.87
s3 context show:.venv/lib… noul  ▎········· 0.02           │ [ ] Re-run tests once more to confirm stability
s3 context show:.venv/lib… noul  ▎········· 0.02           │ [ ] Mark task complete if still passing
s3 context show:.venv/lib… noul  ▎········· 0.02           │ [!] human s0: Follow-up to run 20260921-103525-arhva4xt (s…
s3 context show:.venv/lib… noul  ▎········· 0.02           │
s3 context show:.venv/lib… noul  ▎········· 0.02           │
[33m> [39m[2mType to steer the next step…   Esc pauses · Esc Esc aborts[22m
⠦ context            step 2/12 0m15s  run $0.03/1.00 ok  sess $0.06/5.00 ok  ⎇ main · 1~ 1091?  jev       ▂▅▃▂▂▅  ? help
[2A[3G[?25h[?2026l[?2026h[?25l[2B[1G[2K[1A[2K[1A[2K[1A[2K[1A[2K[1A[2K[1A[2K[1A[2K[1A[2K[1A[2K[1A[2K[1A[2K[1A[2K[1A[2K[1A[2K[1A[2K[1A[2K[G[2m─── decisions s2 · c~ derived |2p−1| ────────────────────────────────── [d]ecisions [p]lan [t]imeline [s]ynth ─── plan ─[22m
streaming action… 176 chars
s3 context show:.venv/lib… noul  ▎········· 0.02           │ plan  done 6  remaining 2  unverified 0  problems 1
s3 context show:.venv/lib… noul  ▎········· 0.02           │ [x] Ran tests: 7 passed, 0 failed, 0 errors… s2 0.93
s3 context show:.venv/lib… noul  ▎········· 0.03           │ [x] Ran tests: 7 passed, 0 failed, 0 errors… s3 0.94
s3 context show:.venv/lib… noul  ▎········· 0.02           │ [x] Ran tests again: 7 passed, 0 failed, 0 … s3 0.91
s3 context show:.venv/lib… noul  ▎········· 0.02           │ [x] Ran tests multiple times: 7 passed, 0 f… s4 0.83
s3 context show:.venv/lib… noul  ▎········· 0.02           │ [x] Ran tests: 7 passed, 0 failed, 0 errors… s1 0.92
s3 context show:.venv/lib… noul  ▎········· 0.02           │ [x] Confirmed all functions (add, safe_divi… s1 0.87
s3 context show:.venv/lib… noul  ▎········· 0.02           │ [ ] Re-run tests once more to confirm stability
s3 context show:.venv/lib… noul  ▎········· 0.02           │ [ ] Mark task complete if still passing
s3 context show:.venv/lib… noul  ▎········· 0.02           │ [!] human s0: Follow-up to run 20260921-103525-arhva4xt (s…
s3 context show:.venv/lib… noul  ▎········· 0.02           │
s3 context show:.venv/lib… noul  ▎········· 0.02           │
[33m> [39m[2mType to steer the next step…   Esc pauses · Esc Esc aborts[22m
⠧ context            step 2/12 0m15s  run $0.03/1.00 ok  sess $0.06/5.00 ok  ⎇ main · 1~ 1091?  jev       ▂▅▃▂▂▅  ? help
[2A[3G[?25h[?2026l[?2026h[?25l[2B[1G[2K[1A[2K[1A[2K[1A[2K[1A[2K[1A[2K[1A[2K[1A[2K[1A[2K[1A[2K[1A[2K[1A[2K[1A[2K[1A[2K[1A[2K[1A[2K[1A[2K[G[2m─── decisions s2 · c~ derived |2p−1| ────────────────────────────────── [d]ecisions [p]lan [t]imeline [s]ynth ─── plan ─[22m
streaming action… 203 chars
s3 context show:.venv/lib… noul  ▎········· 0.02           │ plan  done 6  remaining 2  unverified 0  problems 1
s3 context show:.venv/lib… noul  ▎········· 0.02           │ [x] Ran tests: 7 passed, 0 failed, 0 errors… s2 0.93
s3 context show:.venv/lib… noul  ▎········· 0.03           │ [x] Ran tests: 7 passed, 0 failed, 0 errors… s3 0.94
s3 context show:.venv/lib… noul  ▎········· 0.02           │ [x] Ran tests again: 7 passed, 0 failed, 0 … s3 0.91
s3 context show:.venv/lib… noul  ▎········· 0.02           │ [x] Ran tests multiple times: 7 passed, 0 f… s4 0.83
s3 context show:.venv/lib… noul  ▎········· 0.02           │ [x] Ran tests: 7 passed, 0 failed, 0 errors… s1 0.92
s3 context show:.venv/lib… noul  ▎········· 0.02           │ [x] Confirmed all functions (add, safe_divi… s1 0.87
s3 context show:.venv/lib… noul  ▎········· 0.02           │ [ ] Re-run tests once more to confirm stability
s3 context show:.venv/lib… noul  ▎········· 0.02           │ [ ] Mark task complete if still passing
s3 context show:.venv/lib… noul  ▎········· 0.02           │ [!] human s0: Follow-up to run 20260921-103525-arhva4xt (s…
s3 context show:.venv/lib… noul  ▎········· 0.02           │
s3 context show:.venv/lib… noul  ▎········· 0.02           │
[33m> [39m[2mType to steer the next step…   Esc pauses · Esc Esc aborts[22m
⠧ context            step 2/12 0m15s  run $0.03/1.00 ok  sess $0.06/5.00 ok  ⎇ main · 1~ 1091?  jev       ▂▅▃▂▂▅  ? help
[2A[3G[?25h[?2026l[?2026h[?25l[2B[1G[2K[1A[2K[1A[2K[1A[2K[1A[2K[1A[2K[1A[2K[1A[2K[1A[2K[1A[2K[1A[2K[1A[2K[1A[2K[1A[2K[1A[2K[1A[2K[1A[2K[G[2m─── decisions s2 · c~ derived |2p−1| ────────────────────────────────── [d]ecisions [p]lan [t]imeline [s]ynth ─── plan ─[22m
streaming action… 228 chars
s3 context show:.venv/lib… noul  ▎········· 0.02           │ plan  done 6  remaining 2  unverified 0  problems 1
s3 context show:.venv/lib… noul  ▎········· 0.02           │ [x] Ran tests: 7 passed, 0 failed, 0 errors… s2 0.93
s3 context show:.venv/lib… noul  ▎········· 0.03           │ [x] Ran tests: 7 passed, 0 failed, 0 errors… s3 0.94
s3 context show:.venv/lib… noul  ▎········· 0.02           │ [x] Ran tests again: 7 passed, 0 failed, 0 … s3 0.91
s3 context show:.venv/lib… noul  ▎········· 0.02           │ [x] Ran tests multiple times: 7 passed, 0 f… s4 0.83
s3 context show:.venv/lib… noul  ▎········· 0.02           │ [x] Ran tests: 7 passed, 0 failed, 0 errors… s1 0.92
s3 context show:.venv/lib… noul  ▎········· 0.02           │ [x] Confirmed all functions (add, safe_divi… s1 0.87
s3 context show:.venv/lib… noul  ▎········· 0.02           │ [ ] Re-run tests once more to confirm stability
s3 context show:.venv/lib… noul  ▎········· 0.02           │ [ ] Mark task complete if still passing
s3 context show:.venv/lib… noul  ▎········· 0.02           │ [!] human s0: Follow-up to run 20260921-103525-arhva4xt (s…
s3 context show:.venv/lib… noul  ▎········· 0.02           │
s3 context show:.venv/lib… noul  ▎········· 0.02           │
[33m> [39m[2mType to steer the next step…   Esc pauses · Esc Esc aborts[22m
⠇ context            step 2/12 0m15s  run $0.03/1.00 ok  sess $0.06/5.00 ok  ⎇ main · 1~ 1091?  jev       ▂▅▃▂▂▅  ? help
[2A[3G[?25h[?2026l[?2026h[?25l[2B[1G[2K[1A[2K[1A[2K[1A[2K[1A[2K[1A[2K[1A[2K[1A[2K[1A[2K[1A[2K[1A[2K[1A[2K[1A[2K[1A[2K[1A[2K[1A[2K[1A[2K[G[2m─── decisions s2 · c~ derived |2p−1| ────────────────────────────────── [d]ecisions [p]lan [t]imeline [s]ynth ─── plan ─[22m
streaming action… 280 chars
s3 context show:.venv/lib… noul  ▎········· 0.02           │ plan  done 6  remaining 2  unverified 0  problems 1
s3 context show:.venv/lib… noul  ▎········· 0.02           │ [x] Ran tests: 7 passed, 0 failed, 0 errors… s2 0.93
s3 context show:.venv/lib… noul  ▎········· 0.03           │ [x] Ran tests: 7 passed, 0 failed, 0 errors… s3 0.94
s3 context show:.venv/lib… noul  ▎········· 0.02           │ [x] Ran tests again: 7 passed, 0 failed, 0 … s3 0.91
s3 context show:.venv/lib… noul  ▎········· 0.02           │ [x] Ran tests multiple times: 7 passed, 0 f… s4 0.83
s3 context show:.venv/lib… noul  ▎········· 0.02           │ [x] Ran tests: 7 passed, 0 failed, 0 errors… s1 0.92
s3 context show:.venv/lib… noul  ▎········· 0.02           │ [x] Confirmed all functions (add, safe_divi… s1 0.87
s3 context show:.venv/lib… noul  ▎········· 0.02           │ [ ] Re-run tests once more to confirm stability
s3 context show:.venv/lib… noul  ▎········· 0.02           │ [ ] Mark task complete if still passing
s3 context show:.venv/lib… noul  ▎········· 0.02           │ [!] human s0: Follow-up to run 20260921-103525-arhva4xt (s…
s3 context show:.venv/lib… noul  ▎········· 0.02           │
s3 context show:.venv/lib… noul  ▎········· 0.02           │
[33m> [39m[2mType to steer the next step…   Esc pauses · Esc Esc aborts[22m
⠇ context            step 2/12 0m15s  run $0.03/1.00 ok  sess $0.06/5.00 ok  ⎇ main · 1~ 1091?  jev       ▂▅▃▂▂▅  ? help
[2A[3G[?25h[?2026l[?2026h[?25l[2B[1G[2K[1A[2K[1A[2K[1A[2K[1A[2K[1A[2K[1A[2K[1A[2K[1A[2K[1A[2K[1A[2K[1A[2K[1A[2K[1A[2K[1A[2K[1A[2K[1A[2K[G[2m─── decisions s2 · c~ derived |2p−1| ────────────────────────────────── [d]ecisions [p]lan [t]imeline [s]ynth ─── plan ─[22m
streaming action… 280 chars
s3 context show:.venv/lib… noul  ▎········· 0.02           │ plan  done 6  remaining 2  unverified 0  problems 1
s3 context show:.venv/lib… noul  ▎········· 0.02           │ [x] Ran tests: 7 passed, 0 failed, 0 errors… s2 0.93
s3 context show:.venv/lib… noul  ▎········· 0.03           │ [x] Ran tests: 7 passed, 0 failed, 0 errors… s3 0.94
s3 context show:.venv/lib… noul  ▎········· 0.02           │ [x] Ran tests again: 7 passed, 0 failed, 0 … s3 0.91
s3 context show:.venv/lib… noul  ▎········· 0.02           │ [x] Ran tests multiple times: 7 passed, 0 f… s4 0.83
s3 context show:.venv/lib… noul  ▎········· 0.02           │ [x] Ran tests: 7 passed, 0 failed, 0 errors… s1 0.92
s3 context show:.venv/lib… noul  ▎········· 0.02           │ [x] Confirmed all functions (add, safe_divi… s1 0.87
s3 context show:.venv/lib… noul  ▎········· 0.02           │ [ ] Re-run tests once more to confirm stability
s3 context show:.venv/lib… noul  ▎········· 0.02           │ [ ] Mark task complete if still passing
s3 context show:.venv/lib… noul  ▎········· 0.02           │ [!] human s0: Follow-up to run 20260921-103525-arhva4xt (s…
s3 context show:.venv/lib… noul  ▎········· 0.02           │
s3 context show:.venv/lib… noul  ▎········· 0.02           │
[33m> [39m[2mType to steer the next step…   Esc pauses · Esc Esc aborts[22m
⠏ context            step 2/12 0m15s  run $0.03/1.00 ok  sess $0.06/5.00 ok  ⎇ main · 1~ 1091?  jev       ▂▅▃▂▂▅  ? help
[2A[3G[?25h[?2026l[?2026h[?25l[2B[1G[2K[1A[2K[1A[2K[1A[2K[1A[2K[1A[2K[1A[2K[1A[2K[1A[2K[1A[2K[1A[2K[1A[2K[1A[2K[1A[2K[1A[2K[1A[2K[1A[2K[G[2m─── decisions s2 · c~ derived |2p−1| ────────────────────────────────── [d]ecisions [p]lan [t]imeline [s]ynth ─── plan ─[22m
streaming action… 310 chars
s3 context show:.venv/lib… noul  ▎········· 0.02           │ plan  done 6  remaining 2  unverified 0  problems 1
s3 context show:.venv/lib… noul  ▎········· 0.02           │ [x] Ran tests: 7 passed, 0 failed, 0 errors… s2 0.93
s3 context show:.venv/lib… noul  ▎········· 0.03           │ [x] Ran tests: 7 passed, 0 failed, 0 errors… s3 0.94
s3 context show:.venv/lib… noul  ▎········· 0.02           │ [x] Ran tests again: 7 passed, 0 failed, 0 … s3 0.91
s3 context show:.venv/lib… noul  ▎········· 0.02           │ [x] Ran tests multiple times: 7 passed, 0 f… s4 0.83
s3 context show:.venv/lib… noul  ▎········· 0.02           │ [x] Ran tests: 7 passed, 0 failed, 0 errors… s1 0.92
s3 context show:.venv/lib… noul  ▎········· 0.02           │ [x] Confirmed all functions (add, safe_divi… s1 0.87
s3 context show:.venv/lib… noul  ▎········· 0.02           │ [ ] Re-run tests once more to confirm stability
s3 context show:.venv/lib… noul  ▎········· 0.02           │ [ ] Mark task complete if still passing
s3 context show:.venv/lib… noul  ▎········· 0.02           │ [!] human s0: Follow-up to run 20260921-103525-arhva4xt (s…
s3 context show:.venv/lib… noul  ▎········· 0.02           │
s3 context show:.venv/lib… noul  ▎········· 0.02           │
[33m> [39m[2mType to steer the next step…   Esc pauses · Esc Esc aborts[22m
⠏ context            step 2/12 0m15s  run $0.03/1.00 ok  sess $0.06/5.00 ok  ⎇ main · 1~ 1091?  jev       ▂▅▃▂▂▅  ? help
[2A[3G[?25h[?2026l[?2026h[?25l[2B[1G[2K[1A[2K[1A[2K[1A[2K[1A[2K[1A[2K[1A[2K[1A[2K[1A[2K[1A[2K[1A[2K[1A[2K[1A[2K[1A[2K[1A[2K[1A[2K[1A[2K[G[2m─── decisions s2 · c~ derived |2p−1| ────────────────────────────────── [d]ecisions [p]lan [t]imeline [s]ynth ─── plan ─[22m
streaming action… 310 chars
s3 context show:.venv/lib… noul  ▎········· 0.02           │ plan  done 6  remaining 2  unverified 0  problems 1
s3 context show:.venv/lib… noul  ▎········· 0.02           │ [x] Ran tests: 7 passed, 0 failed, 0 errors… s2 0.93
s3 context show:.venv/lib… noul  ▎········· 0.03           │ [x] Ran tests: 7 passed, 0 failed, 0 errors… s3 0.94
s3 context show:.venv/lib… noul  ▎········· 0.02           │ [x] Ran tests again: 7 passed, 0 failed, 0 … s3 0.91
s3 context show:.venv/lib… noul  ▎········· 0.02           │ [x] Ran tests multiple times: 7 passed, 0 f… s4 0.83
s3 context show:.venv/lib… noul  ▎········· 0.02           │ [x] Ran tests: 7 passed, 0 failed, 0 errors… s1 0.92
s3 context show:.venv/lib… noul  ▎········· 0.02           │ [x] Confirmed all functions (add, safe_divi… s1 0.87
s3 context show:.venv/lib… noul  ▎········· 0.02           │ [ ] Re-run tests once more to confirm stability
s3 context show:.venv/lib… noul  ▎········· 0.02           │ [ ] Mark task complete if still passing
s3 context show:.venv/lib… noul  ▎········· 0.02           │ [!] human s0: Follow-up to run 20260921-103525-arhva4xt (s…
s3 context show:.venv/lib… noul  ▎········· 0.02           │
s3 context show:.venv/lib… noul  ▎········· 0.02           │
[33m> [39m[2mType to steer the next step…   Esc pauses · Esc Esc aborts[22m
⠋ context            step 2/12 0m15s  run $0.03/1.00 ok  sess $0.06/5.00 ok  ⎇ main · 1~ 1091?  jev       ▂▅▃▂▂▅  ? help
[2A[3G[?25h[?2026l[?2026h[?25l[2B[1G[2K[1A[2K[1A[2K[1A[2K[1A[2K[1A[2K[1A[2K[1A[2K[1A[2K[1A[2K[1A[2K[1A[2K[1A[2K[1A[2K[1A[2K[1A[2K[1A[2K[G[2m─── decisions s2 · c~ derived |2p−1| ────────────────────────────────── [d]ecisions [p]lan [t]imeline [s]ynth ─── plan ─[22m
streaming action… 336 chars
s3 context show:.venv/lib… noul  ▎········· 0.02           │ plan  done 6  remaining 2  unverified 0  problems 1
s3 context show:.venv/lib… noul  ▎········· 0.02           │ [x] Ran tests: 7 passed, 0 failed, 0 errors… s2 0.93
s3 context show:.venv/lib… noul  ▎········· 0.03           │ [x] Ran tests: 7 passed, 0 failed, 0 errors… s3 0.94
s3 context show:.venv/lib… noul  ▎········· 0.02           │ [x] Ran tests again: 7 passed, 0 failed, 0 … s3 0.91
s3 context show:.venv/lib… noul  ▎········· 0.02           │ [x] Ran tests multiple times: 7 passed, 0 f… s4 0.83
s3 context show:.venv/lib… noul  ▎········· 0.02           │ [x] Ran tests: 7 passed, 0 failed, 0 errors… s1 0.92
s3 context show:.venv/lib… noul  ▎········· 0.02           │ [x] Confirmed all functions (add, safe_divi… s1 0.87
s3 context show:.venv/lib… noul  ▎········· 0.02           │ [ ] Re-run tests once more to confirm stability
s3 context show:.venv/lib… noul  ▎········· 0.02           │ [ ] Mark task complete if still passing
s3 context show:.venv/lib… noul  ▎········· 0.02           │ [!] human s0: Follow-up to run 20260921-103525-arhva4xt (s…
s3 context show:.venv/lib… noul  ▎········· 0.02           │
s3 context show:.venv/lib… noul  ▎········· 0.02           │
[33m> [39m[2mType to steer the next step…   Esc pauses · Esc Esc aborts[22m
⠋ context            step 2/12 0m15s  run $0.03/1.00 ok  sess $0.06/5.00 ok  ⎇ main · 1~ 1091?  jev       ▂▅▃▂▂▅  ? help
[2A[3G[?25h[?2026l[?2026h[?25l[2B[1G[2K[1A[2K[1A[2K[1A[2K[1A[2K[1A[2K[1A[2K[1A[2K[1A[2K[1A[2K[1A[2K[1A[2K[1A[2K[1A[2K[1A[2K[1A[2K[1A[2K[G[2m─── decisions s2 · c~ derived |2p−1| ────────────────────────────────── [d]ecisions [p]lan [t]imeline [s]ynth ─── plan ─[22m
streaming action… 336 chars
s3 context show:.venv/lib… noul  ▎········· 0.02           │ plan  done 6  remaining 2  unverified 0  problems 1
s3 context show:.venv/lib… noul  ▎········· 0.02           │ [x] Ran tests: 7 passed, 0 failed, 0 errors… s2 0.93
s3 context show:.venv/lib… noul  ▎········· 0.03           │ [x] Ran tests: 7 passed, 0 failed, 0 errors… s3 0.94
s3 context show:.venv/lib… noul  ▎········· 0.02           │ [x] Ran tests again: 7 passed, 0 failed, 0 … s3 0.91
s3 context show:.venv/lib… noul  ▎········· 0.02           │ [x] Ran tests multiple times: 7 passed, 0 f… s4 0.83
s3 context show:.venv/lib… noul  ▎········· 0.02           │ [x] Ran tests: 7 passed, 0 failed, 0 errors… s1 0.92
s3 context show:.venv/lib… noul  ▎········· 0.02           │ [x] Confirmed all functions (add, safe_divi… s1 0.87
s3 context show:.venv/lib… noul  ▎········· 0.02           │ [ ] Re-run tests once more to confirm stability
s3 context show:.venv/lib… noul  ▎········· 0.02           │ [ ] Mark task complete if still passing
s3 context show:.venv/lib… noul  ▎········· 0.02           │ [!] human s0: Follow-up to run 20260921-103525-arhva4xt (s…
s3 context show:.venv/lib… noul  ▎········· 0.02           │
s3 context show:.venv/lib… noul  ▎········· 0.02           │
[33m> [39m[2mType to steer the next step…   Esc pauses · Esc Esc aborts[22m
⠋ context            step 2/12 0m16s  run $0.03/1.00 ok  sess $0.06/5.00 ok  ⎇ main · 1~ 1091?  jev       ▂▅▃▂▂▅  ? help
[2A[3G[?25h[?2026l[?2026h[?25l[2B[1G[2K[1A[2K[1A[2K[1A[2K[1A[2K[1A[2K[1A[2K[1A[2K[1A[2K[1A[2K[1A[2K[1A[2K[1A[2K[1A[2K[1A[2K[1A[2K[1A[2K[G[2m─── decisions s2 · c~ derived |2p−1| ────────────────────────────────── [d]ecisions [p]lan [t]imeline [s]ynth ─── plan ─[22m
streaming action… 365 chars
s3 context show:.venv/lib… noul  ▎········· 0.02           │ plan  done 6  remaining 2  unverified 0  problems 1
s3 context show:.venv/lib… noul  ▎········· 0.02           │ [x] Ran tests: 7 passed, 0 failed, 0 errors… s2 0.93
s3 context show:.venv/lib… noul  ▎········· 0.03           │ [x] Ran tests: 7 passed, 0 failed, 0 errors… s3 0.94
s3 context show:.venv/lib… noul  ▎········· 0.02           │ [x] Ran tests again: 7 passed, 0 failed, 0 … s3 0.91
s3 context show:.venv/lib… noul  ▎········· 0.02           │ [x] Ran tests multiple times: 7 passed, 0 f… s4 0.83
s3 context show:.venv/lib… noul  ▎········· 0.02           │ [x] Ran tests: 7 passed, 0 failed, 0 errors… s1 0.92
s3 context show:.venv/lib… noul  ▎········· 0.02           │ [x] Confirmed all functions (add, safe_divi… s1 0.87
s3 context show:.venv/lib… noul  ▎········· 0.02           │ [ ] Re-run tests once more to confirm stability
s3 context show:.venv/lib… noul  ▎········· 0.02           │ [ ] Mark task complete if still passing
s3 context show:.venv/lib… noul  ▎········· 0.02           │ [!] human s0: Follow-up to run 20260921-103525-arhva4xt (s…
s3 context show:.venv/lib… noul  ▎········· 0.02           │
s3 context show:.venv/lib… noul  ▎········· 0.02           │
[33m> [39m[2mType to steer the next step…   Esc pauses · Esc Esc aborts[22m
⠋ context            step 2/12 0m16s  run $0.03/1.00 ok  sess $0.06/5.00 ok  ⎇ main · 1~ 1091?  jev       ▂▅▃▂▂▅  ? help
[2A[3G[?25h[?2026l[?2026h[?25l[2B[1G[2K[1A[2K[1A[2K[1A[2K[1A[2K[1A[2K[1A[2K[1A[2K[1A[2K[1A[2K[1A[2K[1A[2K[1A[2K[1A[2K[1A[2K[1A[2K[1A[2K[G[2m─── decisions s2 · c~ derived |2p−1| ────────────────────────────────── [d]ecisions [p]lan [t]imeline [s]ynth ─── plan ─[22m
streaming action… 365 chars
s3 context show:.venv/lib… noul  ▎········· 0.02           │ plan  done 6  remaining 2  unverified 0  problems 1
s3 context show:.venv/lib… noul  ▎········· 0.02           │ [x] Ran tests: 7 passed, 0 failed, 0 errors… s2 0.93
s3 context show:.venv/lib… noul  ▎········· 0.03           │ [x] Ran tests: 7 passed, 0 failed, 0 errors… s3 0.94
s3 context show:.venv/lib… noul  ▎········· 0.02           │ [x] Ran tests again: 7 passed, 0 failed, 0 … s3 0.91
s3 context show:.venv/lib… noul  ▎········· 0.02           │ [x] Ran tests multiple times: 7 passed, 0 f… s4 0.83
s3 context show:.venv/lib… noul  ▎········· 0.02           │ [x] Ran tests: 7 passed, 0 failed, 0 errors… s1 0.92
s3 context show:.venv/lib… noul  ▎········· 0.02           │ [x] Confirmed all functions (add, safe_divi… s1 0.87
s3 context show:.venv/lib… noul  ▎········· 0.02           │ [ ] Re-run tests once more to confirm stability
s3 context show:.venv/lib… noul  ▎········· 0.02           │ [ ] Mark task complete if still passing
s3 context show:.venv/lib… noul  ▎········· 0.02           │ [!] human s0: Follow-up to run 20260921-103525-arhva4xt (s…
s3 context show:.venv/lib… noul  ▎········· 0.02           │
s3 context show:.venv/lib… noul  ▎········· 0.02           │
[33m> [39m[2mType to steer the next step…   Esc pauses · Esc Esc aborts[22m
⠙ context            step 2/12 0m16s  run $0.03/1.00 ok  sess $0.06/5.00 ok  ⎇ main · 1~ 1091?  jev       ▂▅▃▂▂▅  ? help
[2A[3G[?25h[?2026l[?2026h[?25l[2B[1G[2K[1A[2K[1A[2K[1A[2K[1A[2K[1A[2K[1A[2K[1A[2K[1A[2K[1A[2K[1A[2K[1A[2K[1A[2K[1A[2K[1A[2K[1A[2K[1A[2K[G[2m─── decisions s2 · c~ derived |2p−1| ────────────────────────────────── [d]ecisions [p]lan [t]imeline [s]ynth ─── plan ─[22m
streaming action… 411 chars
s3 context show:.venv/lib… noul  ▎········· 0.02           │ plan  done 6  remaining 2  unverified 0  problems 1
s3 context show:.venv/lib… noul  ▎········· 0.02           │ [x] Ran tests: 7 passed, 0 failed, 0 errors… s2 0.93
s3 context show:.venv/lib… noul  ▎········· 0.03           │ [x] Ran tests: 7 passed, 0 failed, 0 errors… s3 0.94
s3 context show:.venv/lib… noul  ▎········· 0.02           │ [x] Ran tests again: 7 passed, 0 failed, 0 … s3 0.91
s3 context show:.venv/lib… noul  ▎········· 0.02           │ [x] Ran tests multiple times: 7 passed, 0 f… s4 0.83
s3 context show:.venv/lib… noul  ▎········· 0.02           │ [x] Ran tests: 7 passed, 0 failed, 0 errors… s1 0.92
s3 context show:.venv/lib… noul  ▎········· 0.02           │ [x] Confirmed all functions (add, safe_divi… s1 0.87
s3 context show:.venv/lib… noul  ▎········· 0.02           │ [ ] Re-run tests once more to confirm stability
s3 context show:.venv/lib… noul  ▎········· 0.02           │ [ ] Mark task complete if still passing
s3 context show:.venv/lib… noul  ▎········· 0.02           │ [!] human s0: Follow-up to run 20260921-103525-arhva4xt (s…
s3 context show:.venv/lib… noul  ▎········· 0.02           │
s3 context show:.venv/lib… noul  ▎········· 0.02           │
[33m> [39m[2mType to steer the next step…   Esc pauses · Esc Esc aborts[22m
⠙ context            step 2/12 0m16s  run $0.03/1.00 ok  sess $0.06/5.00 ok  ⎇ main · 1~ 1091?  jev       ▂▅▃▂▂▅  ? help
[2A[3G[?25h[?2026l[?2026h[?25l[2B[1G[2K[1A[2K[1A[2K[1A[2K[1A[2K[1A[2K[1A[2K[1A[2K[1A[2K[1A[2K[1A[2K[1A[2K[1A[2K[1A[2K[1A[2K[1A[2K[1A[2K[G[2m─── decisions s2 · c~ derived |2p−1| ────────────────────────────────── [d]ecisions [p]lan [t]imeline [s]ynth ─── plan ─[22m
streaming action… 411 chars
s3 context show:.venv/lib… noul  ▎········· 0.02           │ plan  done 6  remaining 2  unverified 0  problems 1
s3 context show:.venv/lib… noul  ▎········· 0.02           │ [x] Ran tests: 7 passed, 0 failed, 0 errors… s2 0.93
s3 context show:.venv/lib… noul  ▎········· 0.03           │ [x] Ran tests: 7 passed, 0 failed, 0 errors… s3 0.94
s3 context show:.venv/lib… noul  ▎········· 0.02           │ [x] Ran tests again: 7 passed, 0 failed, 0 … s3 0.91
s3 context show:.venv/lib… noul  ▎········· 0.02           │ [x] Ran tests multiple times: 7 passed, 0 f… s4 0.83
s3 context show:.venv/lib… noul  ▎········· 0.02           │ [x] Ran tests: 7 passed, 0 failed, 0 errors… s1 0.92
s3 context show:.venv/lib… noul  ▎········· 0.02           │ [x] Confirmed all functions (add, safe_divi… s1 0.87
s3 context show:.venv/lib… noul  ▎········· 0.02           │ [ ] Re-run tests once more to confirm stability
s3 context show:.venv/lib… noul  ▎········· 0.02           │ [ ] Mark task complete if still passing
s3 context show:.venv/lib… noul  ▎········· 0.02           │ [!] human s0: Follow-up to run 20260921-103525-arhva4xt (s…
s3 context show:.venv/lib… noul  ▎········· 0.02           │
s3 context show:.venv/lib… noul  ▎········· 0.02           │
[33m> [39m[2mType to steer the next step…   Esc pauses · Esc Esc aborts[22m
⠹ context            step 2/12 0m16s  run $0.03/1.00 ok  sess $0.06/5.00 ok  ⎇ main · 1~ 1091?  jev       ▂▅▃▂▂▅  ? help
[2A[3G[?25h[?2026l[?2026h[?25l[2B[1G[2K[1A[2K[1A[2K[1A[2K[1A[2K[1A[2K[1A[2K[1A[2K[1A[2K[1A[2K[1A[2K[1A[2K[1A[2K[1A[2K[1A[2K[1A[2K[1A[2K[G[2m─── decisions s2 · c~ derived |2p−1| ────────────────────────────────── [d]ecisions [p]lan [t]imeline [s]ynth ─── plan ─[22m
streaming action… 442 chars
s3 context show:.venv/lib… noul  ▎········· 0.02           │ plan  done 6  remaining 2  unverified 0  problems 1
s3 context show:.venv/lib… noul  ▎········· 0.02           │ [x] Ran tests: 7 passed, 0 failed, 0 errors… s2 0.93
s3 context show:.venv/lib… noul  ▎········· 0.03           │ [x] Ran tests: 7 passed, 0 failed, 0 errors… s3 0.94
s3 context show:.venv/lib… noul  ▎········· 0.02           │ [x] Ran tests again: 7 passed, 0 failed, 0 … s3 0.91
s3 context show:.venv/lib… noul  ▎········· 0.02           │ [x] Ran tests multiple times: 7 passed, 0 f… s4 0.83
s3 context show:.venv/lib… noul  ▎········· 0.02           │ [x] Ran tests: 7 passed, 0 failed, 0 errors… s1 0.92
s3 context show:.venv/lib… noul  ▎········· 0.02           │ [x] Confirmed all functions (add, safe_divi… s1 0.87
s3 context show:.venv/lib… noul  ▎········· 0.02           │ [ ] Re-run tests once more to confirm stability
s3 context show:.venv/lib… noul  ▎········· 0.02           │ [ ] Mark task complete if still passing
s3 context show:.venv/lib… noul  ▎········· 0.02           │ [!] human s0: Follow-up to run 20260921-103525-arhva4xt (s…
s3 context show:.venv/lib… noul  ▎········· 0.02           │
s3 context show:.venv/lib… noul  ▎········· 0.02           │
[33m> [39m[2mType to steer the next step…   Esc pauses · Esc Esc aborts[22m
⠹ context            step 2/12 0m16s  run $0.03/1.00 ok  sess $0.06/5.00 ok  ⎇ main · 1~ 1091?  jev       ▂▅▃▂▂▅  ? help
[2A[3G[?25h[?2026l[?2026h[?25l[2B[1G[2K[1A[2K[1A[2K[1A[2K[1A[2K[1A[2K[1A[2K[1A[2K[1A[2K[1A[2K[1A[2K[1A[2K[1A[2K[1A[2K[1A[2K[1A[2K[1A[2K[G[2m─── decisions s2 · c~ derived |2p−1| ────────────────────────────────── [d]ecisions [p]lan [t]imeline [s]ynth ─── plan ─[22m
streaming action… 442 chars
s3 context show:.venv/lib… noul  ▎········· 0.02           │ plan  done 6  remaining 2  unverified 0  problems 1
s3 context show:.venv/lib… noul  ▎········· 0.02           │ [x] Ran tests: 7 passed, 0 failed, 0 errors… s2 0.93
s3 context show:.venv/lib… noul  ▎········· 0.03           │ [x] Ran tests: 7 passed, 0 failed, 0 errors… s3 0.94
s3 context show:.venv/lib… noul  ▎········· 0.02           │ [x] Ran tests again: 7 passed, 0 failed, 0 … s3 0.91
s3 context show:.venv/lib… noul  ▎········· 0.02           │ [x] Ran tests multiple times: 7 passed, 0 f… s4 0.83
s3 context show:.venv/lib… noul  ▎········· 0.02           │ [x] Ran tests: 7 passed, 0 failed, 0 errors… s1 0.92
s3 context show:.venv/lib… noul  ▎········· 0.02           │ [x] Confirmed all functions (add, safe_divi… s1 0.87
s3 context show:.venv/lib… noul  ▎········· 0.02           │ [ ] Re-run tests once more to confirm stability
s3 context show:.venv/lib… noul  ▎········· 0.02           │ [ ] Mark task complete if still passing
s3 context show:.venv/lib… noul  ▎········· 0.02           │ [!] human s0: Follow-up to run 20260921-103525-arhva4xt (s…
s3 context show:.venv/lib… noul  ▎········· 0.02           │
s3 context show:.venv/lib… noul  ▎········· 0.02           │
[33m> [39m[2mType to steer the next step…   Esc pauses · Esc Esc aborts[22m
⠸ context            step 2/12 0m16s  run $0.03/1.00 ok  sess $0.06/5.00 ok  ⎇ main · 1~ 1091?  jev       ▂▅▃▂▂▅  ? help
[2A[3G[?25h[?2026l[?2026h[?25l[2B[1G[2K[1A[2K[1A[2K[1A[2K[1A[2K[1A[2K[1A[2K[1A[2K[1A[2K[1A[2K[1A[2K[1A[2K[1A[2K[1A[2K[1A[2K[1A[2K[1A[2K[G[2m─── decisions s2 · c~ derived |2p−1| ────────────────────────────────── [d]ecisions [p]lan [t]imeline [s]ynth ─── plan ─[22m
streaming action… 459 chars
s3 context show:.venv/lib… noul  ▎········· 0.02           │ plan  done 6  remaining 2  unverified 0  problems 1
s3 context show:.venv/lib… noul  ▎········· 0.02           │ [x] Ran tests: 7 passed, 0 failed, 0 errors… s2 0.93
s3 context show:.venv/lib… noul  ▎········· 0.03           │ [x] Ran tests: 7 passed, 0 failed, 0 errors… s3 0.94
s3 context show:.venv/lib… noul  ▎········· 0.02           │ [x] Ran tests again: 7 passed, 0 failed, 0 … s3 0.91
s3 context show:.venv/lib… noul  ▎········· 0.02           │ [x] Ran tests multiple times: 7 passed, 0 f… s4 0.83
s3 context show:.venv/lib… noul  ▎········· 0.02           │ [x] Ran tests: 7 passed, 0 failed, 0 errors… s1 0.92
s3 context show:.venv/lib… noul  ▎········· 0.02           │ [x] Confirmed all functions (add, safe_divi… s1 0.87
s3 context show:.venv/lib… noul  ▎········· 0.02           │ [ ] Re-run tests once more to confirm stability
s3 context show:.venv/lib… noul  ▎········· 0.02           │ [ ] Mark task complete if still passing
s3 context show:.venv/lib… noul  ▎········· 0.02           │ [!] human s0: Follow-up to run 20260921-103525-arhva4xt (s…
s3 context show:.venv/lib… noul  ▎········· 0.02           │
s3 context show:.venv/lib… noul  ▎········· 0.02           │
[33m> [39m[2mType to steer the next step…   Esc pauses · Esc Esc aborts[22m
⠸ context            step 2/12 0m16s  run $0.03/1.00 ok  sess $0.06/5.00 ok  ⎇ main · 1~ 1091?  jev       ▂▅▃▂▂▅  ? help
[2A[3G[?25h[?2026l[?2026h[?25l[2B[1G[2K[1A[2K[1A[2K[1A[2K[1A[2K[1A[2K[1A[2K[1A[2K[1A[2K[1A[2K[1A[2K[1A[2K[1A[2K[1A[2K[1A[2K[1A[2K[1A[2K[G[2m─── decisions s2 · c~ derived |2p−1| ────────────────────────────────── [d]ecisions [p]lan [t]imeline [s]ynth ─── plan ─[22m
streaming action… 473 chars
s3 context show:.venv/lib… noul  ▎········· 0.02           │ plan  done 6  remaining 2  unverified 0  problems 1
s3 context show:.venv/lib… noul  ▎········· 0.02           │ [x] Ran tests: 7 passed, 0 failed, 0 errors… s2 0.93
s3 context show:.venv/lib… noul  ▎········· 0.03           │ [x] Ran tests: 7 passed, 0 failed, 0 errors… s3 0.94
s3 context show:.venv/lib… noul  ▎········· 0.02           │ [x] Ran tests again: 7 passed, 0 failed, 0 … s3 0.91
s3 context show:.venv/lib… noul  ▎········· 0.02           │ [x] Ran tests multiple times: 7 passed, 0 f… s4 0.83
s3 context show:.venv/lib… noul  ▎········· 0.02           │ [x] Ran tests: 7 passed, 0 failed, 0 errors… s1 0.92
s3 context show:.venv/lib… noul  ▎········· 0.02           │ [x] Confirmed all functions (add, safe_divi… s1 0.87
s3 context show:.venv/lib… noul  ▎········· 0.02           │ [ ] Re-run tests once more to confirm stability
s3 context show:.venv/lib… noul  ▎········· 0.02           │ [ ] Mark task complete if still passing
s3 context show:.venv/lib… noul  ▎········· 0.02           │ [!] human s0: Follow-up to run 20260921-103525-arhva4xt (s…
s3 context show:.venv/lib… noul  ▎········· 0.02           │
s3 context show:.venv/lib… noul  ▎········· 0.02           │
[33m> [39m[2mType to steer the next step…   Esc pauses · Esc Esc aborts[22m
⠸ context            step 2/12 0m16s  run $0.03/1.00 ok  sess $0.06/5.00 ok  ⎇ main · 1~ 1091?  jev       ▂▅▃▂▂▅  ? help
[2A[3G[?25h[?2026l[?2026h[?25l[2B[1G[2K[1A[2K[1A[2K[1A[2K[1A[2K[1A[2K[1A[2K[1A[2K[1A[2K[1A[2K[1A[2K[1A[2K[1A[2K[1A[2K[1A[2K[1A[2K[1A[2K[G[2m─── decisions s2 · c~ derived |2p−1| ────────────────────────────────── [d]ecisions [p]lan [t]imeline [s]ynth ─── plan ─[22m
streaming action… 473 chars
s3 context show:.venv/lib… noul  ▎········· 0.02           │ plan  done 6  remaining 2  unverified 0  problems 1
s3 context show:.venv/lib… noul  ▎········· 0.02           │ [x] Ran tests: 7 passed, 0 failed, 0 errors… s2 0.93
s3 context show:.venv/lib… noul  ▎········· 0.03           │ [x] Ran tests: 7 passed, 0 failed, 0 errors… s3 0.94
s3 context show:.venv/lib… noul  ▎········· 0.02           │ [x] Ran tests again: 7 passed, 0 failed, 0 … s3 0.91
s3 context show:.venv/lib… noul  ▎········· 0.02           │ [x] Ran tests multiple times: 7 passed, 0 f… s4 0.83
s3 context show:.venv/lib… noul  ▎········· 0.02           │ [x] Ran tests: 7 passed, 0 failed, 0 errors… s1 0.92
s3 context show:.venv/lib… noul  ▎········· 0.02           │ [x] Confirmed all functions (add, safe_divi… s1 0.87
s3 context show:.venv/lib… noul  ▎········· 0.02           │ [ ] Re-run tests once more to confirm stability
s3 context show:.venv/lib… noul  ▎········· 0.02           │ [ ] Mark task complete if still passing
s3 context show:.venv/lib… noul  ▎········· 0.02           │ [!] human s0: Follow-up to run 20260921-103525-arhva4xt (s…
s3 context show:.venv/lib… noul  ▎········· 0.02           │
s3 context show:.venv/lib… noul  ▎········· 0.02           │
[33m> [39m[2mType to steer the next step…   Esc pauses · Esc Esc aborts[22m
⠼ context            step 2/12 0m16s  run $0.03/1.00 ok  sess $0.06/5.00 ok  ⎇ main · 1~ 1091?  jev       ▂▅▃▂▂▅  ? help
[2A[3G[?25h[?2026l[?2026h[?25l[2B[1G[2K[1A[2K[1A[2K[1A[2K[1A[2K[1A[2K[1A[2K[1A[2K[1A[2K[1A[2K[1A[2K[1A[2K[1A[2K[1A[2K[1A[2K[1A[2K[1A[2K[G[2m─── decisions s2 · c~ derived |2p−1| ────────────────────────────────── [d]ecisions [p]lan [t]imeline [s]ynth ─── plan ─[22m
streaming action… 473 chars
s3 context show:.venv/lib… noul  ▎········· 0.02           │ plan  done 6  remaining 2  unverified 0  problems 1
s3 context show:.venv/lib… noul  ▎········· 0.02           │ [x] Ran tests: 7 passed, 0 failed, 0 errors… s2 0.93
s3 context show:.venv/lib… noul  ▎········· 0.03           │ [x] Ran tests: 7 passed, 0 failed, 0 errors… s3 0.94
s3 context show:.venv/lib… noul  ▎········· 0.02           │ [x] Ran tests again: 7 passed, 0 failed, 0 … s3 0.91
s3 context show:.venv/lib… noul  ▎········· 0.02           │ [x] Ran tests multiple times: 7 passed, 0 f… s4 0.83
s3 context show:.venv/lib… noul  ▎········· 0.02           │ [x] Ran tests: 7 passed, 0 failed, 0 errors… s1 0.92
s3 context show:.venv/lib… noul  ▎········· 0.02           │ [x] Confirmed all functions (add, safe_divi… s1 0.87
s3 context show:.venv/lib… noul  ▎········· 0.02           │ [ ] Re-run tests once more to confirm stability
s3 context show:.venv/lib… noul  ▎········· 0.02           │ [ ] Mark task complete if still passing
s3 context show:.venv/lib… noul  ▎········· 0.02           │ [!] human s0: Follow-up to run 20260921-103525-arhva4xt (s…
s3 context show:.venv/lib… noul  ▎········· 0.02           │
s3 context show:.venv/lib… noul  ▎········· 0.02           │
[33m> [39m[2mType to steer the next step…   Esc pauses · Esc Esc aborts[22m
⠴ context            step 2/12 0m16s  run $0.03/1.00 ok  sess $0.06/5.00 ok  ⎇ main · 1~ 1091?  jev       ▂▅▃▂▂▅  ? help
[2A[3G[?25h[?2026l[?2026h[?25l[2B[1G[2K[1A[2K[1A[2K[1A[2K[1A[2K[1A[2K[1A[2K[1A[2K[1A[2K[1A[2K[1A[2K[1A[2K[1A[2K[1A[2K[1A[2K[1A[2K[1A[2K[G[step 3] proposal run $ python -m pytest -q: Run the test suite once more to confirm stability before concluding the
task. | plan done=2 remaining=2 open=0
[2mpython -m pytest -q[22m
[2m─── decisions s2 · c~ derived |2p−1| ────────────────────────────────── [d]ecisions [p]lan [t]imeline [s]ynth ─── plan ─[22m
s3 context show:.venv/lib… noul  ▎········· 0.02           │ plan  done 6  remaining 2  unverified 0  problems 1
s3 context show:.venv/lib… noul  ▎········· 0.02           │ [x] Ran tests: 7 passed, 0 failed, 0 errors… s2 0.93
s3 context show:.venv/lib… noul  ▎········· 0.03           │ [x] Ran tests: 7 passed, 0 failed, 0 errors… s3 0.94
s3 context show:.venv/lib… noul  ▎········· 0.02           │ [x] Ran tests again: 7 passed, 0 failed, 0 … s3 0.91
s3 context show:.venv/lib… noul  ▎········· 0.02           │ [x] Ran tests multiple times: 7 passed, 0 f… s4 0.83
s3 context show:.venv/lib… noul  ▎········· 0.02           │ [x] Ran tests: 7 passed, 0 failed, 0 errors… s1 0.92
s3 context show:.venv/lib… noul  ▎········· 0.02           │ [x] Confirmed all functions (add, safe_divi… s1 0.87
s3 context show:.venv/lib… noul  ▎········· 0.02           │ [ ] Re-run tests once more to confirm stability
s3 context show:.venv/lib… noul  ▎········· 0.02           │ [ ] Mark task complete if still passing
s3 context show:.venv/lib… noul  ▎········· 0.02           │ [!] human s0: Follow-up to run 20260921-103525-arhva4xt (s…
s3 context show:.venv/lib… noul  ▎········· 0.02           │
s3 context show:.venv/lib… noul  ▎········· 0.02           │
[33m> [39m[2mType to steer the next step…   Esc pauses · Esc Esc aborts[22m
⠴ propose            step 2/12 0m16s  run $0.04/1.00 ok  sess $0.06/5.00 ok  ⎇ main · 1~ 1091?  jev       ▂▅▃▂▂▅  ? help
[2A[3G[?25h[?2026l[?2026h[?25l[2B[1G[2K[1A[2K[1A[2K[1A[2K[1A[2K[1A[2K[1A[2K[1A[2K[1A[2K[1A[2K[1A[2K[1A[2K[1A[2K[1A[2K[1A[2K[1A[2K[G[2m─── decisions s2 · c~ derived |2p−1| ────────────────────────────────── [d]ecisions [p]lan [t]imeline [s]ynth ─── plan ─[22m
s3 context show:.venv/lib… noul  ▎········· 0.02           │ plan  done 6  remaining 2  unverified 0  problems 1
s3 context show:.venv/lib… noul  ▎········· 0.02           │ [x] Ran tests: 7 passed, 0 failed, 0 errors… s2 0.93
s3 context show:.venv/lib… noul  ▎········· 0.03           │ [x] Ran tests: 7 passed, 0 failed, 0 errors… s3 0.94
s3 context show:.venv/lib… noul  ▎········· 0.02           │ [x] Ran tests again: 7 passed, 0 failed, 0 … s3 0.91
s3 context show:.venv/lib… noul  ▎········· 0.02           │ [x] Ran tests multiple times: 7 passed, 0 f… s4 0.83
s3 context show:.venv/lib… noul  ▎········· 0.02           │ [x] Ran tests: 7 passed, 0 failed, 0 errors… s1 0.92
s3 context show:.venv/lib… noul  ▎········· 0.02           │ [x] Confirmed all functions (add, safe_divi… s1 0.87
s3 context show:.venv/lib… noul  ▎········· 0.02           │ [ ] Re-run tests once more to confirm stability
s3 context show:.venv/lib… noul  ▎········· 0.02           │ [ ] Mark task complete if still passing
s3 context show:.venv/lib… noul  ▎········· 0.02           │ [!] human s0: Follow-up to run 20260921-103525-arhva4xt (s…
s3 context show:.venv/lib… noul  ▎········· 0.02           │
s3 context show:.venv/lib… noul  ▎········· 0.02           │
[33m> [39m[2mType to steer the next step…   Esc pauses · Esc Esc aborts[22m
⠦ propose            step 2/12 0m16s  run $0.04/1.00 ok  sess $0.06/5.00 ok  ⎇ main · 1~ 1091?  jev       ▂▅▃▂▂▅  ? help
[2A[3G[?25h[?2026l[?2026h[?25l[2B[1G[2K[1A[2K[1A[2K[1A[2K[1A[2K[1A[2K[1A[2K[1A[2K[1A[2K[1A[2K[1A[2K[1A[2K[1A[2K[1A[2K[1A[2K[1A[2K[G[2m─── decisions s2 · c~ derived |2p−1| ────────────────────────────────── [d]ecisions [p]lan [t]imeline [s]ynth ─── plan ─[22m
s3 context show:.venv/lib… noul  ▎········· 0.02           │ plan  done 6  remaining 2  unverified 0  problems 1
s3 context show:.venv/lib… noul  ▎········· 0.02           │ [x] Ran tests: 7 passed, 0 failed, 0 errors… s2 0.93
s3 context show:.venv/lib… noul  ▎········· 0.03           │ [x] Ran tests: 7 passed, 0 failed, 0 errors… s3 0.94
s3 context show:.venv/lib… noul  ▎········· 0.02           │ [x] Ran tests again: 7 passed, 0 failed, 0 … s3 0.91
s3 context show:.venv/lib… noul  ▎········· 0.02           │ [x] Ran tests multiple times: 7 passed, 0 f… s4 0.83
s3 context show:.venv/lib… noul  ▎········· 0.02           │ [x] Ran tests: 7 passed, 0 failed, 0 errors… s1 0.92
s3 context show:.venv/lib… noul  ▎········· 0.02           │ [x] Confirmed all functions (add, safe_divi… s1 0.87
s3 context show:.venv/lib… noul  ▎········· 0.02           │ [ ] Re-run tests once more to confirm stability
s3 context show:.venv/lib… noul  ▎········· 0.02           │ [ ] Mark task complete if still passing
s3 context show:.venv/lib… noul  ▎········· 0.02           │ [!] human s0: Follow-up to run 20260921-103525-arhva4xt (s…
s3 context show:.venv/lib… noul  ▎········· 0.02           │
s3 context show:.venv/lib… noul  ▎········· 0.02           │
[33m> [39m[2mType to steer the next step…   Esc pauses · Esc Esc aborts[22m
⠧ propose            step 2/12 0m16s  run $0.04/1.00 ok  sess $0.06/5.00 ok  ⎇ main · 1~ 1091?  jev       ▂▅▃▂▂▅  ? help
[2A[3G[?25h[?2026l[?2026h[?25l[2B[1G[2K[1A[2K[1A[2K[1A[2K[1A[2K[1A[2K[1A[2K[1A[2K[1A[2K[1A[2K[1A[2K[1A[2K[1A[2K[1A[2K[1A[2K[1A[2K[G[2m[step 3] risk=0.00 ok: risk 0.00 (ok) from destructive: expected level 0.00 of 4; dominant level 0 "nothing existing is [22m
[2mlost: reads, searches, lists, or runs tests/builds; creates a file that did not exist (`proposal.target.existsBefore` [22m
[2mfalse); anything it changes the workspace regenerates"; Jev confidence 1.00 | irreversible: expected level 0.00 of 4; [22m
[2mdominant level 0 "no lasting effect, or restorable with one git command"; Jev confidence 1.00; verification run of the [22m
[2mworkspace test command: out_of_scope 0.01 (dominant level 0), plan_mismatch 0.08 (dominant level 0) recorded, not gating[22m
[2m─── decisions s2 · c~ derived |2p−1| ────────────────────────────────── [d]ecisions [p]lan [t]imeline [s]ynth ─── plan ─[22m
s3 context show:.venv/lib… noul  ▎········· 0.02           │ plan  done 6  remaining 2  unverified 0  problems 1
s3 context show:.venv/lib… noul  ▎········· 0.02           │ [x] Ran tests: 7 passed, 0 failed, 0 errors… s2 0.93
s3 context show:.venv/lib… noul  ▎········· 0.02           │ [x] Ran tests: 7 passed, 0 failed, 0 errors… s3 0.94
s3 context show:.venv/lib… noul  ▎········· 0.02           │ [x] Ran tests again: 7 passed, 0 failed, 0 … s3 0.91
s3 context show:.venv/lib… noul  ▎········· 0.02           │ [x] Ran tests multiple times: 7 passed, 0 f… s4 0.83
s3 context show:.venv/lib… noul  ▎········· 0.02           │ [x] Ran tests: 7 passed, 0 failed, 0 errors… s1 0.92
s3 context show:.venv/lib… noul  ▎········· 0.02           │ [x] Confirmed all functions (add, safe_divi… s1 0.87
s3 risk    destructive     L0    ██████████ 1.00 [ok]      │ [ ] Re-run tests once more to confirm stability
s3 risk    out_of_scope    L0.09 █████████▍ 0.94 [ok]      │ [ ] Mark task complete if still passing
s3 risk    plan_mismatch   L0.42 ████████▏· 0.81 [ok]      │ [!] human s0: Follow-up to run 20260921-103525-arhva4xt (s…
s3 risk    irreversible    L0    ██████████ 1.00 [ok]      │
s3 risk    matches_intent  noul  █████▍···· 0.54           │
[33m> [39m[2mType to steer the next step…   Esc pauses · Esc Esc aborts[22m
⠧ risk               step 2/12 0m16s  run $0.04/1.00 ok  sess $0.06/5.00 ok  ⎇ main · 1~ 1091?  jev      ▂▅▃▂▂▅▂  ? help
[2A[3G[?25h[?2026l[?2026h[?25l[2B[1G[2K[1A[2K[1A[2K[1A[2K[1A[2K[1A[2K[1A[2K[1A[2K[1A[2K[1A[2K[1A[2K[1A[2K[1A[2K[1A[2K[1A[2K[1A[2K[G[2m─── decisions s2 · c~ derived |2p−1| ────────────────────────────────── [d]ecisions [p]lan [t]imeline [s]ynth ─── plan ─[22m
s3 context show:.venv/lib… noul  ▎········· 0.02           │ plan  done 6  remaining 2  unverified 0  problems 1
s3 context show:.venv/lib… noul  ▎········· 0.02           │ [x] Ran tests: 7 passed, 0 failed, 0 errors… s2 0.93
s3 context show:.venv/lib… noul  ▎········· 0.02           │ [x] Ran tests: 7 passed, 0 failed, 0 errors… s3 0.94
s3 context show:.venv/lib… noul  ▎········· 0.02           │ [x] Ran tests again: 7 passed, 0 failed, 0 … s3 0.91
s3 context show:.venv/lib… noul  ▎········· 0.02           │ [x] Ran tests multiple times: 7 passed, 0 f… s4 0.83
s3 context show:.venv/lib… noul  ▎········· 0.02           │ [x] Ran tests: 7 passed, 0 failed, 0 errors… s1 0.92
s3 context show:.venv/lib… noul  ▎········· 0.02           │ [x] Confirmed all functions (add, safe_divi… s1 0.87
s3 risk    destructive     L0    ██████████ 1.00 [ok]      │ [ ] Re-run tests once more to confirm stability
s3 risk    out_of_scope    L0.09 █████████▍ 0.94 [ok]      │ [ ] Mark task complete if still passing
s3 risk    plan_mismatch   L0.42 ████████▏· 0.81 [ok]      │ [!] human s0: Follow-up to run 20260921-103525-arhva4xt (s…
s3 risk    irreversible    L0    ██████████ 1.00 [ok]      │
s3 risk    matches_intent  noul  █████▍···· 0.54           │
[33m> [39m[2mType to steer the next step…   Esc pauses · Esc Esc aborts[22m
⠇ risk               step 2/12 0m16s  run $0.04/1.00 ok  sess $0.06/5.00 ok  ⎇ main · 1~ 1091?  jev      ▂▅▃▂▂▅▂  ? help
[2A[3G[?25h[?2026l[?2026h[?25l[2B[1G[2K[1A[2K[1A[2K[1A[2K[1A[2K[1A[2K[1A[2K[1A[2K[1A[2K[1A[2K[1A[2K[1A[2K[1A[2K[1A[2K[1A[2K[1A[2K[G[2m─── decisions s2 · c~ derived |2p−1| ────────────────────────────────── [d]ecisions [p]lan [t]imeline [s]ynth ─── plan ─[22m
s3 context show:.venv/lib… noul  ▎········· 0.02           │ plan  done 6  remaining 2  unverified 0  problems 1
s3 context show:.venv/lib… noul  ▎········· 0.02           │ [x] Ran tests: 7 passed, 0 failed, 0 errors… s2 0.93
s3 context show:.venv/lib… noul  ▎········· 0.02           │ [x] Ran tests: 7 passed, 0 failed, 0 errors… s3 0.94
s3 context show:.venv/lib… noul  ▎········· 0.02           │ [x] Ran tests again: 7 passed, 0 failed, 0 … s3 0.91
s3 context show:.venv/lib… noul  ▎········· 0.02           │ [x] Ran tests multiple times: 7 passed, 0 f… s4 0.83
s3 context show:.venv/lib… noul  ▎········· 0.02           │ [x] Ran tests: 7 passed, 0 failed, 0 errors… s1 0.92
s3 context show:.venv/lib… noul  ▎········· 0.02           │ [x] Confirmed all functions (add, safe_divi… s1 0.87
s3 risk    destructive     L0    ██████████ 1.00 [ok]      │ [ ] Re-run tests once more to confirm stability
s3 risk    out_of_scope    L0.09 █████████▍ 0.94 [ok]      │ [ ] Mark task complete if still passing
s3 risk    plan_mismatch   L0.42 ████████▏· 0.81 [ok]      │ [!] human s0: Follow-up to run 20260921-103525-arhva4xt (s…
s3 risk    irreversible    L0    ██████████ 1.00 [ok]      │
s3 risk    matches_intent  noul  █████▍···· 0.54           │
[33m> [39m[2mType to steer the next step…   Esc pauses · Esc Esc aborts[22m
⠇ execute            step 2/12 0m17s  run $0.04/1.00 ok  sess $0.06/5.00 ok  ⎇ main · 1~ 1091?  jev      ▂▅▃▂▂▅▂  ? help
[2A[3G[?25h[?2026l[?2026h[?25l[2B[1G[2K[1A[2K[1A[2K[1A[2K[1A[2K[1A[2K[1A[2K[1A[2K[1A[2K[1A[2K[1A[2K[1A[2K[1A[2K[1A[2K[1A[2K[1A[2K[G[2m[step 3] outcome executed: exit 0 (exit 0, 97ms)[22m
[2m─── decisions s2 · c~ derived |2p−1| ────────────────────────────────── [d]ecisions [p]lan [t]imeline [s]ynth ─── plan ─[22m
s3 context show:.venv/lib… noul  ▎········· 0.02           │ plan  done 6  remaining 2  unverified 0  problems 1
s3 context show:.venv/lib… noul  ▎········· 0.02           │ [x] Ran tests: 7 passed, 0 failed, 0 errors… s2 0.93
s3 context show:.venv/lib… noul  ▎········· 0.02           │ [x] Ran tests: 7 passed, 0 failed, 0 errors… s3 0.94
s3 context show:.venv/lib… noul  ▎········· 0.02           │ [x] Ran tests again: 7 passed, 0 failed, 0 … s3 0.91
s3 context show:.venv/lib… noul  ▎········· 0.02           │ [x] Ran tests multiple times: 7 passed, 0 f… s4 0.83
s3 context show:.venv/lib… noul  ▎········· 0.02           │ [x] Ran tests: 7 passed, 0 failed, 0 errors… s1 0.92
s3 context show:.venv/lib… noul  ▎········· 0.02           │ [x] Confirmed all functions (add, safe_divi… s1 0.87
s3 risk    destructive     L0    ██████████ 1.00 [ok]      │ [ ] Re-run tests once more to confirm stability
s3 risk    out_of_scope    L0.09 █████████▍ 0.94 [ok]      │ [ ] Mark task complete if still passing
s3 risk    plan_mismatch   L0.42 ████████▏· 0.81 [ok]      │ [!] human s0: Follow-up to run 20260921-103525-arhva4xt (s…
s3 risk    irreversible    L0    ██████████ 1.00 [ok]      │
s3 risk    matches_intent  noul  █████▍···· 0.54           │
[33m> [39m[2mType to steer the next step…   Esc pauses · Esc Esc aborts[22m
⠇ execute            step 2/12 0m17s  run $0.04/1.00 ok  sess $0.06/5.00 ok  ⎇ main · 1~ 1091?  jev      ▂▅▃▂▂▅▂  ? help
[2A[3G[?25h[?2026l[?2026h[?25l[2B[1G[2K[1A[2K[1A[2K[1A[2K[1A[2K[1A[2K[1A[2K[1A[2K[1A[2K[1A[2K[1A[2K[1A[2K[1A[2K[1A[2K[1A[2K[1A[2K[G[2m─── decisions s2 · c~ derived |2p−1| ────────────────────────────────── [d]ecisions [p]lan [t]imeline [s]ynth ─── plan ─[22m
s3 context show:.venv/lib… noul  ▎········· 0.02           │ plan  done 6  remaining 2  unverified 0  problems 1
s3 context show:.venv/lib… noul  ▎········· 0.02           │ [x] Ran tests: 7 passed, 0 failed, 0 errors… s2 0.93
s3 context show:.venv/lib… noul  ▎········· 0.02           │ [x] Ran tests: 7 passed, 0 failed, 0 errors… s3 0.94
s3 context show:.venv/lib… noul  ▎········· 0.02           │ [x] Ran tests again: 7 passed, 0 failed, 0 … s3 0.91
s3 context show:.venv/lib… noul  ▎········· 0.02           │ [x] Ran tests multiple times: 7 passed, 0 f… s4 0.83
s3 context show:.venv/lib… noul  ▎········· 0.02           │ [x] Ran tests: 7 passed, 0 failed, 0 errors… s1 0.92
s3 context show:.venv/lib… noul  ▎········· 0.02           │ [x] Confirmed all functions (add, safe_divi… s1 0.87
s3 risk    destructive     L0    ██████████ 1.00 [ok]      │ [ ] Re-run tests once more to confirm stability
s3 risk    out_of_scope    L0.09 █████████▍ 0.94 [ok]      │ [ ] Mark task complete if still passing
s3 risk    plan_mismatch   L0.42 ████████▏· 0.81 [ok]      │ [!] human s0: Follow-up to run 20260921-103525-arhva4xt (s…
s3 risk    irreversible    L0    ██████████ 1.00 [ok]      │
s3 risk    matches_intent  noul  █████▍···· 0.54           │
[33m> [39m[2mType to steer the next step…   Esc pauses · Esc Esc aborts[22m
⠏ execute            step 2/12 0m17s  run $0.04/1.00 ok  sess $0.06/5.00 ok  ⎇ main · 1~ 1091?  jev      ▂▅▃▂▂▅▂  ? help
[2A[3G[?25h[?2026l[?2026h[?25l[2B[1G[2K[1A[2K[1A[2K[1A[2K[1A[2K[1A[2K[1A[2K[1A[2K[1A[2K[1A[2K[1A[2K[1A[2K[1A[2K[1A[2K[1A[2K[1A[2K[G[2m[step 3] judge succeeded=0.75 error_present=0.04 new_info=0.05 tests=7p/0f/0e pass claims=1/1 completion=0.85[22m
[33m[step 3] loop tripped: intent:unresolved x3[39m
[2m[step 3] plan done=7 remaining=2 unverified=0 problems=1[22m
[2m─── decisions s3 · c~ derived |2p−1| ────────────────────────────────── [d]ecisions [p]lan [t]imeline [s]ynth ─── plan ─[22m
[33mloop  run:python -m pytest -q›exit 0  x2/3[39m
s3 context show:.venv/lib… noul  ▎········· 0.02           │ plan  done 7  remaining 2  unverified 0  problems 1
s3 context show:.venv/lib… noul  ▎········· 0.02           │ [x] Ran tests: 7 passed, 0 failed, 0 errors… s2 0.93
s3 risk    destructive     L0    ██████████ 1.00 [ok]      │ [x] Ran tests: 7 passed, 0 failed, 0 errors… s3 0.94
s3 risk    out_of_scope    L0.09 █████████▍ 0.94 [ok]      │ [x] Ran tests again: 7 passed, 0 failed, 0 … s3 0.91
s3 risk    plan_mismatch   L0.42 ████████▏· 0.81 [ok]      │ [x] Ran tests multiple times: 7 passed, 0 f… s4 0.83
s3 risk    irreversible    L0    ██████████ 1.00 [ok]      │ [x] Ran tests: 7 passed, 0 failed, 0 errors… s1 0.92
s3 risk    matches_intent  noul  █████▍···· 0.54           │ [x] Confirmed all functions (add, safe_divi… s1 0.87
s3 judge   succeeded       noul  ███████▌·· 0.75           │ [x] Ran tests repeatedly: 7 passed, 0 faile… s3 done_0 0.79
s3 judge   error_present   noul  ▍········· 0.04           │ [ ] Re-run tests once more to confirm stability
s3 judge   new_information noul  ▌········· 0.05           │ [ ] Mark task complete if still passing
s3 judge   done_0          noul  ███████▉·· 0.79           │ [!] human s0: Follow-up to run 20260921-103525-arhva4xt (s…
s3 complete task_complete  noul  ████████▌·!0.85           │
[33m> [39m[2mType to steer the next step…   Esc pauses · Esc Esc aborts[22m
⠏ judge              step 3/12 0m17s  run $0.04/1.00 ok  sess $0.06/5.00 ok  ⎇ main · 1~ 1091?  jev     ▂▅▃▂▂▅▂▁  ? help
[2A[3G[?25h[?2026l[?2026h[?25l[2B[1G[2K[1A[2K[1A[2K[1A[2K[1A[2K[1A[2K[1A[2K[1A[2K[1A[2K[1A[2K[1A[2K[1A[2K[1A[2K[1A[2K[1A[2K[1A[2K[1A[2K[G[2m[run] stop: complete at step 3[22m
[2m─── decisions s3 · c~ derived |2p−1| ────────────────────────────────── [d]ecisions [p]lan [t]imeline [s]ynth ─── plan ─[22m
[33mloop  run:python -m pytest -q›exit 0  x2/3[39m
s3 context show:.venv/lib… noul  ▎········· 0.02           │ plan  done 7  remaining 2  unverified 0  problems 1
s3 context show:.venv/lib… noul  ▎········· 0.02           │ [x] Ran tests: 7 passed, 0 failed, 0 errors… s2 0.93
s3 risk    destructive     L0    ██████████ 1.00 [ok]      │ [x] Ran tests: 7 passed, 0 failed, 0 errors… s3 0.94
s3 risk    out_of_scope    L0.09 █████████▍ 0.94 [ok]      │ [x] Ran tests again: 7 passed, 0 failed, 0 … s3 0.91
s3 risk    plan_mismatch   L0.42 ████████▏· 0.81 [ok]      │ [x] Ran tests multiple times: 7 passed, 0 f… s4 0.83
s3 risk    irreversible    L0    ██████████ 1.00 [ok]      │ [x] Ran tests: 7 passed, 0 failed, 0 errors… s1 0.92
s3 risk    matches_intent  noul  █████▍···· 0.54           │ [x] Confirmed all functions (add, safe_divi… s1 0.87
s3 judge   succeeded       noul  ███████▌·· 0.75           │ [x] Ran tests repeatedly: 7 passed, 0 faile… s3 done_0 0.79
s3 judge   error_present   noul  ▍········· 0.04           │ [ ] Re-run tests once more to confirm stability
s3 judge   new_information noul  ▌········· 0.05           │ [ ] Mark task complete if still passing
s3 judge   done_0          noul  ███████▉·· 0.79           │ [!] human s0: Follow-up to run 20260921-103525-arhva4xt (s…
s3 complete task_complete  noul  ████████▌·!0.85           │
[33m> [39m[2mType to steer the next step…   Esc pauses · Esc Esc aborts[22m
⠏ judge              step 3/12 0m17s  run $0.04/1.00 ok  sess $0.06/5.00 ok  ⎇ main · 1~ 1091?  jev     ▂▅▃▂▂▅▂▁  ? help
[2A[3G[?25h[?2026l[?2026h[?25l[2B[1G[2K[1A[2K[1A[2K[1A[2K[1A[2K[1A[2K[1A[2K[1A[2K[1A[2K[1A[2K[1A[2K[1A[2K[1A[2K[1A[2K[1A[2K[1A[2K[1A[2K[G[run] end complete steps=3 wall=17s cost=$0.041 (gen $0.034, jev $0.007) exit 0
[2m[ui] stopped — complete (exit 0)[22m
[2mrun       20260921-103547-ntj6esxg[22m
[2mfiles     ~/.jevcode/runs/20260921-103547-ntj6esxg/  (transcript.log, state.json, jevcode.log)[22m
[2mresume    jevcode run --resume 20260921-103547-ntj6esxg[22m
[2mreport    jevcode report 20260921-103547-ntj6esxg   (redacted bundle written locally; nothing is sent)[22m
[2m─── decisions s3 · c~ derived |2p−1| ────────────────────────────────── [d]ecisions [p]lan [t]imeline [s]ynth ─── plan ─[22m
[33mloop  run:python -m pytest -q›exit 0  x2/3[39m
s3 context show:.venv/lib… noul  ▎········· 0.02           │ plan  done 7  remaining 2  unverified 0  problems 1
s3 context show:.venv/lib… noul  ▎········· 0.02           │ [x] Ran tests: 7 passed, 0 failed, 0 errors… s2 0.93
s3 risk    destructive     L0    ██████████ 1.00 [ok]      │ [x] Ran tests: 7 passed, 0 failed, 0 errors… s3 0.94
s3 risk    out_of_scope    L0.09 █████████▍ 0.94 [ok]      │ [x] Ran tests again: 7 passed, 0 failed, 0 … s3 0.91
s3 risk    plan_mismatch   L0.42 ████████▏· 0.81 [ok]      │ [x] Ran tests multiple times: 7 passed, 0 f… s4 0.83
s3 risk    irreversible    L0    ██████████ 1.00 [ok]      │ [x] Ran tests: 7 passed, 0 failed, 0 errors… s1 0.92
s3 risk    matches_intent  noul  █████▍···· 0.54           │ [x] Confirmed all functions (add, safe_divi… s1 0.87
s3 judge   succeeded       noul  ███████▌·· 0.75           │ [x] Ran tests repeatedly: 7 passed, 0 faile… s3 done_0 0.79
s3 judge   error_present   noul  ▍········· 0.04           │ [ ] Re-run tests once more to confirm stability
s3 judge   new_information noul  ▌········· 0.05           │ [ ] Mark task complete if still passing
s3 judge   done_0          noul  ███████▉·· 0.79           │ [!] human s0: Follow-up to run 20260921-103525-arhva4xt (s…
s3 complete task_complete  noul  ████████▌·!0.85           │
> [2mFollow-up or /command…   Enter runs · ↑ history · Esc Esc menu · ? help[22m
[1m[32midle exit 0          step 3/12 0m17s  run $0.04/1.00 ok  sess $0.09/5.00 ok  ⎇ main · 1~ 1091?  jev     ▂▅▃▂▂▅▂▁  ? help[39m[22m
[2A[3G[?25h[?2026l[?25h[?2004l[?25h[?2004l[?2026l[0 q[?25h[0m[?25h